0.16272742	0.022698622	-0.12684923	-0.0058055553	0.29034808	0.25164515	0.38269854	0.06017002	-0.05714477	-0.19549924	-0.07992903	0.1854217	-0.29989403	0.08416371	0.040785234	0.12015649	0.36715746	0.10252581	-0.6407936	-0.2946442	0.3259001	-0.37644044	-0.21575387	-0.25285128	-0.7471667	0.5450546	-0.12613544	-0.16581759	-0.25858074	-0.3759071	-0.050981037	-0.30856776	0.17896083	-0.096827485	-0.14370039	0.24303856	-0.12638393	-0.11222546	0.24899296	-0.068898275	-0.56243944	-0.34726366	-0.21814	-0.058194138	0.044417072	-0.88167655	0.14057867	0.372638	-0.39535517	0.4131124	-0.39089125	-0.054554723	0.09441888	0.043119926	0.18231864	-0.08266871	0.25062323	0.29890522	-0.07736084	0.29480532	-0.10870798	-0.060740203	-0.62908554	0.049175244	-0.1623397	-0.040484693	-0.28989634	0.4335314	-0.18491362	0.13040854	0.31945306	-0.08767243	0.025290128	-0.057722855	0.025808161	0.123222284	0.2993431	0.26709604	0.27879724	0.019978147	-0.03703195	-0.007946391	0.15691951	0.24638446	0.23351233	-0.11235511	-0.05179667	0.061218087	0.58813226	-0.06941069	-0.13995388	-0.008983918	-0.49260658	-0.12517488	-0.16310936	-0.0346389	-0.2657924	0.23328781	-0.13741341	-0.39778647	-0.47766066	-0.32633573	0.37298828	-0.04041989	0.49169624	-0.03054599	-0.054511156	0.024277108	0.17585792	0.4488141	-0.20368089	-0.13403985	-0.3026778	0.020787124	-0.366163	-0.034778744	0.11543951	-0.06087266	0.34773493	0.017407142	0.041795764	-0.22297087	0.30147964	0.2748899	-0.09972195	0.17705451	0.059398066	0.23732458
0.06380058	3.419137e-05	-0.1892721	0.14134012	0.14015749	-0.04608734	0.35855672	0.3831434	0.1734707	0.26921156	-0.23590587	0.11866506	0.177165	-0.038253795	-0.18577157	0.5446316	-0.09902317	-0.46304542	0.051024664	0.07405621	-0.10659268	0.1043865	-0.258666	-0.5086867	-0.443699	-0.26779443	-0.2234488	-0.2963269	-0.087247066	0.18487047	-0.03501847	-0.1781726	-0.021442084	-0.3775032	0.01986607	0.03895613	-0.672494	-0.24816723	0.24375865	-0.22950514	-0.6319556	0.340511	-0.5323674	-0.32560638	0.16211109	0.11097694	-0.057426576	0.08318886	0.21244279	-0.016976954	-0.06088119	0.15851913	0.06176885	-0.0061765043	-0.041943137	-0.1066	0.14996082	0.3073272	0.369321	0.27517408	-0.38584986	0.14601706	-0.6746419	0.06822413	0.51421976	0.0589083	-0.20925069	0.00045091767	-0.12299277	-0.223795	0.20222293	0.346631	-0.11856246	-0.15382142	0.18669876	-0.32058644	-0.13140981	-0.25882325	-0.042729247	-0.0107914815	-0.115014285	-0.27182373	0.14889254	0.6765086	0.05135108	0.20770422	-0.089051336	-0.17135628	0.16898605	-0.2919352	-0.114496395	-0.37123743	0.10656924	-0.1692495	-0.14811137	-0.03329795	0.26228926	0.03519514	0.24847671	-0.21353799	0.047069058	-0.4844164	-0.46361196	-0.38001186	0.0038697964	0.19201042	0.28070205	0.5548235	0.120434105	0.31131202	-0.04726238	0.10233582	-0.14345123	-0.18454012	-0.24510515	0.5920273	-0.15598305	-0.10612177	0.101276726	0.13461111	-0.44114113	-0.054591358	0.49622688	0.08860745	0.012476741	0.01911511	0.33356264	-0.18030843
0.68373555	0.5087366	0.46231723	-0.61857444	0.8891744	0.14849481	-0.10822484	0.30615368	0.48942876	-0.14267534	0.45126578	-0.16509709	-0.06519664	-0.5791531	0.15372773	1.2823133	0.5715485	-0.46062985	-0.3982255	-0.119802274	0.028107686	-0.69140214	0.2170609	-0.35436615	-0.20074825	0.61690557	-0.3813736	-0.49418992	-0.34038493	-0.29826644	-0.3234156	-0.5709125	-0.3825571	0.52540666	0.21318565	0.20540026	-0.28775817	-0.30915415	-0.098362066	-0.28270268	-0.18005034	0.19452207	-0.49028596	-0.045889568	0.40732595	-0.6159551	0.21235459	0.056832723	0.15540944	0.17802663	-0.22921643	-0.4827924	-0.39229614	-0.13724723	0.12655498	-0.08282263	0.6938448	0.9308116	-0.11554947	0.2522032	-0.88688874	0.274332	-0.7531129	0.7730316	0.5349869	0.26387656	0.37812042	0.18852296	-0.3736874	-0.2953719	-0.42370445	-0.12838931	0.28847426	-0.37510398	0.47698453	-0.7635541	0.2035648	-0.07437846	-0.46895266	-0.5043433	-0.04973011	-0.19793054	0.6285425	0.5186622	0.020243363	0.173394	0.025922142	0.13539991	-0.12925225	0.0113955	-0.33281055	-0.6471334	-0.4699497	0.032823697	-0.3276206	0.47333106	0.38991812	0.3297341	0.43653482	-0.33353093	-0.12608714	-0.67307186	-0.30114123	0.49189445	0.08065126	-0.0047789305	0.10341945	0.03770896	0.12177509	-0.20386618	0.052392345	0.81964797	-0.50816715	-0.32051373	-0.5919675	0.22746006	-0.41072154	0.20705861	-0.19374207	0.071144946	-0.2790539	0.021307494	0.31495905	0.26935673	-0.08670052	0.48602682	0.40814862	-0.10042918
0.1357574	0.53986937	-0.20267862	-0.4264965	0.17742376	0.28091994	0.11409789	0.506542	0.3197729	-0.050341163	-0.0067368946	0.1295849	0.24482518	-0.029422259	-0.34823316	0.10495544	0.16973227	-0.8254149	-0.5243308	-0.03655875	-0.27624348	-0.039326333	-0.79791987	-0.25315538	-0.60286576	0.44276068	0.62655205	-0.020015579	0.1434431	0.71962863	0.08768349	-0.037954275	-0.062204994	0.30356154	-0.5809125	-0.3297262	-0.5870487	-0.31065515	-0.07622379	-0.2994005	-0.105911076	0.013575177	-0.22656757	0.08899546	0.034262486	-0.1629819	-0.3364619	0.54405856	-0.24378791	-0.07928599	-0.47920606	-0.0055895196	0.41700053	-0.0649551	-0.21073817	-0.15735057	-0.14612007	0.5031122	0.18647583	0.35451937	-0.3981967	0.16063681	-0.6455558	-0.35114244	-0.028921502	0.1999438	-0.24857695	-0.5636436	-0.25346413	-0.2762607	0.1899145	-0.3584973	0.65562767	-0.24327481	0.70592093	-0.11910458	-0.0036643778	-0.15224297	0.13178815	-0.22380757	0.118448265	-0.35674235	-0.06782068	0.098200366	-0.39085847	-0.40687665	0.6261754	-0.7323449	-0.3211052	-0.13711226	-0.22620668	0.28360692	-0.2884365	-0.30244592	-0.22123565	0.11967526	-0.21459705	-0.2442602	-0.02070173	-0.097108066	-0.34223726	-0.61919755	-0.0376745	0.078183085	0.116081	0.045373783	-0.44590136	0.4478175	-0.5368811	0.8052146	0.54446983	-0.040479638	-0.071735665	0.05580222	-0.43179312	0.09461306	-0.7297683	-0.037843682	0.3991339	-0.15412553	-0.22249614	-0.028578851	0.16404693	-0.11329404	-0.5917792	0.2508869	0.43693846	0.27206728
0.12924626	0.05775261	0.1456079	0.07918077	0.12291086	0.054902446	0.19776271	-0.017413173	0.13840264	0.03868656	0.10317095	0.24325982	0.03760669	0.10345653	-0.009755887	0.10671313	0.11676437	-0.027071374	-0.39365718	0.14354675	0.06932378	-0.06258588	-0.21078162	-0.072109945	-0.29660517	-0.0987085	0.07418434	-0.15895528	-0.0863135	0.22726068	-0.04089743	-0.078315035	0.12207943	0.001056362	-0.012737689	0.021508988	-0.18178804	-0.15680568	0.043437827	-0.068151355	-0.19590679	-0.08182298	-0.3868866	-0.28778127	0.12886073	-0.11574186	-0.008100792	0.12608655	-0.15721066	0.07461778	-0.09843965	0.0718116	0.2378417	0.056742053	0.017508704	-0.095640026	0.034724835	0.11645325	0.17095135	0.04097704	-0.20632719	0.22297259	-0.4299773	0.047975343	0.22340837	0.0037684606	-0.09949577	-0.062942356	-0.13880156	0.04069669	-0.03397345	0.13584659	0.070086524	-0.039165005	0.19209526	-0.024387073	0.06447984	0.03966335	-0.090077944	-0.1277348	-0.060597286	-0.06734707	0.07466919	0.26489866	-0.2148057	0.024473136	0.01745591	-0.049241424	0.009629892	0.20579077	0.012033275	-0.012177506	-0.23328155	0.0044235345	-0.114111945	-0.08135739	-0.038562827	-0.06781857	0.11678559	-0.038552262	-0.12118794	-0.034893118	-0.043067787	-0.25006613	-0.016337069	-0.01886491	-0.150558	0.036665138	0.20572774	0.14804089	0.017814705	0.028424518	-0.076296546	0.015191111	-0.17579907	0.07028713	-0.013665921	-0.09810105	0.040754408	0.18337381	-0.002951491	-0.05785593	0.2913578	0.006801455	-0.1697618	-0.072644606	0.0846797	0.027911292
0.0074390043	0.17973445	0.11326554	0.026804242	0.27354604	0.15425658	0.1669829	0.16564956	0.27276188	0.05176005	-0.0250078	0.14227362	0.060742237	0.114886284	0.0127036	0.05242366	0.067804955	0.02677121	-0.187288	0.03588397	0.053808957	-0.060844906	-0.10324828	-0.024385495	-0.23591766	0.0547191	-0.09826904	-0.16482913	-0.072281145	0.066394575	-0.118083335	0.041092154	-0.06844305	-0.008627276	0.05201106	0.066154286	-0.13543335	-0.049501125	-0.06663138	0.15763871	-0.20739205	0.060542163	-0.11806608	0.17207125	0.014171189	-0.1309336	-0.0029871082	0.21135157	-0.18884523	-0.036176234	-0.12556522	0.05151806	0.23733437	0.012451633	-0.023093522	-0.013138999	-0.026750032	0.14439541	0.12381187	0.050715685	0.029066168	0.050029527	-0.0026306454	0.09722658	0.13955894	-0.043126263	-7.908864e-06	0.049801905	-0.08397432	0.060851227	-0.03125099	0.06810509	0.037623446	-0.056981843	0.061150238	0.06295969	0.034932133	0.15134804	-0.111879036	0.07828188	0.085963264	-0.13901228	0.0744831	0.13685817	-0.08047446	-0.1974363	0.0024607514	-0.028081054	-0.0051421816	0.05737657	-0.024433976	0.008714797	-0.12412557	-0.040513646	-0.013208851	-0.10981963	-0.041499685	0.121519275	0.024349593	-0.17565751	-0.12603016	-0.170553	-0.18924813	-0.0016575179	0.06345968	0.0012329879	-0.109029934	0.015871858	0.17791203	0.06556687	0.010821173	-0.036929645	0.09612597	0.04408549	-0.14998314	0.050178807	-0.03871932	-0.022759687	0.15264316	0.08376058	-0.15702142	-0.09507333	0.2459586	0.02536615	-0.06328611	0.041536674	0.1958243	0.025864355
0.29099503	-0.011011705	0.079188146	0.0900661	0.24195103	0.23275876	-0.19839287	0.010058888	0.30883628	-0.19352712	-0.12921822	0.46151233	0.22191997	0.101629406	-0.12083822	0.61280084	0.51743734	-0.43821955	-0.22731191	0.15816382	-0.029293789	-0.37330654	-0.3037688	0.013529693	-0.03322201	0.67277694	-0.1090003	-0.49939376	0.11825978	0.199812	0.011896504	-0.2825539	-0.02747181	0.31366348	0.10658737	-0.14305294	-0.03930978	-0.061916884	0.16209053	-0.10678467	0.01678719	0.33386382	-0.2760674	-0.18501124	0.008679737	-0.31301114	0.081664115	-0.15470685	-0.20598209	-0.15616195	-0.3207771	0.094855785	-0.078253284	-0.06741204	0.15005308	-0.36550772	-0.21195622	0.045674827	0.040440723	-0.08291521	-0.58804405	0.21094307	-0.18767151	0.24581775	0.034440536	0.20903821	0.00983296	0.13468708	-0.24181388	-0.2917821	-0.12623768	-0.30410317	0.025790365	-0.27795982	0.257673	-0.054911613	0.26360083	-0.3198416	-0.0678201	0.09855166	-0.17012711	-0.57924545	0.29804823	0.12020375	-0.104124345	0.10786934	0.3298428	0.16451122	0.196683	0.2437505	-0.2662093	0.0015987456	-0.4338969	-0.317578	0.10603361	-0.60457724	0.4980028	0.7116097	0.28037915	-0.12298935	-0.12976149	-0.5660135	-0.7413194	0.11866631	0.19658989	0.09039543	-0.18434966	-0.21635985	0.22888748	0.030118981	-0.033876274	0.55464464	0.0300568	0.04957669	-0.20128271	-0.4211186	-0.39616445	-0.040772866	0.02682408	0.30294558	-0.16149317	-0.40254363	0.3848107	-0.21506275	0.04311484	0.13408785	0.42840335	-0.1005812
0.4753416	0.7198889	0.34336305	-0.2950622	0.6812144	0.46280876	0.34278232	0.3865793	1.0826585	-0.15766945	-0.19656503	0.073999025	-0.07276561	-0.10551346	0.342094	0.19607672	-0.052596707	-0.55779856	-0.4418042	0.38797736	-0.040812638	-0.14386462	-0.26867056	0.23073456	-0.8236367	0.68170685	-0.2888509	-0.52916884	-0.21835421	0.12665968	-0.24648361	-0.10946464	-0.29870585	0.13386038	-0.37232056	-0.28312686	-0.6947622	-0.5967287	0.1922865	-0.026144244	-0.23933215	0.014338529	-0.64733607	-0.3453275	0.00788941	-0.2367419	0.08219851	0.26894444	-0.38396388	-0.051460154	-0.6998494	-0.30916518	-0.25362542	0.07265752	-0.0070760106	-0.06764169	0.42901376	0.0036345648	0.13643312	-0.17147589	0.1276695	0.048374776	-0.101077884	0.34617412	0.29846123	-0.065839455	-0.34797162	-0.26428708	-0.254195	-0.17804466	-0.586351	0.08728035	0.39363807	0.12505883	0.77147603	-0.011533748	-0.045990527	0.54817706	0.037184276	-0.22901233	0.47797313	-0.09812539	0.03471602	0.053280592	-0.18394972	-0.25812706	0.14183298	0.15935673	0.52023506	0.1069828	-0.17698038	-0.38417044	-0.047787003	-0.4590664	-0.14032418	-0.40649012	-0.27558115	0.0040056156	-0.046585105	0.03143913	0.32065073	-0.43727145	-0.015093209	-0.054978	0.24521331	-0.02654286	-0.5930597	0.2552603	0.25697818	0.041337516	0.19388314	-0.0784257	-0.23115578	-0.4045444	-0.06546796	0.427838	-0.59126246	-0.15744954	0.7148897	0.17176919	-0.19847237	-0.04335816	0.2906227	0.13168778	-0.24997996	0.14656207	0.43069166	0.017265502
0.0066741453	0.26346818	0.22585127	-0.4867951	0.47798762	0.3657287	-0.516553	0.40380988	0.3916537	0.21739204	0.18908095	0.2440727	0.078552365	-0.6566503	-0.40677908	0.29893723	0.3620979	0.12676144	-0.36883998	0.12073014	0.010744608	0.11061243	-1.2618212	-0.2841469	-0.5597635	0.3424111	0.003170323	-0.28941306	-0.14391491	0.30286145	-0.62576723	-0.10703193	-0.79570913	0.08696817	0.5626173	0.9879008	-0.46820486	-0.6946609	0.49253595	-0.32525158	0.13736561	-0.17992552	-1.1073163	-0.5536272	0.4632566	0.20045508	-0.059552282	-0.16987076	-0.38646775	-0.8379396	0.36259884	0.05046064	0.13221487	-0.455948	0.33067197	0.11724643	0.2533325	-0.4779639	0.17191415	-0.6614331	-0.26497293	0.8370944	-0.6305334	0.2014082	0.4104075	-0.31999603	-0.0020046183	-0.11075145	-0.080483854	-0.16243255	-0.6071233	0.0688196	0.73756486	-0.14800556	-0.4516248	-0.06675526	0.093506075	-0.26978528	-0.677192	-0.7510541	-0.47779334	-0.26230776	0.13385151	-0.152895	-0.42688933	0.31677377	-0.17373371	-0.9153283	0.14764836	-0.3195613	0.21111381	-0.4511775	-0.58751535	0.075892806	-0.22026806	-0.036739193	0.45846042	0.26790497	0.53419816	-1.1216307	-0.5019292	-0.84193134	-0.58375084	0.15963985	0.22902337	1.1873661	-0.2216319	-0.4964601	0.18090919	-0.088973224	-0.055992592	0.47934708	0.5939343	0.291715	-0.5042312	0.18724383	-0.7534312	0.08793051	0.43729696	0.3571011	0.54728717	0.9526538	0.45244443	0.25921497	-0.8648973	0.87953913	0.20740299	-0.71807283
0.039208822	0.11930742	-0.014456924	0.12336483	0.37955818	0.14724118	0.010858143	0.28589845	0.17059173	0.11731502	0.015518583	0.14158715	0.05632537	-0.17190462	-0.15694074	0.061741274	0.03515857	-0.29198	0.030536909	-0.05075847	0.0055925576	-0.10812556	-0.048030533	-0.14124396	-0.16864854	-0.02268295	-0.22867963	-0.31800875	-0.15944986	-0.063429095	-0.024523836	0.030583939	0.059226234	-0.0733915	0.028248789	0.07286933	-0.3835143	-0.45826134	-0.034949165	-0.17535825	-0.053141434	-0.07360779	0.058282834	-0.12316113	0.063900135	0.17013207	-0.12261394	0.28302476	0.07358716	0.003414248	0.1187524	-0.3074477	0.05129864	0.13469681	-0.08215307	0.10542602	0.20088254	0.25945136	0.33283928	0.47129592	-0.21107978	-0.15247762	-0.50508404	-0.08010453	0.5946836	-0.004251082	-0.1645076	0.14002569	-0.26516625	0.20288916	0.077630535	0.104659446	0.06877298	-0.144153	0.25485164	0.012747269	-0.08560355	-0.2293921	-0.05811368	0.11621139	0.19494277	-0.36018112	-0.19765937	0.20215331	0.06038544	0.03789046	0.32135394	-0.12930751	0.24739769	0.3111993	-0.24915503	-0.025091546	0.09737151	0.021497454	-0.115393154	-0.098878525	-0.02358271	-0.17255756	0.14625713	-0.097350545	-0.32704753	-0.4205822	-0.40652144	-0.16428639	-0.15202293	-0.0005239265	0.031812575	0.37553445	0.19524898	0.0068781143	-0.18873304	-0.022608044	-0.021931969	-0.15555683	-0.09382679	0.10126973	-0.3422019	0.019885365	0.010949686	-0.09382322	-0.31859228	-0.067596495	0.30208662	0.26533604	-0.07607718	-0.04653697	0.44715366	-0.083364956
-0.08390622	0.16870846	0.008024384	0.053398307	0.059858516	0.12743294	0.043080095	0.09441551	0.12174041	0.045486767	-0.0179167	0.03444958	0.010867466	0.06937666	0.011096785	-0.014212066	0.034280173	-0.024734464	-0.0024594811	-0.022903606	0.092581	-0.09342555	-0.15776281	-0.0893206	-0.13070261	0.112236775	-0.086792916	-0.08725263	0.003032267	0.024072597	-0.1266751	-0.0765701	0.03248342	0.043003187	0.0122118965	-0.052549373	-0.14467974	-0.08010704	0.05714098	-0.043744937	-0.13150282	-0.004675248	-0.1177627	-0.009491258	0.037328545	-0.07444731	0.03467498	0.17378151	-0.028960012	0.0034184107	-0.070243075	0.13452667	0.08429744	0.027802605	-0.050001804	-0.098547384	0.118557714	0.11329429	0.09307679	-0.0013303692	-0.04243336	0.08784054	-0.14929132	0.05975953	0.045589034	-0.074153624	-0.04399641	0.07316063	-0.06521713	0.038115796	0.040946405	0.009688216	0.12671335	0.041571457	-0.030828949	-0.0011442185	0.053855874	0.04558609	-0.0008863136	0.050112788	0.08806557	-0.062230896	0.029451983	-0.0079129515	-0.08531708	0.00036226824	0.08958059	-0.0129756285	0.0053099673	-0.02531367	-0.11255534	-0.041169688	-0.18138783	-0.103720896	-0.03132291	-0.060512893	0.020190537	0.07172256	0.06749244	-0.14282855	-0.16662541	-0.24811067	-0.0727001	-0.047553606	0.031224143	-0.14500754	-0.12583676	-0.019023307	0.08273953	0.06563932	0.06313039	0.028753273	0.011808831	0.055444505	-0.06587556	-0.028411152	-0.17219941	-0.09708249	0.048621695	0.008510688	-0.004172595	-0.074893676	0.12943341	0.020965328	-0.12846859	0.081017315	0.09504135	0.005666789
0.0010920725	0.20151067	-0.022808723	0.032799024	0.14751153	0.1543729	0.21830043	0.081239656	0.19758902	0.12763621	0.015890373	0.21535267	0.11989535	-0.048104305	-0.017440157	0.024324764	-0.07206786	-0.19806004	0.0805203	0.111658774	-0.055444006	-0.114582516	-0.2860002	-0.011764594	-0.3743494	0.055125505	-0.09872936	-0.21468312	0.018163482	0.03535507	-0.2574978	-0.2150691	0.10550816	-0.015809882	0.11732156	0.023549486	-0.09828393	-0.16922916	0.035001542	-0.0014465702	-0.2586394	0.047846567	-0.021180015	0.15767053	0.08740543	-0.0168064	0.09242065	0.25095668	-0.03663884	0.074779004	-0.017439133	-0.018712115	0.021238996	-0.012933525	-0.027506437	-0.054498643	0.114067845	0.18467773	0.06323041	-0.023247967	0.038422946	0.06262568	-0.095164225	0.075152576	0.11329235	-0.121019356	-0.1383051	0.06183137	0.08221433	-0.18831375	-0.0079264995	0.1304922	-0.043282937	-0.059983574	0.2231936	0.12648943	-0.15887403	0.082857214	-0.03511048	0.14754933	-0.07153502	-0.35414505	0.040047396	0.17902337	-0.022259753	-0.117318384	0.038794436	0.08016075	0.12885	-0.10131981	-0.0063331854	-0.22886695	-0.1323145	-0.04045707	0.032127302	-0.053313266	0.18669684	0.10550306	-0.012458366	-0.08122858	-0.007395394	-0.17797558	-0.29115388	-0.087696455	-0.064581566	0.0416304	-0.05062537	0.06325132	0.18882048	-0.019663477	0.23732123	0.24732411	0.087803885	0.08881019	-0.01591088	-0.01825171	-0.19240004	-0.09040535	0.12963654	0.2057736	-0.19410615	0.048106357	0.106777765	-0.019105991	-0.22759487	-0.1006374	0.28658652	-0.15636155
-0.006555517	0.20515758	-0.05140856	-0.037393115	0.2380473	0.20901005	0.2702361	0.07729486	0.18316439	0.08725574	-0.042825576	0.18672311	0.049511075	-0.017127939	-0.045475088	0.013740467	-0.020696815	-0.22005913	-0.039241266	0.0980628	0.08270636	-0.10293107	-0.27836287	0.042798754	-0.35570338	-0.041659065	-0.1096695	-0.1926466	-0.0478898	0.04844992	-0.39080614	-0.15869397	0.048311986	0.0024994717	0.075088724	0.14328724	-0.11666962	-0.28480297	0.045693133	0.13194025	-0.27008897	0.042558856	0.03247922	0.27659252	0.022645688	-0.08128769	0.06179123	0.25714806	0.036755092	-0.04970607	-0.11409963	0.15116741	0.06373535	-0.0589164	-0.17013705	-0.06928136	0.14694507	0.14661655	0.02075081	0.033702977	0.05550753	0.11506277	-0.049195923	0.06633618	0.030485183	-0.14408855	-0.08146211	0.0561789	0.17144102	-0.23677056	-0.0643294	0.13745719	-0.06558046	0.028996903	0.12982993	0.11149589	-0.26541737	0.0925637	-0.04300074	0.20977966	0.0149985645	-0.33833444	-0.040625647	0.18822971	-0.06685258	-0.13410394	0.091258675	0.045852482	0.040442582	-0.071429424	-0.02812794	-0.09015554	-0.12698881	-0.1242336	-0.022355778	-0.10824115	0.22475299	0.20308827	-0.1051031	-0.17745012	0.01936786	-0.31683698	-0.27539942	-0.16377188	-0.11564641	-0.049877968	-0.06199458	0.0824137	0.26019368	-0.039734006	0.11425814	0.1594297	0.16890779	0.1690227	-0.109783284	-0.0922311	-0.10113808	-0.05495055	0.24537835	0.15549345	-0.21235551	-0.013365112	0.19345006	-0.057572346	-0.23652886	0.076331146	0.37534165	-0.22991492
0.06529191	0.099043906	0.030690772	0.17001927	0.4106701	0.16490428	-0.009819712	0.2793066	0.16324908	0.10120659	0.061180804	0.17988199	0.042655706	-0.17629915	-0.17728074	-0.011957924	0.0048873457	-0.28480262	0.07053683	-0.04321842	0.004278077	-0.109275855	-0.03583348	-0.095797576	-0.16163282	0.0043625203	-0.18074365	-0.30535245	-0.15607542	-0.0425214	-0.06213048	0.00838246	0.08396331	-0.039428037	0.024726508	0.066385105	-0.3853851	-0.4343309	-0.044641614	-0.20570861	-0.016979914	-0.08309348	0.047571015	-0.12825	0.022037322	0.16974945	-0.17065996	0.25291333	0.06066979	-0.04282402	0.069850035	-0.30327374	0.011242225	0.12693791	-0.06067789	0.15178141	0.16370407	0.2584613	0.38719225	0.427341	-0.20294744	-0.17874797	-0.4853981	-0.11401738	0.5997281	-0.011868657	-0.19558516	0.141188	-0.2652788	0.20719078	0.12715471	0.12174926	0.080789246	-0.14399557	0.28213355	0.08070217	-0.10388122	-0.17680544	-0.078385465	0.123951405	0.17282057	-0.39313307	-0.1895228	0.19207567	0.03970574	0.039053854	0.2902128	-0.14929488	0.25881726	0.3141636	-0.26647443	0.028790552	0.05271863	0.027749168	-0.12881799	-0.14271167	-0.032681867	-0.15943229	0.12566414	-0.076553576	-0.40171266	-0.4035554	-0.3719929	-0.17469946	-0.2064145	-0.015114315	-0.018348044	0.33182287	0.1774605	-0.00908727	-0.19536845	0.0064998018	-0.01113543	-0.15368076	-0.057730936	0.1154235	-0.35950842	0.0006428322	0.02073015	-0.0661566	-0.3197865	-0.08587531	0.2952227	0.25690758	-0.115420796	-0.096347615	0.43483436	-0.076650724
0.3287674	-0.14288542	-0.12985092	-0.023667052	-0.31982997	-0.09962574	0.37889782	0.12458632	0.2304753	-0.45372137	-0.016987968	0.6576481	0.6382311	0.4201797	-0.017930817	-0.20678253	0.113071315	-0.5367279	-0.96037585	0.6002615	-0.05358647	0.4406058	0.17662272	-0.40995115	-0.8869522	-0.19752611	0.2273573	-0.89364266	-0.25996703	-0.39509216	-0.11421613	0.012533796	0.5937759	0.966857	-0.022925612	0.12782232	-0.8694605	0.21543126	-0.44101936	-0.8816934	0.4275495	0.6091944	-0.5544072	-0.09990293	0.23942815	0.7281509	0.044374537	-0.021347217	-0.25459328	0.044034056	0.06698392	-0.33969843	0.27816474	-0.19293635	-0.22342347	-0.9001578	0.1815236	0.6163583	0.17082272	-0.39805442	-0.5979837	0.53112406	-0.6413248	-0.22548842	0.37078324	0.43078753	0.35506397	-0.16431846	-0.8550787	-0.28109643	0.05110614	-0.32237768	0.6177362	-0.5246632	-0.109913155	0.12115752	0.32074043	-0.3392626	0.6984679	0.0208389	-0.19291592	-1.2262313	-0.2702579	0.1888225	-0.8857966	-0.3499189	0.7078932	-0.5213643	-0.34216693	0.7395636	-0.78899175	-0.44845515	-0.14268178	-0.30267993	-0.1086021	-0.39628574	0.07947416	-0.30344865	-0.19057971	-0.0723434	-0.31090197	-0.16145116	-0.5355748	0.119217664	0.2091367	-0.14898401	0.10935941	0.8304307	-0.1930088	0.7338662	-0.020659814	0.13498297	-0.37511212	-0.19557422	-0.062041238	-0.07957088	-0.66763556	0.057655018	0.28042573	0.07521782	0.038187135	-0.28083807	0.5235484	0.3111125	-0.26945153	0.30788574	-0.37925002	0.49424863
-0.20238739	0.09625036	0.28126267	0.14241911	0.16458988	0.1737658	-0.01767996	0.34419736	0.10999336	-0.068051055	-0.24104454	0.45933238	0.14221165	0.17514752	-0.15170206	0.04566631	0.1542819	-0.013316627	0.24538982	-0.11039333	0.0056038434	-0.6995159	-0.3961566	-0.43603918	-0.23908463	-0.06331654	-0.25343165	0.11746753	0.04868654	-0.18746966	-0.12716101	-0.19117665	0.026407562	-0.023102552	0.012093073	-0.07322272	-0.35513452	-0.3002089	0.21933492	0.24569291	-0.02969821	-0.03652518	-0.021502899	-0.19323279	0.006955578	0.10318669	0.06296208	0.62181014	-0.023602864	-0.080978006	0.12523505	0.08544326	-0.18533374	-0.25411466	-0.2264774	0.3389994	0.07506912	0.43299028	0.23383942	-0.122294664	-0.23767067	0.11757123	-0.37516242	0.0698205	-0.105430275	-0.17879598	-0.288286	-0.15409213	0.043207377	-0.14001046	0.057892453	-0.05556673	0.15933818	-0.14877471	-0.046064585	0.14014946	0.29974756	0.039674412	0.3723195	0.09594388	0.27645916	-0.29470512	-0.28620315	0.016622648	-0.12883551	-0.20662801	0.048078995	0.14958693	0.12112334	0.13251145	-0.13198449	-0.23142287	-0.05224156	-0.23096111	-0.011041877	-0.0045179403	0.27417746	0.034922726	0.12096321	-0.643105	-0.16652425	-0.39018703	-0.23716727	-0.033155616	-0.13832583	-0.31942645	-0.021804497	-0.08765628	0.16778152	0.08841697	0.20892811	0.24452536	0.40051872	0.16460752	-0.1951321	0.14745036	-0.3953104	0.13901745	0.0861217	0.10080683	-0.30960974	-0.284168	0.51351386	0.14117245	0.12200656	0.1078728	0.27890688	-0.11625087
-0.08773685	-0.089769594	-0.1878549	-0.10262408	0.7572358	0.21843229	0.084749036	0.19030759	0.77087337	0.14445807	0.09310816	0.3221855	-0.38206175	0.19385652	0.078996934	0.3339226	-0.13888633	-1.2917563	-0.23999901	-0.2665352	0.176249	-0.47510958	0.18753247	-0.12437395	-0.75665545	0.18117021	-0.60147744	-0.9037083	-0.428559	-0.0022650925	-0.036964256	0.27708688	-0.20712273	0.44753024	0.11098158	0.64457136	-1.2121238	-1.5383343	0.13682556	0.10270328	-0.45115137	-0.5795955	-0.5131283	-0.63581735	-0.2529328	-0.19609547	0.0720103	0.88364446	-0.11242094	0.50946224	-0.47280416	-0.70380276	0.44332626	0.42911738	-0.10972884	-0.15702456	1.1487838	1.0775965	0.61916876	0.9181758	-0.45033267	0.1721499	-0.35733107	0.25087774	0.8836871	0.052729733	0.35396928	-0.010028998	0.38815913	0.28415635	0.2604259	0.7216857	0.734352	0.3630749	0.46164587	0.03491546	0.5988143	-0.655979	0.19321857	-0.33033195	0.18643095	-0.9243476	0.03837388	0.3637489	0.033788484	-0.036697626	-0.17833486	0.6725942	0.41422418	-0.053916257	-0.16319986	-0.4650077	-0.49677673	0.07815795	-0.5287222	-0.5267258	0.43854493	0.101810515	0.73695844	-0.43632394	-0.57917804	-0.69937265	-0.34192804	-0.20005137	-0.0033670901	-0.8165065	-0.69065386	0.41702524	0.71268064	0.074143186	-0.5489401	0.60640216	-0.095717184	-0.21941274	0.40326986	0.4783375	-0.5431012	-0.07453897	0.23148546	0.52594465	0.18844791	-0.27768856	0.424915	0.20473672	-0.08297028	-0.46257344	0.38578966	-0.47114256
0.11971813	0.04751599	0.17038772	0.10297571	0.13078585	0.045318063	0.21386647	0.0032718584	0.16557465	0.045028165	0.07607821	0.21500045	0.02953319	0.11498819	-0.006786976	0.08352935	0.11027709	-0.03977069	-0.41604856	0.14717278	0.07113674	-0.07447327	-0.21705146	-0.058378972	-0.2764931	-0.12382082	0.07028468	-0.16888648	-0.10337375	0.22279668	-0.07880214	-0.065982066	0.15962556	-0.03803718	-0.008311104	-0.012614084	-0.2226272	-0.18526831	0.040063035	-0.07310331	-0.16574822	-0.05824179	-0.37821642	-0.2479396	0.12002494	-0.10032649	0.00012975697	0.15764435	-0.15202615	0.063669205	-0.1083092	0.05467029	0.22984816	0.04628574	-0.0021105541	-0.092968434	0.058167	0.08557037	0.15650931	0.051921405	-0.1797545	0.2569638	-0.42128664	0.049752094	0.23866975	-0.043480404	-0.09333823	-0.054106355	-0.15002316	0.046387184	-0.028230302	0.13094121	0.07610632	-0.042811908	0.1794806	-0.012065109	0.05921761	0.040085092	-0.09095826	-0.10847447	-0.03937564	-0.06737113	0.06548722	0.2443535	-0.22521287	0.025152408	0.010762584	-0.05557434	0.030194972	0.19362359	0.013566658	-0.021589635	-0.20293707	0.00965376	-0.12873319	-0.05541527	-0.046934683	-0.060259037	0.095508575	-0.06582634	-0.11665857	-0.0865001	-0.011840267	-0.24921438	0.0006417934	0.0057642483	-0.15818064	0.047320772	0.20599073	0.15134086	0.0133243445	0.014364596	-0.08722426	0.009108371	-0.16279797	0.08880474	-0.00116482	-0.08386549	0.032337565	0.16528298	0.021177217	-0.06189308	0.27346095	-0.010337829	-0.17158423	-0.016551035	0.09943546	0.07526924
0.15144928	0.48806617	-0.15220506	-0.4418565	0.18363756	0.3074002	0.087361954	0.50538236	0.32268882	-0.06167833	0.00019683095	0.13469571	0.19156666	-0.015127899	-0.36154148	0.1410474	0.16230461	-0.83931434	-0.49058267	0.005666891	-0.28569603	-0.02808173	-0.8162156	-0.26272953	-0.6277693	0.44596952	0.65913993	0.002200256	0.1156322	0.6856175	0.062287897	-0.04207861	-0.054346327	0.3471355	-0.5484708	-0.25529906	-0.57431537	-0.269418	-0.0037766197	-0.251706	-0.11175427	-0.0071412325	-0.21640319	0.07204725	0.028057665	-0.19273253	-0.3506689	0.520345	-0.25582305	-0.13383341	-0.4354965	0.036348503	0.35540852	-0.08573798	-0.19590399	-0.15096624	-0.16394152	0.45524585	0.16357909	0.26151985	-0.44102508	0.18743974	-0.6123585	-0.3419752	-0.034029827	0.2149623	-0.22658837	-0.5478651	-0.25841287	-0.3364429	0.15957434	-0.33003774	0.58823514	-0.21106967	0.73007435	-0.06716167	0.028041868	-0.17425475	0.10364426	-0.23924883	0.07341648	-0.39309013	-0.015614669	0.08313047	-0.37672076	-0.35459873	0.60982466	-0.73118883	-0.3262304	-0.082972415	-0.20181304	0.30170447	-0.3618279	-0.29374233	-0.2739885	0.098478116	-0.1882119	-0.17369327	-0.011563444	-0.120137945	-0.3104187	-0.64407843	-0.10476391	0.033297237	0.018246735	0.07712002	-0.45267597	0.4165594	-0.5581697	0.8344896	0.52667665	-0.04908903	-0.011279185	0.07568511	-0.4535332	0.13431406	-0.70113385	-0.014377784	0.38283417	-0.12525135	-0.21909651	-0.0046709753	0.1539903	-0.124876186	-0.5852029	0.29834905	0.4399736	0.29385766
-0.04518398	0.34254378	0.0073359264	0.055725873	0.34141928	0.20383443	0.21838906	0.20309854	0.39601517	0.20698331	-0.07528435	0.2712283	0.11591913	0.032626063	-0.059427932	0.08218448	-0.08146762	-0.14916585	0.028463153	0.022584783	0.0318733	-0.061938114	-0.2451839	-0.033689298	-0.4734308	0.04704744	-0.28207183	-0.29394853	-0.04663171	-0.031220568	-0.33959004	-0.17150468	0.050485525	-0.1069245	0.19332324	0.10558717	-0.1522001	-0.1294492	-0.05858731	0.18152297	-0.3861659	0.13748296	-0.026318945	0.38559562	-0.022543881	-0.083521344	0.12395172	0.34931415	-0.14548825	0.03121051	-0.17743427	0.18594499	0.11736713	0.027330693	-0.101252384	-0.09636476	-0.01674342	0.25852323	-0.0043869833	0.06356544	0.043065142	0.09316397	0.04944301	0.014556673	-0.012110033	-0.17842638	-0.14977139	0.037362248	0.10806303	-0.17635329	-0.178909	0.09185613	-0.14277536	-0.08881611	0.2188909	0.15269765	-0.18801953	0.21697667	-0.08354654	0.20024543	0.20347232	-0.36770558	-0.050278388	0.13697025	0.08606977	-0.21956627	0.08427613	0.07033264	0.11342357	0.029663133	0.15218319	-0.26266032	-0.08985285	-0.07816555	0.04758821	-0.09345021	0.14743263	0.24338803	-0.08040724	-0.07685394	0.005522875	-0.24815671	-0.4431821	-0.15514877	-0.0060654585	0.014038135	-0.10660772	0.17794982	0.25931153	0.09166566	0.22188626	0.053141337	0.21489017	0.14249393	-0.03675639	0.036113627	-0.10560022	-0.035600193	0.19918448	0.21881387	-0.34748054	-0.022359189	0.2908224	-0.053382132	-0.19159502	-0.04965945	0.3618548	-0.16968496
0.17270492	0.46986476	-0.1929573	-0.45027617	0.19809414	0.31141803	0.09362667	0.45988488	0.30678895	-0.0394258	0.02027107	0.13265397	0.15997204	-0.03196543	-0.35273227	0.117734395	0.15110072	-0.8794134	-0.5497937	0.0022190076	-0.28996578	-0.04875328	-0.8240566	-0.27166188	-0.6554271	0.42428657	0.66959256	-0.007837625	0.14165273	0.65874434	0.06725902	-0.065227725	-0.034448832	0.34611815	-0.5708399	-0.26405683	-0.59182096	-0.26135263	-0.026825193	-0.24605069	-0.15057282	-0.021317923	-0.20628865	0.112521596	0.05381899	-0.21340391	-0.32716963	0.5091069	-0.2849613	-0.08693886	-0.42678893	0.06277928	0.39701048	-0.090407364	-0.19245794	-0.16841881	-0.14347869	0.43933123	0.17428137	0.29632178	-0.44614437	0.15238543	-0.64409655	-0.34833714	-0.039486542	0.23020157	-0.2415246	-0.58654714	-0.22945146	-0.31365818	0.16403031	-0.30568284	0.58729136	-0.24726494	0.70888764	-0.09148427	0.005407811	-0.18174817	0.08549273	-0.24671355	0.05670576	-0.37658766	-0.02603948	0.09771327	-0.3707642	-0.3621566	0.6162048	-0.7316847	-0.33225542	-0.10058609	-0.21890932	0.3559888	-0.37743834	-0.29980868	-0.27663425	0.08092819	-0.18515597	-0.15527247	-0.046250947	-0.11190739	-0.34592602	-0.60107607	-0.08305241	0.036154464	0.0027226978	0.034447033	-0.45476407	0.4334491	-0.55825686	0.82885385	0.5281607	-0.044013787	-0.025130311	0.032674443	-0.46352372	0.1266257	-0.71497905	0.0067414157	0.42400426	-0.14257886	-0.23230053	-0.005390389	0.11731611	-0.08514277	-0.58988297	0.29538572	0.4218952	0.35668018
0.18694429	0.48172787	-0.19395265	-0.42562804	0.16834281	0.27825817	0.09533601	0.47955307	0.29271194	-0.05383708	0.024739826	0.120731145	0.17561029	-0.011331718	-0.38460135	0.113173865	0.16033387	-0.84294534	-0.52864236	0.028471567	-0.27608097	-0.043885026	-0.80068135	-0.25181344	-0.62611103	0.39507443	0.6735317	0.033148494	0.09250097	0.66161853	0.052295506	-0.05250451	-0.03722227	0.3523374	-0.54919946	-0.2476485	-0.55815834	-0.2422768	-0.030559821	-0.24235363	-0.11776139	-0.007335343	-0.2307354	0.079024106	0.043471616	-0.20074348	-0.31212667	0.49868438	-0.28044772	-0.11324031	-0.440198	0.097362	0.4021073	-0.10422154	-0.18602715	-0.17892486	-0.18227342	0.45246243	0.14101394	0.29377663	-0.44268802	0.16174349	-0.6655492	-0.359655	-0.021661961	0.20105466	-0.19694093	-0.5872864	-0.2463354	-0.28806224	0.16698492	-0.31052262	0.6055422	-0.2244938	0.7410395	-0.080372564	-0.007871807	-0.16764973	0.11600153	-0.2434581	0.06208531	-0.39833033	-0.013223689	0.1158522	-0.36707464	-0.34776095	0.5993361	-0.72388154	-0.31443876	-0.10724372	-0.18357438	0.33851624	-0.35593897	-0.27737886	-0.25175685	0.069959536	-0.16339935	-0.19112371	-0.022932202	-0.14455225	-0.36358827	-0.6115237	-0.0951622	0.059875924	0.020373315	0.07290069	-0.4259804	0.3900088	-0.51621777	0.8076686	0.5334793	-0.02229614	-0.025179792	0.07113951	-0.45164302	0.10404972	-0.71348757	-0.00016580512	0.37524042	-0.13258204	-0.21640766	-0.03635469	0.14631115	-0.10123107	-0.6230914	0.27429992	0.457308	0.3346077
0.4197875	-0.1981621	-0.2029246	-0.42316478	0.1286446	-0.31820795	0.45078516	0.49873343	0.17199692	0.18295546	-0.18937	0.1745715	-0.07669657	0.26033822	0.17255491	0.6598687	0.18754311	-0.77413833	-0.20510226	0.17016405	-0.45382464	-0.30447412	-0.21139516	-0.3149381	-0.65162086	0.11080757	-0.21724248	0.15363503	-0.04052986	-0.03829847	0.010887997	-0.12275481	0.31438604	0.38537	-0.017922778	-0.19488154	-0.42079717	-0.56399685	0.32511082	0.009047694	-0.5513	0.1741217	-0.30337507	-0.01192458	0.40645266	0.09438072	0.21400039	-0.21014792	-0.11128352	-0.0085436	-0.054344073	0.17370807	-0.19982812	0.074107885	0.29834533	0.179393	0.3219333	0.5993501	0.26776683	0.11234586	-0.62649214	0.5301898	-0.25564492	0.11601563	0.51826257	-0.16095382	-0.10283497	-0.071570925	0.09662802	-0.2892476	-0.09040652	-0.10084469	-0.36242095	0.042594418	0.5261611	-0.00484084	0.056931496	0.030537158	0.10282166	0.0108411675	-0.35172608	-0.40735188	0.6871496	0.22586215	0.04039742	0.057484176	-0.44659224	-0.116872594	0.33849984	-0.2846852	-0.08007357	-0.61602944	0.17023645	-0.2265794	-0.12246918	0.18244304	0.4987573	-0.04189316	0.40216303	-0.5037061	0.31517154	-0.10890248	-0.81216085	-0.4718622	-0.015174967	0.32763365	-0.14363094	0.37164465	0.17777176	0.25963154	0.11804644	0.26356444	0.29959655	0.08572251	-0.49125218	0.7187165	0.04448845	-0.1900903	0.47276333	0.5528169	-0.47350052	0.19902493	0.50207084	-0.09344812	-0.3639266	0.0907162	1.1051115	-0.15342611
0.018692616	0.35159197	0.36681062	0.043331996	1.3168169	0.80913174	-0.728078	-0.77166504	0.210863	1.4550868	0.6390298	-0.33443812	0.13734175	1.9660751	-0.84168005	-0.45929033	0.54055846	0.80746096	-0.72110844	-0.21248592	0.24945822	-0.7516036	-1.3500569	1.7267363	-0.6613718	0.42631686	0.22624192	-0.12348522	0.21005367	-0.44898388	-0.59861666	0.1075065	-0.2717713	0.12930684	0.7333544	0.536433	-0.9665105	-0.7107798	-0.059316795	-1.088787	0.16155544	-0.04814021	-1.3939388	2.3337665	0.5608732	0.002390907	-1.2194589	0.21283953	-0.2414944	0.24307288	0.86364204	0.961393	1.4788557	0.21423164	0.6781122	0.042483892	-1.0896082	0.41637516	1.5410501	-0.15693694	2.0904765	-1.1508939	-2.2627122	-0.7848465	1.2588345	0.3750946	-0.0606102	-0.012050309	-1.046162	-0.8011902	0.6977971	1.506227	-0.50440323	-0.8348781	1.1924467	0.27954248	-0.10505012	0.21033573	0.14618179	0.632674	0.5417895	-1.93498	1.1435761	0.48111016	-0.67499274	-1.4423455	0.08754455	-0.21760798	0.12372019	-0.8922867	-2.0527563	-0.07379293	0.96414363	0.08113245	1.1288438	0.73904556	-0.101078026	0.11647234	0.38067427	0.25745988	-1.0278555	1.8031449	-0.33566222	0.41326395	-0.23856212	-0.8122947	0.12876338	0.07367945	-0.5845613	0.24493702	-0.51307106	-0.21647286	0.9802151	-1.1391836	-0.4694265	0.11444217	-1.7692455	-0.02977163	0.329017	-0.17048214	-0.07346152	0.52707535	-1.1512891	0.42133752	-0.06623643	-0.7177231	0.40205598	0.8914341
0.16861272	0.49727938	-0.14517362	-0.4042523	0.21522006	0.33277658	0.06811199	0.4802174	0.25612622	-0.052270833	-0.0069593512	0.11610069	0.15254097	-0.02213554	-0.37227088	0.109974355	0.16817221	-0.8231757	-0.4734412	-0.027415551	-0.25177726	-0.066620484	-0.84578407	-0.26022634	-0.6257225	0.44555584	0.6393243	0.0116095105	0.10540203	0.6665894	0.09029019	-0.08485532	-0.05286534	0.3185396	-0.5962723	-0.25804263	-0.5819117	-0.25162748	-0.017344585	-0.22873834	-0.1094543	-0.043140568	-0.18785192	0.12768714	0.022431612	-0.20440303	-0.36944294	0.519342	-0.253335	-0.078351185	-0.45736027	0.07633116	0.37289786	-0.09953703	-0.1617812	-0.12260015	-0.1850673	0.4203936	0.15238608	0.28780368	-0.41880617	0.14861937	-0.60534126	-0.34051993	-0.06756478	0.21045804	-0.22887206	-0.5552274	-0.19554567	-0.25944737	0.14953229	-0.31506824	0.60383314	-0.22520755	0.71336114	-0.08224358	-0.00567498	-0.163447	0.09721681	-0.24563691	0.107471995	-0.3267355	-0.025096383	0.100273006	-0.3336363	-0.33914378	0.55908155	-0.71181196	-0.3098481	-0.12843542	-0.19434445	0.33834484	-0.3646935	-0.28141063	-0.2683236	0.07953459	-0.24446253	-0.16068664	0.0034927628	-0.17339717	-0.33781052	-0.6443257	-0.082595065	0.05471097	0.01491732	0.056064453	-0.44313088	0.37601757	-0.56762755	0.81206167	0.49209198	-0.047629435	0.006410761	0.052033015	-0.47121397	0.17322874	-0.72680736	-0.0145286545	0.41052917	-0.17632706	-0.20138544	0.0008330349	0.14611457	-0.098542295	-0.5527714	0.33008823	0.51197505	0.33935127
0.07160699	0.059590407	0.0059260894	0.15194142	0.35925397	0.2181087	0.010434609	0.26758412	0.14060466	0.09406101	0.06052627	0.19471188	0.05710921	-0.1410784	-0.15554835	-0.017804712	0.0024547903	-0.23948513	0.077353865	-0.09738245	-0.011053612	-0.10347644	-0.08248023	-0.099026784	-0.16638447	-0.016550435	-0.15025228	-0.31086144	-0.19196661	-0.05077236	-0.04072814	0.044726837	0.10579674	-0.066203706	0.013549639	0.048987255	-0.38680336	-0.4429312	-0.05528749	-0.20276001	0.010911857	-0.06528586	0.088298604	-0.11372183	0.06581925	0.18971282	-0.12552346	0.2640886	0.0333789	0.018985221	0.101772666	-0.28137404	0.046249736	0.10737375	-0.045690063	0.14213312	0.14858118	0.23602906	0.355082	0.48117873	-0.12856854	-0.18694575	-0.52013427	-0.14383738	0.5918062	-0.010557932	-0.17632824	0.19645652	-0.25552958	0.22927035	0.19003375	0.1226612	0.10925393	-0.14314431	0.3136989	0.11905549	-0.0677366	-0.18029997	-0.041613664	0.11406865	0.19063462	-0.40363547	-0.19523507	0.21756124	0.025225144	0.04270432	0.3068173	-0.15707606	0.2501522	0.26661757	-0.28962237	0.05169223	0.058150552	0.045284707	-0.12634072	-0.12043241	-0.050078876	-0.18067966	0.14667973	-0.13960224	-0.42891136	-0.3965568	-0.36966282	-0.1678828	-0.17363313	-0.06643923	0.008685046	0.33727455	0.14874777	0.016874146	-0.19115287	0.010851766	0.043308236	-0.13012595	-0.10194925	0.09170894	-0.37611187	0.00868064	0.018691838	-0.059308082	-0.30605096	-0.09693086	0.32364443	0.28162867	-0.11609849	-0.08065245	0.44206363	-0.039071023
-0.2583347	0.2713169	-0.3244928	0.7406661	1.2192097	0.8197738	-0.07533689	0.5845092	1.1320745	0.69327766	0.16994289	0.17762034	0.3290062	0.15093386	0.00073391985	0.15367363	-0.7644156	-0.5367404	-0.35925147	0.63166654	-0.3371094	-0.22455157	-1.6109532	-0.13764414	-0.22003998	1.3109471	0.18392049	-0.16918348	-0.3015164	1.1885798	-0.580434	-0.8547512	0.26331946	-0.7778904	0.1564756	-1.1877655	0.17375226	-0.31123883	0.5202721	-0.0040887166	-0.8046236	0.13821635	0.14412875	-0.13053851	0.6359529	-0.30482805	-0.13334449	0.11017915	-0.49785268	-0.80733097	-0.76301384	0.71745837	0.08868021	0.13542643	-1.0239856	-0.43048394	0.07751473	-0.23327225	0.0060656057	-0.40327904	-0.12514938	0.5649236	-0.051136304	-0.3200618	-0.08663442	-0.044788074	0.05388281	-0.17924568	-0.17954849	-0.6813488	0.37005827	-0.04963212	0.3046507	-0.6036172	0.46581998	-0.5564944	0.32458937	0.114879824	0.27847096	-0.46299568	-0.63525885	-1.4613938	0.0057366746	0.12629138	0.008275906	-0.118469775	0.6534652	-0.13598184	-0.14392143	0.112200506	0.059885822	-1.2762736	-1.2460465	-0.71586996	-0.028030323	-0.62988627	0.5098206	-0.0061694146	0.66058743	-0.16088584	-0.21978684	-0.99229616	-0.99634534	-0.23564722	-0.15418954	0.76954794	-0.3919562	0.60184985	0.35441366	0.78423184	0.52200985	0.50080216	0.29773393	0.38872498	-0.88984305	0.019871	-0.6752514	0.14676298	0.5839681	0.053715073	-0.40679178	-0.24928296	0.8851332	-0.04539907	-1.0847625	-0.4445811	0.5403172	-0.013978747
0.18391393	0.47830826	-0.17132348	-0.43698043	0.18478705	0.29088557	0.07220292	0.42772865	0.31118503	-0.044273168	0.015296408	0.09632774	0.13392316	-0.04091632	-0.40437627	0.13041164	0.13992669	-0.8424689	-0.49523708	0.00570489	-0.24975841	-0.0535829	-0.8054408	-0.275343	-0.6481906	0.4181869	0.6503723	0.047788735	0.118550725	0.67192155	0.06868964	-0.08540094	-0.07583893	0.32284662	-0.58205384	-0.28077495	-0.5949057	-0.25050092	-0.017244687	-0.21315984	-0.10688297	-0.054063212	-0.20153013	0.08516932	0.063587934	-0.18605243	-0.3273073	0.48656932	-0.2968249	-0.07153535	-0.42929152	0.07390875	0.37801355	-0.09650746	-0.17474818	-0.10754282	-0.17970942	0.43105483	0.16087931	0.21814291	-0.36240795	0.11387357	-0.6201688	-0.38654104	-0.060657542	0.23327217	-0.22124994	-0.5504728	-0.21651442	-0.30525947	0.1566145	-0.314319	0.6040065	-0.22309104	0.7004438	-0.090486	-0.027612805	-0.18496153	0.058917012	-0.26737192	0.05156165	-0.36745456	-0.033925213	0.118113965	-0.349862	-0.32701838	0.6170156	-0.7038412	-0.3183977	-0.13790247	-0.18946652	0.31766135	-0.34249762	-0.29228464	-0.25864467	0.08475243	-0.22371039	-0.1718917	-0.015470971	-0.14587191	-0.34062785	-0.62802047	-0.044693228	0.07678709	0.04041452	0.08583724	-0.45087764	0.36894313	-0.5408503	0.84145343	0.51843923	-0.046216596	-0.010090993	0.04484696	-0.48827615	0.15598592	-0.7293471	-0.0044104126	0.41698092	-0.132944	-0.22291854	0.0049020555	0.15822554	-0.06574142	-0.6016321	0.27475384	0.458097	0.35771668
0.15857637	0.2925616	0.3898278	-0.19460903	0.39433935	0.33629063	-0.027221303	0.1233031	0.14542326	-0.20800793	0.08803482	0.19027291	0.118131936	0.16838063	-0.12492789	0.11025971	0.20559227	0.0091829235	-0.48347166	0.09569953	0.34164488	-0.57994866	-0.12631957	0.31555942	-0.20485662	0.47199905	0.036540832	-0.3034599	-0.2842678	-0.022902194	-0.15527046	0.048175402	0.107415624	-0.18902554	0.23968226	0.08240618	-0.03595556	-0.010900985	0.115953974	-0.120431535	-0.22352603	0.002121313	-0.19456536	-0.28974262	0.15456952	-0.27336544	-0.01116309	-0.005471492	0.16204736	0.2548336	-0.14217809	-0.16686386	-0.001161	0.17862874	0.2526818	0.10026098	0.14746332	0.03677061	0.1798308	-0.17329763	-0.06232207	0.0737935	0.017289808	0.28094545	0.108421005	0.07438286	-0.096380465	0.04321137	-0.3431733	-0.09691489	0.2866369	-0.059647243	-0.14187823	0.21796818	0.24835323	-0.11919578	0.32356504	0.36863154	0.013173183	-0.21488862	-0.05720355	-0.2240576	0.34067234	0.21480067	-0.1819236	0.14435306	-0.32644954	-0.05034445	-0.055743877	-0.1055341	-0.315462	0.019244477	-0.3675431	-0.2222264	-0.28811952	-0.25052908	-0.049977254	-0.022873178	0.028183226	-0.37808052	-0.1735578	-0.18348765	-0.22069374	-0.19786112	0.09211123	0.02270029	-0.017804893	0.172558	0.20585424	0.113049686	0.09519649	0.36841515	-0.1961445	-0.29597247	-0.16120747	0.31252962	-0.06420629	-0.2957647	0.32955444	0.07240811	-0.09003279	-0.14799646	0.211527	0.032900527	-0.05169703	0.11751266	0.13835423	0.0794106
0.007259755	0.14431542	-0.015617474	0.022717318	0.20464021	0.107483305	0.22689381	0.08295278	0.14651597	0.15322512	-0.0019391208	0.1979275	0.12300459	-0.0569118	-0.013822897	0.026398798	-0.07521983	-0.20394358	0.049104184	0.15269542	-0.028866746	-0.19362837	-0.26360962	-0.04079442	-0.3515608	0.06623289	-0.115081966	-0.24783553	0.05014845	-0.014373854	-0.2583213	-0.21957237	0.079183325	0.010513823	0.09060554	-0.01590343	-0.12374165	-0.16509554	0.01653264	-0.009924222	-0.2516277	0.054931328	-0.012300162	0.19102193	0.084823415	-0.0064524654	0.1174345	0.27267107	-0.015926618	0.119270325	-0.012381407	-0.0068650413	0.081233114	0.019773168	0.006596078	-0.013645731	0.14658849	0.17520575	0.050380323	-0.013657626	0.0698322	0.028204663	-0.066984355	0.048044987	0.09427204	-0.096122354	-0.14321545	0.12018408	0.052709028	-0.2141186	-0.0064829173	0.08616647	-0.037850637	-0.10017551	0.1776064	0.045983963	-0.20242809	0.066455744	-0.052467894	0.15740605	-0.06867971	-0.32844782	-0.007584207	0.2163809	-0.032025125	-0.15332395	0.08610343	0.10773233	0.14664106	-0.08053976	-0.00084820937	-0.22696586	-0.10984091	-0.037535217	0.032583587	-0.034379035	0.1744012	0.10362287	-0.00388934	-0.044999413	0.027148379	-0.21454598	-0.29215527	-0.08713715	-0.063461736	0.014518036	-0.055100065	0.07676379	0.18499479	0.04349623	0.19272988	0.20832749	0.053560354	0.08424242	-0.0022587224	-0.016497917	-0.21816432	-0.07629683	0.13677625	0.17719775	-0.16452634	0.036591582	0.157976	0.0072911335	-0.2403248	-0.117472	0.2718994	-0.13167746
0.26289454	-0.11238611	-0.16355298	0.049568877	-0.33009315	0.007566353	0.30525875	0.04329169	0.15625438	-0.41065744	0.0150772445	0.6668447	0.6738986	0.33009627	0.047202088	-0.24047422	0.044833697	-0.70884	-1.0454645	0.6429085	-0.06924936	0.3843035	0.158423	-0.4092298	-0.87864083	-0.20139232	0.2604335	-0.8330774	-0.22645618	-0.3213848	-0.12313953	-0.13384053	0.65293914	0.9162689	-0.032003395	0.21023996	-0.8315313	0.17698658	-0.36170864	-0.84339225	0.33939376	0.5453658	-0.4868835	-0.03219834	0.2586842	0.73534167	0.2723146	-0.11533996	-0.34716526	0.15865201	-0.02061908	-0.15170665	0.28751302	-0.20369788	-0.06422683	-0.95106	0.24826108	0.6216336	0.19062278	-0.43861195	-0.6546645	0.52694464	-0.7177159	-0.18172306	0.28394154	0.44191223	0.33856386	-0.08839991	-0.9785516	-0.36212158	-0.012376852	-0.36973348	0.57717043	-0.5356684	-0.17530923	0.03862174	0.41385856	-0.26172942	0.69612306	-0.006115934	-0.23812813	-1.274097	-0.17782651	0.306251	-0.9603797	-0.36979643	0.7443724	-0.5351344	-0.40964645	0.8289306	-0.6918066	-0.44763306	-0.22269605	-0.3276144	-0.18256679	-0.40418878	0.019006127	-0.27894786	-0.12187257	-0.06847764	-0.25861645	-0.1659965	-0.41832328	-0.01426376	0.16535874	-0.06569328	0.109556325	0.8219053	-0.28017974	0.7338458	-0.016996738	0.107746795	-0.3554627	-0.25367847	-0.024235507	-0.0050886194	-0.6293976	0.17312978	0.3826002	0.08425489	-0.063796274	-0.39870015	0.36722827	0.22805412	-0.32383853	0.31189463	-0.332761	0.4410461
-0.077968046	0.06801951	-0.008751038	-0.0543047	0.2501386	0.01499883	0.09950071	0.1714799	0.105421215	-0.046737038	0.30028573	0.09401684	-0.039699767	0.1207357	0.06354468	-0.02001819	0.17263806	-0.089324236	-0.21265246	0.1866278	0.17608236	-0.068523176	-0.2589884	-0.20816915	-0.081858896	0.097695604	-0.06885673	-0.13892688	-0.053188216	0.065892875	-0.03730121	0.0028822636	-0.05593026	0.08712228	-0.0024162114	0.012261812	-0.20645614	-0.14728658	0.09403947	0.096412465	-0.057066042	0.011247331	-0.08070878	-0.028919507	0.18887153	0.03972129	-0.0143744545	0.13672079	-0.25375488	0.058169115	-0.25117815	0.09329241	0.43405253	0.12790507	-0.11207355	-0.017585425	0.010748771	0.17658491	0.15543161	0.13989112	0.17188105	0.12218625	-0.16588789	0.044376016	0.09781108	-0.06048685	0.08744234	-0.020194333	-0.14868477	0.20362888	0.13273464	-0.03817522	0.07713248	-0.040028237	0.07417773	0.045323037	0.041853007	-0.033154026	0.019456591	-0.12325996	0.1516699	0.006885834	0.11856048	0.06351518	0.10596683	0.002280907	0.0027029184	0.07535203	0.063528344	-0.06564909	-0.076784775	-0.1555614	-0.09815514	-0.11651319	-0.11283505	-0.09187182	0.122569874	0.041217096	0.21578617	-0.29261947	-0.19238837	0.03627002	-0.0938608	-0.021845736	0.04300515	0.087613374	-0.096358456	0.032581758	0.08327467	0.009006264	-0.21738386	0.27730784	0.005812868	-0.11521796	-0.0939539	0.08404115	-0.13895965	0.06411447	-0.13583268	0.1951508	0.020865103	0.14195292	0.09746413	-0.0051990165	-0.0428667	-0.017925357	0.27977398	0.04155838
0.04251539	0.05734833	0.00641017	0.13454479	0.37495333	0.20384929	0.057122104	0.27617446	0.1433212	0.09245672	0.0629092	0.17737061	0.066398025	-0.14283955	-0.15915173	-0.009850137	0.028324004	-0.24346332	0.053899307	-0.024271434	0.0075342003	-0.14442578	-0.0843205	-0.11562526	-0.16662681	-0.0050705457	-0.16854668	-0.31962883	-0.1853673	-0.06727851	-0.009428432	0.060607076	0.09200022	-0.09234942	0.032815058	0.06614968	-0.37702867	-0.43044758	-0.057240915	-0.20784546	-0.014960375	-0.07306762	0.0636239	-0.13725974	0.0768861	0.18030563	-0.17748685	0.26700664	0.050636075	0.036127795	0.11186646	-0.26559025	0.048675776	0.13258831	-0.046671994	0.1533549	0.16218542	0.19328254	0.38547146	0.4634936	-0.1319655	-0.17329247	-0.4935063	-0.14562932	0.63340074	-0.02536824	-0.16340901	0.20942034	-0.2458834	0.19646028	0.18632469	0.1192785	0.08432986	-0.13907379	0.31094596	0.110908784	-0.068259984	-0.21004309	-0.049125288	0.102976285	0.18141471	-0.38579804	-0.18137348	0.19958659	0.030566694	0.0312679	0.30803695	-0.17511329	0.22374654	0.2800345	-0.27433053	0.058192294	0.055894084	-0.0068675424	-0.12900017	-0.11510613	-0.07377828	-0.19207716	0.15604529	-0.1237865	-0.41683728	-0.3921476	-0.3753603	-0.20689748	-0.2057692	-0.04287922	0.05604902	0.33679515	0.1490857	0.032905087	-0.23019038	-0.0032507966	0.0073629217	-0.16871364	-0.11273842	0.106238246	-0.35146946	0.0058397404	0.030901406	-0.046076503	-0.29242426	-0.08309931	0.32736424	0.27009863	-0.09343422	-0.083272226	0.45987043	-0.027918242
0.115615755	0.100341685	0.10189069	-0.08255527	0.24334297	0.145179	0.04721424	0.14375731	0.028357273	-0.13478577	-0.10529089	0.29647785	0.11619221	0.09788811	-0.022879671	-0.11047146	0.15256183	0.045019165	-0.22493339	0.060345728	0.110130094	-0.2067415	-0.29668918	0.039428946	-0.20498872	0.23762542	-0.004130047	-0.038624756	-0.13079731	0.007908753	0.012354791	-0.084157646	0.08214418	0.18349038	-0.009395447	0.2667255	-0.115980044	-0.116783574	0.062169857	0.057281904	0.002622714	-0.13545604	-0.11936744	-0.15935126	0.06840129	-0.16070203	-0.056341715	0.19972877	-0.17268758	0.093158826	-0.025337024	-0.06979894	0.1508004	-0.01789594	0.080308475	-0.054878246	-0.08930288	0.2855186	0.05965861	0.095705405	-0.1902395	-0.027154904	-0.06629951	0.031670764	-0.049044207	-0.027585207	-0.01652887	0.106661774	-0.06889493	-0.03856289	0.11429968	0.018628942	0.09111243	0.025856746	0.06881485	0.2376591	0.20373148	-0.0020425632	0.03866189	0.022267032	0.14290781	-0.17726053	0.0485229	0.02744376	-0.08087005	-0.34147555	0.059723604	-0.11253285	-0.023557533	-0.029367633	-0.18157329	0.038095098	-0.18853262	-0.21647511	0.02122045	-0.08348363	-0.056625903	-0.07310564	0.06793094	-0.2759869	-0.08086404	-0.123854876	-0.008729827	0.11564465	0.02864562	0.04994193	-0.11266916	0.1257499	-0.14910571	-0.020353815	-0.0068487977	0.19858201	0.119307585	0.03377375	-0.31553355	-0.022401517	-0.18245897	-0.00614237	0.11800202	0.11405988	-0.15195101	-0.1381023	0.009439408	-0.04160941	0.1889172	0.15259019	0.25951487	0.11787658
0.34241834	-0.13101143	0.16888377	0.00079778745	0.5492054	0.00087850046	0.47260162	0.23568825	0.7568807	-0.08056819	-0.3214401	0.055614423	-0.20956631	-0.2870262	0.44198352	-0.21725976	0.48174998	-0.3913282	-0.3898392	0.42032352	0.29568535	-0.4108941	-0.053741988	0.018365258	-0.4594154	-0.0074714925	-0.03782325	-0.42282638	-0.31695482	-0.23089273	-0.16859026	0.13451295	-0.3817492	-0.58758885	-0.45586327	-0.4334723	-0.806777	-0.29762623	-0.083990045	-0.12912194	0.014306711	-0.13141766	-0.79163855	-0.26944697	-0.13956527	-0.58767444	-0.076596364	0.3457472	-0.34346455	0.042042196	-0.21325076	-0.0064614564	0.28088766	-0.46168974	-0.17182393	-0.03385956	0.6126781	-0.53016067	0.34234977	-0.1335112	0.07742452	-0.06580227	-0.17490277	-0.11576333	0.29365212	-0.3188735	-0.43969208	-0.10973831	-0.55207294	-0.30572662	-0.5233823	0.0929997	0.08434916	0.00090154284	-0.16940537	-0.27746233	-0.29785874	0.15160596	0.066335745	-0.23907353	0.060682826	-0.07649385	0.4613605	0.17743143	-0.4353118	0.38287872	0.20019858	0.23529233	0.30562133	0.5359293	-0.2074154	-0.2851617	-0.21268041	-0.35779265	-0.15664308	-0.20040867	0.36256316	-0.14015932	0.06477047	0.14138761	0.06693215	-0.8307527	-0.2821199	-0.30299065	0.107912146	-0.26552007	-0.43453377	0.061543733	-0.048112094	0.6403077	0.36475077	0.22995451	0.29496792	-0.04476207	-0.3530155	0.42932472	0.0641077	-0.2304327	0.33613178	-0.13788234	-0.10045631	-0.24784301	0.40417957	-0.17612565	-0.48866522	0.48291564	0.40201744	0.044101864
0.053218164	0.13656993	-0.10767057	-0.022869406	0.1454592	0.19744892	0.25278097	-0.026966484	0.2543579	-0.03140912	0.022846969	0.15210027	0.012107993	0.0011827016	-0.15819329	0.14072764	0.14623863	-0.12575355	-0.3915061	0.07475361	0.07839616	-0.19392297	-0.0029977635	-0.020610102	-0.26257265	-0.06246743	0.14967658	-0.22091289	-0.15586528	0.15740511	-0.13365069	-0.07047145	0.16305971	0.025635734	0.059289694	0.12878597	-0.042754255	-0.09706121	0.03735462	0.060104705	-0.11892172	-0.03185261	-0.12594786	-0.12498381	0.29682574	-0.09794529	0.20566578	0.0012130257	-0.22323345	0.02585787	-0.17103139	-0.021235364	0.089622706	-0.08105649	-0.054558493	-0.14812718	0.026012795	0.09529417	0.13558784	0.15449913	-0.15640259	0.120494165	-0.3875153	0.033031203	0.20918784	-0.06729839	-0.089649975	0.0021527868	-0.13583724	0.067484304	0.1345106	0.16878477	0.016952647	-0.033172693	-0.0067263646	0.054305512	0.109808594	0.20797773	-0.062425606	-0.07872681	-0.075459674	-0.07272951	0.1225912	0.1947788	-0.05489183	-0.11826788	-0.037011363	0.07351372	0.016478932	-0.064269654	-0.103175245	-0.1284824	0.011359075	-0.09301831	-0.035853095	-0.05132504	0.0672036	-0.10368313	0.08294363	-0.222074	-0.28701577	-0.12154148	-0.06752139	-0.064358994	-0.015789347	0.03387791	-0.0916714	0.06874448	0.08511933	0.09940072	0.054852635	0.05942637	-0.03402004	0.0095193535	-0.16048379	0.028477225	0.047468822	-0.025030714	-0.01572454	0.15001626	-0.16553192	0.0092362	0.24563538	0.070067614	-0.13943547	0.08101847	0.22715876	0.054103114
0.044961102	0.22188735	-0.17614831	0.14545593	0.29425964	0.84239936	-0.052500773	0.50757223	0.51530594	0.57181704	0.19756806	0.2241139	0.50568783	0.09984724	0.45570254	0.6965356	-0.5428383	-0.17396036	0.018170435	-0.4835728	-0.59574395	-0.11193036	-0.8745402	-0.11782016	-0.6012899	0.5874237	-0.19962041	-0.09693518	-0.056806304	0.6852185	-0.4472061	-0.49802288	-0.018740442	-0.12765132	0.3811815	-0.31072325	0.025033336	-0.3089907	0.4986823	-0.44985598	-0.44588768	0.30024406	0.2164348	0.016373727	0.44324508	-0.17867269	-0.09790931	-0.14115337	0.18272816	0.03792235	-0.2379577	0.53377926	0.1508563	0.070782244	0.11891546	-0.14739665	0.015221714	0.49607486	0.26796642	-0.22777346	-0.03597323	0.5135296	0.4258648	-0.07327323	0.16541418	-0.011329545	0.4660623	0.8858665	0.38656023	-0.26521742	0.27370805	0.46402094	0.6135981	0.16218072	0.47776544	-0.63066196	0.3763143	0.18520737	-0.55460775	0.04009046	-0.49777377	-1.1114581	0.37784278	0.6648102	-0.02608085	-0.6365062	0.104097344	-0.1754155	0.06364128	-0.1910009	0.081148945	-0.49541485	-1.0580188	-0.2172186	-0.4871672	-0.3304938	0.3665171	0.49139297	0.27900028	-0.6077644	0.36385053	-0.9754203	-0.40993494	0.25704545	-0.33920678	0.4429807	-0.043380458	0.43804994	0.40756246	0.02831582	0.3699837	0.5905365	-0.04057576	-0.120318964	-0.5072572	0.4359997	-0.81582934	0.24100389	0.7974203	0.54299843	-0.15432593	0.24532863	0.52787745	0.019186517	-0.46918896	-0.21092017	1.0140748	0.008919131
0.1684769	0.4537936	-0.20948525	-0.41868374	0.2021257	0.29290512	0.07585885	0.47991	0.29820564	-0.062353715	-0.028354399	0.20207009	0.17580219	-0.029875433	-0.34673864	0.10009353	0.16652678	-0.8488601	-0.51616305	0.028509973	-0.26036888	-0.007994065	-0.7819902	-0.21759732	-0.65423906	0.5024429	0.621546	0.004228272	0.06395681	0.6611122	0.06098448	-0.030003134	-0.08138468	0.32477343	-0.6492142	-0.27836525	-0.5906277	-0.32061112	-0.09216876	-0.26324657	-0.093064256	0.02348535	-0.23588143	0.08426307	0.050007056	-0.1573348	-0.36398166	0.5359367	-0.27207088	-0.049629103	-0.51720196	0.040901296	0.39097735	-0.12057766	-0.23628248	-0.09995636	-0.12762684	0.47495076	0.16543472	0.32361645	-0.42201293	0.14179656	-0.6345938	-0.27747673	-0.042517494	0.18745376	-0.20709845	-0.5580894	-0.22895943	-0.29898885	0.207377	-0.35596594	0.6340228	-0.25828296	0.738636	-0.068128265	0.039411247	-0.17450872	0.13250484	-0.30754182	0.09871467	-0.36724636	-0.051367376	0.08657774	-0.37117684	-0.38359553	0.5790107	-0.70315534	-0.31645653	-0.10113251	-0.25152817	0.28870717	-0.31012523	-0.31954926	-0.29463226	0.07606511	-0.18795949	-0.2416072	0.008219711	-0.14257681	-0.34535888	-0.6341032	-0.0536473	0.05395215	0.028684424	0.07964273	-0.40272766	0.46393257	-0.55990905	0.82947206	0.564399	-0.040816106	-0.031315662	0.08641215	-0.46815693	0.16462418	-0.7717959	-0.024105819	0.42705977	-0.15180477	-0.16100797	0.015714237	0.14274754	-0.068365626	-0.59935707	0.25723156	0.4640599	0.30207232
0.10380064	0.02573673	0.055486247	-0.026903505	0.17697449	0.26740974	0.086701795	0.17346711	0.06715945	0.18216333	0.0045949225	0.10899376	0.08409448	0.08622877	-0.006807123	0.047751304	-0.04112936	-0.13379006	-0.019302117	0.15208279	-0.05795632	-0.010852166	-0.08030655	-0.19289306	-0.2491505	-0.014099789	-0.14559375	-0.024392422	0.021793297	-0.019445049	-0.097571164	-0.060230277	-0.01795072	0.06512066	-0.078559704	-0.10920591	-0.27739334	-0.0637945	0.08075723	-0.004933311	-0.20255892	0.10451453	-0.16102536	0.11900281	0.13799049	0.0045834016	0.074787855	0.10612557	-0.061654914	-0.14900182	-0.017745448	0.12693441	0.04181075	0.05095564	-0.13133591	0.030737026	0.08956563	0.110866725	0.06950863	0.007089943	-0.1870439	0.052071862	-0.109107755	0.10380705	0.030790605	-0.047045495	-0.014898993	-0.03462245	-0.09572897	-0.08906125	-0.07717222	-0.0051454436	-0.016085664	-0.06940351	-0.0057742214	-0.050643686	0.021411454	0.012762668	0.0494398	0.06644857	0.09564243	-0.23547806	0.03318475	0.029393682	0.019104442	0.02229827	0.0714518	-0.04852772	-0.054613262	-0.08086493	-0.03612702	-0.12132	0.0017922573	-0.010886145	0.03053519	-0.100795954	0.019989353	-0.003784882	0.031070715	-0.072533645	0.043088213	-0.2261184	-0.20932476	-0.12469411	0.058840208	-0.14134556	-0.12086151	-0.0033060387	0.12051606	0.07616695	0.04419956	0.020018017	0.057682324	-0.04211906	-0.060635325	0.17563173	-0.19621444	0.075041056	0.05143397	-0.02138041	-0.12444626	-0.0009632663	0.106150016	0.026224334	-0.17471233	0.120136224	0.12656394	-0.11022532
0.09982782	-0.04685344	-0.15099667	0.23056993	0.20395756	-0.034550674	0.2800948	0.41742468	0.14795016	0.2992648	-0.21667612	0.07934251	0.15013562	-0.11926713	-0.13757218	0.5357393	-0.12849745	-0.43783557	0.139496	0.095788464	-0.1069227	0.15882385	-0.2304974	-0.5223312	-0.36498338	-0.21674708	-0.20088944	-0.17933415	-0.00673571	0.15054852	-0.056123078	-0.10834787	-0.041888274	-0.31244212	0.04035303	0.1649893	-0.5964476	-0.32854667	0.37899122	-0.1658504	-0.6176968	0.35150617	-0.55497485	-0.3382771	0.11233602	0.13215172	-0.15531	0.09251516	0.17764066	-0.116957456	-0.13850693	0.074349664	0.09797475	0.09219474	-0.12308008	-0.031229792	0.14573607	0.3966066	0.37140098	0.12127881	-0.27762705	0.09446022	-0.56448394	0.06925323	0.4860721	0.12049312	-0.25172365	-0.13434932	-0.1647314	-0.08572591	0.18624128	0.3146123	-0.24406825	-0.14382872	0.19536287	-0.19040744	-0.12263936	-0.22841248	0.0050901156	-0.032219872	-0.0922653	-0.35382447	0.11751339	0.5760274	0.19352305	0.09541878	-0.08017718	-0.15897095	0.14402665	-0.27809155	-0.15758714	-0.3824733	0.11205245	-0.11022568	-0.24179915	-0.06988323	0.16137676	-0.04269365	0.32371962	-0.24430501	0.06428529	-0.5515707	-0.49834588	-0.41612944	-0.024612483	0.28614333	0.20046008	0.6219883	0.28144222	0.20732519	-0.052710947	0.09769601	-0.09282265	-0.23316067	-0.14220996	0.64317524	-0.25086477	-0.13100976	-0.013495458	0.1829596	-0.42582864	0.009783819	0.43937406	-0.014036883	-0.0057175546	0.019396672	0.32180086	-0.24862678
0.95669645	-0.65084434	-0.12697636	-0.5437777	0.8981461	0.6982595	0.40299487	0.34150875	0.36253336	-0.22057235	-0.40363142	0.35923117	0.3107333	-0.23103268	0.6607751	-0.038016837	0.50043267	-0.92285955	-0.50508904	0.60273814	0.60865474	-0.8232024	-0.52672726	0.07098652	-0.45339188	1.2621574	-0.28447554	-1.0253692	-0.7312969	0.44928506	-0.31924108	-0.44624776	0.2840186	-0.09995253	0.03583533	-0.03776819	-1.3317666	0.011097292	-0.18723461	0.4032902	-0.19414389	0.0021829014	-1.2655755	-0.16239153	0.3885015	-0.87968546	-0.42393225	0.47061345	0.12457466	-0.2802013	-0.7013327	-0.25070426	-0.6196876	-0.30926058	0.49376583	0.35628667	0.748918	-0.2670623	0.0029882225	0.016683329	-0.33769011	-0.6743528	0.016347608	0.48766598	0.03287145	0.20605625	-0.099290706	0.0645731	-0.5991536	-0.07319068	-0.8162267	0.08537184	-0.3654953	-0.23282468	-0.17368181	0.024826085	-0.18847026	0.79909354	-0.40620685	-0.5055017	0.4022125	-0.34315488	0.64481264	0.2858535	0.2790391	0.18711784	-0.57406217	0.6966619	1.152926	0.0063950676	-0.02973959	-0.03726242	-0.4762565	-0.34003082	-0.17837906	-0.6740589	0.47177875	-0.24219193	0.095919535	-0.76273215	0.9066655	-0.2404647	-0.8456407	-0.42437965	0.24440262	-0.38279235	-0.046042547	0.32762963	0.2627135	0.07919607	-0.47955632	0.18804815	0.012338162	-1.0796083	-0.49649554	0.011691774	-0.18625183	-0.56422776	0.79533726	0.27466336	0.3672458	-0.58306444	0.09206434	0.41918415	-0.7279983	0.32413086	0.8429262	-0.44762823
0.080419995	0.30511126	0.15104893	0.061992913	0.36212724	0.11431724	0.14562342	0.40053463	0.34314403	0.1637013	-0.07821785	0.21027263	0.069499314	0.1713277	0.11724239	-0.09141148	0.072127104	-0.04217195	-0.17774554	0.34479633	0.06926012	-0.25217372	-0.24313681	0.10333551	-0.3934792	-0.044313967	-0.12389531	-0.25748414	-0.2614303	-0.011994608	-0.13189858	-0.053537514	-0.09085524	0.078786366	-0.0714721	0.11158426	-0.064821005	-0.18258251	-0.20861757	0.27883276	-0.41731855	0.12277343	-0.1466772	0.26108333	-0.07710342	-0.16385268	-0.04925289	0.328775	-0.31067422	-0.21134405	-0.24897163	-0.03187667	0.39294878	-0.044677127	-0.0010231143	0.06558966	-0.06644823	0.18441261	0.072387196	0.08629865	-0.06305502	0.003568444	0.08161014	0.18649155	0.014001392	0.014312249	0.12339386	-0.12409425	0.025052518	0.027021475	-0.03356061	0.03170552	0.20619556	-0.07124216	0.15374391	0.116195366	0.036031656	0.18779759	-0.09149996	0.15953264	0.22343728	-0.067440554	-0.029752161	-0.003690972	-0.24135283	-0.36354914	0.07710916	0.12488509	-0.051873166	0.03384563	-0.03571965	0.0020091883	-0.14384273	-0.04165129	0.08329878	-0.1545207	-0.21684855	0.16396867	0.015454641	-0.19403318	-0.28021854	-0.064088106	-0.15971631	0.08458304	-0.09319515	-0.20247263	-0.015870485	0.14549214	0.13087888	0.0021528266	0.10570885	-0.07417242	0.11009528	0.052500617	-0.022348518	0.059141997	-0.11356053	0.057360586	0.21077497	-0.023008682	-0.17236339	-0.26226264	0.05811181	-0.03479964	-0.023123948	-0.08199524	0.1983059	0.11410379
0.18954659	-0.103810236	0.15474881	0.082603365	0.10881018	0.08359451	-0.2015904	0.2504077	0.06387866	-0.11219147	-0.12880638	0.31186277	0.072100505	0.11881455	-0.024037058	0.2364304	0.42235935	-0.35856855	0.24599604	0.12736303	-0.09915701	-0.49787474	-0.26673612	-0.10542239	-0.20420323	0.36494488	-0.15133879	-0.17403468	0.08088332	0.061288014	-0.0018135683	-0.18141726	0.025209112	0.11367443	-0.011332146	-0.40529174	-0.14688106	-0.253358	0.1604791	0.14318453	-0.030925648	0.28774923	-0.045809176	0.041809876	-0.024248756	-0.21339794	0.12574247	0.29317796	-0.038585313	-0.10664761	-0.13048832	0.1949672	-0.18470165	-0.01611149	-0.018630046	-0.22356647	0.06843726	0.13988644	0.13178357	-0.13414784	-0.3821976	-0.017827652	-0.13696219	0.059913035	-0.30410776	0.013661172	-0.12506361	-0.21886818	0.08519273	-0.27782354	0.030772977	-0.38625035	-0.06646302	-0.09416453	0.27318722	0.19066341	0.06704915	0.11305652	0.11786804	-0.09198791	0.015308101	-0.37294695	0.026387714	0.13128078	-0.10027299	0.010088983	-0.0016702256	0.16331421	0.080418244	0.11206557	-0.09771532	-0.12838204	-0.10527721	-0.47059226	-0.034127742	-0.26234683	0.33253917	0.17913528	0.23672652	-0.5289341	-0.104708284	-0.30217695	-0.43286508	0.11377201	-0.058650557	-0.26445428	-0.2947504	0.055663418	0.21141315	0.080784895	-0.030704891	0.3191237	0.25384152	0.17077193	-0.05332472	-0.09292352	-0.38848513	0.19894263	-0.02834104	0.16287589	-0.19249974	-0.33702382	0.3820292	-0.12397622	-0.0073792115	0.09389945	0.44289047	-0.09046212
-0.21469474	0.11049706	0.21546994	0.11194075	0.1986113	0.1844098	-0.049455784	0.38852575	0.16985308	-0.034134656	-0.25142106	0.51043695	0.17750119	0.19523165	-0.13995527	0.07166741	0.11407815	0.0005232761	0.23071277	-0.09028547	0.029486723	-0.6826931	-0.42714643	-0.40835565	-0.29082406	-0.11842807	-0.29840612	0.12517393	0.020741373	-0.1980206	-0.08487336	-0.19971532	0.035679296	-0.07220005	-0.0053061633	-0.13202426	-0.30752504	-0.345017	0.14243044	0.23962125	-0.07992042	-0.07492872	-0.029842826	-0.15710193	-0.038162746	0.06790777	0.079346776	0.5573533	0.0319534	-0.0974744	0.0828166	0.08731845	-0.20371771	-0.2866654	-0.22938035	0.30401763	0.11127351	0.36487073	0.10468718	-0.08877183	-0.25560683	0.17325275	-0.3620908	0.0656581	-0.13950677	-0.16442716	-0.23168904	-0.18895027	0.09313243	-0.22292994	0.010127481	-0.017755197	0.17066377	-0.09170406	-0.06633325	0.1778744	0.35205415	0.032164123	0.34932294	0.08943642	0.26436624	-0.29868594	-0.25644097	-0.017347598	-0.091696575	-0.18078199	0.03998785	0.16460201	0.08234537	0.10859954	-0.19069535	-0.25592503	-0.073236205	-0.21412294	0.020551998	-0.008785828	0.29139814	0.055826884	0.080808036	-0.6255213	-0.22830096	-0.3193165	-0.21775308	-0.050272778	-0.07516402	-0.3606454	-0.032407746	-0.105902456	0.19964395	0.040576514	0.19816592	0.23081896	0.38398924	0.2518775	-0.18291016	0.12561734	-0.42466834	0.13020381	0.17790921	0.13495293	-0.31774306	-0.3096144	0.4710891	0.078600794	0.14116283	0.160747	0.24171321	-0.14652571
0.06519832	0.1373295	-0.010100712	0.040358495	0.23408738	0.10377338	0.08710498	0.13955873	0.11850865	0.15384875	-0.073620975	0.15293832	0.11434591	-0.012814794	-0.03517979	0.11503739	0.07808161	-0.14860907	-0.14896877	0.06717219	-0.031165056	-0.10111257	-0.13430594	-0.101742975	-0.1255048	0.106118016	-0.14196597	-0.22109999	-0.023819711	-0.030798573	-0.050083835	-0.033756703	0.01841559	0.12623659	-0.047683153	0.03879093	-0.109891035	-0.1262527	0.003951561	-0.06916266	-0.14323609	0.038290408	-0.12454541	0.062420733	0.088752486	-0.07326743	0.07530555	0.19634312	-0.16746712	-0.060028568	-0.047203265	-0.039795842	0.08501312	0.011724206	0.019162867	0.04125178	0.13248156	0.19032246	0.14429277	0.043037362	-0.14807741	0.11245402	-0.20985676	0.14188612	0.11581425	0.0104207955	-0.14554587	0.026763553	-0.10337044	0.011317758	0.039598107	-0.102091745	0.009974546	-0.13286114	0.07725848	0.0767121	0.05593888	-0.05828872	-0.0014545737	0.04165234	-0.05419449	-0.22007747	0.026393183	0.08311772	-0.07516744	-0.014672431	0.031341325	-0.032685146	0.0855035	0.067685604	-0.026212871	-0.026243882	-0.046995312	0.056915473	-0.10791801	-0.14342564	-0.03711152	0.05758888	0.094878525	-0.16461858	-0.17193033	-0.12144848	-0.25326562	-0.049525328	0.011489531	-0.06362742	-0.099692196	-0.04242675	0.14046764	0.11473137	0.028066155	0.06354915	-0.102135696	-0.015619971	-0.11235789	0.1258117	-0.119338095	-0.0031278343	0.06325529	0.007139622	-0.11382206	-0.015248191	0.16394694	0.050742004	-0.09256432	0.030660514	0.050606683	-0.08072843
-0.13757002	-0.28232098	1.1721973	-0.6322058	0.23765218	-0.15457292	0.82885104	0.85811436	0.94776607	0.0043465216	0.09560929	0.14690693	-0.015444943	-0.5303816	-0.2125324	0.37208793	0.7882627	0.11915673	-0.57026744	-0.09094469	-0.5985241	-0.3068853	-0.87468535	0.009787803	-0.7583078	-0.18829422	-0.0126360925	-0.24292827	-0.14726895	0.3610179	0.0037728297	-0.32640585	-0.55622786	-0.5107823	0.10449331	0.5025627	-0.503967	-0.06886854	0.23000805	-0.1951218	0.5017158	0.3768377	-1.0485114	0.13801561	-0.06023861	-0.09611891	-0.4713303	-0.32874742	-0.67093736	-0.6381713	-0.06361357	0.94410115	2.0791836	0.36598897	-0.093209915	-0.069883056	0.41948	-0.6541291	0.4869718	-0.2092034	0.1290799	-0.6746542	-0.7195639	0.64287317	0.41233626	0.4228088	0.62628263	-1.4841003	-0.49413806	-0.6962947	-0.4594062	0.12968694	-0.49932274	-0.35332698	0.6231939	0.00854456	-0.7609184	-0.13052177	-0.007604529	0.7854812	-0.15133531	-0.47449988	0.91552234	0.5570426	0.10503683	-0.11276161	0.32944572	0.3262978	0.037780467	0.5363825	0.027232826	-0.68177974	-0.4476003	0.11121136	0.22040053	-0.032515824	-0.004860516	0.4475647	-0.01861415	-0.18955688	0.3022667	-0.9172691	-0.15715484	-0.0967056	0.9599516	0.9477295	0.06035391	-0.39365888	0.31069973	1.0683393	0.17213267	0.24798635	0.37320137	-0.146199	-1.0285492	0.40919918	-0.824295	-0.07374901	0.23867415	0.2311471	-0.13756242	-0.58914274	1.1802167	-0.6586812	-0.94454867	0.123587936	0.012577948	-0.03163756
0.047069874	0.066563495	-0.0030779678	0.11647588	0.41022906	0.22530273	0.043179087	0.20235354	0.15839306	0.09537461	0.08523351	0.19179219	0.027360464	-0.10756931	-0.14563647	0.017018178	0.019325802	-0.25493947	0.06387155	-0.071556464	0.027079988	-0.09087335	-0.063525654	-0.093577124	-0.17254035	0.0121177705	-0.12456748	-0.31179613	-0.22288536	-0.048151385	-0.0077606663	0.027436174	0.14021002	-0.017259143	0.017590806	0.06339881	-0.36985245	-0.45409882	-0.03502957	-0.22783111	-0.017112508	-0.08111313	0.08396515	-0.14333928	0.053538077	0.18205257	-0.17371523	0.27591938	0.02925488	0.079087056	0.08387696	-0.26198593	0.06681481	0.124028996	-0.08964119	0.13673724	0.15605621	0.22360428	0.37374476	0.47448593	-0.14118727	-0.22317165	-0.5295581	-0.14047742	0.60762596	-0.04594157	-0.1825647	0.20355833	-0.22643623	0.20210724	0.16812533	0.13203005	0.06516593	-0.11021261	0.31889245	0.09349559	-0.066994324	-0.19023228	-0.0352978	0.049192637	0.20592102	-0.37471527	-0.23660317	0.21345873	-0.010924403	0.045802075	0.32557976	-0.15972607	0.25417978	0.30169684	-0.26437855	0.032878924	0.058991477	0.01990023	-0.13681939	-0.1031037	-0.055484474	-0.17397544	0.15902923	-0.116639584	-0.4050609	-0.36430022	-0.3590274	-0.21667247	-0.17974532	-0.035526507	0.07330325	0.34652826	0.12127949	-0.0012929036	-0.2274496	-0.013900758	0.0043026134	-0.15391488	-0.08420686	0.109038986	-0.37749103	-0.005764944	0.045318987	-0.08956469	-0.3024331	-0.09241408	0.30132902	0.3096504	-0.12327329	-0.08341006	0.47054878	-0.01647344
0.34608972	-0.701504	0.27189988	-0.07629042	0.043104894	-0.27225718	0.50210077	0.0045060315	1.0791309	0.07920412	0.33343825	-0.014786535	-0.68014914	-0.7813439	-0.007644152	0.3402818	0.31383157	-0.07016265	-0.4062588	-0.35140884	0.49344897	-0.30373672	-1.0940717	-0.20897354	-0.7282705	0.25359574	-0.02253231	0.2294003	-0.70562	0.74544	-0.50244427	0.055707037	-0.7145804	-0.3362068	0.23128037	-0.1520231	-0.56906205	0.4881409	0.287236	-0.2764681	0.3614995	0.66265666	-0.6023101	-0.15325175	0.73862267	-0.41730466	-0.92463493	-1.1288663	-0.51821786	-0.21829511	0.40498734	0.10782636	0.93751585	0.19288772	-0.09313599	0.013967192	1.0034252	-0.6304523	0.33289307	-0.7725422	0.015978158	-0.037182793	-0.08922499	0.0995449	0.026571516	-0.21697615	0.12258925	-0.61982197	-0.50179833	-1.0945278	-0.47700465	-0.06817956	0.32512835	-0.31767878	-0.42991775	-0.67232543	-1.0922722	0.07906895	-0.26194412	-0.5013575	-0.9161539	-0.8427569	0.61364305	0.01833484	0.28341314	0.4583316	0.56868094	-0.32736388	0.087537475	0.4487178	-0.7840867	-0.68077344	-0.7845216	-0.3760081	0.10802141	-0.4068314	1.0691906	0.15324691	-0.24692772	-0.104113445	0.11940097	-0.9499729	-0.27068335	0.17736858	0.26771024	0.65450555	-0.021471178	-0.3012063	0.40731817	0.0066027446	0.2193778	0.4861274	0.35539618	0.15421861	-0.3805225	0.72248256	-0.75438476	0.20724104	0.28715795	0.15315415	-0.079936184	-0.65741223	-0.018214663	-0.32023454	-0.2299801	0.5267779	0.7664794	-0.9196115
0.37788332	-0.6099368	0.464225	0.25999898	0.03716516	0.27398378	0.25368956	0.42973533	1.2820634	0.07403216	-0.27241692	0.123044536	-0.44572836	0.14659269	0.48459747	0.6084179	0.24864192	-0.007928336	-0.5850921	-0.1532838	0.22815616	-0.6117517	-0.29479855	-0.53645027	-1.085834	0.32979077	-0.08505013	-0.116935164	-0.5032693	0.27478272	-0.5976357	0.36595044	-0.446369	-0.3435761	-0.33858094	-0.0006481151	-0.9700209	-0.0037976461	0.23614782	-0.100068346	0.16659537	0.060820058	-0.7929746	-0.17475688	-0.32928818	-0.44727293	-0.25586525	-0.26336676	-0.52924585	-0.5750945	-0.14894947	1.1750752	0.299175	0.3788611	0.44463155	0.25517312	0.76915365	-0.2919536	0.66860086	-0.19998842	0.332471	-0.17738399	0.06525316	-0.0515861	0.2230348	0.26676047	0.23036668	-0.04927584	-0.61681	-0.22877419	-0.35066476	0.16954857	-0.22973011	0.4313198	0.0075436737	-0.44526368	-0.6176473	0.07724898	-0.44825926	-0.40379503	-0.13475654	-0.6268742	1.0198333	0.73400927	0.1032464	0.42323118	-0.33609816	-0.055268914	0.4375131	1.2084656	0.07352811	0.10953525	-0.20359391	-0.0006011557	-0.20392661	-0.5629546	0.027734797	-0.0050914865	-0.5249278	-0.27133873	0.49534038	-1.360751	0.042891677	0.56976235	0.08104456	0.19805834	-0.36541703	0.0072872965	0.50115144	-0.16263594	0.5634604	1.0896717	-0.048700154	-0.25076675	-0.7899293	0.3664653	-1.0800825	0.43466026	0.35519883	-0.14408024	0.2577045	-0.6685064	0.921505	-0.3255513	-0.4185263	0.6222644	0.28071615	-0.26074082
-0.3777316	0.9969616	0.33695891	-0.7133392	0.7069131	0.8046898	0.0061012506	0.28560284	0.20846054	0.20689406	0.4216297	0.30111775	0.3757127	0.5476189	0.004021772	0.5226319	0.25993928	0.20303936	-0.30482075	0.20170915	-0.021256529	-0.3987351	-0.8051035	0.8817342	-0.12479916	0.65969205	0.040095765	-0.9329485	-0.112749085	0.36969966	-0.5795551	-0.33562028	0.19644833	0.12895758	0.6974904	0.3930701	-0.22872722	-0.32448888	0.028398417	-0.17733763	-0.32666054	-0.037692927	0.006606813	-0.5701697	0.28360045	-0.09543082	0.4142428	-0.250083	0.39741296	0.5123419	0.057095356	-0.0040437127	0.26370338	-0.3284834	0.34479302	-0.19308321	0.10891535	0.12563768	0.40828112	-0.057991695	-0.39928243	0.39417884	-0.21413139	0.17368641	0.022397134	-0.0013920553	0.09140938	0.30561134	0.03307249	0.2182266	0.24796663	0.0017769585	0.53395563	0.38540086	0.5830515	0.03474063	0.5355517	0.36133707	-0.44720542	-0.48401994	-0.2547421	-0.29703173	0.010697919	-0.11362349	-0.41584754	-0.55340576	-0.09365275	-0.33729202	-0.12014649	-0.46319142	0.3578691	-0.37865147	-0.7574179	-0.4413127	-0.54210067	-0.4546356	0.32356265	-0.054822665	0.46427172	-0.8315396	-0.34936658	-0.15191649	-0.2761666	0.10211623	-0.2748173	0.4439558	-0.45054463	0.02632095	0.42959535	-0.057561483	-0.11006382	0.586462	-0.12825501	-0.004277237	-0.6880437	0.4420926	-0.5455723	-0.2583578	0.474895	0.57297635	0.003002931	0.51854706	-0.16160068	0.48837125	-0.41453975	0.047097187	0.69089806	-0.20785238
-0.102125704	0.37165314	0.03652794	-0.01726273	0.289577	0.2693065	0.16545913	0.29313818	0.49924356	0.15693466	0.04214312	0.22697265	0.19294699	0.086795524	-0.054943796	0.05574801	0.0567492	-0.14026627	0.014169469	0.17778067	-0.12554035	-0.15858272	-0.26277456	0.06540283	-0.4448815	-0.00015145837	-0.26409072	-0.48817033	-0.120878436	0.010626889	-0.31648293	-0.1961506	-0.047858983	-0.017185748	0.22868676	0.19352393	-0.09724632	-0.30703852	-0.10477952	0.12844892	-0.48515972	0.12547617	-0.0016443918	0.3696308	0.0584554	-0.039855983	-0.08294461	0.26946667	-0.042392276	0.09479258	-0.22338472	0.052368395	0.13142954	-0.05091191	0.02957256	0.035372254	0.08790432	0.17867011	-0.010403453	-0.004411076	0.18867348	0.13714224	0.023871915	0.2326164	0.16550012	0.006213862	-0.10210015	0.10362052	0.23363076	-0.14526293	-0.051552862	0.33757922	-0.029741548	0.11571561	0.31826535	-0.017870951	-0.14735322	0.1765201	-0.21353203	0.26265463	0.03283841	-0.3363404	0.06367885	0.33653867	-0.053071328	-0.1742095	0.05759706	0.25655526	-0.077582486	-0.051931743	0.18153854	-0.16387835	-0.163504	-0.037388302	0.1405982	-0.11428211	0.1874151	0.22919007	0.028214304	-0.17483012	-0.088337995	-0.24287477	-0.36676517	-0.100924075	-0.102859646	0.08417442	-0.00042816572	0.10608611	0.39400542	-0.03882086	0.11570079	0.25922117	0.11399708	0.18171269	-0.1227474	0.032250743	-0.14536318	0.05826497	0.2392169	0.22192265	-0.14352053	0.031877916	0.2547618	0.042366955	-0.198472	-0.00028526355	0.48485473	-0.07969504
0.06677333	0.03248138	-0.046799693	0.089918084	0.42304692	0.21629906	0.06170726	0.18886594	0.104274414	0.04076466	0.08597248	0.225356	-0.009826936	-0.15293188	-0.12694705	0.016782401	0.022598958	-0.3044604	0.082719766	-0.048789904	0.02300586	-0.057786684	-0.06661492	-0.07406742	-0.19488856	0.030520305	-0.17765434	-0.32769623	-0.202455	-0.07846592	-0.013189707	-0.023780586	0.11771575	-0.021124952	-0.021597533	0.030897195	-0.41385683	-0.45719913	-0.026934542	-0.21797347	0.006470949	-0.061096154	0.09706316	-0.09793807	0.0907822	0.2370243	-0.1734948	0.28218928	0.027429836	0.06529647	0.02229339	-0.24504751	0.045183614	0.08770934	-0.11946098	0.18895033	0.18797445	0.23229781	0.35539317	0.46375033	-0.13977271	-0.21338773	-0.51478684	-0.19485894	0.61087704	-0.046491038	-0.18140018	0.1887636	-0.19798604	0.19368434	0.16458544	0.13611108	0.088822685	-0.10105479	0.32810923	0.1018779	-0.08868062	-0.18434374	-0.034824044	0.023523122	0.17695436	-0.4218592	-0.2622487	0.1992134	0.048905972	0.044003375	0.31562537	-0.1737755	0.29872307	0.29536194	-0.25963375	-0.018990885	0.07045709	0.027472505	-0.19298796	-0.13101009	-0.03293941	-0.23460914	0.106201425	-0.10782036	-0.39518765	-0.32787293	-0.29006618	-0.17018577	-0.21673045	-0.017013537	0.020912208	0.31123766	0.149955	-0.022813685	-0.21306212	0.007875993	-0.014142444	-0.19301564	-0.096429974	0.07738644	-0.41237694	-0.001118058	0.05477681	-0.07832389	-0.27390522	-0.09695313	0.32034314	0.33613452	-0.16828543	-0.052885674	0.47489926	0.018850721
0.18302335	0.43471277	0.05105648	0.25247368	0.63779706	0.8438781	0.19457151	0.4941371	0.121018805	0.21026365	0.15414107	-0.23363863	-0.2959614	0.057475448	0.6239405	-0.13337077	-0.02521675	-0.6163685	-0.61951464	0.07034151	0.19549572	-0.83397007	-0.20082578	0.49072838	-0.7094752	0.90849197	-0.5569043	-0.57562494	0.16166835	-0.34013915	-1.1597643	-0.28167936	0.6668871	-0.47809255	-0.017243749	-0.3782828	-0.534212	-0.29707012	0.48189828	-0.017993972	-0.7199724	-0.058160245	0.24146222	-0.32486454	0.4297711	-0.2546526	0.27127898	0.39497516	-0.6006845	0.081790745	-0.59254336	0.1645414	0.21308799	0.21996236	-0.122682914	0.37075943	0.22456078	0.21036255	0.36657512	0.2206714	-0.07338787	-0.0022341863	0.76104516	0.008812053	0.048677765	0.098220125	-0.32833877	-0.46033648	-0.0833627	0.33872458	0.53864694	-0.7502159	0.18823853	-0.15282176	0.7443738	0.5610336	0.753968	0.77749574	-0.048539348	0.11830504	-0.09313085	0.07757916	0.09708997	0.26184347	0.0018371112	-0.27418914	-0.2810831	-0.15045926	0.74086493	-0.25114912	-0.31826586	-0.18648659	-0.86974335	-0.11686681	-0.5917487	-1.0530016	-0.28223205	-0.43341222	0.36673424	-0.8105977	-0.50870514	-0.29419187	-0.11255194	0.031919338	0.17714614	0.39342967	-0.029262139	0.0057238257	0.8807894	-0.118986495	-0.30318442	0.17213061	0.26580054	-0.23739734	-0.4990395	0.22428834	-0.7417997	-0.34790644	0.96768945	0.36014578	-0.12092692	-0.0046810657	0.5941374	0.28298908	-0.5522513	0.23700237	0.8243898	0.6148656
0.22532895	0.20713668	-0.039785624	0.20721868	0.44238156	-0.053226665	-0.3734556	0.5739076	0.07101674	-0.012826049	0.08440782	0.40867996	0.33645985	0.25238323	0.044789057	0.59831345	0.66900307	0.18945357	-0.25171342	0.09651308	-0.32527816	-0.5442286	-0.08522433	-0.07843383	0.04872441	-0.15054315	-0.55593705	-0.24778278	-0.030114686	0.09213714	0.12171523	-0.4778326	-0.22609226	0.45029205	0.32178015	-0.121920966	0.22163351	-0.28662097	0.5067342	-0.15227221	-0.673539	0.5299774	-0.37583593	0.40074202	0.024939237	-0.44576713	-0.20895472	0.34659815	0.077655226	-0.06787516	0.22305249	0.07974366	-0.029383851	-0.1515543	0.25332475	0.3724935	0.6205499	0.7608867	0.28523245	0.013450411	-0.4410392	0.44637147	-0.26457274	0.3785283	0.07077569	-0.11876355	-0.3008858	0.47130996	0.26613837	-0.035833	-0.01860917	-0.029580334	-0.2587686	-0.3517861	-0.29525423	-0.1464661	0.1127235	0.44123608	-0.12108113	0.49916565	-0.5825344	-0.53325737	0.3296148	0.2017015	0.43668905	-0.5803779	0.005061373	-0.023464492	0.68980384	0.04659652	0.48763204	-0.39815056	-0.25839692	-0.24444091	-0.11072143	0.0056946324	0.63344127	-0.02037758	0.22664239	-0.1723104	0.063465506	-0.5565779	-0.7640041	0.13061233	-0.30757892	0.09225723	-0.27906355	0.25143754	0.27486363	0.16575767	-0.33960605	0.16923323	-0.13197903	0.074237876	-0.3589824	0.2611962	0.19855748	0.10535307	0.020665247	-0.0014484363	0.08066489	0.122836255	0.63489515	0.31184733	-0.19159755	0.42152354	1.2095643	-0.36100593
0.12545428	-0.2686005	-0.6898025	0.55231833	0.94469064	0.4167288	0.78845996	0.7409445	0.028445553	-0.100246005	0.12131357	0.49624744	-0.33223554	0.26845312	0.046379928	-0.38718256	0.3465005	-0.4772149	-0.7638331	0.5644049	0.9675038	-0.50941855	-0.43089044	0.18697315	-0.9397229	-0.3225723	-0.15262082	-0.52997506	-0.5760239	0.35100842	0.17224273	-0.22689354	0.52759	0.041668225	-0.40789157	0.29918715	0.41551554	0.3467515	0.041365657	-0.04342847	-1.04534	-0.6282478	0.20640329	0.07703381	0.036486555	-0.40983474	0.15619156	0.6587353	-0.4077681	0.030485444	-0.32039198	-0.084949814	0.10694094	-0.3815625	-0.5452543	-0.623778	0.88463986	0.42088464	0.627238	0.4716959	-0.5194987	0.43287024	0.3007065	0.17138213	0.7594229	-0.1493561	-0.036117993	0.018567048	-0.46116126	0.8260844	-0.3017314	0.2813801	0.8830245	-0.045590427	0.057941355	0.21536204	0.16000415	0.91307205	-0.32111764	0.167871	0.13897887	-0.15442766	0.35298264	0.335334	-0.124701165	-0.53838325	-0.08531225	0.37998602	0.91117054	0.9883153	0.13575394	-0.52537745	-1.4360667	-0.32923064	-0.4428442	-0.6390895	0.11454553	0.12962148	-0.06855212	-0.64338744	-1.0584055	-0.19986647	-0.91160727	-0.061073624	-0.7319144	-0.03194453	-0.39275575	0.27982962	0.89033824	0.36028874	-0.3084552	0.44601795	0.05553026	0.0077163735	-0.36252514	-0.115503654	0.116121575	0.46855336	0.21843202	-0.3955489	-0.37754878	-0.72417325	0.36894345	0.5029789	-0.5099744	-0.30900812	0.5003543	0.04437267
0.049836844	0.049835183	-0.02611218	0.1317527	0.40183863	0.22060029	0.031360224	0.214797	0.1437453	0.06094071	0.07143881	0.2268918	0.029505681	-0.14290966	-0.16422075	0.049279742	0.047108833	-0.3063483	0.079638965	-0.05654264	0.027839063	-0.11538455	-0.041156195	-0.10366365	-0.1592815	0.00842694	-0.17792486	-0.30589578	-0.20394038	-0.08773936	-0.0079353135	0.019466206	0.10869245	-0.04937847	0.026898552	0.0853914	-0.38972056	-0.47099096	-0.017170107	-0.22114295	-0.028945416	-0.0725507	0.041534808	-0.121252604	0.05039673	0.19093385	-0.14794908	0.29737455	0.057626273	0.053565133	0.07527036	-0.26245674	0.036015365	0.13669105	-0.088429734	0.16069359	0.17968826	0.21231735	0.37718606	0.48022532	-0.1350489	-0.19323394	-0.5188	-0.19082706	0.5924451	-0.024732854	-0.2128899	0.21551433	-0.22194622	0.196226	0.15555707	0.08590197	0.109449506	-0.10936867	0.32148236	0.104034714	-0.045770116	-0.18283695	-0.017072432	0.02223006	0.20664135	-0.4405303	-0.25263673	0.2040041	0.042215317	0.06548082	0.29231697	-0.1498569	0.27367264	0.31381565	-0.2490375	0.016081449	0.07369632	0.04237899	-0.17535011	-0.10953267	-0.01998985	-0.16497186	0.16169629	-0.08751474	-0.41869038	-0.3853977	-0.34816518	-0.21747842	-0.2082269	-0.047265448	0.044421695	0.3630291	0.13960458	-0.0008126575	-0.17965408	0.02033105	-0.006923908	-0.1783374	-0.054835603	0.09793351	-0.36092395	-0.020913742	0.047115274	-0.07008526	-0.31389153	-0.087468565	0.3124469	0.28456354	-0.14369573	-0.055116802	0.4948273	-0.030668195
-0.3963761	0.64440197	-0.13030283	0.5339135	0.33165288	0.27107868	-0.09524561	0.4595764	0.7515101	0.31517833	0.19195232	-0.029483013	0.4651936	0.19777982	-0.6100141	0.05234919	-0.026196836	-0.22825332	-0.07425271	0.09605114	0.068434194	0.020008616	-0.49085367	0.14713559	0.10568846	0.2727141	-0.16698663	-0.40525734	-0.26825383	0.655674	-0.1841868	-0.31918436	-0.123023905	-0.3276958	0.31540382	-0.19882911	-0.05541499	-0.53817827	0.14984903	0.093779154	-0.22061929	-0.104624346	0.08642063	0.41291377	0.3566467	-0.055436805	-0.24878879	-0.15100218	0.12780987	-0.28165096	-0.4443841	0.5301605	0.134606	0.15794104	-0.36969572	-0.49224034	-0.15696023	0.70864606	0.17047791	0.0627505	-0.21024483	0.5693325	-0.19944613	0.1198085	-0.06946126	-0.14115967	-0.048074793	0.203814	0.1639813	-0.59733063	0.13741449	-0.0074565597	0.1350098	-0.092006624	0.32181904	-0.34889314	-0.014831951	-0.16780058	0.12192055	-0.15243353	-0.21547431	-1.1166029	0.094740756	0.23048191	0.21714175	-0.14434668	0.93881947	-0.4038854	-0.018094573	0.20255412	0.27886662	-0.2051061	-0.9169221	-0.37250894	0.04332647	-0.55448717	0.41761166	0.70015824	0.7538594	-0.32396042	-0.11395194	-1.1920882	-0.44041765	-0.489352	-0.08053895	0.2972615	0.085819244	0.35702747	-0.06946688	0.95944357	0.23523526	0.5031376	-0.17109928	0.22154883	-0.5899555	-0.052978694	0.18084863	0.09922813	0.19417247	-0.14044505	0.12313739	-0.11575439	0.41516855	-0.21547017	-0.2880646	-0.23771697	0.6500785	-0.45238963
0.22420949	0.14907132	0.08310243	0.099074155	0.2331041	0.16684356	-0.23084152	0.018027743	0.2995625	-0.16926019	0.020700332	0.46775576	0.3022953	0.17191567	-0.0989475	0.52034295	0.5917997	-0.38499868	-0.28210914	0.3705637	-0.21414287	-0.29275215	-0.17547716	-0.06884458	-0.0076644397	0.5855036	-0.10901832	-0.48552278	-0.0073718913	0.13775723	0.05440627	-0.33105424	-0.10998583	0.33205655	0.08836849	-0.2546274	0.06968814	0.014307392	0.026781676	0.009315833	0.031103624	0.1463961	-0.29074246	0.08963655	-0.051392626	-0.27785665	0.022866767	-0.046204098	-0.25589368	-0.21181345	-0.41748	0.10252809	0.0008321906	-0.11275632	0.076871425	-0.3308934	-0.094329655	0.21514563	0.029951002	-0.053872444	-0.62392205	0.34372813	-0.28084794	0.20749657	0.026926003	0.13703603	-0.12826122	0.09145402	-0.2702101	-0.32713836	-0.039174747	-0.42817143	-0.11653017	-0.2954106	0.18857208	-0.08528043	0.22091949	-0.23802085	-0.05005476	0.044551693	-0.2386831	-0.50073814	0.22574048	0.07608043	-0.10884531	-0.014087216	0.36034873	0.24952544	0.08426928	0.25385836	-0.03509925	0.032889273	-0.36463067	-0.2566195	0.08673876	-0.5819101	0.54909337	0.50664353	0.3488851	-0.04948863	-0.21157959	-0.37360537	-0.64057064	0.13760866	0.0084066335	0.049777217	-0.31416532	-0.38968125	0.46405333	0.16578303	0.26175427	0.49522054	0.0060515557	0.04483412	-0.35503915	-0.2783321	-0.325516	-0.104741655	0.030587487	0.19351241	-0.12982711	-0.4052126	0.46491075	-0.26273534	-0.11299812	0.02656285	0.47374916	-0.2800262
0.21262448	0.33777785	0.058949627	0.23427206	0.72472805	0.8064959	0.16014737	0.42865834	0.28811577	0.101039514	0.057421073	-0.14308324	-0.31050724	0.20800892	0.54676706	-0.2502105	-0.0439538	-0.60755986	-0.5892848	0.0064932667	0.21669498	-0.95393676	-0.3956308	0.46743435	-0.7899587	1.0291344	-0.55958253	-0.6133993	0.060317192	-0.34134758	-0.98390037	-0.2677512	0.53047216	-0.57714736	-0.07116465	-0.3919685	-0.6204405	-0.39692906	0.5258714	-0.06613092	-0.6286527	-0.02714318	0.16008583	-0.5357358	0.4300197	-0.41429615	0.27186096	0.53476924	-0.5118107	0.16969275	-0.5848738	0.033058655	0.14277594	0.22436021	-0.10043805	0.29345977	0.243053	0.122224726	0.46221155	0.32618177	0.10140573	0.00078627426	0.67121196	0.09334623	0.049478646	0.13206151	-0.37791252	-0.43439862	-0.050754268	0.3379876	0.6205375	-0.7334075	0.13534772	0.07325436	0.7800657	0.5770752	0.7129508	0.75002927	0.11651896	0.083898835	0.007540371	-0.060765475	0.15790239	0.32947722	-0.011677901	-0.20581377	-0.2422015	-0.049133234	0.7417366	-0.2024067	-0.25981197	-0.016542565	-0.8796237	-0.2163217	-0.34563527	-0.873761	-0.27637765	-0.48330593	0.38002586	-1.0307982	-0.36665732	-0.44433522	-0.124539584	0.09447274	0.29424596	0.28034952	-0.053363863	0.03317127	0.8464859	-0.114867084	-0.33439144	0.20046918	0.39479768	-0.16300562	-0.45404434	0.08406799	-0.72834164	-0.39401188	0.853183	0.4413186	-0.06172522	-0.1849258	0.5746636	0.13240139	-0.6135633	0.18176024	0.83142877	0.56551415
0.1418905	-0.013095104	0.24939601	0.1177151	0.1900161	0.08436898	0.3249753	0.25367036	0.26290217	0.15095435	0.1651249	0.32747757	0.18891707	0.25756237	0.04885018	0.27725694	0.1812517	-0.19426438	-0.6132955	0.19190426	-0.050455682	-0.17256184	-0.34596646	-0.116869345	-0.43655458	-0.32279375	0.052854016	-0.28072116	-0.14606802	0.23716089	-0.019839425	-0.11954099	0.2187299	0.061132587	0.00049754704	-0.008534576	-0.5358062	-0.30525485	0.02291374	-0.040455867	-0.3221375	-0.05648856	-0.6838182	-0.46864608	0.15657042	0.053889778	0.03500971	0.13744834	-0.3059635	0.16232975	-0.12585638	0.048811443	0.31042808	0.057498302	-0.1329489	-0.11779949	-0.015687851	0.21220942	0.32000092	0.23609881	-0.3618405	0.40966526	-0.3623819	0.20048314	0.3712308	0.14392537	-0.21690951	-0.24368215	-0.068003565	0.15540048	0.05656681	0.22635974	-0.06141877	-0.00548164	0.285479	-0.16108076	0.28582463	-0.05955048	-0.09938966	-0.3725162	-0.025239354	0.026399575	0.10135507	0.29383364	-0.23740588	0.11410343	-0.016854428	-0.102744244	-0.101693735	0.19347507	-0.17368092	-0.008679225	-0.31526494	0.015425783	-0.12512183	-0.0821432	0.11384599	0.21559109	0.09681649	-0.08276509	0.060200475	0.020669425	-0.022247488	-0.36672658	-0.21284446	0.009542723	-0.07961502	0.35391924	0.111286506	0.3063618	0.03390839	0.06517523	-0.101846226	-0.14528398	-0.06536521	0.32570064	-0.029101897	-0.18203655	0.02283827	0.42577726	-0.016838823	0.032034703	0.45093668	-0.13221699	-0.009707537	0.04672814	0.22254874	0.03483581
0.1798367	0.16535263	-0.11786342	-0.044958055	0.557647	0.4486659	0.2794482	0.14616863	0.3446255	0.045118194	-0.0041332026	0.10981218	0.099865995	-0.3465624	-0.17404851	0.4244005	0.3438162	-0.3208823	-0.8422864	0.20526712	0.26308954	0.23462027	-1.1697572	-0.5732085	-0.7115429	-0.10786143	0.2397791	-0.07207318	-0.38623497	0.14044783	-0.5939449	0.24757229	0.010440198	0.65379846	0.29025716	0.6297693	-0.24589272	0.17723975	1.002665	-0.1608946	0.19930367	-0.021103596	-0.6047589	0.01448105	0.4152797	0.1395376	0.39871758	0.2812957	-0.5088911	-1.0028931	0.4231252	-0.15936166	-0.2143009	0.017240422	0.09625053	0.2796893	0.47408888	-0.3716185	0.093738005	-0.3836684	-0.07698101	1.0590204	-0.3257229	0.23927616	0.104106925	-0.33243105	-0.06664011	0.050161272	-0.5970026	-0.39075646	-0.2788395	0.040439863	0.41429195	-0.25904438	-0.69213474	-0.41532385	-0.2470028	0.010635156	0.08006549	-0.20417763	-0.011068383	-0.023093985	0.29718232	-0.06361631	-0.5007843	0.19821334	0.2657362	-0.36653578	-0.07997547	-0.035895165	-0.3142309	-0.012866065	-0.59539825	-0.15349717	0.011385358	0.22505146	0.6650639	0.81352204	0.33935595	-1.1770115	-0.3006357	-0.4521032	-0.5099097	0.39828086	-0.3871272	0.8144674	-0.006189253	-0.2515416	0.07469868	-0.0969044	0.08345422	0.72163737	0.7778245	-0.13142061	-0.25292405	0.31570622	-0.5136537	0.46765444	-0.17656717	0.043802045	0.10730883	0.50725	0.13120046	0.49818352	-0.3015649	0.94326377	0.6125115	-0.6545222
0.17536679	0.43094203	-0.25848386	-0.40822217	0.17246117	0.28023538	0.121909976	0.43036595	0.24272321	-0.048064556	-0.01547216	0.1982462	0.099934764	0.027390897	-0.32467657	0.10408782	0.13847005	-0.8705406	-0.5205866	0.06945822	-0.25098637	0.025970804	-0.77221316	-0.17951964	-0.6345619	0.47322074	0.5569946	0.009188199	0.07941275	0.6438619	0.082462244	-0.011452915	-0.026838513	0.3459395	-0.5959216	-0.23604795	-0.5739401	-0.32011092	-0.07624958	-0.23063922	-0.097616985	-0.054903876	-0.21055913	0.08441329	0.11649031	-0.15264641	-0.36924297	0.57783	-0.316084	-0.010697043	-0.5098149	0.0508823	0.35740992	-0.08335796	-0.21119404	-0.10932043	-0.10176482	0.5388868	0.17441963	0.32327795	-0.40145853	0.12612158	-0.58050376	-0.32035136	-0.02718317	0.2304673	-0.26644793	-0.56093526	-0.25293782	-0.3071073	0.275954	-0.37669423	0.62848485	-0.31597075	0.7573708	-0.058111206	0.036413707	-0.17133245	0.15543576	-0.30722684	0.09719413	-0.3782925	-0.12275842	0.13680346	-0.34439886	-0.4061998	0.5657413	-0.68890697	-0.2662068	-0.07598182	-0.2115383	0.29802153	-0.37049845	-0.26133752	-0.29679427	0.027762132	-0.22732368	-0.246028	0.01319054	-0.06763778	-0.35180765	-0.50918764	-0.107900605	0.06247818	0.010346114	0.070990965	-0.42086378	0.42512092	-0.5076578	0.80705	0.5668868	0.007470024	-0.044909075	0.045051772	-0.43156856	0.17356758	-0.7707622	0.0118089765	0.41871694	-0.12629962	-0.1924706	0.004664281	0.112370454	-0.072747916	-0.5778015	0.22696204	0.4889121	0.35251632
0.1836673	-0.15093774	-0.08130425	0.10220692	0.15715848	0.09689252	0.346473	0.37704152	0.2154716	0.36824626	-0.1473338	0.14273585	0.22458217	-0.04483487	-0.033272356	0.4598773	-0.14345255	-0.40109646	-0.060645718	0.123784594	-0.14784825	0.02036996	-0.21212986	-0.4259112	-0.4555217	-0.21318172	-0.28473946	-0.043567307	0.028110115	0.11993585	-0.027154738	-0.03203325	0.02286272	-0.09247179	-0.17701033	-0.110103756	-0.6670208	-0.28116807	0.16454737	-0.04264143	-0.47554943	0.26242387	-0.37261385	-0.115412295	0.04828701	0.107384205	0.19110985	0.095844954	-0.03435321	-0.17087863	-0.03574793	0.13354951	0.062122915	0.021592468	-0.10810849	0.032493953	0.12703113	0.21960507	0.30497828	0.17169417	-0.27541146	0.12381123	-0.320903	0.14329566	0.2679001	0.09627044	-0.19793366	-0.10648654	-0.11707959	-0.05852978	0.034904554	0.1277519	-0.045364883	-0.07404058	0.11121942	-0.24811015	0.05976735	-0.11612654	0.031926993	0.0515399	-0.037228998	-0.28196543	0.19767898	0.20830855	0.06881311	0.20549402	-0.11415598	-0.12104154	0.09188166	-0.18650396	-0.1355739	-0.2977527	0.14166042	-0.08082583	-0.10023182	-0.09593338	0.2995076	0.061490353	0.16353264	-0.24857724	0.13122432	-0.34059688	-0.4251708	-0.276066	0.098793276	0.007584699	-0.00077324355	0.3940643	0.15288554	0.16718663	0.1050373	0.17156625	-0.0052946126	-0.10924276	-0.111177884	0.56617117	-0.18499067	-0.09840126	0.18157007	0.100239605	-0.34131294	0.0545997	0.37906358	0.014905872	-0.13946314	0.15873516	0.32224342	-0.28454277
0.4882088	0.05722807	-0.3068058	0.17077707	0.27839598	0.2517612	0.42641315	0.19417273	0.07094116	-0.29239047	0.41989103	0.30052298	-0.25013867	-0.0757454	-0.2708346	0.3930888	0.11786396	-0.31543738	0.12862353	-0.10548193	-0.23545581	0.40056375	-0.41174144	0.19609553	-0.8910627	0.1479456	0.015316382	-0.2747795	-0.5077101	0.12404753	-0.37491706	-0.5078656	0.26820415	0.4779017	-0.013716552	-0.13064004	-0.60535496	-0.49314052	0.35660216	-0.5406932	-0.17830618	0.233118	-0.31373236	0.43629137	0.3583495	-0.22443186	0.2634556	0.41707024	-0.85915756	0.41085565	-0.23886003	0.3372661	-0.07751354	-0.8119937	-0.086298116	-0.56525636	0.56257665	0.760326	0.1574684	-0.25238812	-0.10860535	-0.19935957	-0.52781117	-0.21721388	0.50233805	-0.5218893	-0.45223907	0.26755017	-0.023276877	-0.1285629	-0.4171945	-0.066652425	0.054979987	-0.49765626	0.098086044	0.26241627	-0.027550839	0.29784715	-0.11219093	-0.07879254	0.0072190017	-0.5496142	0.11286199	0.2622131	0.07130017	-0.2068742	0.11673539	-0.034636997	0.8734464	0.071239315	-0.082942486	-0.87203056	-0.31094283	-0.22672434	-0.23389845	0.31985447	0.26090327	0.23364931	-0.35384262	0.19054966	0.0061841463	-0.37131488	-0.37531963	-0.06306815	0.22936942	0.09173613	-0.13418762	0.31185985	0.0343006	-0.12437995	0.6965085	0.26261404	0.080557816	-0.23734291	0.03866672	-0.056722708	-0.34634158	-0.11839288	0.061451558	0.07161312	-0.3998163	0.24976176	0.22758555	0.80364966	-0.2755331	-0.034419656	0.82492185	-0.3018482
0.23195682	0.24203466	0.03178997	0.054627195	0.5449944	0.040705822	-0.43527746	0.5912414	0.059137262	0.026229938	0.17398012	0.45141453	0.37241024	0.18155931	0.011383047	0.5311653	0.7106965	0.22894245	-0.20916192	-0.009331319	-0.33065236	-0.548492	-0.13601679	-0.22105433	0.014242267	-0.00438098	-0.60365665	-0.27803132	-0.04417733	0.019276202	0.14316887	-0.38687837	-0.18359984	0.44342855	0.4710199	-0.121421106	0.33968645	-0.2832344	0.3970378	-0.1823045	-0.6239462	0.4920582	-0.2873879	0.31896037	0.021612488	-0.5237408	-0.2416132	0.3392913	0.15118654	-0.10669941	0.12104861	0.07043989	0.026722748	-0.08303721	0.16044421	0.3375602	0.6250443	0.6815983	0.35161188	-0.090455726	-0.41656405	0.46518785	-0.3559636	0.3955175	0.1747011	-0.2571156	-0.12596136	0.44136205	0.2583885	-0.10888229	0.026495457	-0.022909286	-0.17349161	-0.39850405	-0.37632114	-0.15602478	0.18404318	0.3548658	0.029655369	0.39617246	-0.53377277	-0.57100624	0.37933776	0.23313986	0.49080807	-0.5223103	0.033235177	-0.024455717	0.7584177	0.15554644	0.45404193	-0.4210942	-0.28636917	-0.29484564	-0.23068692	0.09950977	0.5828478	-0.032499403	0.36502206	-0.18791637	0.09568835	-0.7082189	-0.7105828	0.12769051	-0.30885807	0.03790874	-0.12724644	0.36337125	0.34394917	0.10632693	-0.28799367	0.12892175	-0.070621476	0.09295299	-0.3569776	0.21564302	0.06386841	0.06618318	-0.0033629572	0.11046226	0.026000533	0.11735954	0.69663703	0.30144364	-0.064693145	0.45268402	1.1775504	-0.3844004
-0.13530478	0.39914668	0.13113697	-0.3557343	0.838216	0.19182481	0.16449729	0.6191094	0.5317262	-0.3034641	0.1456086	-0.0995544	0.33804998	-0.42201468	-0.24225421	-0.009172705	-0.005155653	-0.45341894	-0.7302699	-0.12322536	0.13087401	-0.32383087	-0.37870693	-0.23056524	-0.38974187	0.19514427	-0.23735557	-0.40057084	-0.072229035	0.49696153	-0.06411654	0.28409573	-0.16250393	-0.10112763	0.4421519	-0.17048748	-0.77333194	-0.54005605	0.15341079	0.12498559	-0.09869773	-0.30498338	-0.42734808	-0.35903922	0.30352286	0.26052004	0.22423384	0.3554627	-0.2953734	0.13406812	-0.07858053	-0.23968454	0.66801673	0.16669832	-0.28726724	-0.26979506	0.33588076	0.24995835	0.19719054	0.6869717	0.27920282	0.29392442	-0.16227125	0.02839981	0.14064783	0.016825343	-0.46811903	-0.33625707	-0.2630662	0.08850052	-0.010926967	-0.18435173	0.20575276	0.092995115	0.011009233	0.2269516	-0.016506908	0.102375254	0.06278511	-0.3359461	0.52329344	-0.13252346	0.36145487	0.064118646	0.6573693	-0.29800725	-0.14134432	-0.28337967	0.72357816	-0.12199797	0.5477416	-0.15465806	-0.35103926	0.2416005	-0.26812622	0.18157417	0.12008052	0.038996425	0.20179835	-0.4530099	0.15885514	-0.83005345	-0.62684315	-0.76637065	0.11251372	-0.12386012	-0.10745163	0.53505945	0.09526475	0.8417267	-0.31445852	-0.07973053	0.19498351	-0.3744221	-0.49720412	0.11901148	0.15153037	-0.1161693	-0.32165143	0.632223	0.13190949	0.064242385	0.038146544	-0.059114236	-0.41331652	0.46211308	0.6442525	-0.16273102
0.21964966	0.0700793	-0.56000584	-0.44419944	0.43921807	0.45253152	0.30532682	0.64821076	0.1143985	-0.20862423	0.122525334	0.44678074	0.0012100694	0.14228109	-0.24516103	-0.03344755	0.44449684	-1.1856937	-0.7768159	0.3737389	0.11540481	-0.17470981	-0.7088043	0.05493935	-0.64637506	0.4453267	0.53339213	-0.2175072	-0.3326113	0.36982924	-0.0939005	-0.11938854	0.05331386	0.30974504	-0.9123444	-0.5569182	-0.78551435	-0.3961181	-0.24022059	-0.206648	-0.1866447	-0.25301012	-0.23567666	0.20446017	0.097298376	-0.169493	-0.34418595	0.76934737	-0.22693601	0.37452257	-0.79369617	0.3559825	0.42485383	-0.43869686	-0.2759459	-0.01567353	0.053133033	0.31077495	0.32625222	0.8230883	-0.3854731	-0.07865706	-0.538162	-0.27167615	-0.17821077	0.088919796	-0.5787751	-0.6062223	-0.36838406	-0.10028454	0.2624984	-0.4728865	0.9312916	-0.37436008	0.822981	-0.17760976	-0.34402066	-0.37406087	0.2345402	-0.3917731	0.5000389	-0.34654516	-0.11523262	0.23550145	-0.31581277	-0.029130043	0.46910006	-0.27043033	-0.010702948	-0.063584484	0.089053474	0.5185751	-0.42360345	-0.109746434	-0.34173435	0.005703547	-0.2011069	-0.41052136	0.018934514	0.10602437	-0.6634293	-0.5078852	-0.16479985	0.15563738	-0.32788318	-0.2363788	-0.48619938	0.44880262	-0.44251296	1.0073651	0.7047821	0.26791573	-0.034934707	-0.19681849	-0.46009055	0.3774475	-0.6564452	0.15099128	0.40467474	-0.41135502	-0.2840717	-0.020691881	-0.0082525425	0.25617465	-0.7945418	0.14284019	0.81378037	0.52789384
0.08569519	0.012290415	-0.04720944	-0.050216116	0.2543896	0.26724663	0.04729371	0.2604653	0.16768178	0.20275268	-0.047595922	0.16118152	0.08865256	0.060941033	-0.03010721	0.11104608	-0.029097779	-0.2194674	0.0055931592	0.039623607	-0.0083880555	0.014900374	-0.11828446	-0.2564662	-0.2813688	0.09312647	-0.36561078	-0.09360805	-0.018056951	-0.059131805	-0.11542995	-0.13771057	0.0062892167	0.029863035	0.006665283	-0.13056172	-0.29132	-0.04864156	0.12393316	0.014556081	-0.24336745	0.111871906	-0.17296362	0.14971037	0.09562479	-0.02215466	0.114260964	0.12451847	-0.046173904	-0.12380633	-0.08638	0.24484256	0.0025204464	0.050432723	-0.10039817	-0.047240946	0.03997729	0.19068265	0.06409677	0.12738504	-0.17321742	0.08393727	-0.11361464	0.035624787	-0.05336087	-0.1076183	-0.14202847	-0.093236364	-0.06383319	-0.104845464	-0.17191426	-0.063017584	-0.12796286	-0.12229179	0.06562679	0.020798378	-0.029182034	-0.01236119	0.11419801	0.061763566	0.17715988	-0.26851332	0.0010965725	-0.00052018435	0.17491712	0.038037777	0.092912324	-0.027208898	0.1269925	-0.024961863	0.12498103	-0.26098633	-0.027450452	-0.013553499	0.007080743	-0.13350466	0.06328131	0.0567421	0.0022975926	-0.08743798	0.107273035	-0.26928872	-0.37024003	-0.17155121	0.08900814	-0.11077105	-0.1803503	0.015757922	0.12450524	0.100976355	-0.0148852	0.09096605	0.085599676	-0.07601784	-0.015696457	0.21248446	-0.3084548	0.02523021	0.07023352	-0.029575232	-0.1582709	-0.018806588	0.18611734	-0.033497684	-0.15008973	0.12101123	0.18527472	-0.22493023
-0.11915851	0.4307211	0.14365932	-0.2353703	0.8364981	0.23725824	0.07115084	0.59468085	0.4967943	-0.19102004	0.2202351	-0.1134615	0.29995462	-0.4284767	-0.19566725	-0.023665922	0.0019383533	-0.45746312	-0.7177119	-0.15583777	0.08624922	-0.2558277	-0.3765026	-0.26479533	-0.36248055	0.17280726	-0.18632035	-0.39315617	-0.12625588	0.52898514	-0.0022004636	0.3074506	-0.15274714	-0.074503735	0.46987736	-0.20212495	-0.828364	-0.51042193	0.1705034	0.116609536	-0.096476845	-0.2616929	-0.44873852	-0.34649742	0.3077872	0.26071167	0.21965396	0.35346073	-0.31877774	0.060137354	-0.07478483	-0.27597976	0.7339481	0.17263368	-0.24530299	-0.23406656	0.35991016	0.27927655	0.20445284	0.6463016	0.29961663	0.24687812	-0.26666188	0.066393845	0.16858444	0.036739264	-0.53318495	-0.43966526	-0.3014756	0.090296954	0.036947932	-0.17168911	0.18449536	0.018159099	-0.06255683	0.25926334	0.036609873	0.119931825	0.06804535	-0.32756922	0.63127077	-0.13703828	0.3384274	0.00092525367	0.7303357	-0.24007687	-0.067294955	-0.32383254	0.72014695	-0.15521707	0.5499191	-0.16035865	-0.28585023	0.21207671	-0.23629522	0.27885082	0.067507416	0.027262209	0.23074968	-0.41945574	0.14676704	-0.79792047	-0.6815857	-0.7448926	0.1577235	-0.15192133	-0.016539201	0.5336722	0.15839998	0.91917974	-0.28925326	-0.09892706	0.13866314	-0.42760095	-0.50403464	0.12210577	0.13990414	-0.15404372	-0.4733877	0.5955071	0.1633875	0.04666681	-0.024333015	-0.061800238	-0.44393745	0.45833918	0.58520174	-0.22334974
-0.18299705	0.097946875	0.21735315	0.09718578	0.19042133	0.17721213	-0.029730422	0.39258888	0.067305945	-0.1111163	-0.29391637	0.4775578	0.15760767	0.30146682	-0.12713756	-0.017151149	0.1535851	-0.12952083	0.19555335	-0.055530064	-0.03699689	-0.67958707	-0.36508638	-0.3863826	-0.25311127	-0.11521929	-0.23730537	0.05989032	-0.06882753	-0.1548858	-0.10479488	-0.1677598	0.09651848	0.051736034	-0.017841782	-0.1112643	-0.37754717	-0.20614979	-0.009950008	0.27269006	-0.011095358	-0.08257751	0.0076670107	-0.07268826	0.05695886	0.16009665	0.12186871	0.61159176	-0.041815538	-0.11688818	0.14242513	0.1430495	-0.22798805	-0.34352487	-0.29902524	0.29871142	0.14587398	0.45631358	0.08126547	-0.034377746	-0.23574226	0.15880793	-0.29995835	0.04527853	-0.13203879	-0.16731597	-0.25561893	-0.31163302	0.07783895	-0.25977138	0.027479285	-0.06172219	0.14750764	-0.17668957	0.04499832	0.10527472	0.21323939	0.02413403	0.35029486	-0.04006501	0.23551054	-0.2439575	-0.31409782	0.020169836	-0.10192305	-0.17346507	0.100566424	0.16380243	0.0527449	0.03624329	-0.24409628	-0.23009245	0.0012777126	-0.23293132	-0.034736883	0.036041003	0.32998097	-0.043256056	0.073665164	-0.61955506	-0.17096096	-0.3193	-0.20798157	-0.03738268	-0.21119343	-0.35929048	0.10524913	-0.08525646	0.20408393	0.13510627	0.24852522	0.24205878	0.48184866	0.20264815	-0.23891227	0.22812141	-0.5155883	0.1550923	0.06985994	0.11970068	-0.38958675	-0.2718517	0.43905383	0.068533644	0.116032116	0.0939579	0.3360771	-0.060162716
-0.07541597	0.41071406	0.13458113	-0.20340306	0.84436864	0.18603507	0.14435971	0.6133882	0.51762074	-0.25600395	0.1386589	-0.115804605	0.35195014	-0.34799483	-0.14485526	-0.021326656	0.03574712	-0.4462157	-0.67609215	-0.13274778	0.15646802	-0.24981086	-0.39064562	-0.20704895	-0.39171508	0.16342877	-0.171368	-0.4002224	-0.13915522	0.49692333	-0.035954915	0.2789961	-0.122866705	-0.07388424	0.35999835	-0.2122413	-0.7897997	-0.54190767	0.20084052	0.080977835	-0.11540951	-0.24472518	-0.49095473	-0.3172491	0.31354576	0.2186216	0.12208704	0.30463085	-0.32869303	0.10917882	-0.083794065	-0.30915996	0.57299757	0.15201364	-0.20419838	-0.21337262	0.3279289	0.235882	0.24106646	0.63496286	0.28611422	0.31626412	-0.2401842	0.0005251113	0.23003668	-0.035634365	-0.44287455	-0.35350707	-0.2657628	0.113919325	0.08232954	-0.15528989	0.1110589	0.07580316	-0.016499395	0.24483764	0.047733176	0.089311026	0.104787804	-0.3087873	0.50746644	-0.09629536	0.3540279	0.0023998173	0.65603	-0.3026127	-0.079820916	-0.24858266	0.6660227	-0.09621834	0.5328266	-0.1928811	-0.2985645	0.14905632	-0.25955355	0.19759241	0.1126739	0.097043745	0.26346487	-0.4859026	0.15617238	-0.7827926	-0.6509737	-0.77921224	0.090802	-0.082223356	-0.07901303	0.4859158	0.13083188	0.8485521	-0.24335371	-0.040527362	0.178063	-0.35100845	-0.5565341	0.11963416	0.13683438	-0.19753575	-0.3266901	0.67172825	0.2009581	0.11618468	0.001917793	-0.011410453	-0.43735394	0.4372137	0.6369677	-0.23365808
0.047243766	0.093077905	-0.002756519	0.1234771	0.38491178	0.2363527	0.024473652	0.24952224	0.1668775	0.09528362	0.07813085	0.19277841	0.036249354	-0.14771307	-0.18167236	0.02141682	0.041468445	-0.2747525	0.056191545	-0.057502165	0.018050568	-0.08418451	-0.0816684	-0.038295366	-0.17768906	-0.0012854529	-0.1771423	-0.29421592	-0.21205388	-0.087973945	-0.0049041347	0.084425464	0.097561	-0.06886053	0.026872648	0.09755384	-0.3746147	-0.4570954	-0.050044976	-0.21068913	-0.03705966	-0.109261535	0.065597616	-0.11612003	0.060472477	0.18517464	-0.14834617	0.27396268	0.042205174	0.01850957	0.057582624	-0.28554565	-0.0017326053	0.09239786	-0.08940281	0.1372745	0.14690742	0.22031012	0.3783627	0.49486387	-0.15239538	-0.16405472	-0.50341076	-0.14664419	0.61747396	-0.059684955	-0.20584075	0.15471148	-0.23091805	0.22488175	0.12885617	0.12931055	0.1013535	-0.06930063	0.39161357	0.09490856	-0.026905162	-0.16401787	-0.043559443	0.06830717	0.22541274	-0.43070513	-0.23350954	0.1662564	0.037443206	0.024146222	0.26120302	-0.16816442	0.26322362	0.2919002	-0.24558851	0.0047225584	0.035252046	0.0314226	-0.133217	-0.13025524	-0.058036212	-0.18067184	0.14049672	-0.13780095	-0.4306295	-0.37621427	-0.37014034	-0.19818433	-0.23512265	-0.00091590086	0.014967376	0.31473896	0.1806463	0.009366166	-0.21680748	-0.005425579	0.010039031	-0.14556174	-0.120383985	0.11653181	-0.36664268	-0.0012216616	0.08647419	-0.0713	-0.31523412	-0.089791164	0.32995814	0.26819712	-0.14863554	-0.08379079	0.48208755	-0.045935657
0.26560584	0.2665635	0.016273461	0.078631334	0.5585096	0.1520204	-0.43182802	0.6060267	0.15112701	0.044702955	0.105627224	0.35253388	0.40947723	0.21503259	0.05933499	0.5843356	0.72362393	0.12311316	-0.21135896	-0.08676903	-0.37759838	-0.64761347	-0.09293024	-0.1115123	0.015084564	0.051555336	-0.57866126	-0.35069975	-0.05778715	0.13715568	0.10144305	-0.4127617	-0.20493801	0.46419638	0.39902234	-0.093289666	0.2024	-0.29968938	0.41967088	-0.16459963	-0.6070973	0.5591052	-0.3823972	0.3158611	-0.046514202	-0.61658835	-0.21322861	0.4243761	0.17194317	-0.105312295	0.13828446	0.13910745	0.06560635	-0.06835683	0.23980571	0.35251093	0.6193484	0.6283957	0.36144176	-0.03231607	-0.30600828	0.3881286	-0.28940624	0.503312	0.19246642	-0.18012214	-0.18584974	0.558523	0.2715759	-0.10669902	-0.009334171	0.046779603	-0.12819526	-0.33631998	-0.36160097	-0.17631972	0.15836386	0.35492602	0.062066793	0.38615966	-0.46076572	-0.49602363	0.38891435	0.29291052	0.47744694	-0.5091797	0.025360504	-0.008192228	0.70575905	0.09360555	0.43902397	-0.4213534	-0.2555502	-0.27205575	-0.11479402	0.20859484	0.57074636	0.070386395	0.30386966	-0.15970458	0.138036	-0.59567326	-0.7925423	0.16371423	-0.2752584	0.04009591	-0.1576397	0.39702561	0.25892243	0.16615969	-0.3565634	0.13710144	-0.064206496	0.029475147	-0.37149027	0.16875713	0.028648434	0.051594317	0.024524229	0.06823656	0.09074605	0.13803108	0.57389843	0.23321454	-0.08458207	0.4903513	1.1306858	-0.30024102
0.26547426	0.2495542	0.0096708955	0.14976013	0.56647587	0.14045794	-0.39171004	0.5001275	0.15051042	0.0037713654	0.10075861	0.45208293	0.37199113	0.18327859	0.014775706	0.544368	0.7764282	0.15957497	-0.267351	-0.12368019	-0.35030892	-0.59777904	-0.110196054	-0.13800545	0.0016773936	0.10022799	-0.59983885	-0.28051847	-0.017857797	0.11250331	0.013946485	-0.3573702	-0.2015725	0.44331846	0.43148845	-0.18138275	0.14522257	-0.27003473	0.3443063	-0.18556717	-0.62056184	0.5029126	-0.35193372	0.24087484	0.082371496	-0.58912486	-0.20700425	0.41205588	0.17621656	-0.11550492	0.22664016	0.110524654	0.15652958	-0.036585983	0.1608461	0.34088966	0.6555691	0.6281612	0.39790294	-0.0031587824	-0.26578993	0.43776488	-0.31987548	0.49284855	0.16681354	-0.088635586	-0.21688	0.5340503	0.15364775	-0.10682274	0.01682158	-0.077684626	-0.15690652	-0.35630783	-0.32352442	-0.19062978	0.11629214	0.3975818	0.02865382	0.3751434	-0.47595662	-0.51076597	0.39321	0.28197402	0.47873554	-0.46055406	0.119945355	0.043760996	0.7635072	0.1104654	0.47246924	-0.43121326	-0.31670308	-0.26615885	-0.067533925	0.1952254	0.53390265	0.048988443	0.35743096	-0.15663116	0.13646112	-0.73562485	-0.7133356	0.11220064	-0.2794812	0.031955387	-0.15955116	0.40714473	0.37256616	0.17502315	-0.30028516	0.14019443	-0.11852039	-0.00018354613	-0.33708516	0.14508979	-0.02150625	0.0528868	0.012563469	0.102634415	0.06336204	0.15698637	0.6080631	0.26347932	-0.051029652	0.44743735	1.1082292	-0.31512138
0.26820108	0.27007183	-0.0063604205	0.10389728	0.5547573	0.13216272	-0.42202252	0.5199338	0.12740572	0.03566472	0.061476108	0.46596655	0.37558073	0.13765253	0.059105303	0.55322546	0.69901854	0.18329343	-0.30406597	-0.14809592	-0.35242653	-0.7110317	-0.05558484	-0.13777578	-0.0014692525	0.066680714	-0.58816785	-0.3042585	-0.023381617	0.085861124	0.07059926	-0.38310137	-0.1990466	0.4114156	0.47754753	-0.21557307	0.16605936	-0.19218186	0.40095216	-0.15897466	-0.63109106	0.5585074	-0.41084772	0.26465112	0.0065577324	-0.5648826	-0.15869421	0.4735108	0.125985	-0.18263315	0.24141358	0.15608068	0.16326018	-0.09185948	0.2151095	0.26638836	0.6258534	0.6226944	0.4315784	-0.022983063	-0.26693654	0.43734983	-0.34498838	0.5181519	0.14434825	-0.12003819	-0.21494192	0.59098476	0.14137632	-0.12111755	-0.05306642	0.051580396	-0.093746714	-0.39232492	-0.35572737	-0.25390103	0.13340944	0.40135136	0.07516362	0.33035588	-0.4978737	-0.50845534	0.40432933	0.33668578	0.4592702	-0.41938967	0.021002153	0.021875031	0.65959847	0.047075033	0.46290585	-0.39813825	-0.21260108	-0.21719436	-0.091631904	0.17080474	0.55713016	0.11613543	0.37023506	-0.22180039	0.16324174	-0.7139579	-0.81135905	0.12447237	-0.2970836	0.06026528	-0.12907258	0.4125739	0.32958463	0.20252472	-0.3069124	0.15954	-0.094155274	-0.0018152181	-0.33445403	0.10923583	0.043093603	0.0027103785	0.0051085	0.04340822	0.007551644	0.17900124	0.5607411	0.24064158	-0.02194532	0.5206317	1.0657368	-0.32730845
0.21479979	0.08569771	-0.046094995	0.039518632	0.57392955	0.13123123	-0.23627524	0.57894737	0.04850808	0.08781619	0.056026995	0.5134116	0.28598762	0.19046439	-0.02896087	0.42784894	0.5921546	0.0551091	-0.2824452	-0.04583667	-0.30184644	-0.53114104	-0.10051015	-0.20379172	-0.032307576	0.021702895	-0.50232595	-0.2195894	0.014791232	0.19436508	-0.055381067	-0.24132845	-0.06617473	0.4137091	0.5201811	-0.26014283	0.26380053	-0.18197437	0.25095895	-0.15115494	-0.55877703	0.3866342	-0.3437489	0.15225992	0.10518288	-0.2953696	-0.039219752	0.34455994	0.12429697	-0.08001037	0.25859708	0.06524154	0.16732867	-0.1318405	0.22281578	0.20516367	0.5453156	0.46990126	0.31710228	0.061773207	-0.27664766	0.35766307	-0.35571176	0.50138235	0.33477455	-0.11606673	-0.21315381	0.4878287	-0.06265547	-0.03562304	-0.13648297	-0.018439854	-0.10983864	-0.39521444	-0.19192153	-0.21876624	0.07196911	0.38173977	0.24537055	0.07843773	-0.4663495	-0.43125325	0.29633212	0.23935694	0.46791464	-0.293988	-0.124540016	0.022785667	0.6059198	0.011307824	0.31296074	-0.3857353	-0.112217635	-0.012071378	-0.14729589	0.05245324	0.6278998	-0.10428793	0.42074907	-0.3165315	0.052173827	-0.61002177	-0.66604894	0.050003618	-0.22111304	0.04145038	-0.09932562	0.3124343	0.44142482	0.0325029	-0.29006127	0.23369576	-0.11253892	-0.022411242	-0.2627024	0.2684206	-0.0015367515	-0.019855006	0.10644607	0.18587416	0.022199685	0.070660375	0.45735422	0.32979926	-0.11854834	0.4935921	0.93229544	-0.3603099
0.10317133	0.4808663	0.13818434	0.3190835	0.57763356	1.0456159	0.107160494	0.4760584	0.42230624	0.15450259	0.028525218	-0.38667843	-0.4100724	0.054414164	0.54813004	-0.33929136	-0.17522347	-0.5345109	-0.42663702	-0.06833922	0.28821117	-0.89101803	-0.23335671	0.4264855	-0.66965365	0.9641565	-0.72093624	-0.7545913	0.15541211	-0.2810594	-0.9559577	-0.2578449	0.54346627	-0.4885728	0.03672648	-0.33343726	-0.6174363	-0.19098444	0.43210748	0.13538451	-0.65211576	-0.32989714	0.1525237	-0.1674549	0.29617396	-0.50136244	0.14563641	0.7325638	-0.6349451	0.2101444	-0.5051893	-0.03747377	-0.1522382	0.28480467	-0.04460224	0.3562207	0.17832321	0.36021188	0.39126486	0.2410153	-0.0827393	0.09062564	0.6843717	0.09177388	0.14354575	0.008104631	-0.23340376	-0.52421737	0.006415803	0.19479017	0.5281615	-0.6814661	0.070443265	-0.14600572	0.7256943	0.76046205	0.8551957	0.7722884	0.1582283	0.30837607	0.0767641	-0.04156719	-0.047362905	0.29877087	-0.023798842	-0.44942588	0.009011117	0.03978624	0.58811	-0.10369569	-0.23869008	-0.24593772	-0.8206938	-0.20207494	-0.42500082	-0.87038994	-0.2774592	-0.40284032	0.21137965	-1.0522121	-0.32947415	-0.57085896	-0.14295651	0.0853141	0.52681	0.11106929	-0.17303294	-0.07106712	0.9745931	0.25309297	-0.7287973	0.15932547	0.3428794	-0.10286143	-0.5368124	0.13192503	-0.73890465	-0.31759962	0.9595284	0.33911008	0.07181851	-0.31216934	0.5672688	0.14346643	-0.47593513	0.033626683	0.4043704	0.49296963
0.13750516	0.04488321	0.06486905	0.09336283	0.36477292	0.23357135	-0.46497923	0.32773295	0.13016838	-0.04438621	0.07644978	0.19795258	0.36447155	0.13547336	-0.012041338	0.17957866	0.37074155	0.22702982	0.024028994	-0.06639471	-0.24401806	-0.34537464	-0.025045676	-0.08063243	0.24457583	0.11583347	-0.47063103	-0.30426094	0.0014343997	0.06429201	0.1177498	-0.41593373	-0.26182026	0.23824348	0.09789081	-0.085647605	0.018473668	-0.17162558	0.22547117	-0.08070644	-0.22209033	0.36448202	-0.28711176	0.27615556	-0.121507406	-0.53059316	-0.31515205	0.5022434	0.1560183	-0.1452039	-0.030193364	0.134664	0.2191679	-0.09587639	0.0320718	0.144393	0.4067303	0.43926603	0.25431105	-0.052077536	-0.14866617	0.1647034	-0.25789034	0.1943038	0.06958227	-0.09506237	-0.123997666	0.37258282	0.26585782	-0.057698768	0.042623833	-0.023817835	-0.12544316	-0.26128307	-0.34056237	-0.014753855	0.0980386	0.20091283	-0.20112553	0.40681878	-0.29368728	-0.46394798	0.23956406	0.23984164	0.20834742	-0.507231	0.4158969	0.029359253	0.3294003	0.16654603	0.28325513	-0.22236893	-0.2562382	-0.31195965	0.0041090655	0.081700325	0.2485164	0.09102275	0.023221932	-0.090657905	0.01891183	-0.41605574	-0.5113887	0.08080412	-0.21589261	0.0030879467	-0.27427733	0.28409392	0.016551573	0.25967377	-0.23327862	0.14686336	-0.035435572	0.06451731	-0.24533723	-0.15188341	-0.098641925	0.1079613	-0.027466513	-0.07564292	0.10015896	0.043117274	0.50763315	0.09814012	0.1012717	0.25180715	0.72276664	-0.12795329
0.011025861	-0.060515568	0.5430479	-0.26986176	0.88004583	0.4167113	0.25446746	0.56860447	0.5434506	0.035261746	0.4276657	0.07715483	-0.06814137	-0.28048554	-0.20654604	-0.19556877	0.48940563	-0.3718869	-0.486814	-0.24340442	-0.13601439	-0.40605378	-0.5459133	0.33266094	-0.58956885	0.3716711	-0.24485645	-0.6448885	-0.3273225	0.1781048	-0.007699737	0.4515953	0.17962709	0.08640633	0.20027982	-0.09275972	-0.8853695	-0.83985174	0.119014576	0.26167804	-0.045535337	-0.5940078	-0.7311449	-0.43107077	0.00804337	-0.07180174	-0.17285404	1.2135376	-0.8023201	0.29701447	-0.5228404	-0.66702425	0.5038028	-0.10603759	-0.38029027	-0.039097883	0.21537112	0.44020617	0.17475294	0.6670594	-0.18599004	0.44390053	-0.0005440172	-0.15596443	0.41359258	-0.13982885	-0.33666903	-0.6073287	-0.06776742	0.06643248	0.30823982	-0.0656006	0.1724672	-0.2585494	0.203003	0.6352075	1.0674032	0.09087021	0.06991285	-0.2763364	0.75707054	-0.20558372	0.18151775	-0.54981667	0.10610214	0.3521881	-0.48108226	-0.43337786	0.64565647	0.4872976	-0.3648949	-0.17050664	-0.7154016	0.4664531	0.08112212	-0.2542307	-0.008381003	0.14725503	0.043114156	-0.77263	-0.19214231	-0.10958783	-0.58224225	-0.5611438	-0.22232644	-0.22170767	-0.16744673	0.0503641	0.05988036	0.6118123	-0.8361869	-0.2562575	0.79004985	-0.5985083	-0.88209313	0.088238806	-0.71902454	-0.14599852	0.13395332	0.45638126	0.44176266	-0.019126184	0.24269246	0.20814714	-0.55774224	0.18786697	0.3172372	-0.46502423
0.13380834	0.24672958	-0.043144476	-0.16804658	0.31571254	0.16608068	-0.031459935	0.3409781	-0.12028322	0.050209075	0.12944484	0.07347573	-0.13127625	0.01666231	-0.16077116	-0.11528001	0.072284065	-0.4171594	0.03840833	0.024965879	-0.06199032	-0.11325696	-0.3385404	0.14706324	-0.24066822	0.2412948	0.104724914	-0.062620014	-0.2751085	0.13601038	0.04840825	-0.03925139	-0.08700018	0.3740457	-0.10772465	-0.027968965	-0.25868213	-0.11921865	-0.19309671	-0.2647296	-0.05646209	-0.079266906	-0.39423826	0.27380335	0.105846465	0.32924315	-0.20696841	0.26951313	-0.26943395	0.07989395	-0.23390025	0.05570163	0.11670991	-0.20830494	-0.1506417	-0.040746808	-0.06987189	0.39178032	0.2269335	0.19868709	-0.08224195	-0.124140404	-0.35807443	-0.040016048	0.18705215	-0.22119617	-0.22416689	-0.22706723	-0.10475046	0.117495984	0.03948834	-0.15136328	0.11046006	-0.19394451	0.455398	0.21181689	-0.06940278	0.08879961	0.18339832	-0.22974871	0.48480207	0.046782408	-0.097581215	0.044245616	0.02053794	-0.115744166	0.05364323	-0.21631218	-0.057358783	-0.054072365	-0.3501838	-0.04395371	0.06586879	-0.11076144	-0.2605789	0.08000965	-0.07118275	-0.0651682	-0.04708946	-0.19775361	-0.44838443	0.27736545	-0.10831282	-0.12346052	-0.1501467	-0.08046499	0.10665351	0.14435485	-0.167367	-0.07012166	0.16232781	0.18904069	0.09234577	-0.38089666	-0.14091708	0.2312097	-0.5155346	-0.042608544	0.042085942	-0.013948926	-0.099699594	0.07188996	-0.013555643	0.11091	-0.06957657	-0.037885334	0.36633328	0.15092881
0.07873196	0.02095539	0.052055765	0.1449943	0.39960238	0.23302484	0.07486889	0.24128938	0.15015632	0.07213126	0.058057852	0.22325072	0.032412555	-0.12671429	-0.1597278	-0.015573437	-0.008819196	-0.27634203	0.020792406	-0.08344991	0.041504133	-0.118984655	-0.07088521	-0.079030305	-0.177777	0.025647013	-0.18619378	-0.31699333	-0.18814069	-0.06402875	-0.04980722	0.05655935	0.12672326	-0.045713685	0.0046670674	0.048063487	-0.369479	-0.4299739	-0.07262831	-0.18773498	0.04266325	-0.07386724	0.045620836	-0.108676225	0.049279865	0.22135665	-0.1586294	0.27873638	0.0088523	0.0305802	0.06539639	-0.26938727	0.03361831	0.15389775	-0.038320966	0.15309538	0.1839541	0.183219	0.398184	0.49380264	-0.13051713	-0.24003565	-0.4930609	-0.15745139	0.61413234	-0.048007466	-0.19259766	0.1635154	-0.26452932	0.1912483	0.17658484	0.07590006	0.10952987	-0.13266508	0.3411919	0.116638094	-0.10331405	-0.16405314	-0.03662226	0.0836143	0.24049465	-0.37266436	-0.20936584	0.19264404	0.01255983	0.046995115	0.30949345	-0.15102378	0.25298157	0.32991916	-0.28906322	0.057965714	0.068055704	0.06387634	-0.13901749	-0.1106635	-0.06529527	-0.20554562	0.14327239	-0.10172567	-0.43133757	-0.35146245	-0.34181198	-0.1535227	-0.15781869	-0.056359187	0.031993233	0.3278362	0.12327345	-0.0159336	-0.1978641	-0.017868707	0.030069655	-0.1566593	-0.074737824	0.08870121	-0.3917008	-0.04286701	0.06439336	-0.09591719	-0.26200095	-0.05499183	0.2951097	0.30445156	-0.10488123	-0.09105984	0.4517385	-0.04029875
0.04767982	0.36513048	0.11510772	0.3566801	0.60918576	1.0241464	0.13480099	0.5035898	0.29359508	0.11789033	-0.12364489	-0.20606391	-0.45196903	0.15828791	0.6163485	-0.33146653	-0.21945688	-0.6256082	-0.5054928	-0.010403109	0.20966007	-0.88816327	-0.27775717	0.29581773	-0.57007015	0.88624966	-0.7707962	-0.6787313	0.09954861	-0.21045506	-0.8805283	-0.22151855	0.56157935	-0.46742353	-0.010951766	-0.38654044	-0.8335792	-0.33511865	0.45053586	0.11928788	-0.4677492	-0.18774396	0.14038186	-0.23630986	0.27463347	-0.3118875	0.09332343	0.6650424	-0.39878282	0.22112367	-0.6715053	0.070725426	-0.09329471	0.29000968	0.016789503	0.27122658	0.044177514	0.22395365	0.59686184	0.31331375	0.15607657	0.074595936	0.4372699	0.15668379	0.25415614	0.07918925	-0.21367379	-0.28632307	-0.10852522	0.24587043	0.5258315	-0.6984558	0.010099715	-0.15103295	0.6649121	0.70900744	0.65120476	0.68978745	0.23541632	0.21816811	-0.025354348	-0.105131455	0.1080877	0.41902593	0.046044063	-0.38433018	-0.16706605	0.09322727	0.58539057	-0.1740146	-0.13640505	-0.31472483	-0.9149638	-0.2981391	-0.5957615	-0.9060699	-0.37638038	-0.34423617	0.43418577	-0.96535647	-0.4003232	-0.5573051	-0.083235025	-0.043327123	0.41668016	0.1363196	-0.18213086	-0.12845486	0.9282104	-0.014029755	-0.6854274	0.130024	0.12586914	-0.1294003	-0.44374225	0.20974052	-0.70867693	-0.2430241	1.0129918	0.34502402	0.03892283	-0.30631167	0.68302816	0.20381081	-0.6048618	-0.06741898	0.46513602	0.48140877
0.023207428	0.18101533	0.020749819	-0.06857555	0.18997452	0.045834996	0.0054524913	-0.03391858	0.07137645	-0.0012319986	0.085255	0.077524155	0.07803871	-0.020127868	-0.008004132	0.067131564	0.020777734	-0.010024714	-0.17428134	0.07710662	0.0033347008	-0.0912437	-0.16449776	0.08565271	-0.18942752	0.063770786	0.008476263	-0.2472396	-0.02186909	0.046422232	-0.14964382	-0.014130212	-0.020847367	0.09233661	0.040965706	0.08744736	-0.09349936	-0.05529992	0.08057174	-0.03222733	0.049125716	0.041817956	-0.08734645	-0.11525135	0.14856331	-0.031933766	-0.010970775	0.09367745	-0.11056148	0.0095821945	-0.022179963	0.03600186	0.1837319	-0.06362568	0.061846673	0.017893232	0.109091096	0.060443394	0.15532336	-0.029232403	-0.16768545	0.06560222	0.005518408	0.03279767	0.16482097	0.021624286	-0.011908102	0.012521243	-0.13502824	-0.047700588	0.015118541	-0.011027161	0.032047495	0.0071281977	0.029918425	0.008985087	0.03276084	0.10444999	0.007881624	-0.09483772	-0.10879177	-0.1285149	-0.00624911	0.08856311	-0.08247748	-0.052532114	-0.025090188	-0.12311508	0.014152797	-0.034074835	-0.060270015	-0.04215729	-0.18549654	-0.095501356	-0.09959013	-0.12043747	0.051027965	0.024965942	0.049136866	-0.34624952	-0.13901041	-0.18353313	-0.14634378	-0.0047364896	-0.020816853	0.10966163	-0.092343226	-0.10180027	0.0903933	0.055287898	0.09677205	0.20549688	0.1030086	-0.07485664	-0.15867154	0.017336551	-0.13134901	-0.12607372	0.17049594	0.08472537	-0.048798464	-0.10435586	0.06119893	0.11436028	-0.084148034	0.085919335	-0.0027575314	-0.05072594
0.08192945	0.07525854	0.19170386	0.099477105	0.20763427	0.087061286	0.19370843	0.0057678996	0.15347761	0.05017257	0.07025613	0.18588223	0.019498536	0.15810384	0.018647816	0.10375355	0.13371368	0.037128292	-0.391797	0.09392491	0.10512579	-0.11632796	-0.24121298	-0.02159511	-0.27616557	-0.05759482	0.057053994	-0.16417408	-0.09798198	0.20481996	-0.054146845	-0.07602792	0.14118141	-0.027710436	0.008311012	0.021737427	-0.21468598	-0.16708851	0.045725048	-0.053204723	-0.17434679	-0.093807735	-0.37469667	-0.26528084	0.1542728	-0.12715422	-0.010810951	0.16387247	-0.15750375	0.054889113	-0.1325881	0.045869194	0.19912878	0.05193407	0.015447596	-0.036255404	0.036195286	0.10613918	0.17417674	0.07719381	-0.13096996	0.22590767	-0.3685383	0.076089084	0.23174013	-0.003797609	-0.09501523	-0.021394284	-0.14623795	0.04571095	-0.027999355	0.12654018	0.08138561	-0.029457767	0.17549331	-0.016165432	0.084416926	0.09292546	-0.10808894	-0.12217316	-0.029429153	-0.05762949	0.08167529	0.2595057	-0.21678752	-0.01030452	-0.03896734	-0.05700001	0.04773212	0.17520571	0.007866244	0.009591821	-0.28294247	0.0016194972	-0.10167386	-0.06599024	-0.07549296	-0.038595013	0.09951712	-0.07036258	-0.10124357	-0.08563334	-0.006284941	-0.22461042	0.012776487	-0.006640419	-0.1051801	0.0154859945	0.20888466	0.16812503	-0.03916598	0.010710661	-0.091400795	-0.019347547	-0.19663301	0.08984502	-0.033484437	-0.102433436	0.04827644	0.16500846	0.011615254	-0.057451878	0.2737349	-0.022074832	-0.15581644	-0.06527611	0.08730506	0.06386063
0.18096407	0.27702063	0.040919255	0.41124406	0.7004118	1.0466385	0.11648446	0.44829872	0.22764924	0.2061353	-0.011141575	-0.25445956	-0.52299505	0.10546583	0.5298129	-0.3138437	-0.19748577	-0.6953725	-0.4636079	-0.060378395	0.26410842	-0.8369232	-0.35800123	0.31101274	-0.62203264	0.89920914	-0.729131	-0.6775157	0.10410635	-0.25500458	-0.9641093	-0.27171576	0.64284503	-0.4360335	0.04108068	-0.33919573	-0.7859162	-0.46275285	0.4001061	0.22353141	-0.5461016	-0.29012936	0.14971301	-0.18356243	0.33775583	-0.42413488	0.12850377	0.65546495	-0.52634734	0.2952782	-0.6214019	0.12873386	-0.1915823	0.32503906	-0.01934497	0.301454	0.11349424	0.2411285	0.526627	0.28710178	0.06459255	0.0681613	0.6272585	0.18459554	0.21862991	0.0871793	-0.16773841	-0.40532383	-0.07818887	0.2487274	0.47338504	-0.70620626	0.037486922	-0.10975381	0.6886379	0.77936614	0.6750724	0.66382664	0.24529934	0.29167107	0.08005127	-0.10964784	0.013672655	0.4593499	0.0328747	-0.46392137	-0.05855953	0.08491994	0.69140744	-0.23504798	-0.14341007	-0.24490248	-0.8496995	-0.33128035	-0.55402154	-0.9190286	-0.28960496	-0.34415647	0.3784333	-1.0496606	-0.46266833	-0.57494086	-0.114450075	-0.02523153	0.42066345	0.19835961	-0.19930783	-0.07162615	0.99828833	0.13493463	-0.69580215	0.21471602	0.27417135	-0.16473857	-0.5454076	0.23775618	-0.73984	-0.28878486	0.9946992	0.3847466	0.05869741	-0.38657016	0.7280972	0.104150996	-0.49993595	0.021521233	0.46855816	0.4701533
-0.22793733	0.050692398	0.23669402	0.11375641	0.16958918	0.15914105	-0.027091734	0.30222717	0.14222167	-0.11892154	-0.28957847	0.47299832	0.13176408	0.290797	-0.12661642	0.06399629	0.10097624	-0.118076034	0.21063153	-0.061839603	-0.05063834	-0.70384556	-0.39523408	-0.4278568	-0.30652446	-0.15722522	-0.2582634	0.042259302	-0.051359095	-0.15602171	-0.11467601	-0.14889257	0.08246138	0.039773505	0.031890616	-0.12649477	-0.33093402	-0.26935226	0.025536444	0.3314874	-0.022787461	-0.035786983	-0.040776793	-0.12961003	-0.006359513	0.14596245	0.1350418	0.5679202	-0.07007126	-0.14350699	0.08625802	0.17455107	-0.18300661	-0.3042419	-0.20500226	0.28441402	0.08709897	0.4029244	0.09381646	-0.055140123	-0.271838	0.14338818	-0.33502328	0.09694349	-0.0884174	-0.14127147	-0.16675149	-0.29470813	0.10222964	-0.26673797	0.006635208	-0.061684676	0.08138848	-0.120404705	0.048652187	0.11385538	0.2066121	-0.009654101	0.26807657	-0.0028650928	0.18473181	-0.31060436	-0.23446408	0.0045598485	-0.11471921	-0.15206365	0.07583543	0.18226853	-0.0014332627	0.035870615	-0.22706833	-0.2501978	-0.035721485	-0.24573949	-0.057131976	0.008559108	0.28050742	0.0023350944	0.08625622	-0.58928686	-0.17302456	-0.32594228	-0.22362748	-0.04840164	-0.11254164	-0.38091707	0.008232595	-0.16266744	0.23325342	0.103450805	0.20056184	0.24062298	0.4371805	0.22663476	-0.20305003	0.2475231	-0.52675766	0.13442679	0.019294964	0.2072411	-0.33878428	-0.32026318	0.48826858	0.0805675	0.10770401	0.08553951	0.24042211	-0.11714241
0.24961221	0.10084641	0.07736449	0.03197306	0.36060178	0.22680278	-0.53440344	0.31351984	0.10634476	-0.044004798	0.092829406	0.1543607	0.41105396	0.1114962	0.044131868	0.26183736	0.44346172	0.2123454	0.026084645	-0.06780388	-0.2847593	-0.24953306	-0.017623866	-0.035360187	0.26056737	0.25628522	-0.4175496	-0.27294394	-0.011950566	0.016804744	0.108911484	-0.38135204	-0.31223285	0.38024732	0.07871012	-0.13992642	-0.053174697	-0.10501002	0.17067903	-0.08848715	-0.25043693	0.37401372	-0.29446343	0.38509312	-0.14710231	-0.60986644	-0.340906	0.4249337	0.100763306	-0.12507798	0.002113418	0.06905739	0.21477164	-0.19430594	0.018792847	0.08510753	0.43058679	0.493412	0.28978667	-0.08986656	-0.18830052	0.14617184	-0.25079507	0.24090636	0.005392128	-0.16790383	-0.105709955	0.38745248	0.21795572	-0.0407358	-0.03089578	-0.06464718	-0.09498613	-0.2764149	-0.267883	-0.0649277	0.09847483	0.18959121	-0.2145029	0.3043312	-0.2423497	-0.5149924	0.21161693	0.20917466	0.19003427	-0.49501708	0.37621486	0.053325016	0.43249202	0.086744875	0.27361965	-0.24141885	-0.23847063	-0.2434979	-0.10950281	0.06407508	0.21739495	0.09274013	0.06139112	-0.06895091	0.11395477	-0.43660557	-0.5883675	0.05527242	-0.29442632	-0.009125125	-0.24781166	0.20715438	0.052311726	0.21792674	-0.22153072	0.16535915	-0.06379063	-0.02466562	-0.2740638	-0.08063841	-0.1465466	0.08167978	-0.016599685	-0.067351215	0.07053355	0.058719475	0.47130632	0.12269876	0.06810618	0.2743055	0.7273536	-0.14362223
0.061215784	0.061267838	0.041110046	0.1263749	0.42182654	0.2552076	0.01901541	0.23852554	0.1444369	0.09185543	0.049702454	0.20198257	0.07325082	-0.11831043	-0.1934114	-0.010822884	0.035110075	-0.27459255	0.03459926	-0.097609356	-0.0074473075	-0.115283646	-0.07605598	-0.086687535	-0.18395726	0.028225163	-0.16607864	-0.3129032	-0.18026449	-0.039373625	-0.05718207	0.0490213	0.10768953	-0.049238477	0.026579546	0.047385592	-0.40029535	-0.42940184	-0.051751528	-0.19529408	0.03625403	-0.062261358	0.06973497	-0.11142086	0.035273142	0.18972681	-0.1573909	0.26703978	0.032538865	0.02121273	0.100452125	-0.26530397	0.0049809525	0.12654378	-0.030155778	0.14014523	0.1389667	0.16926533	0.3836918	0.48158222	-0.13056706	-0.1956198	-0.52544	-0.13846573	0.59214157	-0.027505452	-0.23538218	0.169919	-0.26495454	0.1932793	0.14583147	0.075522944	0.060765967	-0.14342083	0.36592808	0.09777966	-0.0814045	-0.14647578	-0.014829729	0.089573324	0.22342607	-0.4174246	-0.2208929	0.2009895	0.021644924	0.031378977	0.28792706	-0.1738284	0.25228328	0.30067492	-0.245075	0.060052413	0.053653583	0.052503567	-0.13059944	-0.08971833	-0.050252542	-0.18440133	0.10261624	-0.11552	-0.43355644	-0.39052397	-0.36663228	-0.19756837	-0.15179029	-0.035567265	0.015626544	0.32879812	0.16617095	-0.004820498	-0.19799104	-0.050543256	0.032840837	-0.1925387	-0.08690394	0.10318945	-0.38665432	-0.030934993	0.052997246	-0.076487295	-0.29031113	-0.06589424	0.3176799	0.2843052	-0.11484278	-0.05978069	0.4569241	-0.04749492
0.075690426	0.079911	0.1604344	0.076072685	0.16758497	0.108190596	0.2263245	0.013499281	0.15532893	0.059261914	0.08018968	0.21888335	0.005432584	0.12783337	-0.006372132	0.11573656	0.15841275	-0.017023336	-0.39932346	0.10119912	0.08360153	-0.09253551	-0.23303393	-0.02075543	-0.28983438	-0.08012008	0.046911243	-0.17380807	-0.10277616	0.19587608	-0.041762233	-0.082428195	0.11345805	-0.03715903	0.03092543	0.024565224	-0.23943098	-0.18762212	0.06031068	-0.05858193	-0.15968202	-0.07195493	-0.3676382	-0.2510183	0.15047075	-0.10241674	0.02096728	0.13952725	-0.16329676	0.0873794	-0.14182816	0.08014792	0.18280064	0.028948205	0.032810193	-0.046542935	0.045047097	0.09781539	0.16216817	0.06157723	-0.1446406	0.21876393	-0.38177	0.055528454	0.24979475	-0.004628846	-0.13062023	-0.07064835	-0.13648418	0.04534825	0.0060369624	0.11260876	0.064763315	-0.030225962	0.18871199	-0.02263076	0.08193043	0.07654291	-0.08203831	-0.12275315	-0.052598797	-0.06982537	0.08221411	0.24042122	-0.20777152	0.00027873763	-0.025503267	-0.03992466	0.034077533	0.16130881	0.03412903	-0.013125575	-0.21424586	0.020275736	-0.13098332	-0.034013335	-0.05217035	-0.03861735	0.11616835	-0.090799995	-0.09779093	-0.06812944	-0.017564151	-0.26368898	0.0067131165	0.045916867	-0.10962539	0.03652193	0.24349561	0.15275536	-0.0034721938	0.007861149	-0.08860289	-0.026553959	-0.18891396	0.13435411	-0.034499973	-0.09930957	0.030345432	0.19837095	0.031052139	-0.026255481	0.3016577	-0.005911088	-0.14984591	-0.03817353	0.14714932	0.03228412
0.77722365	-0.7489606	-0.16730198	-0.17358255	0.90261054	0.72058034	0.119006746	0.21657139	0.5424901	-0.31208402	-0.56055874	0.5496412	0.4125933	-0.4797412	0.47533488	-0.06471218	0.32060406	-0.55922514	-0.32190418	0.46291015	0.5256833	-0.77360356	-0.88087606	0.4402645	-0.5535871	1.3654535	-0.2789529	-0.8807719	-0.5987375	0.47072095	-0.21302547	-0.5065417	0.023704724	-0.35205117	-0.3980296	-0.2347975	-1.3290653	-0.124683335	-0.18320559	0.128692	-0.2850789	-0.00031646184	-1.399319	-0.42074826	0.111831166	-1.140689	-0.36732194	0.46948615	0.03638548	-0.023620214	-0.44045848	-0.21838525	-0.68778986	-0.3579608	0.4966548	0.23519577	0.67519385	-0.088000156	0.1477976	0.060671765	-0.34850132	-0.59707755	0.051091515	0.6383517	0.0010847672	0.022246074	-0.31007525	0.25549245	-0.517813	-0.24373376	-0.7430754	0.16474903	-0.11368558	-0.024332162	-0.25132173	0.09714876	-0.23800124	0.5319407	-0.30900487	-0.5526026	0.3705083	-0.36364204	0.4814636	0.2593	0.4045583	0.28193417	-0.36045945	0.6145642	1.3928623	0.13041183	-0.22390065	-0.16271044	-0.42285278	-0.30378336	-0.3740743	-0.4086431	0.53357834	-0.41070825	0.17870377	-0.6000688	1.0673681	-0.5963488	-1.0013063	-0.22189839	0.23872459	-0.14109614	0.02971338	0.18832362	0.14630143	0.29087287	-0.60822564	0.3491419	-0.1361578	-0.66753775	-0.5293459	0.06765778	-0.5602416	-0.56630296	0.72048473	-0.10664786	0.24131526	-0.41458312	-0.0058197035	0.33257666	-0.48882526	0.5322689	0.9857809	-0.47085798
0.43391454	-0.39656988	0.15765402	0.19698048	0.45979083	0.6600742	0.4811012	0.41457042	1.077397	0.564916	-0.13984828	0.51977205	-0.5494467	-0.21050297	0.6939994	0.365586	0.67022425	0.4340356	0.1874859	0.21713276	-0.30869395	-0.49207392	-0.5559398	0.36908555	-0.54466283	0.13297075	-0.58273417	-0.68631405	-0.6144902	-0.08413948	0.18256706	0.20533808	-0.035949394	-0.203735	0.04475597	0.07923304	-0.7305209	-0.90735686	-0.53357005	0.013349633	0.4393904	0.048036132	-0.49576488	-0.248852	0.38095486	-0.59320176	-0.06845188	0.12812677	-1.0757004	0.3038816	-0.93651885	0.799274	0.64380175	-0.39951798	0.02703374	0.76781034	-0.12890191	0.07019655	0.35337517	0.18567556	-0.024837809	-0.15341747	-0.4416221	0.036606982	0.14626618	-0.1241771	-0.030412782	-0.269756	0.19963914	-0.6541194	-0.44799906	0.061267424	0.043050967	0.0481096	-0.05821899	-0.08967237	0.96675354	-0.42392895	0.08197123	-0.092267424	-0.11833793	-0.30475986	0.65810144	0.27774626	-0.16943172	0.80468994	-0.08806349	-0.09362361	0.5589651	0.9426235	-0.14324354	-0.19648251	-0.42786863	-0.51199436	0.19478415	-0.18764418	0.41027775	0.3160984	0.0128906425	-0.012372349	0.28874403	-0.91199654	0.29345572	0.48102623	0.105134666	0.38177466	0.19709958	-0.44757932	0.36667562	0.24862935	0.084690414	0.25569338	0.18773955	0.21233535	-1.2457886	0.6581894	-0.7784248	-0.13332191	0.016234586	0.2494027	-0.12252963	-0.31577817	1.0444204	-0.16801171	-0.8008041	0.2236328	0.83629966	-0.5035182
0.08128901	0.09961599	-0.06551856	-0.11397849	0.27067325	0.15590115	0.48723152	0.56449854	0.27518994	0.130216	0.09605545	0.413102	0.17482841	-0.010829381	0.29302213	0.45890307	-0.119605765	-0.52736396	-0.47721276	0.2215492	-0.26481822	0.057298962	-0.4380134	-0.28177544	-0.6633486	0.20745176	-0.42606133	-0.26180756	0.13603503	0.21480837	-0.32160968	0.06647867	0.112618946	0.15245129	0.16944356	-0.07606429	-0.5719651	-0.63664204	0.5199443	0.11621737	-0.349947	0.42190355	-0.44317526	-0.05143251	0.5660099	0.030765545	0.34958503	0.22093956	-0.3267971	0.25288367	0.0072522652	-0.11536057	0.041516114	0.38863513	0.2745428	-0.08722702	-0.07184912	0.2589477	0.64812857	0.42728615	0.3347874	0.43723643	-0.061658148	0.51713735	0.23306133	-0.20113003	-0.48480973	0.11652791	0.060867365	0.009255512	0.213581	0.022811422	-0.22028571	0.13075005	0.14219248	-0.019179951	0.34684783	0.17390075	0.2764182	0.22466059	0.08992146	-0.15992461	0.033166904	0.36361197	0.3562248	-0.47845066	0.10969631	0.039800122	0.7862673	-0.4661576	0.1376061	0.047631115	-0.25169426	-0.23374045	-0.098182514	0.07978738	0.047002885	0.20904419	-0.15688133	-0.14788082	0.18103126	-0.17884895	-0.25564262	-0.22790478	0.09166684	0.065263785	0.065751106	0.4759237	0.4541242	0.21288179	0.18239957	0.25860113	-0.28790113	-0.092193544	-0.21017547	0.28179467	0.014095885	0.023266036	0.18428047	0.8756957	-0.20451021	0.1823103	0.1759803	0.16826954	-0.35641134	0.30929014	0.79404724	-0.0594222
0.11595367	0.06943008	-0.5457268	-0.44009706	0.5031232	0.51895756	0.28779227	0.69366574	0.044775166	-0.1880737	0.13383862	0.4429588	0.03940407	0.21252093	-0.25025475	0.010139676	0.3837252	-1.1461831	-0.7681129	0.3227853	0.13733003	-0.26478	-0.8064476	-0.047031958	-0.6636421	0.4089053	0.551059	-0.26258537	-0.30414513	0.4095697	-0.14331774	-0.11777683	0.045517135	0.31294867	-0.93050593	-0.62648356	-0.7645033	-0.44036478	-0.18443747	-0.29331815	-0.2288177	-0.18511975	-0.24481697	0.33489928	0.12544905	-0.103987366	-0.36170706	0.82249206	-0.27463838	0.38039735	-0.6686233	0.23471811	0.39226964	-0.33838245	-0.28638157	0.036399014	0.06870493	0.2644625	0.3458369	0.7903483	-0.37956265	-0.06889383	-0.65032446	-0.24983546	-0.13449349	0.104069225	-0.5243296	-0.5094481	-0.32966667	-0.07094213	0.29111975	-0.5689873	0.9026469	-0.36833963	0.77568656	-0.21161202	-0.26067004	-0.34375462	0.27319604	-0.3237196	0.5326644	-0.3387069	-0.20513207	0.23687382	-0.2673331	-0.17793441	0.473178	-0.3244887	-0.08270889	-0.09888602	0.13233288	0.50484735	-0.41626692	-0.24032913	-0.3599644	0.09953344	-0.18004166	-0.38878036	-0.06684689	-0.07015182	-0.70741534	-0.47241846	-0.19496681	0.15499376	-0.25144696	-0.31685784	-0.39364296	0.48210064	-0.3171996	0.94116205	0.7025448	0.20616871	-0.06405427	-0.09378967	-0.36455935	0.34927237	-0.67397565	0.11481562	0.39874914	-0.52336574	-0.17401688	0.017973687	0.056500435	0.37297264	-0.7695162	0.21601146	0.7402299	0.47981542
0.059565425	0.37890285	0.056462925	0.3552097	0.6635208	1.0029875	0.1739123	0.49553123	0.28406784	0.16256951	-0.037493534	-0.22675408	-0.5218142	0.051785838	0.60293406	-0.3820602	-0.123805664	-0.6271572	-0.32558867	0.02984334	0.22896884	-0.92668337	-0.30316234	0.34601507	-0.5070357	0.94337	-0.7140598	-0.680099	0.14550647	-0.3335261	-0.95167065	-0.2556756	0.5639639	-0.53640723	0.12645741	-0.35629693	-0.73524153	-0.30797616	0.41806835	0.09681109	-0.50478965	-0.26880702	0.11858075	-0.27624822	0.29073372	-0.45939884	0.18095565	0.63683957	-0.47995922	0.28874725	-0.6054339	0.03259545	-0.08114616	0.35305554	-0.0021759593	0.321196	0.16279687	0.2640093	0.6055539	0.35955945	0.11246414	0.18601133	0.4736515	0.17216906	0.25918642	0.07875974	-0.3097026	-0.3633725	0.022169268	0.19094409	0.5774957	-0.6710662	0.0031445818	-0.1392775	0.64980155	0.7552795	0.737836	0.6438244	0.2849977	0.23714884	-0.022734592	-0.044240624	0.1392795	0.39989844	0.0054790447	-0.4203653	-0.08967137	0.057161413	0.7847783	-0.14443392	-0.20803557	-0.19840239	-0.8144131	-0.27351153	-0.562091	-0.9054421	-0.43224627	-0.379836	0.41087028	-0.9345205	-0.3661136	-0.6148667	-0.056793038	-0.0039311205	0.35878393	0.14071499	-0.20929879	-0.042743754	0.98572725	0.070697814	-0.6907693	0.12046884	0.18906254	-0.14088534	-0.5467477	0.20756128	-0.7066257	-0.31087062	1.0743843	0.3832233	0.09758906	-0.3373285	0.80670977	0.16496846	-0.5811451	0.06691052	0.506609	0.5710518
0.21221583	0.17266172	-0.12390096	0.014304245	0.6831013	0.09006678	-0.20951234	0.5506508	-0.02817413	0.064725704	0.055751443	0.54851365	0.17836696	0.11390212	-0.012931742	0.49409267	0.60967016	0.07222766	-0.32659024	-0.059129573	-0.25788704	-0.52338773	-0.077891506	-0.22306563	-0.06760184	-0.06785195	-0.41540232	-0.20885952	0.00403262	0.16999848	0.014274834	-0.21697971	-0.14153533	0.45773292	0.46071965	-0.043108072	0.31359023	-0.1388814	0.28471977	-0.13880973	-0.64015526	0.44210625	-0.29053578	0.08957682	0.1818772	-0.29863578	-0.12390677	0.36630556	0.14738953	-0.11590219	0.25795972	0.0478859	0.111470915	-0.10129618	0.20193264	0.3714172	0.57620895	0.5024522	0.36976224	0.09348496	-0.28372762	0.42949313	-0.34673983	0.56093836	0.32238886	-0.05976408	-0.25175518	0.42909142	-0.083309636	-0.026332842	-0.08179288	-0.02800321	-0.12837537	-0.40760362	-0.23346525	-0.30847028	0.05197558	0.4183086	0.22966102	-0.04133632	-0.4950128	-0.3869705	0.27615055	0.3181821	0.50462687	-0.3633498	-0.16798618	0.064959854	0.57676095	-0.017434724	0.23028097	-0.46284813	-0.11617232	-0.0048843254	-0.21031544	0.021097481	0.63482296	-0.110118724	0.45326406	-0.2502308	0.025166174	-0.61111516	-0.65825117	0.050394412	-0.2905395	0.10134845	8.028822e-05	0.22718692	0.51190275	-0.022818841	-0.30494234	0.24749519	-0.1288894	-0.004658332	-0.21697775	0.30658087	-0.042515267	-0.05852841	0.0438312	0.14173071	-0.052693933	0.14619504	0.5128493	0.3666129	-0.034755982	0.41493642	0.8809899	-0.33868986
-0.31822783	-0.55270547	0.70587903	-0.43691817	0.4606007	-0.1680673	1.0845188	0.12048978	0.9050324	0.10511501	0.31766075	0.16527933	-0.42460838	-0.15196422	-0.15650007	0.36878797	0.681277	0.12754984	-0.29426834	0.25619057	-0.13072366	0.22034721	-0.797253	-0.19719346	-0.4311702	0.34676814	0.053067587	-0.15289387	0.24142857	-0.046308786	0.112639464	-0.07526388	-0.26935503	-0.46923232	-0.5357977	0.20308293	-0.52336127	-0.3257751	0.31976488	0.18783695	0.43860295	-0.025223317	-0.4325702	-0.122397624	0.2334313	-0.6345517	-0.25070456	-0.04478314	-1.0752126	0.030624209	-0.39404327	0.64247954	1.0630357	0.14320625	-0.07903091	0.44404915	0.20027083	-0.27460998	0.407965	0.13392332	-0.024076356	-0.2932735	-0.48425436	0.7913215	0.43241823	0.029965254	0.092643194	-1.4130312	-0.34483534	-0.22553691	-0.45256153	0.3326167	-0.53526783	-0.47879514	0.12029642	-0.6148326	-0.47077924	-0.021871364	-0.099687666	0.51306003	-0.87524664	-0.26868314	1.0686305	0.29688197	0.13603513	0.2549308	0.6590901	0.23313768	0.43098938	0.41730922	0.43326223	-0.5492333	-0.8702075	-0.1851991	0.26005536	0.13755114	0.04557359	0.1249475	0.044500027	-0.035821684	-0.02104908	-0.9265698	-0.57598865	-0.054833405	0.8523637	0.6151266	-0.17988905	-0.9354382	0.59014714	0.48743257	0.2939877	0.4854205	0.46745405	0.1316867	-0.7746084	1.1218653	-0.90123296	-0.090614885	-0.15750003	0.23910664	-0.18191527	-0.39395216	0.9222011	-0.4077155	-0.40597227	0.27045658	0.44856066	-0.08985236
-0.22140844	0.93349546	0.3648305	-0.7292863	0.80435854	0.84244525	-0.18606831	0.31716666	0.23802435	0.09587975	0.28832376	0.3118919	0.47424582	0.4321312	0.10115488	0.49763304	0.27425092	0.18219881	-0.38756904	0.14174093	-0.07424448	-0.49759313	-0.7115542	0.91338485	0.016736126	0.66823167	0.16906942	-0.7772684	-0.087645866	0.4301726	-0.523807	-0.0904905	0.19269231	0.23493944	0.7092722	0.53641194	-0.24267304	-0.306272	0.03069087	-0.14081287	-0.1804052	-0.063563734	-0.07650222	-0.5498743	0.27211496	-0.2209532	0.16018523	-0.14545922	0.5056365	0.57739997	0.10958675	-0.00561874	0.2885125	-0.20311798	0.31109336	-0.28873825	0.12567647	0.2550581	0.66678107	-0.023472665	-0.35700548	0.3672775	-0.08937022	0.3263225	-0.008117147	0.020952243	-0.06754606	0.25980142	0.059311494	0.23315887	0.2426259	-0.16523968	0.48651078	0.37644395	0.5908333	0.1308232	0.47019535	0.3678177	-0.3639092	-0.50173885	-0.17778663	-0.276588	0.0843533	-0.009935182	-0.2669473	-0.6170644	-0.10019521	-0.19371955	0.003697439	-0.323373	0.23614638	-0.31260026	-0.8963969	-0.37417206	-0.5620394	-0.39733592	0.30827788	-0.011769194	0.4449303	-0.73101646	-0.35781774	-0.19110017	-0.41615757	-0.13374537	-0.21754195	0.33920833	-0.30201498	0.14822969	0.49780783	0.021760823	-0.12934831	0.59006983	-0.024536764	-0.062200446	-0.7752688	0.44800332	-0.545402	-0.18170813	0.3992713	0.74798775	0.0311238	0.50591636	-0.094627805	0.43625304	-0.32566512	-0.056536194	0.5989315	-0.14516923
0.0967094	0.16943151	0.068284065	0.06655493	0.35004207	0.1323842	0.1266249	0.3892406	0.3040391	0.17701659	-0.124879874	0.23331106	0.044580653	0.15066196	0.13710801	-0.05582914	0.03031702	-0.13988468	-0.12951228	0.34029981	-0.020208701	-0.2923533	-0.2998253	0.0740853	-0.37945458	-0.04627504	-0.06423455	-0.21052659	-0.24467844	-0.02871237	-0.041029755	-0.08791558	-0.075718455	0.13985515	-0.09557558	0.059405252	-0.11546047	-0.24963579	-0.07861352	0.19046137	-0.3303717	0.02013088	-0.26992208	0.15287198	-0.041515034	-0.05672475	-0.04044927	0.32734632	-0.2743738	-0.16811201	-0.20193264	-0.07565582	0.3343487	-0.0885492	0.05398938	0.07515654	-0.078383386	0.15860483	0.12757601	0.089838184	-0.12543236	0.070238225	-0.037646584	0.22927697	0.051621832	0.07248238	0.11117205	-0.20261121	-0.048704077	0.11336951	0.019684171	-0.091404535	0.13408798	-0.09274533	0.26094985	0.18487167	0.034216013	0.053248174	0.049891625	0.16319244	0.23167534	0.0074545564	-0.015443154	-0.013816599	-0.17232545	-0.31622502	0.091438286	0.08829097	-0.02353845	0.0034469569	-0.037918977	0.038173564	-0.036602214	-0.08092519	0.025336916	-0.083241515	-0.16697128	0.08317343	0.043830097	-0.15258065	-0.2621611	0.023204653	-0.14825693	0.064047135	-0.14687765	-0.12165549	-0.041767567	0.1293359	0.07969668	-0.04464296	0.15265644	-0.057016216	0.068903714	-0.054617472	0.023518117	0.05838556	-0.14962164	0.029096425	0.10334309	-0.07824277	-0.1571426	-0.17147234	-0.10002749	-0.13487369	-0.0016994553	-0.160957	0.14054993	0.15424746
0.18799797	0.121739104	0.086923346	0.08751086	0.39832643	0.20481451	-0.53554195	0.31066328	0.116019264	-0.049889695	0.10393742	0.2217799	0.386226	0.10084917	0.001993187	0.21725821	0.40781125	0.2637335	-0.017592588	-0.09149167	-0.28051242	-0.23051175	-0.0009842244	-0.0759971	0.17906319	0.21786945	-0.45864072	-0.30359092	0.07707715	0.066667184	0.07625006	-0.45837268	-0.27989522	0.27033007	0.12986629	-0.026351871	0.04382081	-0.14039803	0.20010635	-0.10611909	-0.15803142	0.31427473	-0.31526217	0.30566007	-0.11855959	-0.5805461	-0.37206027	0.54711497	0.16131862	-0.1500616	0.015225609	0.050241936	0.22863916	-0.14659823	0.03195481	0.15210307	0.4367327	0.49081108	0.29783776	-0.058633555	-0.1250742	0.18128084	-0.29776508	0.29054517	0.026029482	-0.08072682	-0.17264855	0.35889107	0.17759416	-0.052557543	0.0011876674	-0.04381516	-0.16156565	-0.2861065	-0.30408502	-0.02564666	0.08384874	0.23988184	-0.22511786	0.2757335	-0.33407754	-0.4851557	0.18570603	0.24484162	0.24565162	-0.53912336	0.37539887	0.048956096	0.48051712	0.13259175	0.2668183	-0.24592419	-0.2194581	-0.24527273	-0.07806115	0.11265777	0.2876468	0.053491674	0.056259643	-0.044943515	0.09846845	-0.47191778	-0.47259358	0.056444798	-0.20102374	0.022128498	-0.2179932	0.26227072	0.06730893	0.25726402	-0.20690426	0.088453606	-0.06775445	0.03505707	-0.25282127	-0.14740027	-0.17324646	0.08038077	-0.004648717	-0.07867498	0.092889965	0.03864583	0.45006084	0.108677246	0.056001667	0.30817237	0.71066827	-0.15541893
-0.06486364	0.07282011	-0.008611206	-0.0681663	0.26062605	0.011363492	0.09040106	0.1645985	0.10205386	-0.055775177	0.30797437	0.034989893	-0.05349606	0.08063282	0.06757592	-0.013868116	0.15905105	-0.11183847	-0.208796	0.17549938	0.13480064	-0.05768888	-0.29266813	-0.20164615	-0.09309305	0.095399044	-0.05622593	-0.11367079	-0.028848771	0.059074998	-0.037296712	-0.009224193	-0.06469054	0.09209403	-0.04357277	0.0073687225	-0.21421325	-0.11253329	0.110316895	0.09154371	-0.06351003	-0.02844152	-0.07519775	-0.024925403	0.19867906	0.037716087	-0.05217237	0.15542437	-0.24933708	0.021183668	-0.25509775	0.058075752	0.42625877	0.09940666	-0.095243916	-0.037084177	0.027201788	0.17625864	0.16357425	0.1806849	0.1572613	0.08560727	-0.1429465	0.053446174	0.10166668	-0.050615367	0.06631878	-0.048847895	-0.14057963	0.2242232	0.10847684	-0.049401715	0.09721093	-0.077506624	0.07997692	0.0074716904	0.023292545	-0.018434068	0.0065557873	-0.10343922	0.16289577	0.027857566	0.14065212	0.06818609	0.080497734	-0.077840306	0.015161622	0.04703252	0.05125827	-0.09862198	-0.10000205	-0.16022705	-0.15807128	-0.11530556	-0.12907983	-0.10691298	0.11473588	0.040139288	0.24138549	-0.29600114	-0.20427306	0.051858265	-0.08220724	-0.0066937264	0.022063486	0.10965513	-0.103444874	0.040459998	0.062380433	0.011644859	-0.23331806	0.28503066	-0.013487084	-0.13762757	-0.09696562	0.13225901	-0.15810464	0.069021925	-0.1492025	0.17303456	0.0063964725	0.13063067	0.08502709	-0.039618988	-0.054142743	-0.032741554	0.3191716	0.028635956
0.30604976	0.15183292	0.41702694	-0.35908735	0.43835124	0.28828263	0.0010121722	0.09482553	0.22994101	-0.23709285	0.11826775	0.3362305	0.055532437	0.118794575	-0.15095976	0.25506514	0.20360568	-0.31873846	-0.6336817	0.12414612	0.2104297	-0.7685568	-0.15538369	0.2269353	-0.339623	0.5476801	-0.071187705	-0.20270686	-0.20732671	-0.034521297	-0.20952612	0.0413768	-0.0026485946	-0.23680519	0.25312805	0.012725444	-0.110016204	-0.099791095	0.035716236	0.0039870213	-0.36740437	-0.006978477	-0.39415544	-0.34661263	0.2320865	-0.21805757	0.12297942	-0.20363414	0.1643881	0.14922003	-0.123109885	-0.1828445	0.04189665	0.20199265	0.36073968	-0.08002384	0.1382843	0.11385292	0.2761386	-0.17354034	-0.1409452	0.12231003	-0.04757777	0.3303899	0.17836495	0.29866406	-0.14413205	0.020678915	-0.40107056	-0.23137814	0.23825932	-0.06092652	-0.13514227	0.22465575	0.2593483	-0.14269055	0.25941965	0.28660527	-0.090355724	-0.49700022	-0.14549707	-0.22731939	0.4314713	0.35164526	-0.16136612	0.09316272	-0.37927932	-0.10792805	-0.05326305	-0.14971682	-0.45817646	0.019356066	-0.3296414	-0.27195138	-0.4359692	-0.30910596	0.08766434	-0.059186578	0.13370274	-0.4092076	-0.11731546	-0.24042512	-0.25688887	-0.18702982	0.10497878	0.20074488	-0.045871366	0.2118456	0.3668936	0.112050556	0.011546698	0.5055402	-0.30460978	-0.43148336	-0.21805899	0.45518994	-0.14465651	-0.30561814	0.43307182	0.21395218	-0.18770406	-0.24778016	0.20906313	-0.036143206	-0.07045237	0.21330726	0.17281458	0.06678847
0.058404505	-0.046787307	0.4802678	-0.19332667	0.8538147	0.37818563	0.41209468	0.60637856	0.39789772	-0.09010475	0.31738493	0.10961542	-0.15247798	-0.1824578	-0.19244438	-0.21111615	0.37991226	-0.49151543	-0.5879013	-0.14774886	-0.19030258	-0.36204794	-0.4229597	0.31439567	-0.6775266	0.40892887	-0.23785542	-0.5329481	-0.22817208	0.20032272	-0.09271599	0.541853	0.23462531	0.13774166	0.1348448	-0.13819113	-0.8656466	-0.81913203	0.09281279	0.3105255	-0.15096529	-0.6557158	-0.64588106	-0.3981585	0.012124579	-0.001206999	-0.186529	1.1179702	-0.82581747	0.37697467	-0.50234723	-0.7113871	0.46581155	-0.050036576	-0.43844742	-0.04920933	0.20801368	0.592002	0.2497043	0.7254773	-0.106962375	0.5048625	0.046409857	-0.18841682	0.3441793	-0.113727294	-0.4610908	-0.5620415	-0.07595593	0.07765864	0.51443994	-0.095346294	0.09853022	-0.30301276	0.3322328	0.69225866	1.0993742	0.14087485	0.0912279	-0.39528203	0.53040224	-0.1457783	0.25462073	-0.48893535	0.13552493	0.22843057	-0.57213557	-0.5137772	0.751099	0.5162801	-0.41304216	-0.14045712	-0.75003856	0.51618874	0.003462787	-0.14328492	-0.05284513	0.10320987	0.1012852	-0.8761742	-0.16714126	-0.19790098	-0.5041997	-0.52317435	-0.2182753	-0.07707011	-0.1269478	0.11164224	0.13244593	0.55662495	-0.7525129	-0.24783954	0.82606375	-0.5397354	-0.95147	0.13095017	-0.47948745	-0.08770843	0.033677887	0.51276946	0.44694158	0.03265083	0.317937	0.36316258	-0.59044844	0.23805209	0.4111508	-0.3123947
0.14436924	-0.18119502	-0.20776379	0.14265716	0.15816852	-0.008909879	0.41264814	0.41182816	0.073004484	0.25954062	-0.25539815	0.2525257	0.19661288	0.0029688196	-0.27053457	0.55983126	-0.040501412	-0.48828247	0.07667208	0.12502326	-0.12128723	0.062172778	-0.21322547	-0.50872517	-0.4968144	-0.35409072	-0.26443854	-0.23251294	-0.07556203	0.13962904	0.07561209	-0.09698856	0.08561559	-0.22780596	-0.029689187	0.09332218	-0.5943175	-0.2948188	0.2403043	-0.17286003	-0.6877694	0.33823678	-0.48863268	-0.24999844	0.12802617	0.16355471	0.040684495	0.12948842	0.19036508	-0.11535164	-0.06496365	0.024078073	0.09475479	-0.037103813	-0.15077311	-0.11163525	0.20833461	0.30836377	0.336171	0.33396024	-0.42790666	0.051076178	-0.6182371	0.026161198	0.47505045	0.15442282	-0.24419305	-0.09809	-0.05296883	-0.17362848	0.2356572	0.31782138	-0.24060786	-0.20265435	0.2299351	-0.31025276	-0.05589024	-0.2685545	-0.009140352	-0.091482006	-0.12244234	-0.3388749	0.056403305	0.6029084	0.15229352	0.06912825	-0.07158215	-0.17708838	0.12518305	-0.23992051	-0.21901318	-0.39144412	0.17809664	-0.18414187	-0.20330735	-0.036000974	0.270478	-0.019345878	0.20295188	-0.19357197	0.0055335076	-0.4735661	-0.43121985	-0.43981665	-0.09831677	0.22362995	0.24328688	0.6047549	0.2722995	0.3758684	0.056882262	0.118983075	-0.015059897	-0.22319454	-0.15561049	0.65938157	-0.082178734	-0.110563226	0.006642104	0.10244695	-0.41523686	-0.027099472	0.46450683	0.07138064	-0.0340404	0.029048538	0.3324526	-0.20622468
-0.20514387	-0.51783985	0.67619854	-0.29246432	0.5148754	-0.18429624	1.0915078	-0.034816254	1.0026746	0.233168	0.19981848	0.15755408	-0.3291177	-0.23430562	-0.03075166	0.19087024	0.67457724	0.14608318	-0.49303982	0.0661219	-0.19868599	0.26293388	-0.6293227	-0.36674795	-0.54793113	0.23824014	0.079104155	-0.055074777	0.04323997	-0.1565233	-0.097316176	0.036030084	-0.20248564	-0.43082502	-0.45650315	0.40389565	-0.6366039	-0.42186216	0.22929753	0.19710022	0.42150682	-0.055396184	-0.54410523	-0.2021371	0.45416543	-0.62606376	-0.31928575	-0.15399332	-1.030683	0.008022237	-0.4656391	0.7072586	0.85948265	0.1486718	-0.20747326	0.46897402	0.38815758	-0.3175913	0.245108	0.30874297	0.058841646	-0.289438	-0.35346344	0.58718216	0.5254478	0.13679492	0.07369377	-1.2821465	-0.21896553	-0.14298451	-0.58042955	0.44859776	-0.34449747	-0.31959254	0.23280817	-0.6551549	-0.45227864	-0.1273495	-0.09384784	0.39203253	-0.7888486	-0.3712578	0.95795053	0.33409956	0.106209174	0.24932842	0.70848954	0.11582772	0.4755753	0.4703615	0.46534124	-0.55378246	-0.81676275	-0.29255688	0.2889784	0.22922985	-0.21483691	0.06581951	0.22122672	-0.15723799	0.07795255	-1.1329179	-0.5943257	0.07362826	0.9486225	0.69155806	-0.16701142	-0.8269376	0.5483173	0.5996785	0.521908	0.4053234	0.32289574	0.023480013	-1.0131414	1.0163192	-0.7608104	-0.22279294	-0.16367513	0.05037272	-0.3370951	-0.3011729	1.0525502	-0.5430916	-0.5332187	0.298032	0.53759503	-0.0364542
0.30965707	0.31459102	-0.029747477	0.27048367	0.34740677	0.89043367	0.20881194	0.41252047	0.50033176	0.39575702	0.011589995	0.4376122	0.26226315	0.3810423	0.7268547	0.9192687	-0.41746384	-0.19130014	-0.107987955	-0.22006395	-0.55211693	-0.24205221	-0.7338368	-0.004046774	-0.49586937	0.8651639	-0.12867346	-0.32402888	-0.3400676	0.5822045	-0.20380116	-0.49148712	0.13974047	0.108041786	0.3347581	0.00041999412	-0.22044325	-0.33261713	0.37176365	-0.34657177	-0.13495472	0.38653192	0.040035617	0.09426808	0.4224586	-0.31977707	-0.3066216	0.02747001	-0.17853637	0.061180536	-0.57478297	0.7397887	-0.17085971	0.28243375	-0.078682534	0.010289513	0.06828271	0.5575787	0.5064219	0.026297348	0.084291644	0.6359785	0.44832122	-0.17969587	0.13623932	-0.013377651	-0.22842483	0.6962882	0.4393407	-0.44083148	0.28606153	0.11218483	0.4028072	0.19467309	0.4940597	-0.5010737	0.48419663	0.08766413	-0.3619747	-0.27679557	-0.72425437	-1.1802201	0.41741216	0.6622684	0.17429817	-0.5433117	-0.034237098	-0.23252055	0.01788893	-0.019045897	-0.080023296	-0.43777388	-0.94653916	-0.20166919	-0.4696883	-0.2705082	0.4503695	0.51829016	0.058673352	-0.24420103	0.5890165	-0.8752274	-0.3380241	0.127547	-0.37826046	0.90622485	0.14768729	0.7603876	0.572485	-0.026796268	0.49368712	0.5542374	-0.25179762	0.03271315	-0.58260053	0.39943138	-0.8058389	0.18658994	0.6524884	0.6752691	-0.14977638	0.26876816	0.78436315	-0.09214556	-0.5991293	-0.27818066	1.142917	0.14177626
0.34750572	-0.070454136	-0.13192846	0.012082912	-0.23083776	-0.039965812	0.28616944	0.04867633	0.2688152	-0.18595548	-0.012048572	0.6225522	0.5056729	0.41411382	0.010302354	-0.29003355	0.10881397	-0.61236453	-0.9873974	0.5649962	0.090341106	0.47443408	0.22293699	-0.31021073	-0.8963587	-0.22935359	0.27847007	-0.8642965	-0.08531771	-0.30692977	0.008667661	-0.027683241	0.5868813	0.98272175	-0.045901142	0.1267906	-0.9014858	0.2796996	-0.28790954	-0.75391793	0.27416995	0.70783794	-0.5483693	-0.0056771976	0.19255055	0.7800827	-0.005703531	-0.072920986	-0.45744023	0.11978458	0.054185588	-0.106194094	0.05538274	-0.3011021	-0.1382788	-0.98111284	0.31602558	0.7452264	0.23419338	-0.33592123	-0.5501778	0.54225206	-0.74930257	-0.27155718	0.19167545	0.48566228	0.34938154	-0.13402408	-0.85495144	-0.28947577	0.27087134	-0.32555407	0.47873446	-0.34271866	-0.14523648	0.034565642	0.41142693	-0.20524928	0.6846716	-0.0072818696	-0.29053745	-1.208542	-0.22078465	0.3856039	-0.96759576	-0.48437673	0.6938806	-0.5338605	-0.2936429	0.78893036	-0.70427644	-0.5186872	-0.10229587	-0.23963906	-0.16614683	-0.30426326	-0.022196736	-0.47947058	-0.19924827	-0.090815455	-0.2411591	-0.00040400156	-0.50783205	0.074426144	0.19433157	-0.14832032	0.015579742	0.9317908	-0.2647702	0.49230143	0.08067286	0.021132063	-0.3873759	-0.17424758	-0.1524315	-0.03259253	-0.73260385	0.12409438	0.1653111	0.11578909	0.0032620707	-0.36516595	0.4800004	0.22922507	-0.27599537	0.33109573	-0.3148603	0.41649815
0.22812092	0.18440482	-0.0868589	0.1154176	0.56734896	0.14831461	-0.469032	0.54180217	0.047406975	0.033533197	0.09235141	0.45628393	0.33055624	0.19088842	0.023160614	0.5456527	0.74601966	0.1260044	-0.143604	-0.051064707	-0.32355142	-0.583269	0.029545847	-0.24835147	0.11744818	0.050678547	-0.6300277	-0.26642084	-0.074346416	0.11663601	0.11251105	-0.40107486	-0.19467078	0.39167905	0.40611723	-5.6516597e-05	0.31470874	-0.15114823	0.3535972	-0.05164426	-0.5855584	0.5444484	-0.35401526	0.23468226	0.053311836	-0.50751233	-0.2596351	0.5426533	0.29059196	-0.15760498	0.15849999	0.16152306	0.13121593	-0.0131847365	0.16449529	0.334365	0.6190985	0.73397887	0.44276917	0.017462226	-0.28531078	0.3186972	-0.41713592	0.387838	0.24336602	-0.066435724	-0.25728154	0.48498273	0.18395814	-0.13167562	-0.029826555	-0.05308793	-0.25957385	-0.38513857	-0.39912346	-0.1432611	0.09206484	0.5008435	0.005640332	0.34314823	-0.5808982	-0.569411	0.35206935	0.40823564	0.60360783	-0.5765209	0.09756184	0.052405898	0.6817984	0.084837385	0.4620575	-0.5076803	-0.20552664	-0.21717642	-0.15461966	0.1458917	0.6274498	0.009068315	0.30579928	-0.13097602	0.03827615	-0.63066196	-0.8537962	0.14846215	-0.3767462	0.14354445	-0.10293739	0.40661263	0.36367944	0.12791328	-0.33496204	0.20038061	-0.13293324	0.010072479	-0.32695758	0.24191292	0.036021296	0.02519051	-0.022325793	0.001824561	-0.09366028	0.25489885	0.7055261	0.31870896	-0.051307894	0.3762541	1.1876241	-0.36714193
-0.018737989	0.59488255	-0.25012395	-0.005019548	0.44940713	-0.12390663	0.11182178	0.890887	0.7870902	-0.09269767	-0.3600522	0.13905407	1.0889751	0.54469836	-0.23654838	0.28806257	0.3272316	-0.42022577	-0.618139	0.32011393	0.11621285	-0.32444742	-0.35355598	-0.0019256381	-0.6953141	0.034785077	0.01318171	-0.6312505	-0.048008602	0.2166191	-0.13463968	0.849428	-0.2470646	-0.43468687	0.11901238	0.40493625	-0.9889853	-0.21194868	-0.09212845	-0.24712904	-0.5300732	0.10656676	-0.009400471	-0.72885627	-0.12829135	-0.16693422	-0.24148525	0.0513918	0.3479333	-0.1431015	0.08449064	-0.000731424	0.40217704	0.58489496	0.23970416	-0.08956104	-0.09275432	0.63859415	-0.08697187	0.105043866	0.5404815	-0.36676714	0.45714274	0.49673963	0.45811266	0.101396956	-0.21084075	-0.36781323	-0.7636106	0.6904554	0.033070806	0.3670104	-0.62046313	0.918131	0.42257428	0.14422515	-0.0032104687	0.72244424	-0.06541327	-0.09888357	-0.21928097	-0.1495839	0.3551868	0.7535638	0.38651705	-0.28139415	0.34516266	-0.37477493	0.11038394	-0.28024644	-0.24189861	0.018725615	-0.6661323	-0.3883824	-0.66155964	-0.57892007	-0.35524374	-0.018604951	0.6292753	-0.5744967	0.20115975	-0.9878959	-0.6854832	-0.4000484	0.33862382	0.11240027	-0.046568055	0.6658788	0.069869064	0.47801584	-0.5393243	0.6660181	0.15199812	-0.4219935	-0.4851507	0.017251488	0.12384661	-0.12465526	0.4054489	0.47106898	-0.15984629	-0.2679085	0.2816866	-0.16580406	-0.24003203	0.19462521	0.15092765	-0.029515162
0.27052245	0.26762536	-0.06608935	0.051238585	0.4516993	0.0884494	-0.46195734	0.5554632	0.009297839	0.028453337	-0.085890256	0.46389017	0.3432937	0.2799464	-0.059683476	0.6069648	0.66270983	0.16579449	-0.23123038	-0.06074279	-0.32857475	-0.5346793	-0.11215448	-0.2978767	0.08245957	0.1319309	-0.50626993	-0.17055647	-0.042786527	0.14134617	0.15086052	-0.28448328	-0.19369112	0.4728516	0.51174486	0.022457413	0.21194537	-0.14942089	0.3766987	-0.16930446	-0.48659053	0.53601253	-0.4323023	0.2099343	-0.035499357	-0.49367917	-0.22711638	0.54665005	0.19390197	-0.24707524	0.21008615	0.17786653	0.18817993	-0.029531363	0.22014411	0.33027768	0.5988745	0.650191	0.39981863	0.0020992903	-0.3210873	0.37789905	-0.42506284	0.4738491	0.1564013	-0.15759565	-0.12529154	0.45184585	0.12843975	-0.17042188	-0.03270803	-0.12609997	-0.23136686	-0.4196168	-0.37574676	-0.14756593	0.15972473	0.40032068	0.0013441184	0.3105821	-0.6580514	-0.5355283	0.39202914	0.3556909	0.5521791	-0.58232653	-0.027454948	-0.007272242	0.6491205	0.02468002	0.40434176	-0.36876866	-0.21982805	-0.25279713	-0.16011634	0.12542477	0.6034036	0.02408091	0.29122713	-0.23142107	0.02466823	-0.6240351	-0.8397503	0.23602477	-0.26248938	0.06965371	-0.121369526	0.41669664	0.33732355	0.18855	-0.32421762	0.15032792	-0.08144705	0.10221387	-0.3247286	0.17358136	0.020017471	-0.030126745	-0.017727822	-0.02461397	-0.047405712	0.21657388	0.6712041	0.25195602	-0.067403145	0.4178614	1.0233043	-0.3533054
0.13772991	0.16603455	0.07004944	0.27312982	0.7616906	0.82510877	0.2594663	0.48670834	0.2954557	0.07358244	-0.111199714	-0.19403511	-0.49218652	0.12516427	0.59076947	-0.2252587	-0.2817171	-0.7857989	-0.4919551	0.038583655	0.33060575	-0.92371607	-0.1676906	0.39333054	-0.60767996	0.75761735	-0.75537777	-0.65597606	0.045293067	-0.28064504	-0.9211499	-0.15508416	0.5275657	-0.4446594	0.03190845	-0.20057242	-0.77965474	-0.33833194	0.4051239	0.252845	-0.6654817	-0.33123213	0.15399192	-0.32472426	0.2984142	-0.386997	0.1400762	0.648283	-0.51609486	0.34251657	-0.5074187	0.10906016	-0.14813823	0.3871651	-0.1069959	0.2127027	0.16812316	0.33816934	0.44928423	0.29926226	-0.08208784	0.06199768	0.7227014	0.23138748	0.21880622	0.25213018	-0.36518887	-0.49296004	-0.026034124	0.33076602	0.5055974	-0.50436574	-0.148259	-0.057284728	0.76908475	0.60341007	0.5096212	0.69396645	0.22452681	0.02711531	-0.13879187	-0.12124457	0.10777559	0.44465017	0.08217146	-0.48032787	-0.1765085	0.09741463	0.7356655	-0.14287545	-0.06474806	-0.1373795	-0.7837602	-0.15155812	-0.5256718	-0.7599661	-0.3151719	-0.30614886	0.3090217	-1.0706913	-0.26979604	-0.63830614	-0.21249755	0.056242876	0.25441694	0.13600428	-0.22934958	0.0315982	0.84057575	0.13946354	-0.48457098	0.13010369	0.30747756	-0.11894244	-0.553652	0.21933138	-0.5675305	-0.27755347	1.0279102	0.39243102	-0.25353295	-0.33122694	0.647953	0.24637492	-0.397414	0.19769867	0.797029	0.4866951
0.24587668	0.1863969	0.037237007	0.42537582	0.8800376	0.8631895	0.31642595	0.43087503	0.30637974	0.09882031	-0.11970481	-0.25252944	-0.54754823	0.052839592	0.5770132	-0.26531902	-0.14697891	-0.8593182	-0.4210304	0.04619661	0.22112216	-0.83842206	-0.25209057	0.4001214	-0.46700004	0.8534197	-0.6923146	-0.7050428	0.059548177	-0.33964193	-0.9294219	-0.15311769	0.576166	-0.3979387	-0.024829114	-0.19699761	-0.7507836	-0.34627783	0.47880355	0.24734797	-0.642655	-0.4032064	0.18198648	-0.24986985	0.28445882	-0.321537	0.15555637	0.5803991	-0.44089812	0.3004125	-0.6045157	0.09477335	-0.0785017	0.3886643	-0.13728562	0.1765674	0.12468909	0.4300245	0.39489824	0.35284305	-0.0008520057	0.090373546	0.7244386	0.118720666	0.3127162	0.28652576	-0.3577835	-0.32928917	-0.06560475	0.32829356	0.5179694	-0.521651	0.0770396	-0.101201974	0.65641016	0.6964816	0.5358208	0.6680542	0.23925926	-0.056550093	-0.19570312	-0.16677545	0.074845225	0.46540004	0.11862502	-0.453083	-0.28130832	0.079390466	0.8102042	0.013572864	-0.05731852	-0.2652845	-0.83369666	-0.23698932	-0.5795456	-0.7277097	-0.21446292	-0.41603565	0.5410336	-0.94266903	-0.1705101	-0.5202556	-0.3615262	-0.03728867	0.2526011	0.17171077	-0.20718212	-0.048949424	0.9181599	-0.013417328	-0.5113905	0.2142057	0.28601938	-0.16501759	-0.5092836	0.20821509	-0.59037477	-0.25875363	0.8556334	0.43251413	-0.07726671	-0.3993308	0.6845847	0.1126377	-0.5503815	0.09840657	0.6265951	0.5211396
0.08879089	0.04619964	-0.024910638	0.13084008	0.38814643	0.20471446	0.034077153	0.25969803	0.13796459	0.075931326	0.033020243	0.13991357	-0.01189667	-0.13745673	-0.1307609	-1.2017181e-05	0.008783869	-0.30858958	0.043796122	-0.0019285389	0.07116498	-0.1054908	-0.042050235	-0.0929835	-0.16399328	0.028480543	-0.20354582	-0.3452309	-0.20188035	-0.07462243	-0.038087912	0.065799356	0.09716686	-0.04185464	0.0012215023	0.0851455	-0.42752007	-0.4575555	-0.025205405	-0.18618491	0.002504208	-0.093026765	0.07956082	-0.08996759	0.08442283	0.20939662	-0.17313662	0.28159717	0.03085188	0.05767591	0.056540348	-0.30949017	0.024557842	0.15617156	-0.045338478	0.15108229	0.16782454	0.22117943	0.35752258	0.51055837	-0.16327558	-0.18794692	-0.4474533	-0.18194419	0.6399887	0.010555746	-0.15478347	0.15092777	-0.22853005	0.24840082	0.1520633	0.09916152	0.09917767	-0.102082886	0.32986546	0.09698001	-0.07744324	-0.21094806	-0.04844604	0.052719675	0.18536419	-0.3651326	-0.2401902	0.18205701	0.046739206	0.055778753	0.2922415	-0.11900697	0.23683846	0.29225907	-0.27334544	0.031054547	0.089746006	0.03720969	-0.18963897	-0.11729925	-0.024408663	-0.19238815	0.19514778	-0.14425173	-0.37945908	-0.3950219	-0.31827655	-0.18405993	-0.1794526	-0.034445412	0.026791265	0.3357283	0.18594994	-0.01134617	-0.24580194	0.0048539606	0.0018720834	-0.1545087	-0.107854754	0.09652295	-0.37812784	-0.007840971	0.05295681	-0.09326107	-0.27771762	-0.09732814	0.33695403	0.27819976	-0.1481359	-0.07164839	0.47146928	-0.026320726
0.1184789	-0.46179348	0.12844093	0.06656203	0.25378954	0.276305	0.020095259	0.19027771	0.37883475	-0.1614236	-0.09772205	0.31150782	-0.342164	-0.21689913	0.40102428	-0.20999978	0.06641001	-0.59370273	0.09505559	-0.11183526	-0.32228327	-0.38678145	-0.16787997	0.03429995	-0.46554565	0.50404495	-0.26889327	-0.0902118	0.0048404713	-0.027045574	-0.21669836	0.24671468	0.04562193	-0.017438816	0.124012925	-0.34861934	-0.49549612	-0.63145775	-0.1367865	0.06934155	-0.17960131	-0.099319346	-0.39624777	0.049224336	-0.045579605	-0.32059142	-0.14108425	0.31756884	-0.31558642	0.050067537	-0.5588584	0.083617166	0.3061841	0.42955762	-0.2586544	0.17205548	0.08082822	0.48102057	0.06617575	0.06196835	-0.050707914	-0.306763	0.38290387	-0.012049602	-0.1411159	0.16788594	0.035384916	-0.2659591	-0.05719265	0.031214472	0.27092984	-0.1097037	0.10317829	-0.25088242	0.14180605	0.47424772	0.260257	-0.12868436	0.3260487	0.17019077	0.17950884	-0.20533888	-0.04391602	-0.12828073	-0.2926886	-0.07156338	0.04795033	-0.13726547	0.21698128	0.24017063	-0.22741944	0.026434483	-0.24059096	-0.050917443	0.04745452	-0.40983644	-0.092804156	-0.14065732	0.10337829	-0.2575491	0.096303634	-0.32642806	-0.24830608	-0.13606893	0.17530362	0.049799506	-0.047733016	-0.0707514	0.1332337	-0.02145929	-0.20424628	0.12161426	0.37063813	-0.0722581	-0.457694	0.10792655	-0.8103043	0.074995436	0.45473453	0.14012732	0.12737066	-0.5111628	0.27334714	-0.18720002	-0.30087733	0.102239154	0.24891923	-0.07297061
0.284552	0.19854756	0.43498874	-0.2689563	0.4051332	0.263693	-0.021033129	0.080020554	0.26590446	-0.21766897	0.055175852	0.32139015	0.051968273	0.027111564	-0.14822538	0.23124889	0.22683889	-0.34136415	-0.6380019	0.12210238	0.22616254	-0.7760681	-0.1856627	0.15790445	-0.3613288	0.54933697	-0.05277072	-0.242688	-0.21033399	-0.093994334	-0.19827096	0.07794563	0.053683244	-0.18485714	0.26824066	0.0075732414	-0.120190725	-0.07875409	-0.028327903	0.033120155	-0.34497672	0.008501425	-0.363232	-0.42442662	0.25915554	-0.22879705	0.16702557	-0.17973377	0.1474008	0.15049317	-0.12109839	-0.2247849	0.053720582	0.20996338	0.372631	-0.090277754	0.11726696	0.056708977	0.24912335	-0.15734898	-0.10983678	0.10969435	-0.060769487	0.2992875	0.18809065	0.2802415	-0.11474121	-0.040252928	-0.36000094	-0.18467364	0.2548952	-0.073436275	-0.07084532	0.21643896	0.2709865	-0.12540145	0.25264883	0.2613604	-0.12112764	-0.46924713	-0.19983983	-0.18969895	0.40741953	0.29829726	-0.21019328	0.10349011	-0.37272003	-0.06654494	-0.1536728	-0.13720103	-0.5196292	0.046780325	-0.37747902	-0.33121794	-0.45348364	-0.4019001	0.06225046	-0.113641195	0.18161143	-0.3780582	-0.20412901	-0.24046242	-0.26056677	-0.17513871	0.07483314	0.13906294	-0.06586815	0.21006887	0.32121223	0.08409463	-0.0024070956	0.50681347	-0.3148391	-0.38909015	-0.19940971	0.40589815	-0.2221739	-0.27871278	0.44121042	0.2322552	-0.1984851	-0.27498868	0.21122204	-0.08604448	-0.11336604	0.24847142	0.1127833	0.09014797
0.18533173	0.27295727	0.06459234	0.060611524	0.00076085655	0.2614729	0.35188994	-0.070237994	-0.045087926	-0.17167263	-0.20048803	-0.11076661	-0.031186804	0.12583807	-0.20855485	-0.14012396	0.18653153	-0.0962423	-0.2568326	0.24862622	0.16950376	0.011109013	0.03780858	-0.11579449	-0.2809123	0.06505659	-0.17573835	-0.34544313	-0.16743973	0.075342566	-0.280404	-0.10978309	0.1821122	0.09238704	-0.07021714	0.35583174	-0.37547773	-0.07806627	0.21283144	0.018542696	-0.16121297	-0.21934134	-0.21024194	-0.06712244	-0.019837962	-0.03154513	-0.030236794	0.10237716	-0.12954347	-0.04148522	-0.05050715	-0.013743762	0.12472365	-0.18185279	0.060383305	-0.065826476	0.3153809	0.36325693	0.27458966	0.1472609	-0.022507552	0.00058894156	-0.30309585	0.025252456	0.27381727	-0.17160976	-0.19144036	-0.009144758	-0.26743904	-0.03269972	0.17409478	-0.010155054	0.08944923	-0.061560024	0.004391161	0.12472744	0.09560137	0.09809596	0.1162941	0.23925824	0.15269972	-0.25157145	0.25716865	-0.03162951	-0.13017674	-0.08188456	0.14307806	-0.10103946	0.2438243	0.19687435	-0.18089493	0.19075705	-0.10372746	-0.11774495	0.19236231	-0.052607175	0.07996629	0.06329179	-0.3369244	-0.24390268	-0.018020783	-0.3035514	0.069272205	0.07820135	-0.30694404	0.053642146	-0.11533572	0.06138727	0.25646877	0.34976518	-0.01560981	0.11083606	0.06957968	0.080828935	-0.5102389	-0.30474362	-0.21086565	-0.024788301	0.09535787	0.047406573	0.019165473	-0.09801355	0.18378587	0.28900585	0.024442647	-0.03206873	0.026252149	0.033857662
0.07004823	-0.013674781	0.09910638	0.07563676	0.17530607	0.08539695	0.06754995	0.3083318	0.051886875	0.0464722	-0.115089566	0.2551846	0.11487106	0.067153834	-0.0046247416	0.05389973	0.07067286	-0.19100867	0.034615565	0.120961756	-0.1236192	-0.05906271	-0.16425656	-0.18285547	-0.30048537	0.03415294	-0.24548887	-0.08383463	0.08615567	-0.02819678	-0.03244654	-0.0036276877	-0.018497385	0.08989964	-0.06351788	-0.20273426	-0.3890064	-0.14489368	0.051678654	0.030539868	-0.22232994	0.09790218	-0.14987028	-0.032731526	0.074027896	0.03625114	0.13624619	0.26838848	-0.08468964	-0.16590004	0.08369585	0.09046949	-0.054905705	-0.020028928	-0.050062366	-0.043098375	0.16830249	0.23790206	0.045980908	0.026262037	-0.20290032	0.011031854	-0.19508289	0.09125314	0.023705186	0.073148124	-0.08036955	-0.114227444	0.04445918	-0.06893227	-0.07545579	-0.016284218	-0.05838338	-0.113601096	0.09731888	-0.055689726	-0.022942735	0.026627405	0.14913207	0.0061928034	0.120065615	-0.2867593	-0.043918017	0.0359619	0.09001866	-0.009754987	0.11441278	0.040792476	0.028571472	-0.03388206	0.019099277	-0.25590983	0.003541037	-0.1025162	-0.03546272	-0.08932244	0.12124229	-0.046544798	0.08576465	-0.1345235	0.10314115	-0.30070645	-0.37583637	-0.14871162	-0.018099139	-0.25982744	-0.17376564	0.004236124	0.17697887	0.11604739	0.10786101	0.10005142	0.05624547	0.015624237	-0.055553474	0.19584262	-0.21852197	0.12185592	0.03603712	-0.018975636	-0.22289217	-0.014158155	0.16290174	-0.03639626	-0.026499249	0.06433697	0.12296095	-0.050049763
0.44582677	0.5748387	0.2943637	-0.16525872	0.6480021	0.48013207	0.29547432	0.23716056	1.0828152	-0.17956239	-0.26900616	0.09689527	-0.107391454	-0.16434768	0.41220176	0.19413738	-0.06340792	-0.61919725	-0.426376	0.35634008	-0.034218825	-0.13431421	-0.24673614	0.23453267	-0.7593795	0.6332252	-0.43479887	-0.57499856	-0.2699393	-0.019947445	-0.24209653	-0.05757867	-0.27542967	0.050402675	-0.39001167	-0.25545162	-0.72088385	-0.47930464	0.17419201	-0.023217779	-0.28114972	-0.0037322468	-0.6796393	-0.40948266	-0.05604613	-0.32510173	-0.01973138	0.2168877	-0.3450647	-0.07154434	-0.57094556	-0.21470505	-0.2673973	0.10777012	0.051959302	-0.08412114	0.3999739	-0.0100965835	0.10085039	-0.13541588	0.10010672	-0.016298808	-0.04335271	0.44999278	0.28325078	-0.07371387	-0.32700306	-0.17543505	-0.2723292	-0.15910654	-0.5913482	0.03293795	0.27299252	0.08822663	0.79248697	0.060498647	0.036954105	0.44834813	0.032606084	-0.19344194	0.36859253	-0.10873385	0.09449434	0.10538876	-0.14414051	-0.30453277	0.22092883	0.27119088	0.5554387	0.024138419	-0.19153574	-0.44131926	-0.16508082	-0.49029592	-0.09923011	-0.43146446	-0.2979667	-0.03160078	-0.1331026	-0.031784564	0.31051064	-0.45093456	-0.19901052	0.0010610578	0.25727206	-0.08922418	-0.5407878	0.2790597	0.32019544	0.08818179	0.15482831	-0.003978582	-0.2873683	-0.35752496	-0.04473812	0.49062443	-0.5993657	-0.029317072	0.7355476	0.15751922	-0.20899774	-0.019863235	0.30887985	0.14966792	-0.19556119	0.17041457	0.43509284	0.025193032
-0.21236908	-0.5027366	0.8645502	-0.056620944	0.23959352	-0.20050214	1.1461779	0.10199339	1.2445083	0.04438506	0.17502499	-0.11057371	-0.33692005	-0.26436624	-0.14101583	0.13456978	0.8176692	0.2786321	-0.42075682	0.06763921	-0.2077268	0.1364345	-0.78585917	-0.29781955	-0.87552714	0.3200091	0.3701311	-0.22688027	-0.07171882	0.025848199	0.20469922	-0.14331535	-0.33623517	-0.37582144	-0.42467666	0.7237725	-0.61023706	-0.40857357	0.25679603	0.01615212	0.6853704	-0.22629857	-0.534941	-0.57708436	0.24750708	-0.6649142	-0.30475324	-0.12710857	-1.2474848	-0.003637182	-0.36993545	0.7633849	0.85448647	0.15100668	-0.31013858	0.62712973	0.35105804	-0.42920816	0.3269957	0.103738986	0.17027904	-0.26650077	-0.483378	0.552762	0.6959031	0.12820348	0.17946306	-1.3160396	-0.24241373	-0.44470486	-0.4095382	0.2775094	-0.3946173	-0.5903006	0.04193933	-0.5695456	-0.23036824	-0.19210684	-0.027177587	0.53117853	-0.71062255	-0.60195404	0.853496	0.33186838	0.015308166	0.30757633	0.5355345	0.19986908	0.49575013	0.62683547	0.31209508	-0.51462203	-0.78789485	-0.363457	0.26304883	0.1141182	-0.115823686	-0.011394392	-0.10363857	-0.07870654	0.2162212	-0.96201426	-0.57266605	0.082274124	0.899029	0.593698	-0.022494316	-0.71264535	0.38227558	0.6744655	0.31313527	0.6108105	0.34680414	0.2285081	-1.104073	0.7515089	-0.7503345	-0.20639746	-0.0514568	0.1668182	-0.096746095	-0.62202007	0.9126016	-0.5932279	-0.55154973	0.38164446	0.33782506	-0.16516669
0.00057630305	0.32028115	0.23030499	0.021845853	0.45506516	0.4999545	-0.010194396	0.34218016	0.5239947	-0.06211924	0.09760378	0.23275788	0.4293915	0.19393285	0.2820737	0.09515501	0.013398791	-0.042515356	-0.5540903	0.30928776	0.07921446	-0.56758195	-0.2135256	0.56727433	-0.29563975	0.1772097	-0.3880521	-0.4217225	-0.15506466	-0.056509424	-0.39283606	0.19373327	0.07460443	-0.15071316	0.20192023	0.28196335	-0.40321994	0.1252155	0.16518551	-0.10054257	-0.09706656	0.27772564	-0.52373093	-0.29670534	0.1881622	0.044682898	-0.16499673	0.12468257	0.058856174	0.15252234	-0.12552677	0.1726298	-0.2061907	-0.15732294	-0.027035864	0.20707123	-0.21082239	0.08657983	0.15858777	0.12916414	-0.18904576	0.3491208	0.47652164	0.059562057	0.47079316	0.007849794	-0.035622276	-0.07374782	-0.13798924	-0.066780075	-0.21022263	0.07673754	-0.06278661	0.5044953	0.26067674	0.39937836	0.40276104	0.34903285	-0.015830807	-0.23015893	0.15307668	-0.2707406	0.35784042	0.24173355	-0.029433032	-0.122607306	-0.14737362	-0.049525157	0.14553103	-0.17935286	-0.15578052	-0.07643151	-0.35418975	0.19641869	-0.27356666	-0.12478581	0.006774233	0.077503	0.16726257	-0.71763575	0.27003953	-0.2849879	-0.37040484	0.043178104	-0.20747577	0.17575748	-0.2775928	-0.15021029	0.48295808	-0.07325198	0.03191854	0.056311626	0.26988417	-0.0045383144	-0.32971632	0.02449853	-0.2495393	-0.24941035	0.31755772	0.11607282	-0.04356124	-0.082713395	0.39621454	0.20721136	0.15598859	0.15605338	0.29034528	-0.13136517
0.24493076	0.21928774	-0.048501212	0.1366549	0.43716177	0.20184222	-0.46588543	0.6103159	0.13194795	0.11950041	0.004534251	0.4983329	0.3398921	0.36668396	0.044613574	0.6277338	0.8097582	0.1701708	-0.2306191	-0.015338452	-0.4462597	-0.58103776	-0.15536699	-0.24484064	0.050714016	0.085069396	-0.4803128	-0.21675242	0.026927907	0.17336571	0.1513455	-0.29938215	-0.14737548	0.41764608	0.3769152	-0.016175758	0.2554867	-0.15008152	0.34295654	-0.28816065	-0.5855581	0.54813415	-0.3912495	0.26870337	-0.0032991557	-0.57253796	-0.32933682	0.4224432	0.19527255	-0.26115236	0.20615527	0.18146484	0.13643609	-0.13944843	0.1830371	0.2298928	0.5475617	0.6812023	0.37394795	-0.032461148	-0.38569546	0.35286626	-0.34737298	0.39585334	0.13180491	-0.21544956	-0.16656859	0.5987523	0.20668352	-0.1903298	0.035745904	-0.05743227	-0.2122128	-0.38810456	-0.32887992	-0.122632906	0.21217139	0.32856885	0.18354759	0.33837655	-0.58420986	-0.61777145	0.43526644	0.3363256	0.4876426	-0.44786885	0.093404725	-0.027039258	0.6326825	-0.011141764	0.3355842	-0.36563632	-0.26090991	-0.2703261	-0.019062521	0.08993049	0.6409525	0.12880628	0.30182314	-0.24201709	0.037051145	-0.61064357	-0.85173863	0.097841464	-0.29317722	0.055366796	-0.097796135	0.50340056	0.24741045	0.27527577	-0.28867623	0.12573692	-0.10310106	0.068304546	-0.24841836	0.2206726	0.05539307	0.1274732	0.09821251	-0.00011372866	-0.02578378	0.05516689	0.6386728	0.17505798	-0.13985948	0.3970718	1.0031257	-0.35740605
0.14801052	0.15882035	0.034218613	0.0006711693	0.30354106	0.33980528	-0.4525584	0.2801888	0.16746502	-0.115631014	0.052648693	0.3063031	0.39276394	0.19846582	0.005690717	0.31209514	0.3883828	0.23664497	-0.07706306	-0.055451583	-0.28451544	-0.24145293	-0.19899035	-0.086435474	0.028401673	0.2650614	-0.33243656	-0.2997082	-0.048844226	0.11638386	0.1754749	-0.3712028	-0.20318036	0.25479954	0.17188382	0.07913734	0.060266014	-0.1277134	0.23174751	-0.14028868	-0.20753013	0.35297826	-0.29953036	0.25930777	-0.13105242	-0.6655083	-0.33449444	0.5650831	0.06872505	-0.09959815	-0.0031975822	0.12292184	0.23723972	-0.11513332	0.10222655	0.10006052	0.34303716	0.3408246	0.18974838	-0.07623625	-0.13371265	0.12868874	-0.31939024	0.20598435	-0.10501382	-0.09974309	-0.07116029	0.38079894	0.20589757	0.030332662	0.05995206	-0.048581	-0.082093745	-0.18632063	-0.35724935	0.03046648	0.20990975	0.26414603	-0.21119131	0.3801517	-0.36776257	-0.50697213	0.29967168	0.20519342	0.2601532	-0.5605592	0.38223043	-0.03217217	0.39930418	0.13099554	0.2681797	-0.19902459	-0.31761056	-0.3034276	-0.06491087	0.092378415	0.13194649	0.14216681	-0.03506393	-0.05083561	-0.02323895	-0.39824098	-0.48770547	0.020626342	-0.054536134	0.105293386	-0.18833621	0.30973127	-0.057805907	0.25706485	-0.2062997	0.104302295	-0.057721768	0.15011862	-0.19572304	-0.15451726	-0.021404825	0.10758502	0.07129236	0.018086655	0.08544193	0.1056672	0.441902	0.09384864	-0.014470727	0.24049063	0.6659429	-0.0683274
0.15376835	-0.12270045	0.1393708	-0.215316	0.5541562	-0.38954976	0.09716991	0.41379994	-0.0069324207	0.23805475	-0.28819183	0.28923008	0.036731455	-0.14066301	-0.08369658	0.4148126	0.5753903	-0.15508112	-0.1466886	0.21654812	-0.2471695	-0.24022219	-0.34032813	-0.27000436	-0.45753205	0.10337108	-0.37971044	-0.023663206	-0.14335625	-0.17265657	-0.16246924	0.061159223	-0.24625249	0.23907042	-0.08300501	-0.063940555	-0.14603728	-0.048309296	0.10247544	0.2696461	-0.48918915	0.040730953	-0.43413097	-0.23949799	-0.18507792	-0.2598912	0.30004418	-0.0073316963	-0.16827473	-0.22321224	0.046802282	0.11656844	-0.07120013	0.02388702	0.37169123	0.11399888	0.052656777	0.54833186	-0.20800175	0.10589601	-0.34979945	0.15621787	-0.5400561	0.16895823	0.16018169	-0.10979367	-0.018321393	-0.3305309	0.08318808	-0.2343905	-0.055363268	0.05052948	-0.33286428	-0.34959477	0.18953474	-0.33210206	-0.21538138	0.23461132	0.23238727	0.05867256	-0.4122419	-0.10182603	0.45180562	0.31107867	-0.03785839	-0.054179724	-0.21256174	0.15670225	0.41185045	-0.12373551	-0.0596872	-0.39311802	0.046899613	-0.25300327	0.042825144	0.12037215	0.17165864	-0.22990005	0.42942423	-0.29818603	-0.08171966	-0.49208075	-0.28109157	0.2875178	-0.14678153	-0.00074154756	-0.044867996	0.19751756	0.37015054	0.32120702	0.09005947	0.011757424	0.15388815	0.23124728	-0.3579344	0.23975675	0.2712239	0.11933648	0.1622174	-0.04258816	-0.3940833	0.07309764	0.56521213	0.00037200784	0.05595666	0.46581122	0.4874021	-0.34446278
0.2764753	-0.006272871	-0.11867532	0.1043192	-0.26025692	-0.060032472	0.24218312	0.12681632	0.15797111	-0.37391478	0.0120836245	0.726784	0.58100075	0.45660284	0.011191482	-0.39103612	0.067731485	-0.72548634	-1.1719805	0.54058	-0.05178608	0.434502	0.055068363	-0.35271338	-1.0344312	-0.2048594	0.2609268	-0.8492965	-0.16593322	-0.36720613	-0.007711971	-0.2145693	0.68705726	0.974812	0.09273708	0.22691658	-1.0140312	0.2657095	-0.33284757	-0.75285786	0.2852774	0.7365904	-0.38221836	-0.14754048	0.2455257	0.8749242	0.16967294	-0.093053095	-0.3548415	0.10351365	0.009521882	-0.17949452	0.10405102	-0.2902976	-0.10729309	-0.92069465	0.25689095	0.6448014	0.16831873	-0.4399179	-0.58347833	0.50688744	-0.77421206	-0.25181782	0.30465284	0.47644386	0.29199612	-0.12008728	-0.8887066	-0.24354376	0.15462394	-0.36828867	0.60807055	-0.52220553	-0.1501793	0.019036733	0.4821047	-0.2333913	0.6933072	-0.054035883	-0.31511086	-1.2394685	-0.123726964	0.37742543	-0.9125743	-0.54208004	0.70367646	-0.5570117	-0.518002	0.8056228	-0.79483616	-0.47380504	-0.15178654	-0.28365827	-0.14835243	-0.3087378	0.0064552682	-0.38524178	-0.1313105	-0.06814823	-0.3212926	0.00077893946	-0.46791345	0.07438736	0.20944989	-0.10359674	0.103659295	0.94994104	-0.25893703	0.6588276	0.014411802	0.048984233	-0.33745122	-0.17808156	-0.09977748	0.07110528	-0.62744963	0.13708225	0.3307785	0.057199508	0.10816516	-0.36595535	0.51315314	0.25931048	-0.36047137	0.3286314	-0.26456252	0.3822276
-0.23543836	0.19318846	0.20414424	0.18600863	0.22520864	0.16265915	-0.041834243	0.31206322	0.16768926	-0.04631441	-0.3290883	0.4306041	0.13096865	0.10935514	-0.09699106	0.092130795	0.11532073	-0.024891088	0.23601314	-0.1847977	-0.008872899	-0.6657234	-0.3392782	-0.3966461	-0.27375412	-0.13219862	-0.34219247	0.018537397	0.041194204	-0.18313242	-0.089413926	-0.29419482	0.06379752	-0.09339939	0.094486766	-0.030953199	-0.29770967	-0.29262352	0.16007078	0.26958728	-0.05551867	-0.04812404	-0.0028549568	-0.25407463	-0.01672068	0.08815463	0.1031819	0.5899617	-0.06842645	-0.16217469	0.055191524	0.112893365	-0.23029216	-0.23632133	-0.21408619	0.3044249	0.06896318	0.42985964	0.10552091	-0.04147241	-0.2309836	0.11359879	-0.46273193	0.11954123	-0.10066433	-0.12455813	-0.20734002	-0.23619376	0.13858725	-0.18350948	0.05648351	0.017391983	0.080831096	-0.13220969	0.030521367	0.16781165	0.270575	0.07938371	0.28294116	0.083341375	0.20619397	-0.3926939	-0.19412367	0.018128179	0.052814897	-0.17586462	0.087739736	0.1488936	0.12752709	0.13868554	-0.2553158	-0.25594237	-0.056087703	-0.24851324	0.016397828	-0.093957774	0.19553801	0.014422929	0.039506916	-0.5573317	-0.16508548	-0.40412623	-0.25238046	-0.018245013	-0.044953104	-0.3678492	-0.04528127	-0.09486537	0.22018513	0.09787476	0.11522549	0.19975445	0.26554385	0.20341095	-0.22601393	0.1496581	-0.48458523	0.13604467	0.07946146	0.13102345	-0.41467825	-0.28249985	0.46411988	0.032556884	0.13404216	0.14200762	0.25529626	-0.044865523
0.1562916	0.3502631	-0.0859088	0.24832405	0.34877032	0.9680376	0.036953818	0.47974357	0.6024002	0.478541	0.013229643	0.442922	0.20673269	0.28830975	0.45664236	1.0028672	-0.41483992	-0.23219131	-0.15595952	-0.31357005	-0.67936325	0.002053678	-1.0767981	0.03762357	-0.5083597	0.6912594	0.12677546	-0.31783912	-0.40783778	0.7265161	-0.18806683	-0.5789952	0.13971685	0.05113553	0.4801833	-0.1110423	0.057930917	-0.16956507	0.53017205	-0.6531038	-0.10381346	0.35720935	0.04270787	-0.04761348	0.35699144	-0.37998796	-0.2848788	0.04061163	-0.25751662	-0.1001551	-0.31624022	0.6820857	-0.03822046	0.21487767	-0.101059236	-0.03980911	-0.02470271	0.22550559	0.46061006	-0.19874123	0.25164443	0.5238628	0.42324015	-0.19861196	0.12913801	-0.045349877	-0.22681822	0.8626618	0.21687517	-0.52346194	0.4070412	-0.1305798	0.5689024	0.13488553	0.40939534	-0.68464583	0.48917118	0.07267355	-0.40518606	-0.11899626	-0.7225	-1.2694544	0.3604538	0.59638655	0.12071531	-0.30062246	0.118323624	-0.20347431	-0.008391402	-0.18626979	-0.00788677	-0.3680585	-0.96669567	-0.23050244	-0.3738727	-0.18777597	0.5123255	0.5130678	0.004514337	-0.319171	0.5909224	-1.0220647	-0.39691415	0.09855069	-0.1615924	0.7779507	0.17739919	0.7526241	0.53340757	-0.03577298	0.48683763	0.6880178	-0.3719662	-0.04040766	-0.522081	0.40564778	-0.897078	0.062192664	0.68407834	0.54375225	-0.09852342	0.04854307	0.6745966	-0.03209668	-0.6828381	-0.4420324	1.1532979	0.24342959
0.096826494	0.04593043	0.14801392	0.0710833	0.12725183	0.07311436	0.17222308	-0.028246712	0.14314073	0.068199076	0.099941835	0.19064794	0.0030671624	0.097577706	-0.0119853495	0.122552	0.13311858	-0.014203295	-0.37741792	0.089094184	0.07613708	-0.09488914	-0.2045288	-0.029335964	-0.29163274	-0.09377612	0.077909335	-0.15612309	-0.08597975	0.26047167	-0.055990666	-0.08588548	0.15448175	-0.062106952	0.0044176932	-0.001667712	-0.21652159	-0.1635364	0.071038105	-0.0560601	-0.1681022	-0.047237404	-0.350655	-0.25410014	0.13909249	-0.122179516	0.006939777	0.13251138	-0.1561399	0.081604004	-0.15342395	0.078157395	0.24890846	0.027983086	-0.021714997	-0.09294968	0.047786504	0.11612238	0.16973397	0.016832074	-0.16551778	0.22937323	-0.3967702	0.03771527	0.20465094	-0.0008139677	-0.115265615	-0.020871207	-0.14689735	0.038431954	-0.011729279	0.1275683	0.1332639	-0.024276657	0.1693765	-0.01278693	0.06849646	0.07978157	-0.08883732	-0.14348479	-0.033157736	-0.04978959	0.05604883	0.25921187	-0.22639161	0.027291715	0.0044847527	-0.052049298	0.033685647	0.20745781	0.03650963	-0.0128263235	-0.21491376	0.011703307	-0.11192482	-0.060891174	-0.04216943	-0.037588958	0.079569824	-0.041603662	-0.109062016	-0.08201521	-0.020531405	-0.24856177	-0.0044933823	0.0126966145	-0.13239796	0.028873064	0.22909722	0.20038237	0.018706135	0.03722577	-0.11697937	-0.02043702	-0.18360747	0.076976195	-0.013817354	-0.09206176	0.064396925	0.14006099	0.017771922	-0.0677535	0.2716219	0.011619208	-0.15232202	-0.057990402	0.10055828	0.062099684
0.2677727	0.01710992	-0.1726057	-0.09893946	0.17336647	-0.1733956	0.20458974	0.29766458	0.08331354	0.19393843	-0.12971522	0.2280611	0.13648133	0.081397995	-0.09806882	0.39446744	0.1847107	-0.37694123	-0.3064329	0.007042785	-0.22852635	-0.18376617	-0.109316476	-0.3755574	-0.33515224	-0.14240529	-0.11723066	0.08248726	-0.0804279	0.060876716	0.032877687	-0.12352477	0.11199494	0.22321883	0.047306776	0.0067079226	-0.109554775	-0.23180293	0.14863107	-0.07038629	-0.3472335	0.31078827	-0.17140122	-0.03709085	0.16799968	0.020256743	0.043398466	0.019241402	-0.1447011	-0.13050726	0.056895934	0.10015324	0.01638257	-0.0417572	0.22034962	0.14248899	0.21985105	0.37525186	0.23920526	0.10582228	-0.26087582	0.29490647	-0.2957093	0.07272737	0.29174006	-0.047467727	-0.12509695	-0.017936753	-0.06631148	-0.2121814	0.025803871	-0.03563537	-0.1566834	-0.20003219	0.10095869	-0.118464336	0.03476009	0.091066316	0.05437398	0.15917066	-0.37669933	-0.28715986	0.32694548	0.24132617	0.1999465	-0.083620384	-0.16485897	-0.05100933	0.18572083	-0.17932233	0.004121729	-0.24726807	-0.016705941	-0.18991834	-0.10270516	0.095979	0.2994286	-0.015280505	0.19009607	-0.33245817	-0.0068112696	-0.23555794	-0.501987	-0.14803311	-0.022716623	0.03235967	-0.10626553	0.29351026	0.18322395	0.20318384	0.028400267	0.10841468	0.020188792	0.019343182	-0.1333013	0.3443904	0.024175653	-0.13284154	0.12177667	0.29392353	-0.12305875	0.12007428	0.377679	0.02184528	-0.17105061	0.117126144	0.6727435	-0.13969322
0.10164869	0.0703208	0.15245435	0.09328356	0.12370616	0.0551098	0.20542993	-0.014034998	0.16021118	0.03533114	0.08704782	0.19665432	-0.008271176	0.09697634	-0.020922896	0.08130207	0.11048573	-0.036445264	-0.39845115	0.082654044	0.10429313	-0.108391576	-0.19180262	-0.06209958	-0.28240448	-0.10263917	0.07932768	-0.17304885	-0.0986714	0.23762959	-0.06616858	-0.09831662	0.13631663	-0.040670965	0.012419287	0.04326008	-0.19424076	-0.16700774	0.03832621	-0.058128193	-0.16038889	-0.10953934	-0.35430014	-0.26601326	0.13288872	-0.1235265	-0.0038623128	0.14500444	-0.14087139	0.104172505	-0.1355008	0.08931838	0.22627287	0.037232146	0.00027173097	-0.09186811	0.036671996	0.1438688	0.15430368	0.06535591	-0.16959406	0.22202098	-0.41633534	0.025208345	0.24220783	-0.0046857363	-0.10257352	-0.071710505	-0.13414565	0.0687595	-0.009724617	0.1292007	0.11002975	-0.023982145	0.17323099	0.0025293373	0.066705346	0.090699024	-0.08411901	-0.09788682	-0.049534474	-0.07718025	0.08808365	0.23114526	-0.22861728	-0.01215097	0.014336308	-0.014150337	0.020256681	0.20706935	0.025293604	-0.013796185	-0.26012653	-0.015521609	-0.10743818	-0.07592301	-0.07117879	-0.036996342	0.11171549	-0.07939959	-0.13198349	-0.0742779	-0.012707039	-0.24829897	0.0061339866	0.0073162382	-0.13744934	-0.006331523	0.22462502	0.1775957	0.016929664	0.05172784	-0.114804916	0.03218282	-0.1576847	0.08947141	-0.0076502035	-0.056032546	0.036766082	0.16946788	0.015805373	-0.08413951	0.2866516	0.001897719	-0.13053127	-0.093608975	0.108305186	0.07499909
0.14679785	0.54458976	-0.22640862	-0.38595718	0.19655664	0.2438797	0.14508615	0.44417197	0.25880975	-0.011863002	-0.024938256	0.12059753	0.16392505	0.01563331	-0.41403192	0.12032904	0.18419102	-0.8563023	-0.5311044	0.007695789	-0.21388969	-0.017102024	-0.81549853	-0.2923958	-0.6602884	0.36143094	0.60836846	0.008771241	0.1454225	0.665258	0.036554754	-0.03667377	-0.03908829	0.3263817	-0.58147675	-0.22924113	-0.5753487	-0.26287386	0.038512517	-0.27312955	-0.13661574	0.0055095227	-0.21963966	0.05321739	0.13026252	-0.17645246	-0.3023832	0.5495281	-0.32090256	-0.124152474	-0.4872208	0.043666158	0.3865214	-0.09027717	-0.2061165	-0.101859674	-0.13024986	0.5376437	0.11769429	0.3241188	-0.4445467	0.19434756	-0.66387844	-0.35377544	-0.010896121	0.2511065	-0.25689018	-0.6234566	-0.26233986	-0.28947908	0.23081334	-0.34339553	0.5836723	-0.28955197	0.760148	-0.16733737	0.0066714254	-0.1210961	0.09930458	-0.23057392	0.0703121	-0.38520822	-0.05021878	0.12656465	-0.36032897	-0.4158235	0.6483912	-0.7612752	-0.35551006	-0.09447016	-0.22450584	0.29384863	-0.33341196	-0.3121153	-0.28408086	0.090893954	-0.24036928	-0.20663108	-0.007509956	-0.1584693	-0.3660827	-0.6870946	-0.032004226	0.11176591	0.09238263	0.13175632	-0.43297896	0.37869942	-0.5071627	0.8209709	0.50603676	-0.08745445	-0.08280335	0.07407389	-0.43719286	0.11026014	-0.72216094	-0.041869935	0.38176918	-0.20715779	-0.27766994	0.018745534	0.18631665	-0.092291825	-0.58453137	0.2970757	0.43854085	0.36920038
0.21819311	0.11479499	-0.09396943	0.01957672	0.4870154	0.07081238	-0.5084986	0.6709698	-0.0039842017	0.12134158	0.08694788	0.4517711	0.3071588	0.2576605	0.011468118	0.62161577	0.76320094	0.18669005	-0.22854441	-0.079410136	-0.41168222	-0.60241413	-0.16501436	-0.21100478	0.074355066	-0.017589223	-0.5486329	-0.171421	-0.024745502	0.17691256	0.16046141	-0.30313447	-0.14679992	0.5242562	0.41089803	-0.07603399	0.3280769	-0.14764063	0.512271	-0.23338929	-0.5473683	0.5898779	-0.33153957	0.17109205	0.022875	-0.51990724	-0.37475505	0.3130136	0.1810147	-0.16341369	0.15977927	0.1439551	0.008180825	-0.094151616	0.23127677	0.3561333	0.5817893	0.72906774	0.53383666	-0.0931028	-0.37950742	0.3249733	-0.3713398	0.35663864	0.17398348	-0.15953511	-0.13888414	0.49911433	0.15054342	-0.1885698	0.005487241	-0.12466358	-0.30588388	-0.32373214	-0.38664812	-0.14474145	0.2313696	0.32920465	0.17118205	0.25518522	-0.5963725	-0.5912999	0.370821	0.25938877	0.60058683	-0.43941033	0.09728885	-0.1055104	0.62214065	0.064756215	0.36327058	-0.386824	-0.13408294	-0.32929945	-0.22217761	0.055740446	0.7325397	-0.015760066	0.28238618	-0.24719112	-0.02052198	-0.51097614	-0.81266606	0.08964171	-0.34820756	0.006374574	-0.13824086	0.39275682	0.2888272	0.15068424	-0.31593382	0.067437254	-0.062301856	0.05097562	-0.34199658	0.23938076	0.012023556	0.0763952	0.03797588	0.10241833	-0.055199068	0.056312703	0.66238785	0.2968825	-0.10534088	0.41930577	1.0997783	-0.29868788
0.21562067	0.2567219	0.4565907	-0.2884059	0.4417291	0.24720526	0.005711746	0.09780935	0.22007804	-0.15171413	0.14571622	0.3289904	0.052232474	0.102755204	-0.1623622	0.24456054	0.16699213	-0.21871671	-0.7512254	0.1410773	0.2802417	-0.76398104	-0.21671307	0.24335282	-0.36110467	0.4646868	-0.049559675	-0.29530594	-0.18876469	-0.029382983	-0.2564704	0.067594245	0.035318147	-0.19512384	0.32282853	0.109064735	-0.07539496	-0.08778688	0.034096584	-0.0332185	-0.3563888	-0.050429236	-0.30786526	-0.49420926	0.31523508	-0.22452945	0.17048486	-0.2003304	0.14544721	0.18509127	-0.097710945	-0.15550983	0.07451485	0.24917163	0.33402908	-0.112481624	0.14171389	0.08866341	0.34573543	-0.12810075	-0.14973845	0.10981258	-0.03749121	0.37306732	0.2331366	0.2821928	-0.1114556	-0.054945208	-0.44227433	-0.1569455	0.20872334	-0.020338312	-0.16439663	0.22314371	0.29534134	-0.088004805	0.31227678	0.2822688	-0.12829284	-0.48383123	-0.22360288	-0.25158805	0.38456598	0.34701476	-0.14125927	0.105607755	-0.3805462	-0.09434392	-0.036534913	-0.16278107	-0.48225644	0.058739144	-0.43311504	-0.23032546	-0.4644805	-0.3547501	0.116014205	-0.0022806742	0.16814597	-0.50747067	-0.21504967	-0.19974706	-0.2233114	-0.12260576	0.035567187	0.17168489	-0.069698885	0.2003011	0.36814225	0.20367222	0.0072606285	0.49417952	-0.29772392	-0.4352002	-0.17148748	0.38295037	-0.15651146	-0.29075676	0.33552918	0.23184083	-0.19676897	-0.21756049	0.12654905	-0.052655496	-0.034512524	0.21744235	0.14998974	0.10876843
0.15552312	-0.073150285	0.04551221	0.2589881	-0.070787	0.0647754	-0.054319978	0.30616364	0.20128256	0.13945244	-0.5067313	0.33443534	0.2634483	0.2160746	-0.2058768	0.08023581	0.17047721	-0.11740471	-0.07297306	0.21672638	-0.030218188	-0.18626535	-0.2890576	-0.008540949	-0.3799544	0.17211147	-0.05380791	-0.3696858	0.03812396	0.45934266	-0.13807954	-0.061945453	-0.060360406	-0.113831684	-0.16621341	-0.22231323	-0.26012385	-0.2702743	0.0873849	-0.10616806	-0.113449685	-0.011893395	-0.49460086	-0.20401542	0.17483765	-0.2729905	-0.105984196	0.25288308	-0.1328376	-0.36074296	0.07979012	0.043915488	0.36619994	-0.39426887	0.0661965	-0.35377452	0.10341084	0.07872365	0.35452485	-0.19653085	-0.31467924	0.0027350807	-0.40324497	0.27005294	0.24617966	0.018389251	0.12926935	0.16142668	-0.16106609	-0.24337739	0.04127198	-0.26473737	0.1391226	-0.31602636	-0.31692168	0.08796737	0.20994966	0.087080844	0.052056134	0.12585326	-0.30997053	-0.33819824	0.082141526	-0.009549094	-0.22148168	-0.04391936	-0.06513437	0.27078837	0.20854291	0.06380935	-0.021085115	0.12453717	-0.120712616	-0.1326945	-0.14732997	-0.20458949	0.365138	0.20397699	0.20470881	0.102704585	-0.06829335	-0.29256335	-0.35708493	-0.20272835	0.020074572	-0.30930853	-0.21191873	-0.039651096	0.45965123	0.41867575	0.002848058	0.11486124	-0.0664831	0.022759277	-0.10203922	0.09150965	-0.3115197	-0.3170385	0.21429661	-0.06751861	0.28115907	-0.39961445	0.050488897	0.28174347	-0.07988081	-0.113847	0.035024073	-0.21915676
0.036011375	0.0937926	0.0042331014	0.1859102	0.40963504	0.19134581	0.027619857	0.24612626	0.14190264	0.10916056	0.07381054	0.19004242	0.0502643	-0.15377255	-0.21376237	-0.023460446	0.0032407157	-0.26062888	0.08092549	-0.097039774	0.058249325	-0.09999765	-0.104786515	-0.15066876	-0.14525755	-0.025764098	-0.1437106	-0.32393366	-0.17629911	-0.046297435	-0.07098162	0.0092639	0.097847976	-0.09085656	0.0242998	0.07473282	-0.37672636	-0.41081288	-0.025503317	-0.21511604	0.00161119	-0.044704854	0.12720665	-0.11316829	0.06501269	0.18756588	-0.16298388	0.26556602	0.05434702	0.0063716755	0.09584331	-0.2544997	0.06373983	0.10831037	-0.08977447	0.118825175	0.13478225	0.18794507	0.35839835	0.47035393	-0.14226094	-0.1749243	-0.51523566	-0.1905475	0.6262763	-0.045729462	-0.17604333	0.22911161	-0.2554034	0.23986845	0.16057566	0.10789969	0.085861936	-0.121065944	0.3319666	0.07355474	-0.14196156	-0.16397433	-0.04353589	0.13180207	0.20922606	-0.39014912	-0.23158567	0.17745218	0.025917843	0.035891715	0.40529484	-0.17836004	0.25964814	0.3016791	-0.26102787	0.03138397	0.04191578	0.0063676434	-0.11342148	-0.13052224	-0.07601464	-0.1761736	0.1372687	-0.12326736	-0.4548251	-0.3816956	-0.3615593	-0.18132506	-0.2103822	-0.049109466	0.030765614	0.30342463	0.17133683	0.034386653	-0.19962771	-0.026612697	-0.01620634	-0.09752723	-0.1009249	0.07121009	-0.36335814	0.0020131127	0.028390368	-0.101277955	-0.3360887	-0.10876999	0.30588254	0.24816711	-0.11546796	-0.08296388	0.42683655	7.6258126e-05
0.032596458	0.06785799	-0.14534761	-0.15611076	0.22754316	0.06256819	0.44065192	0.53144664	0.13318789	0.15327813	0.06304398	0.4031813	0.15931442	-0.051295098	0.1788529	0.50809056	-0.12546976	-0.58042693	-0.4849021	0.21543522	-0.25582558	0.10533138	-0.47619337	-0.32162043	-0.6275115	0.13585223	-0.37540004	-0.13395329	0.110602714	0.36712077	-0.23688914	0.066840395	0.12340565	0.16074337	0.1499895	-0.040106095	-0.5273612	-0.5083221	0.63461334	0.047927238	-0.30703706	0.4260351	-0.40295845	-0.06696075	0.57311916	0.07825261	0.2759863	0.1564996	-0.33971727	0.32681134	0.06690295	-0.07995483	-0.03457254	0.29769215	0.28344482	-0.12006213	-0.12999333	0.34273523	0.6563822	0.4270135	0.32201487	0.41463006	-0.10806351	0.44729483	0.27862576	-0.22242878	-0.48521858	0.1974239	0.014360565	0.012093945	0.2192833	0.068306364	-0.16196592	0.17908949	0.18332788	-0.0298232	0.30515897	0.2237815	0.35165834	0.24690212	0.14058834	-0.15095073	0.0049608937	0.392387	0.3885652	-0.47151425	0.13271287	0.020778194	0.7709869	-0.5027043	0.16089879	0.07194978	-0.2965948	-0.29016128	-0.10914994	-0.028598374	0.027362317	0.24953307	-0.20071429	-0.27888983	0.19233973	-0.20723698	-0.34583253	-0.26753104	0.08327179	0.037133332	-0.013704977	0.44354698	0.37192133	0.28785264	0.19586949	0.26925057	-0.3674116	-0.09489239	-0.17863853	0.28768715	0.02078437	-0.023818322	0.21277286	0.8621724	-0.14282598	0.15843889	0.21839763	0.20670393	-0.40248677	0.3386045	0.7619193	0.04767801
0.15943709	0.31053698	0.11886566	0.2627793	0.79846376	0.9618489	0.18266506	0.56694067	0.15513772	0.32140693	0.15103744	-0.16849579	-0.29225975	0.2122374	0.5469485	-0.23174895	-0.14274928	-0.4873163	-0.553585	-0.02879373	0.23263626	-0.9256742	-0.23004577	0.43753973	-0.52222234	0.79296666	-0.5076645	-0.7189681	0.06192324	-0.20192073	-0.8845817	-0.116204366	0.4460702	-0.38880613	0.13593197	-0.1856438	-0.6587557	-0.33442894	0.4021667	-0.07336691	-0.6167319	-0.09466462	0.12941502	-0.16102749	0.29055148	-0.30122325	0.109432496	0.69376284	-0.5549506	0.26580638	-0.58695596	0.053910382	0.0058096033	0.38759705	-0.14540821	0.3115341	0.18200612	0.073861	0.51477975	0.09632556	0.058087785	0.044648778	0.59262705	-0.012659335	0.23358591	0.029298253	-0.14713879	-0.43664575	-0.26293334	0.31260037	0.6413217	-0.8253394	-0.01648713	-0.07062852	0.75474185	0.64946574	0.6560497	0.71913713	0.27171126	0.30092397	0.056416187	-0.1755944	0.08715624	0.27045956	0.22062849	-0.32623526	-0.10329904	0.05502866	0.48089573	-0.33899483	-0.17149714	-0.04022991	-0.8202908	-0.2233235	-0.47227553	-0.9992928	-0.34575665	-0.1938819	0.32517153	-0.8762024	-0.5232624	-0.47394022	-0.077632144	0.0074773817	0.33580658	0.31356245	0.034521457	-0.0054299114	0.8734135	-0.17200951	-0.42667934	0.09463513	0.1375397	-0.3832908	-0.34316888	0.06877537	-0.78741	-0.36495793	0.88414496	0.39903563	-0.017256638	-0.026258564	0.58475477	0.13634686	-0.52457476	-0.099474214	0.7577226	0.4101782
0.11311145	-0.04505751	0.5903469	-0.19590631	1.0223356	0.48056734	0.33473873	0.71231765	0.59876704	0.04262736	0.3129564	0.115734994	-0.14660224	-0.31437212	-0.085635796	-0.17519198	0.4052814	-0.4019811	-0.5830416	-0.16881287	-0.1658668	-0.5144277	-0.39089242	0.3458343	-0.6527101	0.31039923	-0.37494525	-0.7858034	-0.4328005	0.13585086	0.002062818	0.4032553	0.17516448	0.21648398	0.28515816	-0.06479738	-0.96331906	-0.9791973	0.056840207	0.23518807	0.021219024	-0.5191139	-0.7906823	-0.4831785	-0.024265928	0.0856533	-0.112125926	1.1872839	-0.8933053	0.37526596	-0.597468	-0.65509653	0.5112058	0.054366447	-0.4489859	0.063728124	0.19525531	0.44712672	0.22249624	0.77519995	-0.06996035	0.51537967	0.052752316	-0.17182484	0.4168593	0.098804295	-0.33027056	-0.67776614	-0.1001408	0.05470391	0.42625993	-0.11761218	0.07945387	-0.35776758	0.32716238	0.6501868	1.0257262	0.1728742	0.120042115	-0.35397607	0.96339184	-0.22297372	0.24585696	-0.47690916	0.25456756	0.34060308	-0.46650475	-0.3628664	0.7219138	0.45954987	-0.28039622	-0.28800753	-0.73631954	0.51455444	0.007827372	-0.21433046	0.033178132	0.14889736	0.027859831	-0.86247957	0.006976695	-0.20369227	-0.6697418	-0.6068266	-0.2578992	-0.21893701	-0.19131996	0.14023016	0.07540741	0.4930655	-0.78921235	-0.3215954	0.7524811	-0.5972067	-0.83345646	0.15768164	-0.7124528	-0.15630417	0.04460227	0.5725027	0.2864801	-0.01972595	0.2814153	0.26799875	-0.5368081	0.28530294	0.45208797	-0.42607775
0.11860629	0.21948127	0.34052384	-0.062864006	0.4137154	0.2585108	0.01870649	0.16703819	0.1439893	-0.08882677	0.06149962	0.27542868	0.04101816	0.21091853	-0.010488069	0.14732313	0.19035761	-0.07148793	-0.59458536	0.1258508	0.26369658	-0.59678745	-0.14270358	0.23809575	-0.25908867	0.32450503	-0.016895212	-0.34563407	-0.2722783	0.08224543	-0.21942727	0.05255462	-0.0156677	-0.2224971	0.32672277	0.079670765	-0.08675443	-0.11801898	-0.024308516	-0.023288207	-0.18171297	-0.05795865	-0.21656787	-0.3265955	0.24331582	-0.14524205	0.09072049	-0.05687179	0.000257221	0.14670274	-0.09721882	-0.11374875	0.028200539	0.1886794	0.22766785	0.06541783	0.06315173	0.09710309	0.23251046	-0.08861745	-0.006177625	0.071974285	0.049252227	0.2545277	0.21496104	0.12435092	-0.11108315	-0.015813353	-0.37586713	-0.09955978	0.30379567	-0.16092217	-0.11171429	0.16410546	0.15693408	-0.07139034	0.26873016	0.25702876	-0.03685562	-0.30255786	-0.097591706	-0.17534588	0.24199542	0.31902722	-0.13621998	0.11849169	-0.37751982	0.01556581	-0.011808494	-0.11847545	-0.35430282	0.039831694	-0.35171655	-0.25533444	-0.35106432	-0.26096395	0.031942185	-0.033416804	0.11727859	-0.3798172	-0.12071417	-0.1155137	-0.10895135	-0.06864409	0.10218202	0.109255865	0.070265956	0.15686151	0.25972512	0.107171446	0.021644007	0.3577471	-0.2328511	-0.36409357	-0.08252411	0.32472107	-0.089068174	-0.2727925	0.24526015	0.105712935	-0.091978334	-0.16924247	0.11486883	0.03338773	-0.037946366	0.07281915	0.10581167	-0.013983099
-0.0070341304	0.17758521	0.06330823	0.061314475	0.30525017	0.11176849	0.14194743	0.17843674	0.23867226	0.06442006	-0.030751988	0.10601187	0.056692224	0.07336357	0.015029145	0.057781566	0.08101545	-0.012114009	-0.12980708	0.060669363	0.024649296	-0.044819422	-0.10727507	-0.019810408	-0.2401139	0.06468508	-0.12726656	-0.16567637	-0.08148511	0.043986645	-0.13150395	0.032337252	-0.046309274	0.044337735	0.05911467	0.10039347	-0.12644751	-0.027805934	-0.062169824	0.14997125	-0.27585158	0.05956211	-0.06056322	0.2030893	-0.032834537	-0.1317341	0.04868985	0.23149805	-0.25472158	-0.06293212	-0.099081844	0.028398355	0.2565386	0.019989269	-0.08768601	-0.056255847	-0.014016905	0.13740817	0.072147876	0.028954584	0.03146113	0.10400211	0.08325687	0.106286936	0.06710643	-0.05355977	0.035033677	0.051008426	-0.14595827	0.0729171	-0.0067484933	0.08275544	0.04277048	-0.076746844	0.039843287	0.027625943	-0.03454311	0.15399678	-0.12796155	0.112093575	0.13435385	-0.09792345	0.058005486	0.12033836	-0.057306603	-0.25155464	0.050586488	-0.05501937	-0.02212185	0.0978554	-0.05382302	-0.015729813	-0.095291734	-0.033546187	-0.018680062	-0.09359891	-0.070500605	0.06418058	-0.004938118	-0.19265972	-0.16308373	-0.18883105	-0.19949174	-0.015459141	0.080849804	0.0054089264	-0.07230312	0.06119939	0.22702684	0.035017017	-0.010957003	-0.016161913	0.07113628	0.051574558	-0.1295483	0.042453144	-0.002132613	0.04649389	0.11204838	0.081454426	-0.162506	-0.107836895	0.19496918	0.02200936	-0.05981658	0.036147173	0.17637506	0.04929331
0.1675165	0.5170184	-0.24274345	-0.3845905	0.1862108	0.25374103	0.14179382	0.4534093	0.21800247	-0.0378016	-0.039217174	0.14022665	0.17151354	0.012119303	-0.43767646	0.111653216	0.19777049	-0.88190496	-0.5311035	-0.014237478	-0.20864844	-0.033203606	-0.8399614	-0.27758494	-0.67395806	0.34333295	0.6143489	0.0153077105	0.073751144	0.69103205	0.056966692	-0.021600831	-0.036938217	0.34327036	-0.5793927	-0.25230154	-0.59994423	-0.23138124	0.010267341	-0.26509607	-0.13936847	0.0031041072	-0.21437031	0.049409345	0.097716935	-0.16190705	-0.29184738	0.5151382	-0.34461406	-0.09153724	-0.49573058	0.021617282	0.36890325	-0.11545739	-0.21168606	-0.120606914	-0.131519	0.45168498	0.098427236	0.37235853	-0.4232268	0.18672529	-0.65997	-0.32581976	-0.06944192	0.22654103	-0.23669282	-0.6378871	-0.28498155	-0.31554645	0.19389978	-0.35218766	0.59750724	-0.26503453	0.7837943	-0.16805765	-0.05300683	-0.1369129	0.13344876	-0.28235066	0.10813428	-0.34631145	-0.03526548	0.1024226	-0.35406557	-0.36263666	0.6160834	-0.73635805	-0.37074387	-0.13510366	-0.17558001	0.3017783	-0.330859	-0.3317311	-0.26296133	0.09970233	-0.21447584	-0.23090975	0.0059618596	-0.16443238	-0.3459051	-0.6577015	-0.06217645	0.07307574	0.07614341	0.0711895	-0.39951944	0.4203395	-0.5447913	0.82409793	0.5153601	-0.03665915	-0.08644706	0.05676586	-0.44286138	0.14002675	-0.6903736	-0.019943848	0.3424407	-0.20325857	-0.22530879	-0.0011749435	0.13138607	-0.082925126	-0.57511115	0.32789722	0.50098675	0.32813653
0.10800008	0.07933962	0.16254507	0.067796536	0.15095364	0.05351162	0.18564555	-0.020206777	0.162407	0.048664037	0.10763958	0.18876272	0.0065108784	0.09002684	0.0021313205	0.12409757	0.09737889	-0.026629336	-0.35846162	0.11973038	0.07052846	-0.05976886	-0.23634002	-0.024353094	-0.2909426	-0.109485	0.11254826	-0.14859447	-0.0932855	0.28385517	-0.04539593	-0.12078444	0.15510267	-0.023333032	-0.026162822	0.017746884	-0.22154906	-0.12798052	0.06907024	-0.10001968	-0.19058536	-0.06011116	-0.3607097	-0.24373025	0.13930972	-0.12958759	-0.0110962335	0.13111168	-0.16919094	0.05899343	-0.11973409	0.06787877	0.21476214	-0.0051847105	0.004241526	-0.10043735	0.02726063	0.12447843	0.15200278	0.040463377	-0.19371396	0.1974652	-0.45311865	0.014360533	0.2311216	-0.015421135	-0.13289809	-0.017180571	-0.122919515	0.0648443	-0.031590674	0.12950982	0.10633937	-0.039148036	0.15564603	-0.01236816	0.054271255	0.10367194	-0.12304422	-0.1564871	-0.043017387	-0.085668676	0.05642313	0.24709986	-0.21328959	-0.01691809	0.028949037	-0.027892608	0.022494799	0.18835479	0.06339672	-0.011451784	-0.2415971	-0.005978014	-0.1081738	-0.08893106	-0.044568326	-0.024710255	0.12248391	-0.07284625	-0.1465855	-0.07321872	-0.030221777	-0.24523562	-0.0048541552	0.027825048	-0.09795376	0.012071336	0.22330864	0.14193015	0.025318021	0.06592256	-0.10945444	-0.026065845	-0.17139785	0.077769905	-0.033885207	-0.068820536	0.03846163	0.1309523	-0.01141566	-0.048733596	0.26216415	-0.00453863	-0.17027274	-0.08127221	0.13185418	0.06749294
0.11105618	0.22820775	-0.044782218	0.25757134	0.84526116	0.9784378	0.24424312	0.3536558	0.046531796	0.3906365	0.07955575	-0.14695904	-0.51815826	0.08686661	0.64510536	-0.107491404	-0.15417078	-0.66495126	-0.5124437	-0.041289397	0.23544937	-0.76844144	-0.22795717	0.57514596	-0.65382487	0.9139051	-0.4381916	-0.6316414	-0.028822614	-0.30673867	-0.9477137	-0.040777635	0.3860408	-0.454869	0.21816528	-0.18993327	-0.6549099	-0.28947234	0.5191519	-0.026263572	-0.67297745	-0.111619405	0.20094797	-0.26794344	0.447057	-0.28826955	0.29832184	0.49863714	-0.5254332	0.41990936	-0.7251168	0.13261294	-0.05453675	0.27058706	-0.10136833	0.223445	0.11565235	0.09778793	0.4784348	0.15897845	0.10449496	-0.059797686	0.63951886	-0.033039007	0.34652254	0.028118638	-0.29528326	-0.39543468	-0.19516706	0.3544836	0.64210767	-0.6020015	0.056279127	-0.054745954	0.89336944	0.78706366	0.58780307	0.7446949	0.26170522	0.06830056	0.058156643	-0.17910102	0.030027479	0.4986235	0.038476128	-0.45385638	-0.27785477	-0.08829159	0.62276435	-0.17171279	-0.059151065	-0.03788558	-0.7706367	-0.20518832	-0.6102663	-0.98765945	-0.26856977	-0.27073383	0.37467438	-0.9394292	-0.39820284	-0.45591733	-0.23955525	0.09357938	0.3094681	0.27472478	-0.07509131	-0.014230698	0.8381689	-0.1275297	-0.35567364	0.20367318	0.2165448	-0.2328721	-0.4846696	0.13602243	-0.7010972	-0.44282383	0.9703717	0.4219726	-0.11031355	-0.11416457	0.52668315	0.22482114	-0.67273325	0.0065450883	0.79373676	0.46744043
0.10069664	0.12156618	0.20957856	0.53718483	0.4648367	0.63186795	0.47986454	0.3954681	0.03923622	0.0012424781	-0.09001011	0.4807596	0.69489324	-0.02278296	0.6330429	-0.040199064	-0.12850136	-0.1840487	0.16693303	0.39642793	-1.0680859	-0.398228	-1.3561802	0.16240768	-1.3258668	-0.81153876	1.215674	-0.9661579	-0.38987562	0.027637118	-0.15232933	-0.08393701	0.41445866	0.53114873	-0.19238141	0.41667235	-0.07584039	0.7501802	-0.17149572	0.016564462	-0.45994633	0.904526	-1.076118	0.23067835	0.07544264	0.7760827	0.22479129	0.18918262	-1.2009586	-0.6092809	0.6273938	-0.61195964	0.41233596	0.19640142	-0.14323746	-0.90213156	-0.392129	-0.44216165	-0.18212993	-0.55376035	-0.22313872	0.26524284	-0.326256	0.24534287	0.5715438	-0.10669779	-0.07697093	0.07955429	-0.72729737	-0.50012654	0.34415442	0.40333503	-0.0015356796	-0.80222934	0.85464877	0.91249573	0.12774086	0.18900561	0.32359794	0.34978244	0.024492469	-0.54790735	0.14988331	0.6069266	-0.88050514	-0.60440797	-0.5690935	-0.31344315	0.69230014	0.018653017	-0.9260148	-0.11880138	-0.41448098	-0.54846007	-0.5863315	-0.8520133	-0.03063226	-0.06796935	-0.17490672	-1.5839901	-0.3848692	0.13494998	-1.2846473	-0.27041245	-0.28213876	-0.09608214	0.6458792	-0.51540405	0.26766244	0.09652387	0.043769028	0.051584523	0.56544405	-0.46025229	-0.22578688	0.5775923	-0.65144444	-0.5488648	0.34484908	0.45196798	-0.3967179	-0.3441537	0.44688433	0.41129184	-1.2051444	0.02436902	-0.17075264	0.3572303
0.15223071	-0.23783007	-0.17751162	0.025207205	0.14546002	0.05455767	0.3904738	0.35059476	0.018734176	0.3878582	-0.13279499	0.12134406	0.1118977	0.06770083	-0.10787277	0.45322078	-0.21555413	-0.41716853	-0.03772807	0.19985798	-0.2237162	0.008258023	-0.2123635	-0.44610807	-0.45584738	-0.1923083	-0.266632	0.03059263	0.11136056	0.15271048	-0.062141217	0.051970214	0.04210151	-0.064919814	-0.15212613	-0.1121832	-0.64753854	-0.26811677	0.16483115	-0.059908792	-0.43639582	0.26016784	-0.37991816	-0.16326256	0.12329439	0.10572899	0.17875211	0.057138767	-0.028716344	-0.14954217	-0.033828676	0.15869479	0.08303251	-0.057291415	-0.047992386	-0.019428203	0.23380604	0.19513069	0.34932086	0.14064616	-0.23768228	0.11716016	-0.30399674	0.14374201	0.31791943	0.07557623	-0.17436658	-0.07462852	-0.15824342	-0.083019644	0.18070687	0.19332877	-0.079528056	-0.15509693	0.12269386	-0.22973682	-0.052452024	-0.1064042	0.07288893	0.041988246	-0.16255027	-0.25530797	0.28526706	0.2758151	0.08270744	0.07239443	-0.13439141	-0.15053383	0.07064706	-0.3419287	-0.16243881	-0.23094869	0.22752285	-0.14501059	-0.17074709	0.00301683	0.35942218	-0.019675633	0.13617952	-0.29294783	0.13137014	-0.30989522	-0.3867791	-0.3126228	0.058136225	0.05264537	-0.0599562	0.43519074	0.16875836	0.2552391	0.043008264	0.15415896	0.047412798	-0.06115178	-0.109416544	0.6971677	-0.09149293	-0.031487755	0.16476068	0.16233963	-0.38656247	0.08278803	0.3317167	0.07841914	-0.1260806	0.18622795	0.35398975	-0.26663288
0.116244964	-0.03577558	0.07151854	0.06510863	0.14758928	0.08914875	0.029055705	0.30901247	0.039425876	0.06949607	-0.14959885	0.27389318	0.09553647	0.05643799	-0.043985587	0.049179688	0.049993094	-0.20057741	0.021452412	0.109511614	-0.15302661	-0.09640127	-0.21484506	-0.20545988	-0.33079606	0.027674893	-0.21007897	-0.051763814	0.07411134	-0.041450854	-0.04429714	0.002291059	-0.018060148	0.07765793	-0.07139712	-0.20149797	-0.38373247	-0.1596591	0.071379706	0.011292161	-0.19949171	0.087781504	-0.14869815	-0.07066277	0.06745974	0.044545945	0.17341425	0.25889364	-0.12782885	-0.21491805	0.11435745	0.07194965	-0.03775455	-0.015084317	-0.036065724	-0.051902067	0.15837468	0.211873	0.042314526	0.04495402	-0.21515055	-0.002588799	-0.16064173	0.06707037	-0.0071423813	0.0625667	-0.08180673	-0.15795833	-0.025529005	-0.10891925	-0.087766856	-0.05005044	-0.0031127264	-0.13707529	0.11881402	-0.075125195	-0.043883618	0.008386172	0.14879927	-0.018625675	0.13251911	-0.28447685	-0.044455517	0.03652593	0.08421759	0.000375364	0.11019781	0.0035144803	0.00035927782	-0.06093511	-0.07320366	-0.228982	0.011106042	-0.12716101	-0.053876486	-0.09610046	0.1255457	-0.0821628	0.06818895	-0.16901334	0.087588705	-0.25540265	-0.36743218	-0.093559325	0.0117572835	-0.22569777	-0.17201205	-0.018629175	0.1355568	0.11775988	0.09178318	0.13581462	0.07594263	-0.03880864	-0.016322419	0.19799331	-0.26996028	0.12725946	0.032592576	-0.035551157	-0.22058398	-0.029844055	0.14836225	-0.052968666	-0.055313118	0.10473836	0.13978834	-0.02314593
0.27299964	0.72523	0.38625064	-0.4937015	0.32464856	0.0857214	-0.5707042	0.2650328	0.6186154	-0.010292763	0.11643044	0.06774031	-0.038563292	-0.03839904	-0.56342435	0.84395075	0.35966656	-0.056392137	-0.18781877	0.1829637	-0.0053666225	0.41456816	-0.82019204	0.0050851176	-0.25593895	0.6721981	-0.02967861	-0.17233087	-0.30167025	-0.045711264	-0.11726277	-0.14959486	-0.685509	0.1809094	0.14899594	0.8161315	-0.19143064	0.16901445	0.49477458	-0.52026814	0.40556392	0.25064278	-1.0255903	-0.04580314	0.117428035	-0.5563261	-0.73215336	0.10984566	-0.43701455	-0.7293505	0.14067908	0.20022142	0.004569522	-0.55509156	0.44798478	0.528211	0.08527431	-0.17106602	-0.1195707	-0.67613035	-0.35756886	1.1931196	-0.37903124	0.04294205	-0.107733764	-0.66757536	-0.26084197	-0.22953711	-0.32709312	-0.011366014	-0.61186	-0.075109765	0.5105552	-0.019008609	-0.5258042	-0.056075353	0.26284274	-0.33277357	-0.30219698	-0.43479082	-0.36624524	-0.15825202	0.07978687	0.2041073	-0.49471667	-0.16175239	0.42016894	-0.7689839	-0.20046261	0.041814763	-0.0011072985	-0.17927113	-0.5281602	-0.18459255	-0.025372997	-0.04686471	0.4334093	0.50315315	0.28777194	-1.033482	-0.7304246	-0.6514374	-0.3454685	0.5775487	0.3015385	0.9661364	-0.3126374	-1.1409552	0.5344897	0.19732043	0.6015061	0.6954254	0.7659146	0.16740361	-0.797279	0.21289593	-0.74057126	0.39605978	0.29547885	-0.1625814	0.6744476	0.38101253	0.6660762	0.32653177	-0.7367171	0.19693843	0.6728807	-0.768718
0.30249256	0.08370529	-0.13899222	-0.011464607	0.20106544	0.03726682	0.3114665	0.39763996	0.13392597	0.15946932	-0.2967428	0.3978526	0.053984396	0.0008458827	0.22079651	0.44881907	0.22908714	-0.23478146	0.26349843	-0.076242246	-0.54314524	-0.2979785	-0.36154208	-0.5148443	-0.55498403	-0.14268441	-0.4133818	0.2298732	-0.08031435	-0.21822542	0.06353914	-0.2947344	0.17332213	0.34113228	-0.18046315	-0.07925892	-0.56270075	-0.4522984	0.24328203	-0.04150059	-0.41433284	-0.037424155	-0.17613207	-0.16670384	0.1575762	0.08805741	0.0024563195	0.30014905	-0.13905652	-0.23546638	-0.074223645	0.076352976	-0.35798007	-0.16614017	-0.030348957	0.6152289	0.12397538	0.57640594	0.26533014	0.22940831	-0.48115155	0.4284465	-0.60162276	-0.050039623	0.16365644	0.0126575865	-0.28700233	-0.23386134	0.04454845	-0.23476192	-0.05096275	-0.21459311	-0.16257593	-0.2881008	0.19719768	0.23141977	0.3884567	0.07397675	0.34112972	0.20594937	-0.13844211	-0.5056231	0.44114494	0.09330375	0.18211895	-0.094649866	-0.098139405	-0.20187299	0.29370657	-0.094919674	-0.14878736	-0.3693134	0.27291787	-0.32671854	-0.049984075	0.008939358	0.45456043	-0.13991185	0.012700661	-0.5104319	-0.09400971	-0.43719563	-0.6292521	-0.23044395	-0.056636587	0.10320229	-0.061805326	0.34716827	0.23867296	0.22678074	0.24500754	0.22431873	0.28541562	0.13504705	-0.48454896	0.5165227	-0.09475712	0.07168157	0.28193054	0.37916344	-0.7139592	-0.000644004	0.7411172	0.07555192	-0.21049146	-0.015236185	0.91429186	-0.33511937
0.1675636	0.19436958	0.19109501	0.28279883	0.79622775	0.76565707	0.20632744	0.068401106	0.4311234	0.15088046	-0.091807775	-0.26007235	-0.55138415	0.07687519	0.55719846	-0.17356768	-0.16294685	-0.62961715	-0.43344176	-0.029292876	0.4691115	-0.7440933	-0.13507508	0.373489	-0.5651797	0.9960244	-0.5591812	-0.58505106	0.20194887	-0.41113478	-0.9348751	-0.041677546	0.39328223	-0.49758035	0.10023506	-0.06915525	-0.67881715	-0.22145355	0.45652056	-0.034023244	-0.51434416	-0.21592034	0.24856414	-0.24871211	0.46354645	-0.29281288	0.11419496	0.3951385	-0.6199916	0.29266074	-0.6732063	0.15691823	0.14686866	0.397839	-0.030251985	0.12986593	0.21500559	0.30773792	0.5142863	0.20196831	0.09440523	-0.07225913	0.74867606	0.053568777	0.43010402	0.1604455	-0.39485723	-0.375341	-0.16344382	0.26114023	0.58748937	-0.5038164	-0.16534066	-0.1401742	0.76531094	0.6487533	0.6208116	0.7850059	0.112792514	0.04415047	-0.11682093	-0.08809975	0.23774658	0.6085132	0.03974853	-0.258861	-0.20371677	0.013016617	0.6836324	-0.19902746	-0.39942968	-0.24074897	-0.82765955	-0.06989493	-0.639705	-1.1001391	-0.28410378	-0.33033887	0.25902617	-0.8664647	-0.2927608	-0.3691062	-0.23373601	-0.117422424	0.34045345	0.23771434	0.058367174	-0.10504711	0.81698734	-0.008212893	-0.3292635	0.27113515	0.13010938	-0.44890758	-0.42746115	0.13359044	-0.7231229	-0.5317174	1.0018114	0.3564085	-0.28720883	-0.15030795	0.49494222	0.17524047	-0.47666812	0.15387245	0.50494915	0.5769711
0.12565754	0.07650185	0.16225539	0.121088125	0.14894588	0.059146732	0.19901863	-0.02312717	0.12554662	0.054783925	0.06735153	0.20317836	0.003566649	0.103394784	-0.0117279	0.105834	0.14423661	-0.0342009	-0.35757047	0.118421964	0.07482431	-0.05892982	-0.25786608	-0.03223258	-0.28797898	-0.11791572	0.06516842	-0.15010706	-0.10874082	0.2486578	-0.05640513	-0.106449395	0.16922718	-0.0027114628	-0.008444192	0.053520285	-0.21091095	-0.13722324	0.060370225	-0.071485944	-0.16957432	-0.044588078	-0.33432546	-0.23181127	0.14394324	-0.13529862	0.01963932	0.15649936	-0.19706278	0.0582981	-0.16294822	0.06149193	0.19756514	0.013253965	-0.0102371415	-0.106609784	0.0070310095	0.1276242	0.16348816	0.084262535	-0.17820227	0.2379393	-0.39187756	0.032337304	0.2294496	-0.03158475	-0.1275979	-0.06604308	-0.116882466	0.05356295	-0.04058202	0.119408324	0.089120045	-0.025294553	0.23750778	0.0039406596	0.07194845	0.081981845	-0.09592016	-0.11695087	-0.045610752	-0.026551789	0.04483792	0.2488561	-0.20166795	0.026598724	0.03040357	-0.030289834	0.018219411	0.18212938	0.0112927165	-0.0031915295	-0.24367805	0.0019351105	-0.10468174	-0.092834026	-0.070513725	-0.019990057	0.09364895	-0.07660862	-0.1540561	-0.033391614	-0.033819757	-0.2437282	-0.01522914	0.042982664	-0.103283264	-0.0014998666	0.24707969	0.15120262	0.037665173	0.014290961	-0.098879255	-0.0030807129	-0.1811796	0.09897733	-0.02851092	-0.097338594	0.044416625	0.15744121	-0.0068979156	-0.053044852	0.30061102	-0.042176638	-0.154253	-0.075166486	0.12835258	0.068915516
-0.7172553	0.6565459	0.3019708	0.22574449	0.47870398	0.5665179	0.44547388	0.40874863	0.8828506	0.27693534	0.11006394	0.3810214	0.18215324	0.35227245	-0.018176025	-0.7083957	0.40247107	0.15506937	-0.7982751	-0.6187206	-0.48338705	0.12864836	-0.28135574	0.41597039	-0.5363582	-0.06156708	-0.13856529	-1.523766	-0.50451833	0.50516725	-0.50816035	-0.03646328	-0.12384485	-0.048640266	-0.23718512	-0.07205181	-0.07537866	-0.72448605	-0.48275203	-0.1105795	0.5241563	-0.08171097	-0.1247501	0.1939426	0.82879674	-0.014308796	0.808799	0.314143	-1.2421666	0.28090122	0.20735869	0.5401182	-0.03137487	-0.35758922	0.43232355	0.4965307	0.07739559	0.12666091	0.53867483	-0.18557128	1.0646739	0.49758348	-0.1849236	0.07524284	0.6193746	-0.22062318	-1.1247364	0.13342951	-0.36284637	-0.102680966	0.37940502	0.26470023	0.47584417	0.23717704	-0.44726324	0.66145784	0.3416006	0.4733851	0.53227943	0.3111166	0.14294249	-0.6058921	-0.1916963	0.25260848	-0.116898715	-1.5145286	-0.13703066	0.27899143	0.5038703	0.09062068	0.5549241	0.060073525	-0.65314955	-0.47828937	0.27091983	0.56695485	0.6065811	-0.16360533	0.81973845	-0.3791999	-0.5675182	-0.8701427	0.19046567	-0.382968	0.06354275	0.34665415	-0.44820032	-0.097646624	0.13657688	0.6274079	0.70531416	0.7785793	0.26169935	-0.2888684	-0.55398947	-0.74792755	0.77648824	-0.061850976	0.25579205	0.8659974	-0.3110682	-0.19775419	0.2776543	-0.5641338	0.29493633	0.5092001	0.9818432	0.1479709
-0.23303902	-0.40846813	0.6031481	-0.29413238	0.26115885	-0.43364987	0.8000574	0.5756904	1.1878136	0.09307993	0.41359335	0.26732755	-0.35833937	-0.13510697	-0.1250876	0.25037792	0.7274506	0.15110044	-0.5616287	0.40661433	-0.12452135	0.3113747	-0.783317	-0.36866796	-0.79606164	0.29742506	0.28345504	-0.30557367	-0.21737857	0.023074105	0.09522393	-0.05172648	-0.50366336	-0.54915047	-0.5198516	0.5927375	-0.5112598	-0.28432444	0.16977847	-0.22002669	0.46333268	0.03426389	-0.6307869	-0.26063153	0.21610944	-0.5676553	-0.25357994	-0.245833	-0.9392207	-0.14357041	-0.3220858	0.5517349	1.1536613	-0.04917873	-0.20046836	0.5075138	0.43021533	-0.38641185	0.08867548	0.01373735	-0.16236466	-0.37641793	-0.53658044	0.55297685	0.47742826	0.18683112	0.3271633	-1.3366189	-0.3817101	-0.4656245	-0.57982814	0.35651806	-0.36843914	-0.5174592	0.049785454	-0.44799998	-0.4076641	0.11957213	-0.32448944	0.27558637	-0.81838197	-0.3653502	0.97628516	0.32737184	-0.030138012	0.29856867	0.62293404	0.16285071	0.47856778	0.672436	0.37606186	-0.53533477	-0.9712694	-0.35610247	0.28182876	-0.15655926	0.29473814	0.08681804	-0.2556375	0.24074756	0.20855688	-0.96670175	-0.4324818	-0.0043021133	1.0116807	0.70999306	-0.17871429	-0.671268	0.54983324	0.5398159	0.50830734	0.6221524	0.5093422	0.17285004	-1.0215938	0.97003037	-0.74843216	-0.17075743	-0.10175441	0.11345642	-0.3563175	-0.7115151	1.1172074	-0.58326614	-0.7654121	0.17695417	0.22892895	-0.03503696
0.112778895	0.017010918	0.06971141	-0.051589563	0.1270512	0.10079882	-0.22446734	0.07208347	0.012205103	0.049905166	0.15480736	0.18834846	0.048736244	0.08912942	-0.03373164	0.20543784	0.2803528	0.0012352826	-0.0017694974	0.12960449	-0.115341604	-0.050834764	-0.06437851	0.067944996	0.030144146	0.21517348	-0.040380023	-0.037927106	0.04232021	-0.018699247	0.062207732	-0.12919433	-0.1563762	0.12488805	0.10169254	0.13207246	-0.049765952	-0.0137466295	0.15896507	-0.051112946	0.022305924	0.18753861	-0.25610262	0.09133326	0.0076984703	-0.31357872	-0.23248957	0.23341386	0.041691057	-0.12839752	-0.0801604	0.114746355	0.2793614	-0.13275349	-0.017090285	-0.09966227	0.03868693	0.2824847	0.17620964	-0.10926777	-0.11315202	0.115719765	-0.18086535	0.019544486	0.068863325	-0.12629688	-0.0076573626	0.059239045	-0.024935795	-0.04180894	0.059439432	-0.11052178	-0.050360717	-0.07810857	-0.06443848	0.16366218	0.17652214	0.094602995	-0.094594896	0.09687293	-0.2613208	-0.383426	0.15428555	0.16919693	0.017315386	-0.33678558	0.23833008	0.02305061	0.18720736	0.0063157156	0.063395955	-0.101962104	-0.20265184	-0.08851276	0.080021754	-0.033295628	0.028669197	0.22084323	0.07431015	-0.14781141	-0.12595649	-0.29773343	-0.25311852	0.18884303	-0.050770797	0.057680685	-0.12905304	0.023305347	0.17006305	0.23858868	0.093442105	0.17786059	0.10077655	0.049626973	-0.07421565	-0.056018624	-0.23249467	-0.017445918	0.10016895	0.06842156	-0.008334611	-0.10577197	0.28028122	0.005872094	-0.146655	0.007938069	0.26098	-0.026113147
0.038727388	0.04776598	0.13878913	0.07097527	0.22652611	0.10316223	-0.0032580523	0.19357209	0.22798964	-0.042418372	0.023824362	0.17987788	0.13834912	0.008802012	-0.08387098	0.021278987	0.08192944	-0.11613494	-0.2084152	0.11397558	0.068562396	-0.15509172	-0.08273086	0.04919597	-0.22365144	0.03551835	-0.030295523	-0.15154	-0.05329839	0.016730513	0.023134587	0.05698257	0.031786535	-0.032852408	0.06882894	-0.08585832	-0.11126224	-0.0593645	-0.04213665	-0.009462962	-0.18346539	0.036529876	-0.17005083	-0.017600108	0.05167819	-0.011602094	0.02232894	0.07220125	-0.05719562	0.00026115487	-0.0055680885	-0.08122837	0.111528575	-0.07267442	0.075634934	-0.10939764	0.07107021	0.014061305	-0.012704738	-0.047457743	-0.046694253	0.18598545	-0.07265339	0.15450981	0.16701467	0.07058755	0.061589092	0.056800462	-0.12202507	-0.12590648	0.0049727126	0.042494245	0.019127922	-0.03436689	0.013464903	-0.071774796	0.106749594	0.027020136	0.013579197	0.058573395	-0.024509197	-0.22007036	0.0017935092	0.11796459	-0.15826818	-0.07901848	-0.047492936	0.006120599	0.08722348	0.042019907	-0.08625939	-0.090397224	-0.13306402	-0.20422187	-0.098289184	-0.21517332	0.10834916	-0.0074900165	0.053355373	-0.11222055	-0.081716485	-0.16336344	-0.2670251	-0.09312823	-0.06445686	-6.8766334e-05	0.018579409	0.044723682	0.10907705	0.053135667	0.029621098	0.17924252	-0.08724292	-0.014430109	-0.06754746	0.06351543	-0.119639814	-0.043978967	0.10781391	-0.057747696	-0.020176895	-0.08589329	0.096412286	0.07119878	-0.13538897	0.024594136	0.14240167	-0.030104464
-0.37039	0.21940264	0.050181534	0.7631765	0.52530175	0.18041594	-0.27578196	0.39240527	0.5259277	0.48301232	0.10814849	0.27582908	0.2500751	0.24358396	-0.7358863	0.03873299	0.03411806	-0.03540567	0.34841907	-0.017719548	0.45585325	-0.3162654	-0.3933871	-0.12218431	-0.1282907	0.3787711	-0.29036012	0.1582395	-0.30054682	0.58249575	-0.048795756	-0.056695342	-0.39095518	-0.3507573	0.3240953	-0.14185554	0.13001108	-0.71206534	0.32018209	0.08679384	-0.27046755	-0.021426596	-0.088693656	0.32893515	0.3107953	0.19614512	-0.43663353	0.1185336	0.14315677	-0.27268153	-0.43548548	0.5739481	0.27922302	0.22303823	-0.22310492	-0.4679941	-0.34640357	0.7897029	0.27986595	-0.23073691	-0.11228199	0.19831523	-0.2811787	0.53531986	0.19910932	0.024104323	0.061570894	0.20734312	-0.009736978	-0.32628635	0.27889976	0.14194793	0.030687327	0.06557092	0.15746167	-0.10693338	-0.16353251	-0.14737679	0.11788326	-0.11442134	-0.1736417	-1.1810423	0.10108765	0.35573328	0.47010708	0.09888107	0.56520414	-0.14894398	-0.22872858	0.27668875	-0.27438703	-0.1680743	-0.68967617	-0.15221266	0.11083996	-0.26799488	0.02616017	0.8582684	0.87395597	-0.6587146	-0.4965625	-1.216538	-0.69690526	-0.69415206	-0.08040518	0.19851187	0.23688608	0.36350334	0.0051517235	0.8521359	0.45076415	0.32907578	0.07490783	0.17928703	-0.54560566	-0.22745644	-0.09565387	-0.08298451	0.42944196	-0.10970837	-0.045069214	0.041282646	0.39039695	-0.35524645	-0.21799193	-0.43110436	0.62361974	-0.3567985
0.01892138	-0.07691198	-0.18732204	0.1781875	0.27992776	-0.0022359812	0.20136394	0.14332074	0.07687266	0.10975204	0.009370256	0.0288631	0.026864232	-0.024714282	0.18120997	0.062396232	-0.06994725	-0.23774306	-0.1503215	0.12824807	0.18168454	-0.20679498	-0.26284045	-0.21506116	-0.15761743	0.061654128	-0.073304355	-0.10105396	0.111827396	0.08246755	-0.25771874	-0.0054348265	-0.06399138	0.12155987	-0.124497294	0.06896498	-0.34679484	-0.15150973	0.18768159	-0.027486723	-0.16857877	0.039983936	-0.16796066	-0.05574079	0.13229443	-0.21976113	-0.04129401	0.23278408	-0.20826656	-0.04287752	-0.13972503	-0.10606895	0.1860441	-0.011670331	-0.041560363	-0.11785086	-0.08375292	0.12961592	0.11367984	0.17429551	-0.084293805	0.0978632	-0.19456498	0.01496683	0.08959038	-0.007708599	-0.025680529	0.16982804	-0.046549164	-0.006737901	0.13923915	-0.035240304	0.04991431	-0.10410574	0.16452573	0.0424708	-0.0032388535	-0.037459735	0.20566836	-0.09825147	0.042875487	-0.116770774	0.021176051	0.2692274	0.055427857	-0.2703072	0.018186016	-0.041063648	0.13357171	0.07246994	0.074581	0.11210694	-0.25051114	-0.17633766	-0.15813604	-0.18463702	-0.021031247	0.10810306	0.10293087	-0.13235103	-0.13863523	-0.28028303	-0.1981306	-0.015294824	-0.087408796	-0.027299393	-0.024886005	0.14065464	0.05508266	0.07285888	0.1990386	0.15815091	-0.017385082	-0.022792	-0.097077206	-0.0802259	-0.0076318663	0.065957025	0.15796049	0.0069071557	-0.21120864	0.0003993601	0.12040913	0.0861182	-0.20267811	-0.012345186	0.104025505	0.12853386
0.043517265	0.14014901	0.049596395	0.16105697	0.26711574	0.1742191	-0.4823055	0.28987294	0.033304796	-0.05065991	0.26020047	0.1390874	0.19661061	0.22893953	-0.020664083	0.31430703	0.569699	0.28887665	-0.11162547	0.14216292	-0.12242361	-0.23983715	-0.1779491	0.05307146	0.20151593	0.1311228	-0.333309	-0.29322535	-0.0050053126	-0.024217604	0.16621229	-0.33331183	-0.31153804	0.23326129	0.018404812	0.13371724	0.04217826	-0.09896945	0.21530452	-0.21791828	-0.23046744	0.32460815	-0.263191	0.28869638	-0.16330916	-0.6109405	-0.37298465	0.37840396	-0.020094888	-0.050536755	0.01175157	0.10714793	0.16364084	-0.091342635	0.042851508	0.17432092	0.42431352	0.5231187	0.2722316	-0.14594886	-0.24522904	0.074432716	-0.29998472	0.2427777	0.047296207	-0.15193395	-0.098898575	0.31434518	0.23900747	0.017363377	0.013306765	0.080422364	-0.11641631	-0.20160869	-0.30518448	0.04040148	0.10721584	0.23919745	-0.23673359	0.28307414	-0.26058096	-0.3706036	0.09513787	0.22156352	0.23841546	-0.48664242	0.3975887	0.007239465	0.3965222	0.15715013	0.20559372	-0.2292143	-0.3464526	-0.25301388	-0.07048634	-0.05285695	0.16559196	0.06287024	0.04164177	-0.04719925	-0.14125334	-0.25813958	-0.394493	0.1858915	-0.20398208	0.087984405	-0.20505288	0.12256111	0.12747803	0.20375402	-0.13173781	0.22014996	-0.058272954	0.10516737	-0.20388502	-0.08551636	-0.18346134	0.101114266	0.07876241	-0.07906348	0.083106555	-0.008408631	0.44788507	0.16280049	0.07226249	0.31224915	0.6195921	-0.066534415
0.09189846	0.2815092	-0.117221594	0.35220164	0.5820768	0.7122986	0.16669689	0.08216921	0.55772734	0.0036138303	-0.19488324	0.46778235	-0.119071804	0.30160034	0.2597152	0.026943853	-0.24774404	-0.10033111	-0.45722285	0.064536005	0.14181763	-0.33868337	-0.17924456	0.57678795	-0.36098525	0.2975386	-0.13388965	-0.40849918	-0.25000742	0.27966177	-0.25043017	-0.0012054173	0.08349194	-0.16936016	0.114088126	0.12825824	-0.088913865	-0.0683867	0.06353222	-0.10326254	-0.16144054	-0.39906067	-0.15848789	-0.31447154	0.29349163	-0.2737307	-0.07563663	0.14737035	-0.13517173	0.017850986	-0.2041952	0.117137596	-0.22595468	-0.24826345	-0.051566496	-0.02932253	0.18474872	-0.52522826	0.06764077	0.21255763	0.21319684	0.11245723	0.14275903	-0.077294715	0.555391	0.029073099	-0.23565418	0.6330292	-0.008384234	-0.11784941	0.19687897	-0.21460144	0.23631676	0.01635596	0.27447492	-0.14255127	0.24874663	0.28301695	0.1532057	-0.22148217	-0.22772352	-0.7642504	0.3353467	0.604262	-0.12687327	-0.45347288	-0.3405196	0.48108187	0.6552824	-0.25588202	0.35457975	-0.24662098	-0.6465387	-0.22317268	-0.25466487	-0.65923166	0.2144234	-0.2122325	0.553705	-0.0690159	0.012136551	-0.5504521	-0.6104588	0.13395572	0.05625472	0.1267592	-0.28455362	-0.1709735	0.8592459	-0.06445426	-0.03760546	0.29669708	0.2832641	-0.1814977	-0.4169892	-0.016143916	-0.15666124	-0.06995312	0.5174548	0.2806897	-0.003321113	-0.14175081	0.40593565	0.18218003	-0.58028376	-0.121953465	0.50665456	0.32798675
0.07709358	-0.14289665	0.4848336	-0.3110751	0.8617915	0.42855242	0.38644916	0.5218162	0.58197963	-0.04568405	0.36897257	0.08262103	-0.1597971	-0.25748622	-0.10012669	-0.1340995	0.43942872	-0.48937416	-0.5224587	-0.10860593	-0.12169974	-0.3895718	-0.38809377	0.2954409	-0.5399272	0.37061733	-0.26585683	-0.72294986	-0.35497	0.123209625	-0.010455092	0.46231905	0.2465924	0.13730383	0.25971946	-0.09543775	-0.8736732	-0.9175023	-0.009363025	0.18398507	-0.030427799	-0.59144837	-0.68187284	-0.40058723	0.056196406	-0.08609145	-0.11079745	1.1914124	-0.9475096	0.43505582	-0.5470805	-0.62510705	0.6266699	-0.07751353	-0.5246443	-0.13180675	0.30329525	0.53005856	0.15744874	0.8110483	-0.17212817	0.5084594	0.1731812	-0.18594943	0.5013206	-0.005340416	-0.40562397	-0.61371934	-0.16799062	0.09883241	0.32681584	-0.032601453	0.1254204	-0.23066096	0.31192046	0.43883687	1.0055945	0.15950352	0.111975044	-0.24210063	0.73371553	-0.16507205	0.25228244	-0.356952	0.120782785	0.3774798	-0.4945317	-0.35077596	0.71140325	0.39894083	-0.24659225	-0.23478168	-0.7617724	0.5893138	0.038717814	-0.24955794	0.051628575	0.13905345	0.012911628	-0.7226018	0.031417053	-0.10725341	-0.6853891	-0.421623	-0.19232541	-0.10114941	-0.08647032	0.08314	-0.010330113	0.43818772	-0.5757917	-0.17311536	0.8291247	-0.64864194	-0.79108644	0.01195717	-0.61549366	-0.1811116	-0.04452506	0.42674103	0.32934976	0.016477408	0.22642726	0.2668408	-0.5124448	0.270089	0.504221	-0.29567024
-0.1847532	0.11862587	-0.38308623	0.2057658	0.71454865	0.40829197	0.44076166	0.41211802	0.25511038	-0.06424768	0.32008573	0.16753812	0.17329472	-0.3456492	0.42811155	0.24843185	-0.06129649	-0.53245986	-0.39613712	0.4518983	0.09318177	0.120878115	-0.54596853	-0.473135	-0.20058207	-0.068481445	-0.6487617	-0.35447207	-0.2259712	0.2747019	0.16713852	0.11388206	0.13579465	0.16654485	-0.23466443	-0.033556893	-0.78032905	-0.2919428	0.2362461	-0.25467697	-0.28543654	0.10698138	-0.72801936	-0.20225963	0.5360351	0.063763745	0.31392008	0.3271214	0.024395617	0.030866584	-0.022984384	0.021518854	0.0132097555	0.20028712	-0.13997553	-0.06662776	0.18199351	0.398954	0.39480865	0.5644997	0.32118288	0.4666454	-0.0006268526	0.16737293	0.44947577	0.0062396424	-0.1567068	0.66305685	0.07424528	-0.01210567	0.30803278	-0.20073539	0.29279026	0.04907795	-0.23647998	0.15797669	0.23885347	-0.30072537	0.28338337	-0.016414383	0.14165048	-0.11566427	-0.015102885	0.2940937	0.4180854	-0.3791622	0.013468847	-0.18964048	0.32168806	-0.27231583	0.052029062	0.0107228	-0.34927678	-0.11456141	-0.5075316	-0.08340946	0.2761593	0.17748782	0.19123508	-0.25301012	0.043090854	-0.5767991	-0.19839057	-0.5047902	0.02223793	0.24942338	0.020208832	0.74458444	0.21850114	0.35694325	-0.02934885	0.54030687	-0.31879732	-0.19452746	-0.2374273	0.25484148	0.14153762	0.32142472	-0.061194062	0.24403498	-0.038482938	0.37270743	0.11749095	0.15340224	-0.1956424	-0.07205114	0.6923164	-0.3322061
0.073078565	0.25701255	-0.027144639	0.12987143	0.19738081	0.563313	0.01958724	0.057327252	0.11515575	0.031882	0.045392092	0.22282244	0.041530475	0.27036393	0.04708341	0.33302584	-0.1955407	-0.19094047	-0.13254349	0.01887111	-0.15970254	-0.17590931	-0.37108997	0.083818674	-0.39648294	0.3315685	0.02729511	-0.18389511	-0.016040482	0.26525503	-0.24972773	-0.12495264	0.17099744	0.027927779	0.24370423	-0.03017091	-0.037547678	-0.09947567	0.3791025	-0.24222483	-0.26078105	-0.057821672	0.11340204	-0.12595429	0.24662311	-0.29458898	0.085919075	0.20560001	-0.09499828	0.073450126	-0.11087723	-0.008149644	-0.030333558	-0.019123893	0.028774291	-0.32049352	0.10271291	0.051332407	0.051024854	-0.007080072	0.11167751	0.29595962	0.077035554	-0.071546406	0.10067242	-0.13095117	-0.19592808	0.54174227	0.0076662013	-0.023214117	0.16515553	-0.005928904	0.34357506	0.039413463	0.27255532	-0.07883595	0.20777577	0.21956024	-0.109293155	-0.079394564	-0.34644938	-0.4535563	0.21985577	0.18923739	-0.06496784	-0.3297941	-0.14323367	0.1416435	0.15634893	-0.1380406	-0.02110381	-0.056265462	-0.46989897	0.0001625125	-0.1536576	-0.115652144	0.09658785	0.0917119	0.021055259	-0.19508755	0.18224406	-0.35170144	-0.1838646	0.05945292	-0.08532895	0.29447174	-0.053323843	0.24334359	0.37436357	-0.017207943	0.0994449	0.17085052	-0.024937209	-0.09725694	-0.11290332	0.07454815	-0.23143138	0.024460822	0.35489947	0.34482244	-0.08566596	0.11636394	0.2600984	0.1415096	-0.3242038	-0.028689995	0.4059065	0.12010707
-0.121573225	0.38703528	-0.038742516	0.67304134	1.0151346	0.8623002	-0.33631358	0.42716208	1.3139662	0.8329081	0.1950688	-0.016759519	0.047248844	-0.0024067413	-0.24282604	0.23401885	-0.72573715	-0.49940783	-0.1986004	0.38033155	-0.40692684	-0.10842674	-0.9054873	-0.005459217	-0.25790393	1.4266204	0.12881501	-0.06156445	-0.208717	1.2292569	-0.45014858	-0.658878	-0.14295067	-0.22436301	0.4912359	-0.69770545	0.39084986	-0.17571624	0.67745227	-0.28780612	-0.7903037	-0.22999333	0.267326	0.2587475	0.4757046	-0.39629692	-0.57983434	0.30778816	-0.36717415	-0.18397006	-0.65012884	0.39844587	-0.085721925	0.51489323	-0.65884566	-0.43512967	0.3412294	0.37848377	-0.012684189	-0.46772692	-0.2164872	0.5288935	0.10547984	-0.03359282	0.024593513	-0.08842844	-0.27711695	-0.014705306	-0.3330734	-0.43184423	0.72794235	0.37311944	0.39110118	-0.51886934	0.48704362	-0.5042236	0.2299759	0.030263724	-0.21777521	-0.41128358	-0.89308953	-1.8145001	-0.15475282	0.20442012	-0.090125114	-0.06824913	0.35738954	0.12930657	-0.18154164	0.34416094	-0.4172549	-0.9008704	-1.1771045	-0.014953997	0.16930404	-0.41077375	0.26554948	0.2847505	0.44273356	-0.538997	0.08296159	-1.2755826	-1.1640532	-0.33851674	-0.2978739	0.5585139	-0.076353855	0.446019	0.21663302	1.0953261	0.5565059	0.62909615	0.32957652	0.0041341227	-0.9658985	0.13194671	-1.0235779	0.20789465	1.0993044	0.14882898	-0.2896415	-0.046003256	0.744156	-0.023672877	-0.85445875	-0.6530924	0.65672284	0.016778802
0.11807976	0.12569271	-0.11839881	0.02916095	0.4860835	-0.002329293	-0.4709025	0.6692929	-0.07722216	0.07033689	0.09983704	0.46764952	0.28867072	0.3404161	-0.035997823	0.57779616	0.754086	0.16922548	-0.27945426	-0.009209463	-0.2337217	-0.6610512	-0.13269725	-0.2447236	0.09492987	-0.12116968	-0.4591458	-0.27443314	0.04786192	0.15591076	0.09366145	-0.32757434	-0.2475877	0.38402256	0.30163833	0.02966349	0.24889247	-0.24502367	0.5298877	-0.20413445	-0.56574595	0.55396324	-0.4160382	0.2763064	-0.12116205	-0.51865196	-0.31439644	0.35501635	0.20744146	-0.17477922	0.22713235	0.2804275	0.11439473	-0.07344336	0.24788918	0.44614887	0.5193626	0.5605158	0.58741295	-0.16369586	-0.29962182	0.2597065	-0.43562973	0.43862164	0.26533237	-0.12755111	-0.19012639	0.54920155	0.14268515	-0.11009086	0.11825495	-0.009496229	-0.31593856	-0.25076488	-0.4080118	-0.23897134	0.14237864	0.45231208	0.19748048	0.29732162	-0.5559641	-0.5390581	0.29901335	0.40034783	0.55542564	-0.39713594	0.04144372	0.09389839	0.65344876	-0.008369418	0.48416364	-0.38131237	-0.041429825	-0.231445	-0.078260444	-0.072269164	0.684155	0.0014052351	0.26228192	-0.17647085	-0.091150776	-0.47889337	-0.8661205	-0.0064321044	-0.4104256	-0.039625123	-0.24629244	0.44136888	0.2798745	0.103943996	-0.2750584	0.1688955	-0.12453748	0.070851624	-0.2669112	0.23469304	-0.05378308	0.023098566	0.07688642	0.04038463	-0.028654667	0.0709601	0.65086496	0.2934874	-0.004715035	0.48863682	0.9602064	-0.23212479
0.19253515	-0.20958324	-0.111210525	0.07263044	0.18776043	0.073569655	0.41757846	0.3538715	0.10916942	0.3694029	-0.13350534	0.14658906	0.17486197	-0.047173865	-0.05722633	0.39254296	-0.19898264	-0.39709914	-0.07259443	0.1383289	-0.18267001	0.008003846	-0.15402207	-0.48341686	-0.47853598	-0.17714137	-0.24327816	0.005899677	0.12233943	0.12491777	-0.109077975	0.00027644867	-0.015011085	-0.100677736	-0.14714092	-0.2056679	-0.6649448	-0.23374428	0.18029706	-0.07613737	-0.4689675	0.30811906	-0.41164812	-0.16972546	0.11048948	0.12481352	0.17168824	0.017450793	-0.088741116	-0.15129639	-0.031691093	0.10832393	0.09276617	-0.06984981	-0.051756773	-0.06501355	0.15432477	0.16491835	0.31145388	0.18300833	-0.28887844	0.14568366	-0.28503567	0.1018264	0.36412802	0.114494815	-0.20286857	-0.10619689	-0.1235026	-0.08625341	0.15599075	0.17177822	-0.1021002	-0.15887924	0.14506283	-0.20938219	-0.07425459	-0.08093129	0.07721174	0.05262897	-0.13284847	-0.32219657	0.30729753	0.30598438	0.06744994	0.1235208	-0.15161029	-0.12685265	0.11475033	-0.29708692	-0.18772052	-0.24841733	0.1202697	-0.1275855	-0.11362037	-0.041163094	0.36868075	-0.008134183	0.16572775	-0.289967	0.08265591	-0.2754138	-0.44641674	-0.3426867	-0.012282202	0.011584763	-0.058772318	0.35834447	0.11265428	0.20463426	0.05628061	0.17257051	0.051749837	-0.1328614	-0.10853763	0.57851267	-0.14122997	-0.030462492	0.25502998	0.16778827	-0.36607084	0.033923358	0.3205485	0.028159881	-0.09719312	0.16732404	0.32894212	-0.2556987
-0.0037436683	0.17042571	-0.023689862	0.03176624	0.15452123	0.13935372	0.21525952	0.058803592	0.1107284	0.11591551	0.009281847	0.19178917	0.14404944	-0.049386915	-0.07556506	0.009405816	-0.08770286	-0.23098525	0.08709274	0.11073282	-0.04752374	-0.1394049	-0.3009688	-0.06523313	-0.34986815	0.045755096	-0.114737734	-0.23112364	0.026635258	-0.016829124	-0.2634056	-0.22669779	0.13325989	0.028632434	0.107694596	0.0036527074	-0.10169005	-0.12941171	0.010765091	-0.04607802	-0.23048896	0.07213233	0.018018901	0.16014169	0.10994775	0.03183505	0.13106522	0.27574107	-0.034855653	0.09909986	-0.016804924	-0.037923537	0.02594202	0.012136989	-0.008886085	-0.04744316	0.13076729	0.1770733	0.02690799	0.0074771442	0.017781781	0.06631176	-0.075153954	0.026024245	0.11228048	-0.115108445	-0.12161442	0.047413807	0.045651957	-0.25271806	-0.01292753	0.105286464	-0.070911214	-0.07770737	0.23541941	0.080375515	-0.18374541	0.088065736	-0.031712797	0.163693	-0.07395032	-0.33708066	-0.01957636	0.20226908	-0.041955143	-0.13434908	0.0571582	0.09134895	0.11519142	-0.111403756	-0.025826098	-0.20928712	-0.10527804	-0.040893875	0.0053207558	-0.05343376	0.14647217	0.10145219	-0.004263644	-0.11154329	0.044671886	-0.20263861	-0.2503416	-0.084468216	-0.074851066	0.056098696	-0.03669647	0.045022003	0.15901928	0.024702815	0.22605106	0.1945261	0.06037368	0.077305004	-0.01691363	0.010639568	-0.22304158	-0.087902755	0.10956573	0.18708438	-0.2079781	0.04095626	0.14510871	-0.0114722205	-0.24672824	-0.047537223	0.27614382	-0.12522654
0.09218875	0.04015808	0.023423856	0.15061094	0.41328445	0.20787542	0.027422793	0.25661904	0.124515004	0.092622966	0.06377736	0.18510848	-0.014121052	-0.14559813	-0.14992747	-0.055399165	0.025631828	-0.27547917	0.05737512	-0.041326102	0.0054730284	-0.122885406	-0.1079396	-0.081553906	-0.17203146	0.012844014	-0.13115549	-0.30289993	-0.14543979	-0.038784765	-0.09146017	0.027776813	0.16572446	-0.041503206	-0.012256269	-0.0006778865	-0.35152376	-0.39709482	-0.05704051	-0.21570057	0.05300925	-0.090087205	0.18408282	-0.16277799	0.069115914	0.15785657	-0.12830977	0.27607659	0.03436984	-0.009863105	0.10690453	-0.31389922	0.0326982	0.14141342	-0.064149305	0.13655828	0.14662422	0.15629803	0.39621258	0.5259986	-0.1828466	-0.16364907	-0.4372398	-0.15524776	0.6187774	-0.01831381	-0.20450711	0.140736	-0.21114095	0.23580496	0.21191841	0.11631994	0.0997392	-0.14143758	0.35347003	0.13236499	-0.102833144	-0.15614362	-0.049921293	0.07632648	0.17615922	-0.34124827	-0.22839798	0.17656715	0.009304577	0.0018951201	0.31786993	-0.12876838	0.24521938	0.3210242	-0.25514752	0.09950587	-0.018013738	0.043214157	-0.13855398	-0.13146599	-0.046470217	-0.17827776	0.1715393	-0.13857985	-0.43989235	-0.35754138	-0.36919457	-0.14541477	-0.25555447	-0.01609583	0.019159965	0.31578225	0.14097655	-0.007463302	-0.20549305	0.01545157	0.03408187	-0.12120754	-0.10140181	0.10656268	-0.31916082	0.016380537	0.04398903	-0.037215613	-0.32861376	-0.09194941	0.32370526	0.2514646	-0.097088315	-0.046384353	0.5458786	0.020459043
0.055865426	-0.09727163	0.5013788	-0.26918143	0.92361546	0.48594865	0.3541439	0.4897001	0.6108844	0.029919503	0.3076123	0.13528019	-0.12172257	-0.18070582	-0.13972989	-0.10636434	0.3061859	-0.41934133	-0.607657	-0.20528597	-0.10376135	-0.49028486	-0.4261565	0.30313757	-0.67713505	0.3830687	-0.24338658	-0.7055181	-0.34118772	0.13901295	-0.043401666	0.4331749	0.2032318	0.049893744	0.30036923	-0.17857535	-0.842016	-0.87828	0.020511594	0.25319323	-0.06652801	-0.6449112	-0.67230356	-0.4036266	-0.04689141	0.019477574	-0.12454532	1.0834932	-0.93324137	0.5234934	-0.6062675	-0.5224429	0.576547	-0.09465982	-0.57618713	-0.06512747	0.24255292	0.2999934	0.25921935	0.68950546	-0.20213978	0.50294954	0.059501093	-0.1764315	0.33694315	0.05462031	-0.45629516	-0.5384537	-0.18847997	0.059114255	0.37273282	-0.15078674	0.16307606	-0.19202603	0.40586764	0.50829333	1.0591403	0.10356521	0.1596275	-0.33465073	0.7363284	-0.22514768	0.28945538	-0.38981047	0.10139722	0.45863718	-0.51527685	-0.39601988	0.73677826	0.50915587	-0.29625538	-0.25681227	-0.70796627	0.47237208	0.10785607	-0.21094532	0.07008024	0.1310673	0.037099008	-0.7689471	-0.0798876	-0.11212381	-0.82125044	-0.50054395	-0.12861419	-0.21853727	-0.19893152	0.09217884	-0.08260126	0.5613464	-0.64369196	-0.19967923	0.7638486	-0.6749064	-0.8644557	0.1134392	-0.52087444	-0.120333314	0.057066455	0.512245	0.25439298	-0.026704703	0.25278753	0.24188252	-0.5526673	0.34389374	0.4494376	-0.3128636
0.05984928	0.019008422	-0.0382704	-0.011623705	0.22840752	0.23654816	0.04363196	0.25709552	0.116319336	0.20478426	-0.066170655	0.1769937	0.0949406	0.052494645	-0.0443105	0.100626186	-0.06633776	-0.18371038	-0.0042711506	-0.012792852	0.00085172587	0.01414291	-0.1433709	-0.18163395	-0.22082789	0.059404004	-0.33176792	-0.10026861	0.05505281	-0.10200813	-0.17121194	-0.1262277	-0.017294878	0.025874158	0.07872889	-0.09269888	-0.29664016	-0.057040464	0.14339344	0.032783438	-0.22610974	0.11283594	-0.20785752	0.08864363	0.07265486	0.016003322	0.12112422	0.13908406	-0.08706796	-0.10286914	-0.035980854	0.20272131	-0.029771807	0.08668004	-0.072741546	-0.09792644	-0.008288572	0.14958099	0.024723519	0.13882639	-0.192874	0.14538923	-0.10009715	0.052001186	-0.039305862	-0.1079465	-0.17763728	-0.048537567	-0.058509137	-0.11358165	-0.12888601	-0.095535934	-0.13345629	-0.12831056	0.102093615	0.07198815	-0.060565274	0.0241556	0.13185328	0.06900045	0.17189541	-0.34176722	0.01800375	0.015635801	0.20693688	0.016891552	0.118078955	-0.04881684	0.13962089	-0.04420373	0.14619364	-0.2311242	-0.056006774	-0.053968705	-0.022568515	-0.1744838	0.101017326	0.043946475	0.010937234	-0.072599396	0.09384412	-0.23768559	-0.42913374	-0.20742172	0.026932715	-0.14636359	-0.18256436	0.030677063	0.0644545	0.10945924	0.011892853	0.07706094	0.102760926	-0.05741192	-0.0698441	0.16299723	-0.26023963	0.0033305036	0.038117677	0.031480458	-0.16440657	-0.036636434	0.19334255	-0.026584048	-0.15389709	0.15306754	0.16545807	-0.18300873
-0.16782251	0.092967995	0.24187991	0.2257974	0.15737145	0.20195869	0.01998709	0.33689648	0.11050642	-0.13608171	-0.30496135	0.5219979	0.14053537	0.22028498	-0.09265345	0.05651531	0.14794308	-0.08235965	0.25132808	-0.1397459	-0.03244631	-0.69762737	-0.41166422	-0.34862188	-0.3138973	-0.08168583	-0.3288537	0.10306834	0.03320803	-0.19633201	-0.06602332	-0.2439126	0.060719773	0.03400607	0.038493488	-0.023520587	-0.33433738	-0.2809247	0.17115244	0.28813982	-0.0902766	-0.053478394	0.015871782	-0.22931297	-0.004506847	0.10203022	0.19514883	0.61383593	-0.080330625	-0.10055286	0.13531822	0.057804428	-0.21503125	-0.26697546	-0.24619988	0.26603907	0.05620822	0.41765743	0.07694417	-0.051741157	-0.24697772	0.08032593	-0.28615877	0.05924996	-0.08160932	-0.11446489	-0.28449687	-0.1916458	0.13333268	-0.24288665	-0.0041214745	0.025592761	0.085936084	-0.12117593	0.049858205	0.19181748	0.32337123	0.020717802	0.24389711	0.10961814	0.20323437	-0.32046276	-0.10251951	0.011669997	0.0004395594	-0.13508667	0.030591374	0.1433064	0.11893871	0.15266629	-0.208515	-0.22833633	-0.099931106	-0.21003002	0.03947762	-0.04747335	0.3096976	0.04116115	0.108242534	-0.6219439	-0.15849593	-0.35406578	-0.3087678	0.0021259133	-0.10499889	-0.30312678	0.012804397	-0.10651292	0.18634182	0.091029085	0.10952676	0.22647575	0.41899744	0.13913417	-0.26900515	0.14871402	-0.43914586	0.10020179	0.035100784	0.15073015	-0.40609202	-0.28241473	0.43079424	0.056426525	0.102290615	0.16122185	0.31623393	-0.056423455
-0.048119985	0.09215703	-0.07068609	-0.2526426	0.37304547	0.15178089	-0.32264498	0.5388353	0.6746745	-0.12826356	-0.098436765	0.441964	-0.12979189	0.11222367	-0.32111636	0.2723359	0.3569189	-0.52437127	-0.36339474	0.106726885	0.22296569	-1.0297304	-0.26470175	0.26756704	-0.8939626	0.27472398	-0.35798517	-0.7362923	-0.4369432	0.0036380521	-0.21765096	-0.16182452	-0.16977072	0.32355055	0.12356432	0.17968737	-0.46615753	-0.82711816	-0.38129914	0.14888324	-0.47031784	-0.076046936	-0.16528596	-0.22981815	-0.26201648	-0.37252456	0.16388457	0.7015375	-0.19426309	0.112945355	-0.14380547	-0.48346475	-0.0792155	0.14813772	-0.01630816	-0.6046109	0.6762042	0.95949394	-0.35236233	0.3299426	-0.8115338	0.26759988	-0.17592694	0.31716645	-0.14010012	0.36948767	0.23937458	-0.1368538	0.28634417	-0.03709286	-0.0049264394	0.5066542	0.31686082	0.20259945	-0.0014745544	-0.065786056	0.4364943	-0.09013914	-0.063713476	0.046347223	0.14464158	-0.21890524	-0.36600608	0.30182004	-0.1901457	-0.15378396	0.08906542	0.28922674	0.16579702	0.46455312	-0.23173124	-0.17242898	-0.6262368	-0.112375125	-0.15735987	-0.50141424	0.53186554	0.12101877	0.2993544	-0.55747527	-0.66320217	-0.55025953	-0.24278305	-0.3000548	-0.030500637	-0.42966315	-0.31926575	0.15004306	0.33990055	0.7149396	-0.07170168	0.283309	-0.19625327	-0.18580851	0.083952695	0.21225196	-0.263387	0.034393735	0.09585254	0.26311734	-0.0038195853	-0.7251459	0.106295176	-0.61274505	-0.0062430166	0.027294107	0.13566042	-0.18717186
0.01581664	0.42021933	0.052185897	0.082932554	0.308746	0.23606604	0.47892055	0.122809365	0.4919142	0.12560607	-0.13813695	0.2175138	0.03228912	-0.033054218	0.10459818	0.01259849	-0.2186813	-0.30811813	-0.13285232	0.12581956	-0.022239717	-0.0772138	-0.2777102	0.06978256	-0.59271127	0.15432644	-0.3638131	-0.32372087	0.05055935	0.00998409	-0.42367494	-0.1620412	0.014375316	-0.15081543	0.11977287	0.14485274	-0.19466816	-0.16797309	0.031047383	0.21108586	-0.34192026	0.0014026923	-0.07659869	0.25800753	0.05022386	-0.12821501	0.10219757	0.26935577	-0.32312414	0.09600508	-0.20509349	-0.05164843	-0.026925283	0.11620445	-0.10021077	-0.02158868	0.11791795	0.04886018	0.062469818	0.081509404	0.23266736	-0.026285022	0.26471075	0.23957065	0.19017577	-0.086620755	-0.12139581	-0.05665228	0.034131	-0.089941464	-0.008135935	0.06640873	-0.22970462	-0.11240068	0.5874133	0.18596707	-0.25215465	0.40401784	-0.003466213	0.32804435	0.20090805	-0.4307103	0.15427671	0.38888896	-0.050484445	-0.37287888	0.016937133	0.35000196	0.2790264	-0.2721613	0.045750838	-0.3623801	-0.27618295	-0.1661995	0.058290508	-0.4919463	0.048962664	0.030649977	0.08347176	-0.11765332	0.054719336	-0.073212095	-0.49534577	-0.027449295	0.10798101	0.045745675	-0.12026124	-0.013551931	0.46941465	-0.14519173	0.18291049	0.13663991	0.12637353	-0.0028822408	-0.06001733	-0.0149761215	-0.21375304	-0.124969244	0.44134256	0.31743467	-0.31240907	0.0068355775	0.25817475	0.05504184	-0.23567772	-0.1494989	0.42977166	0.061486844
0.028445223	0.036212094	-0.028871719	-0.029293893	0.24743806	0.20453136	0.04777263	0.2556723	0.14083761	0.25165063	-0.08024776	0.17799315	0.10864675	0.06177684	-0.044501368	0.1163971	-0.05436464	-0.17046282	0.004749269	3.2535485e-05	0.019670649	-0.032238975	-0.15740284	-0.19488801	-0.2803305	0.06097553	-0.3178157	-0.06637897	0.01840029	-0.08220595	-0.17663029	-0.15645833	-0.020005321	-0.021723857	0.060909286	-0.119127035	-0.29523125	-0.06301679	0.13829593	0.011763367	-0.2590038	0.10606435	-0.17079328	0.118334375	0.070598535	0.0059837964	0.11397419	0.1456691	-0.06754137	-0.099414505	-0.052412357	0.2098808	-0.03386182	0.08123477	-0.10254327	-0.082306184	-0.006308433	0.15850809	0.04301765	0.11560662	-0.18864623	0.12238269	-0.11165516	0.009560434	-0.04238556	-0.13050936	-0.13145767	-0.05105874	-0.08291374	-0.10391547	-0.1204283	-0.032884713	-0.1021663	-0.11764645	0.069247454	0.05691837	-0.05765114	0.02655422	0.19319609	0.11065211	0.19969559	-0.28318608	0.010959842	-0.0049832906	0.21623088	0.04761706	0.11974633	-0.022097826	0.09020941	-0.05032377	0.16106841	-0.2618689	-0.03454851	-0.04632624	0.011019347	-0.1686001	0.13753843	0.060595	0.03301708	-0.12248873	0.0818139	-0.29170242	-0.4026902	-0.19137317	0.038963147	-0.14762779	-0.20005327	0.07535736	0.06137371	0.11672328	-0.0055853445	0.08078254	0.09571111	-0.03027846	-0.064814456	0.13839938	-0.29021344	-1.7799926e-05	0.07120774	0.036354136	-0.19439286	-0.05261694	0.13797915	-0.037541315	-0.14899245	0.16969463	0.156946	-0.17212188
-0.18621193	0.06628222	0.21112822	0.2327812	0.1810461	0.19995412	-0.002891971	0.35023865	0.10072675	-0.1022871	-0.29879338	0.46993303	0.1057441	0.23800758	-0.09882973	0.053938318	0.12022224	-0.04629657	0.22057357	-0.122849956	-0.00644088	-0.6651607	-0.45700178	-0.33744055	-0.30732608	-0.10156832	-0.34992048	0.09823103	-0.004196775	-0.13758105	-0.089012	-0.22972544	0.0913679	0.05060323	0.0339517	-0.027427642	-0.30924973	-0.33266413	0.15603141	0.31478888	-0.05701966	-0.08034364	0.015014203	-0.23597388	0.0027399946	0.07366917	0.14728086	0.5997035	-0.0844607	-0.09511252	0.123536505	0.04868357	-0.18107775	-0.30343682	-0.2326396	0.26941535	0.0506683	0.3357395	0.10313739	-0.06257629	-0.1979758	0.10963567	-0.2700314	0.1275059	-0.11205909	-0.08914317	-0.22426268	-0.18802066	0.14006755	-0.24530843	0.034676418	0.018708162	0.07893839	-0.10268858	0.039055604	0.21871695	0.3288433	0.050436575	0.25564831	0.07622494	0.20351739	-0.31187785	-0.090801984	0.03205604	0.0039369822	-0.1896402	0.01647069	0.1653675	0.16612092	0.13413197	-0.23087075	-0.22876222	-0.12360143	-0.26731488	0.04029901	-0.026880117	0.30945626	0.03920635	0.108033635	-0.60815465	-0.16345029	-0.37862733	-0.26872998	0.01833482	-0.11103965	-0.28554833	-0.021186316	-0.08792432	0.23663324	0.12633403	0.07572684	0.2561857	0.43065855	0.1862757	-0.26535535	0.17736351	-0.44434413	0.14620163	0.012743223	0.16486214	-0.37051225	-0.29042318	0.41761628	0.038496047	0.09252358	0.15192032	0.39652455	-0.06615457
0.24192704	0.32163545	-0.0013928814	-0.04621681	0.7065217	0.40834028	-0.06947845	0.6324467	0.29128304	-0.3262904	-0.2057949	-0.25100344	-0.027501488	0.15530208	-0.09415255	0.43222612	-0.5717065	-0.77420145	-0.514298	-0.07554505	0.05430323	-0.5178242	-0.6710596	-0.27177653	-0.23490873	0.077018075	0.33335456	-0.4390139	-0.36961788	0.8764482	-0.7681755	0.663509	-0.06338503	0.30821505	0.06425208	0.5735658	-0.7379324	-1.0829678	0.9191145	-0.2084611	0.10849377	0.0019037194	0.13538173	-0.5180788	-0.06282161	-0.3120816	-0.2925439	0.5285583	-0.16404296	0.114083245	-0.18953666	-0.5639941	0.20277879	0.44126156	0.041303135	-0.7582455	0.29724625	0.38155356	0.0012848641	0.42399552	0.47626933	0.1320265	0.07155333	-0.1867299	0.41923058	-0.08601752	-0.195201	0.12805884	-0.1848248	0.32622346	0.020384166	-0.24937364	0.968394	0.36984003	-0.016214224	-0.14863224	0.25446254	0.17933868	0.8535077	-0.07163933	-0.16548924	-0.575354	0.19631813	0.12138265	0.14266163	-1.0643798	0.0349962	0.57698	0.6735814	-0.538087	0.6639929	-0.13700937	-0.62420124	0.21941021	-0.6098132	-0.6766529	0.46784362	0.21957037	0.89877355	-0.89484584	0.4487365	-0.9683597	-0.3410368	-0.5216719	0.099282056	0.20831625	-0.33924332	0.46643588	0.32470894	0.15661757	-0.52985597	0.39966688	-0.20102237	-0.17587666	-0.027781308	-0.36147076	-0.59626955	0.21799472	0.07318792	0.6553744	0.5107751	-0.15277979	0.06800413	0.5527568	-0.63654244	0.2375269	0.47130272	-0.1326938
0.036732454	0.07676941	0.029362392	-0.25378013	0.36839417	0.103031464	-0.2877953	0.47226197	0.63928515	-0.122529335	-0.13097517	0.41348138	-0.021023156	0.11437029	-0.3187308	0.23858488	0.37365055	-0.47578877	-0.35793853	-0.0102096265	0.26275724	-1.0719721	-0.19326237	0.18118708	-0.8218568	0.22728136	-0.38014865	-0.66125417	-0.4175798	-0.0029215985	-0.2453207	-0.11052954	-0.08766813	0.33286834	0.22977842	0.14905156	-0.473014	-0.77383703	-0.38903338	0.15614888	-0.48607203	-0.07700386	-0.26163438	-0.26463658	-0.20193338	-0.46282348	0.18419932	0.73809177	-0.08809435	0.15936796	-0.16566382	-0.36259234	-0.07219888	0.13941655	-0.031102095	-0.5554101	0.68177706	1.0084728	-0.26922965	0.32786605	-0.9056681	0.35467666	-0.20581248	0.34041712	-0.040969912	0.3787473	0.25896573	-0.11978341	0.21383795	-0.023706404	0.037616126	0.5613453	0.33778918	0.1639574	0.042687003	-0.1210637	0.4958636	-0.13612314	-0.13848892	0.059055623	0.13151492	-0.18070365	-0.24686712	0.19400278	-0.15434667	-0.076509394	0.0709785	0.21480002	0.09472406	0.4551997	-0.27871868	-0.26239106	-0.60882044	-0.08462593	-0.13297972	-0.50343156	0.54997855	0.27590093	0.24921751	-0.5688281	-0.64121866	-0.65584415	-0.374676	-0.26746032	-0.07380391	-0.41208345	-0.371477	0.15219946	0.40695184	0.6564044	-0.22130036	0.24791679	-0.09505511	-0.14462858	0.02942046	0.24970092	-0.2137246	-0.034603316	0.14852752	0.22027819	0.051736593	-0.7006605	0.093814604	-0.53705454	0.043461572	0.10857698	0.10326092	-0.2355154
0.091220334	-0.03345616	-0.04913513	0.010428601	0.21642332	0.21599545	0.0993545	0.24524699	0.105418816	0.22810218	-0.06509212	0.19451116	0.06713801	0.080297686	-0.06600434	0.11337161	-0.079056695	-0.17734295	0.030055402	0.030879728	0.026855852	0.00097173464	-0.15129562	-0.22699209	-0.28271407	0.069260694	-0.34560108	-0.07957168	0.044730026	-0.11191114	-0.1551621	-0.1322216	-0.024784409	0.0056207944	0.012207373	-0.1259353	-0.29705366	-0.066878326	0.13110498	0.0059264977	-0.21477497	0.10076953	-0.19059765	0.112333894	0.05600462	0.019171907	0.13973065	0.15986592	-0.10862554	-0.09944477	-0.07226368	0.24951299	-0.010076023	0.08393603	-0.09303077	-0.059508223	-0.008237043	0.15576981	0.027273772	0.11572626	-0.20155889	0.09504589	-0.12540047	0.0039647757	-0.045412734	-0.116947226	-0.15929641	-0.024448348	-0.084439404	-0.10866778	-0.12548329	-0.034446068	-0.118433386	-0.12704343	0.10155125	0.03942585	-0.099437654	-0.0100334	0.18634853	0.096873134	0.21380924	-0.2971683	0.037157923	0.029020222	0.17763832	0.03980322	0.1327656	-0.037261758	0.1229557	-0.020316921	0.117093064	-0.21384832	-0.028024554	-0.02024851	-0.019727224	-0.13803424	0.069449335	0.07295497	-0.027413057	-0.069457635	0.080619015	-0.26298085	-0.3888496	-0.21779084	0.09810213	-0.10656676	-0.18524773	0.039914265	0.0938046	0.12994605	-0.01915356	0.07924791	0.117681466	-0.061509892	-0.04336935	0.18944634	-0.29115605	0.016247977	0.08989931	0.000113491136	-0.20248882	-0.041862827	0.16986617	-0.031104207	-0.14583077	0.13472	0.16579048	-0.163627
0.22376558	0.12500629	0.015638549	0.20376123	0.75769806	0.83380955	0.21102606	0.24102099	0.082006864	0.1749925	-0.111005954	-0.2378431	-0.6806913	0.035125807	0.6254073	-0.08623997	-0.21355541	-0.6095911	-0.3594526	0.009422917	0.37107307	-0.74605376	-0.20508859	0.38425514	-0.57979214	0.91266435	-0.5063071	-0.5282696	0.11228037	-0.48326766	-0.9036887	-0.22029945	0.4526294	-0.48934	0.089884125	-0.2204922	-0.62521344	-0.2003008	0.45805597	-0.038352787	-0.47366786	-0.14243288	0.30045697	-0.32331777	0.39498642	-0.35140285	0.062550195	0.45245928	-0.66681975	0.36184055	-0.62573266	0.16542362	-0.07038374	0.26974493	-0.13854402	0.19588268	0.06486996	0.3280103	0.38519055	0.20192999	0.0017719131	-0.13296635	0.6207953	-0.073712274	0.3308962	0.18421245	-0.34775674	-0.4263058	-0.17511229	0.3072835	0.52927554	-0.6135838	-0.03605981	-0.19505098	0.9680993	0.6404078	0.59997153	0.6977645	0.2314886	0.1268286	0.05360327	-0.13848853	0.011649229	0.5852883	0.19325887	-0.26232043	-0.3086389	0.0053462554	0.72079337	-0.12329042	-0.28734672	-0.22799896	-0.7645768	-0.2359388	-0.65406114	-0.989861	-0.33501413	-0.24292845	0.2122552	-1.0298063	-0.3163278	-0.34388024	-0.2155564	0.052035157	0.29890886	0.17940782	-0.09911007	-0.19589153	0.6466954	0.043800376	-0.56852263	0.26432282	0.22743155	-0.3614904	-0.58154994	0.10261161	-0.85519135	-0.4700414	0.99731606	0.2309629	-0.2151756	-0.30630955	0.5641001	0.2218611	-0.5823464	0.21081321	0.61154	0.55407673
0.1759426	0.5349042	-0.1837696	-0.42054948	0.18787439	0.31520396	0.0930995	0.5109466	0.29028866	-0.08317252	-0.021090327	0.0963962	0.1897811	0.0074967155	-0.41453424	0.15990417	0.18924274	-0.8222862	-0.53328645	-0.09504492	-0.22752517	-0.051605627	-0.85795105	-0.2714733	-0.632571	0.40083334	0.63007116	0.03835305	0.12527621	0.6758909	0.05955174	-0.027860574	-0.014961198	0.30282485	-0.56909215	-0.26677302	-0.55241215	-0.20796315	-0.0027657892	-0.2577048	-0.1317543	0.024148963	-0.18809247	0.12063991	0.049327966	-0.21455766	-0.30369535	0.48091426	-0.2929763	-0.10764558	-0.4679113	0.06696061	0.33359462	-0.12295573	-0.19999637	-0.1972144	-0.19106343	0.4506793	0.08457075	0.29674894	-0.42982727	0.21250156	-0.596402	-0.36250263	-0.06300147	0.21506943	-0.22989443	-0.5563988	-0.24726519	-0.30169842	0.15538754	-0.31410974	0.6671207	-0.18460956	0.7163626	-0.124663815	0.016883284	-0.12319977	0.1392822	-0.21633032	0.07670238	-0.3365398	0.006202214	0.101181604	-0.38078666	-0.35684934	0.588995	-0.68487585	-0.3094832	-0.121566705	-0.19809873	0.32104847	-0.34043685	-0.24165383	-0.2783043	0.11598634	-0.182518	-0.117683776	0.02352266	-0.13967744	-0.35171163	-0.6925111	-0.0718795	0.053201005	0.07008454	0.08308819	-0.44059628	0.3318896	-0.5476486	0.82516724	0.4871271	-0.048716865	-0.048299212	0.07600165	-0.4368639	0.09923506	-0.65693974	-0.028293882	0.36940387	-0.17986992	-0.20572293	-0.012501714	0.123829074	-0.10147441	-0.58223695	0.33595696	0.45993128	0.32920974
0.15220179	0.013405825	0.2132074	0.13606898	0.212119	0.074108705	0.33763835	0.25738066	0.29644585	0.1401378	0.10629538	0.2922097	0.20893893	0.20729625	0.04483614	0.2537759	0.1521219	-0.22812192	-0.5691399	0.15497962	-0.046731927	-0.21032384	-0.42178845	-0.14605309	-0.47279078	-0.29373243	0.121258885	-0.26480064	-0.16470973	0.23814882	-0.0038787113	-0.10423345	0.20507704	0.022518478	-0.006528011	0.0063010193	-0.5365663	-0.24176621	0.07401995	-0.049149267	-0.33723485	-0.051758345	-0.61593753	-0.46089855	0.13040406	-0.0076827086	0.09772957	0.0903757	-0.30539215	0.12816736	-0.16476294	0.007559568	0.3021518	0.02771997	-0.17063135	-0.22183292	-0.0567519	0.17946121	0.27455455	0.26477358	-0.38059178	0.42526796	-0.28917295	0.1854446	0.38756123	0.12721847	-0.16663547	-0.21670882	-0.13702415	0.107699946	0.08617998	0.2453117	-0.043617237	0.02681937	0.28464442	-0.14699708	0.33180922	-0.046668723	-0.020467242	-0.32600287	-0.009470497	0.03432882	0.15547861	0.26511946	-0.23700333	0.11328112	-0.02004022	-0.14204194	-0.10754773	0.1637726	-0.1962746	0.016389092	-0.38090956	-0.026933383	-0.12789147	-0.05537457	0.12866975	0.21250473	0.098754026	-0.1823847	0.042566277	0.011826465	-0.081865385	-0.34999052	-0.20299228	-0.033005517	-0.056620535	0.3743974	0.06538622	0.37974802	0.06264871	0.08064013	-0.042308666	-0.09837782	-0.12207096	0.35521042	0.042280275	-0.14778076	0.0292934	0.42107132	-0.062369518	0.035830546	0.45490527	-0.14214237	-0.013114707	0.10335804	0.18202053	0.015441292
0.12987328	-0.17028691	0.08946981	-0.24400164	0.72335726	-0.4884651	0.21081698	0.45850468	-0.021419873	0.31824815	-0.29735148	0.42927727	-0.0025088717	-0.25900307	-0.035649665	0.31006807	0.40095848	-0.18282203	-0.09929041	0.07993611	-0.18882887	-0.21129785	-0.4755086	-0.21627882	-0.57986605	0.09944798	-0.3303329	-0.009890832	-0.03685219	-0.11851624	-0.32255474	-0.072822854	-0.28372446	0.008152565	-0.17741176	-0.20623115	-0.3200494	-0.14683785	0.21848077	0.24441162	-0.57405955	0.0663828	-0.32162032	-0.31946608	-0.20139498	-0.17904693	0.17019093	-0.120264985	-0.15273543	-0.210627	0.027025456	0.13949461	-0.13475463	0.2052142	0.32043114	0.17220701	0.11154838	0.45847926	-0.11766771	-0.018916596	-0.35958052	0.041973036	-0.4579012	0.06072709	0.08314073	-0.06806858	-0.04510969	-0.2952803	-0.0066901227	-0.18764058	0.054969214	0.050244384	-0.21693733	-0.30324844	0.10637451	-0.15642056	-0.29173663	0.31885913	0.36171746	0.115353905	-0.37710524	-0.19017003	0.3116056	0.32687524	-0.027328365	-0.106510505	-0.122360304	0.24389228	0.58570826	-0.11412882	0.028384356	-0.47842294	0.036389206	-0.18185309	0.063879944	-0.04974314	0.21282917	-0.15846655	0.47351232	-0.35695866	-0.18219852	-0.5797432	-0.16972226	0.1830024	-0.044236865	-0.090872236	-0.16006635	0.18548672	0.30679455	0.36751074	0.17644817	-0.16894865	0.17013457	0.13132764	-0.27370438	0.23481764	0.15423642	0.054507937	0.2705078	0.05282276	-0.34864354	-0.08402119	0.54597116	-0.06972963	0.03648626	0.3710851	0.40859962	-0.30616587
0.04819654	0.1746337	-0.033364438	0.009967779	0.17394316	0.0819432	0.2261203	0.05603756	0.13614559	0.14415376	-0.0047376445	0.17248048	0.08979333	-0.077518985	-0.04314064	0.036838185	-0.06637224	-0.2057087	0.08130001	0.12683019	-0.042539086	-0.13000071	-0.28241405	-0.056633316	-0.37637797	0.048819702	-0.09723912	-0.23076972	0.010649017	-0.03263089	-0.23333366	-0.2694286	0.08818078	0.0062117036	0.105941676	0.018630855	-0.11864763	-0.14692186	0.06069334	-0.012402656	-0.26410347	0.026693407	-0.017498065	0.1566865	0.11476996	-0.0080874525	0.11120923	0.2819104	-0.039457057	0.08825538	-0.029491398	-0.056420967	0.07133151	0.021554599	-0.009622645	-0.043058343	0.15780237	0.20486781	0.02613754	-0.016061941	0.026533116	0.0472543	-0.07831723	0.05294054	0.10603922	-0.0681702	-0.15550563	0.0555623	0.07327279	-0.21765779	-0.041545264	0.102146	-0.06970644	-0.08934535	0.22884928	0.044035636	-0.20215827	0.0860301	-0.055642657	0.13680905	-0.10978213	-0.33883563	-0.0022001169	0.21833988	-0.01204838	-0.15559052	0.02974824	0.113945514	0.10823604	-0.09710976	0.017956425	-0.25468054	-0.12361225	-0.048109856	0.015980449	-0.07451193	0.17893761	0.08727024	0.017868778	-0.08036614	0.06409027	-0.18038414	-0.30045244	-0.068598986	-0.085088484	0.066470355	-0.0343954	0.056169026	0.16830836	0.011873832	0.20454064	0.24874921	0.04846282	0.04814456	-0.021906504	-0.010948098	-0.1921767	-0.07443822	0.12522987	0.19520776	-0.20806554	0.066462755	0.13357738	-0.016354367	-0.20866226	-0.09353567	0.2868536	-0.13148658
-0.057754584	0.7417593	-0.20092422	0.070607826	0.5758932	-0.07426338	0.027407926	0.97622764	0.7167314	0.014368124	-0.33567998	0.22407001	1.0117842	0.5184331	-0.28425407	0.33796972	0.37663612	-0.513866	-0.70389676	0.18405938	0.0951212	-0.27165192	-0.13984029	0.08536027	-0.74341273	0.10375666	0.10451577	-0.6048537	-0.06723486	0.01903406	-0.24054486	0.68105555	-0.31911665	-0.7212459	-0.091521196	0.22658509	-0.86122006	-0.20852138	0.010407863	-0.30469394	-0.65615726	0.2777377	0.03460869	-0.7444697	-0.1801448	-0.28542948	-0.22436559	0.08613355	0.3268065	-0.080866896	-0.03689975	0.10940797	0.4697385	0.59564775	0.19669719	-0.29238844	-0.03841893	0.59868056	0.08792515	-0.026651733	0.600127	-0.4603901	0.38168618	0.52545	0.32252848	0.07728533	-0.053582255	-0.23228982	-0.844401	0.7851526	-0.06895284	0.39639953	-0.6817331	0.9458342	0.34358937	0.41028133	-0.008011987	0.73034817	0.12276411	0.07577312	-0.11718859	-0.011258082	0.46343753	0.9087125	0.2470475	-0.25833276	0.40993756	-0.19466719	0.20931871	-0.39683366	-0.2013184	0.16887717	-0.77295864	-0.33724537	-0.6496904	-0.59457976	-0.36266285	0.003814001	0.6838643	-0.701479	-0.029876512	-0.71672505	-0.7552201	-0.31573927	0.22787926	-0.05164068	-0.17057598	0.49996763	0.019104037	0.4585136	-0.5863296	0.5822965	0.1547368	-0.35543513	-0.3258086	0.021548467	0.19104178	-0.11638812	0.5954672	0.43005303	-0.101288006	-0.3805806	0.48287004	-0.11999482	-0.21400058	0.25795907	0.15999159	0.017453827
-0.07898715	0.3108855	0.30116755	0.11682271	1.2735714	0.8410928	-0.69750804	-0.73869896	0.28755844	1.495131	0.65082544	-0.35275704	0.08624214	1.9193208	-0.9610433	-0.4591039	0.4894178	0.811569	-0.6977931	-0.18357001	0.11565156	-0.7009068	-1.3106313	1.6986421	-0.6261185	0.48565465	0.2829429	-0.03475179	0.18195698	-0.4954494	-0.5773988	0.18632834	-0.26750576	0.10804561	0.6339191	0.61298424	-1.0005146	-0.6500319	-0.20159243	-0.9928624	0.15281683	0.07436386	-1.3031682	2.2423828	0.64781004	-0.023698622	-1.226007	0.20320477	-0.15407215	0.19759557	0.7487087	0.838309	1.4922415	0.37299114	0.6027544	0.00018938522	-0.9331013	0.4343952	1.4826841	-0.15678269	1.9118072	-1.1661731	-2.197253	-0.819444	1.2290633	0.29789892	-0.13508277	0.12896171	-0.95685625	-0.7375454	0.6757802	1.4697244	-0.6854528	-0.8368195	1.180887	0.33004248	-0.09037872	0.31070435	0.11110379	0.63672477	0.5406042	-1.8186324	1.1030687	0.3849058	-0.51295173	-1.3999578	0.06718264	-0.1352652	0.10685609	-0.74412185	-1.9604245	-0.08695178	1.0862368	-0.057463612	1.1094193	0.7436564	-0.12679768	-0.057058327	0.3102528	0.22861321	-0.9401808	1.8946886	-0.21683481	0.42335343	-0.22578953	-0.8736854	0.15949386	0.020193476	-0.6838802	0.15537862	-0.50298774	-0.1354193	1.0014901	-1.1271737	-0.44630766	0.20293915	-1.7251424	-0.01284563	0.32321858	-0.17976488	-0.03186767	0.53839034	-1.1489695	0.44173682	-0.010549152	-0.66385704	0.37694967	0.9030124
0.054952692	0.027288284	-0.15079278	-0.1453984	0.28598374	0.061902992	0.45923296	0.58658874	0.24226306	0.22472943	0.079653166	0.31823704	0.19639964	-0.024581766	0.2752787	0.49191713	-0.12038907	-0.5343335	-0.46206436	0.16258994	-0.3169148	0.074803464	-0.47674957	-0.23537777	-0.7092698	0.15626805	-0.3699219	-0.113385886	0.16995463	0.2545807	-0.31959802	0.12469829	0.09415348	0.18698758	0.18188354	-0.051547814	-0.47517437	-0.5997942	0.55665344	0.04815041	-0.3531138	0.44814417	-0.3941836	-0.030568255	0.56126523	-0.023464365	0.3394559	0.115412466	-0.32273513	0.22301129	0.04371611	-0.10425565	0.039428044	0.33198914	0.27956137	-0.07636665	-0.081466824	0.27628386	0.614332	0.35238194	0.30599883	0.446401	0.0158975	0.50044733	0.33529368	-0.21191965	-0.47932148	0.20837167	0.013479807	0.042519674	0.21565998	0.017685425	-0.1551923	0.16349559	0.15674064	-0.0022017611	0.33990124	0.21763451	0.37613568	0.29966584	0.04894943	-0.10571772	0.10138761	0.36568356	0.3089268	-0.49381128	0.049290884	0.0190959	0.79616886	-0.41036713	0.14348048	0.048839785	-0.2680219	-0.13568453	-0.13652936	0.0067512165	0.06812521	0.2518594	-0.21983574	-0.2355437	0.25152743	-0.23279369	-0.35454428	-0.3091373	0.08963182	0.08944485	0.06543596	0.4437039	0.4347623	0.2033595	0.13254428	0.22347398	-0.28216222	-0.12691502	-0.15657137	0.26518053	0.0067654517	-0.026866687	0.20809045	0.91225946	-0.1837149	0.16371918	0.1739203	0.17621227	-0.37090236	0.30913085	0.78886044	0.04073461
0.49317813	0.08735303	-0.33020663	0.21171246	0.26613814	0.25869295	0.4340981	0.23309335	0.057183646	-0.34318364	0.4381371	0.27803174	-0.24850029	-0.08364053	-0.30692828	0.38375103	0.11004317	-0.33319002	0.11993458	-0.1074753	-0.21478488	0.33892152	-0.4437997	0.12983179	-0.89488196	0.083318494	0.032400005	-0.31321317	-0.49805692	0.1321898	-0.40323335	-0.50256735	0.3212217	0.44117	-0.03430062	-0.18416467	-0.56684643	-0.53080547	0.3625034	-0.55739063	-0.10462194	0.23003887	-0.31556544	0.47944376	0.3630202	-0.16830099	0.34928343	0.43736503	-0.8885459	0.36706543	-0.26172543	0.27644026	-0.059506543	-0.76436055	-0.094935894	-0.59269345	0.5404395	0.7407408	0.16967228	-0.18215346	-0.13580431	-0.110485636	-0.61043084	-0.22129305	0.48549306	-0.5053218	-0.37057424	0.2811713	-0.09802954	-0.12589808	-0.35447812	-0.07279514	0.1432957	-0.47773728	0.021588402	0.26471433	-0.03796518	0.26396063	-0.14654046	-0.032203745	0.0500649	-0.49728274	0.1608353	0.25965655	0.09769793	-0.1644861	0.16177092	-0.042807095	0.7493333	0.05720961	-0.16907096	-0.828086	-0.30519566	-0.23531093	-0.2840779	0.39870405	0.25992712	0.2732082	-0.27562323	0.14206545	-0.031109568	-0.42505231	-0.34663808	-0.040931564	0.25899762	0.05633334	-0.08793365	0.29064205	0.0045622913	-0.13860473	0.64655	0.29119775	0.101151854	-0.19067821	0.109461896	-0.100954376	-0.28695306	-0.09666294	-0.020909771	0.07161087	-0.39115986	0.26441884	0.21715447	0.8499054	-0.23581956	0.070290074	0.83543235	-0.25393906
0.06407572	0.22566146	-0.15690556	0.32154012	0.62082666	0.7015089	0.12040229	0.15628283	0.67219937	-0.007538189	-0.108727776	0.33047977	-0.12256601	0.33028117	0.33077848	0.07104288	-0.1473988	0.053967908	-0.39852694	0.118350975	0.10687302	-0.40888435	-0.24112296	0.6944729	-0.36147448	0.13636644	-0.1737636	-0.36640942	-0.123513475	0.38840735	-0.34705478	0.019534342	0.04856668	-0.12588352	0.053620163	-0.007535257	-0.08934552	-0.02685724	0.051646095	0.0436099	-0.20954421	-0.19449985	-0.34267762	-0.13848491	0.33161035	-0.24321246	-0.009714721	0.21327141	-0.2183546	-0.06790421	-0.11540025	0.24361731	-0.122442655	-0.21126908	-0.08595637	0.12831484	-0.022361502	-0.5012706	0.11433308	0.31234097	0.16223924	0.21748334	0.09709758	0.06874368	0.75976914	0.015642926	-0.19079387	0.7108982	0.05899701	-0.10996338	0.15040568	-0.23718823	0.1343346	-0.015530625	0.28938434	-0.093829185	0.26723236	0.43297198	0.18830198	0.071995445	-0.14555728	-0.5713995	0.41721106	0.48314613	-0.024065657	-0.45562074	-0.3043101	0.4645203	0.7813304	-0.42237172	0.45010066	-0.28926378	-0.5517848	-0.1817331	-0.24176244	-0.4878819	0.20663281	-0.08564684	0.6501872	-0.16943164	-0.039295174	-0.4324996	-0.6819261	0.2682537	0.03440212	0.11939279	-0.37659147	-0.260313	0.82017034	-0.11629051	-0.12884934	0.23003292	0.2524634	0.07004539	-0.53933614	-0.07015807	-0.20011535	-0.1242675	0.4716926	0.07360843	-0.016418664	-0.17548753	0.32313156	0.22663952	-0.5738336	-0.015763467	0.5782014	0.20300283
0.058820434	0.7305658	-0.14623222	0.028134584	1.1340336	0.90284365	-0.760848	0.80082613	0.42900363	0.435178	0.27583912	0.6713927	0.55979097	0.43983415	0.39337933	0.35807323	0.5693341	0.32753795	-0.3296836	0.6497302	-0.02924537	-0.6184476	-0.28061515	0.3096875	-0.17487288	0.23069394	0.48739725	-0.32154164	-0.3780668	0.6666468	-0.1315641	0.40511763	-0.45487958	0.531953	0.20550382	-0.02501603	0.062842585	0.31005675	0.3052367	-0.47574264	-1.1039106	0.18938369	-0.4699102	-0.03290093	0.3594867	-0.56272477	-0.5043499	0.2945472	0.33464444	-0.22807567	0.25187775	-0.0699694	0.33784238	0.025071224	-0.19001478	-0.29047415	0.524534	0.3346182	0.103319086	-0.012211743	0.09545483	0.13021056	0.19181798	0.20564519	0.15157452	0.088749066	-0.10228075	1.01767	-0.22829667	0.34441656	0.005274366	0.17926891	0.084113285	0.59759897	0.35090718	-0.37598193	0.4014573	0.58410627	0.10676308	-0.09764814	-0.26835057	-0.50796944	0.23615883	0.5742851	0.3229585	-0.30827376	0.04899022	-0.029305592	0.4216306	-0.20342593	0.5140681	0.31429827	-0.4222069	0.056201525	-0.5353977	-0.51371926	0.47489557	0.15563655	0.9412784	-0.71842283	-0.36780417	-0.5780143	-0.9646996	0.24306281	-0.92303497	-0.45866197	-0.6292209	0.14955296	0.48980907	0.12803026	-0.40743965	0.4956846	0.417535	-0.4876028	-0.35187623	0.10914353	-0.15783466	0.0149530545	0.33891863	-0.18530722	0.043311603	-0.07628825	0.44688365	0.43855375	-0.52753145	0.2894679	0.38130727	-0.067721486
0.062068664	0.01940483	0.30584705	0.1404184	0.21554258	0.13355519	0.33396143	0.2570728	0.3618819	0.18485908	0.16251096	0.262443	0.27716148	0.23092905	0.003847361	0.22248918	0.1800761	-0.12301108	-0.56747097	0.17402996	-0.05888267	-0.22618683	-0.38921407	-0.14399225	-0.45118743	-0.34495223	0.1085418	-0.27332714	-0.110065326	0.28803632	-0.075743005	-0.057902142	0.193412	-0.0005236981	0.021706842	-0.026471596	-0.5044806	-0.22846538	0.07408566	-0.06846823	-0.327589	-0.023406252	-0.6789812	-0.5003773	0.09761923	0.028102875	0.06949892	0.16598473	-0.3008772	0.13581282	-0.113360174	-0.010422419	0.3155011	0.04408611	-0.119249895	-0.18692751	-0.0568778	0.13513555	0.3064564	0.2267822	-0.34337315	0.39835045	-0.32382965	0.20076825	0.38192695	0.081460245	-0.19081052	-0.15901032	-0.14435786	0.13547412	0.06670666	0.2401961	-0.033922665	0.024654316	0.2678859	-0.14584844	0.31166765	-0.020525048	-0.024556099	-0.2942324	0.07693893	-0.0023216158	0.09143688	0.26645976	-0.24369101	0.09250443	-0.06372024	-0.12519099	-0.10474348	0.20907037	-0.12583236	0.055479713	-0.35549584	0.049227595	-0.059860338	-0.033276718	0.08446097	0.24328202	0.12385761	-0.15346293	-0.0014475235	-0.05463306	-0.10297545	-0.35003662	-0.21328339	-0.06559099	-0.06892725	0.3598679	0.070101626	0.32797185	0.0008102566	0.006438194	-0.06954305	-0.124937855	-0.10727007	0.30571726	0.0073914328	-0.15477604	0.03310498	0.38419348	-0.035360474	0.019182362	0.40606058	-0.14571159	0.004657938	0.07202187	0.14622103	-0.009365285
-0.030304275	0.22131415	0.078841425	-0.047601253	0.1987493	0.15944533	0.2008941	0.09994388	0.23459333	0.11960996	-0.03156467	0.032891124	0.12666826	-0.045763873	-0.1258219	0.024653524	0.072537094	-0.19362603	-0.081404455	0.12578577	0.010892528	-0.18172865	-0.3192639	-0.015497019	-0.42186248	-0.042443037	-0.14132512	-0.20918031	-0.05611259	-0.00878447	-0.42071083	-0.21937531	0.11644421	-0.015931433	0.11308733	0.11016135	-0.101195864	-0.21710059	-0.029902525	0.0826104	-0.33151823	0.122722164	-0.043471552	0.34738514	-0.022995487	-0.070419304	0.10897794	0.2540451	-0.0362077	-0.15083688	-0.082344316	0.06088497	-0.024758112	-0.0064564464	-0.13919294	-0.022465233	0.22617581	0.20116751	-0.032900564	0.0016865489	0.005404771	0.16599521	0.012296971	0.23728028	0.120951496	-0.18626098	-0.12488099	0.039096642	0.1547707	-0.20864919	-0.10853087	0.091506615	-0.042506825	-0.003672316	0.12605079	-0.023678416	-0.20378134	0.15263605	-0.09040762	0.3410775	0.021873899	-0.29609123	-0.019959552	0.17796338	-0.10917388	-0.017730191	0.02928235	0.11057851	0.08179066	-0.032371093	-0.09141531	-0.16925836	-0.13845877	-0.036737785	0.0101276655	-0.13723986	0.19146581	0.18757701	-0.063009575	-0.24034147	0.017188609	-0.29019186	-0.27388304	-0.12756479	-0.10566794	-0.042863652	0.08933339	0.06435339	0.3001257	-0.13903213	0.005895572	0.1395127	0.11220425	0.16376866	-0.12088777	-0.014869915	-0.13871413	-0.07760623	0.23393664	0.117376454	-0.16639963	0.014219642	0.17189059	-0.10334013	-0.18146616	0.07559296	0.38511154	-0.28194535
0.15269446	0.28354937	-0.047612906	-0.11545821	0.296144	0.19137773	-0.015462391	0.34277248	-0.0493696	0.039750166	0.11966523	0.0456622	-0.13265929	0.016495492	-0.09772396	-0.1304404	0.10520049	-0.41181326	-0.03641571	-0.050105598	-0.053034965	-0.11961706	-0.32339722	0.13342348	-0.25120723	0.17783351	0.09102921	-0.0554136	-0.27079165	0.13267723	0.01162979	-0.034350734	-0.07403843	0.2913992	-0.08636493	-0.03284948	-0.27220583	-0.1367825	-0.18964384	-0.24748945	0.0008732099	-0.055774458	-0.33943617	0.3334637	0.10166729	0.3042991	-0.20379531	0.24156632	-0.29331052	0.071455404	-0.20372233	0.093333766	0.07632607	-0.20962673	-0.18276723	-0.10142399	-0.10793301	0.41056737	0.26195353	0.20339783	-0.07374834	-0.081515744	-0.35903436	-0.06876807	0.22948638	-0.15401442	-0.2739593	-0.22137205	-0.13278937	0.104450144	0.067773804	-0.08478895	0.13267213	-0.18877986	0.38739917	0.25400555	-0.07050307	0.08226403	0.22212745	-0.19318944	0.4877911	0.071953066	-0.069304734	0.0662481	-0.0048745577	-0.068903595	0.108117044	-0.18258876	-0.074103326	-0.06157761	-0.39300984	-0.038003143	0.16085227	-0.1116435	-0.21219362	0.05138689	-0.009381407	-0.06554848	0.018925725	-0.20578536	-0.4041487	0.26283392	-0.15541378	-0.08734823	-0.14886266	-0.11817151	0.052853838	0.15295534	-0.15867844	-0.0058894767	0.22907329	0.16638315	0.09487956	-0.3785354	-0.18065175	0.18649386	-0.46700892	-0.04145596	0.047076955	-0.023983162	-0.12879649	0.046486076	-0.022894226	0.07297376	-0.037997607	0.031163512	0.40193292	0.1885096
0.11384896	0.5255907	0.0008462609	0.3938733	0.8184386	0.6622301	-0.38337964	0.56821924	1.0739443	0.53567183	0.041581295	-0.10368211	-0.12970144	-0.4375058	-1.2898816	0.48525614	0.82192975	-0.8663036	0.52579087	0.04861077	-0.28526667	0.6047225	-0.36805412	-0.8538536	-0.6434387	0.19534877	-0.43634507	-1.221666	-0.1569749	0.7683272	0.27033755	0.70755297	-0.33725345	-0.35917732	0.36838338	0.0862109	-0.23953426	-0.6549569	-0.48252052	-0.41587326	0.20751101	-0.15701571	0.15849575	0.3527472	-0.76480895	0.25425246	0.85737956	0.75798887	-0.8851959	-0.43301737	-0.10338579	-0.10952904	0.24771938	0.28232113	0.863094	0.28992763	1.0849308	0.76424474	0.5955091	0.19315875	-0.5510938	0.26279542	-0.24837066	-0.03699509	0.7981012	0.027859962	-0.3297028	0.16579652	-0.4537005	-0.19160642	0.74676365	-0.13991973	0.47307575	-0.67303425	0.18494341	-0.049476236	0.22934175	-0.7254032	0.02492415	0.76120853	-0.01664109	0.07344508	-0.28273165	0.20503229	-0.80527323	0.9487575	0.6243087	0.13298713	0.33288008	0.28030643	0.17632769	0.5537459	0.3106902	-0.51836336	0.15048943	-0.09791114	0.3446474	0.44231346	-0.09280248	-0.43854252	-0.09658663	-0.7980244	-1.2543133	-0.39004713	0.6752089	-0.2771734	-0.55052245	0.0038225565	0.98882246	0.09976508	-0.12250018	0.40971702	-0.16077727	-0.36571553	-0.53457296	0.19609678	0.03551636	0.30369094	-0.21984114	-0.07222704	-0.15978298	0.091055416	0.5485003	0.5530591	0.9291728	0.0069365683	0.73669744	0.3199986
0.20819846	-0.30960247	0.7869889	-0.353766	0.50758016	-0.078314595	0.7258833	0.8308159	0.63246185	-0.24024579	0.07630907	-0.041334063	0.06077171	-0.3303418	0.036161937	0.6768416	0.6336457	0.24024366	-0.5550966	-0.22791256	-0.4499484	-0.1839805	-0.7027187	-0.03171932	-0.6181478	0.03153438	0.25605115	-0.40160984	-0.25561172	0.19565004	-0.20428036	-0.5990029	-0.48132953	-0.3355932	-0.105923794	0.5100069	-0.31600523	-0.11224741	0.03499675	0.21898118	0.5183963	0.45245114	-1.034089	0.19126016	-0.22460882	-0.44307467	-0.6915813	-0.41906297	-0.98350704	-0.52742094	-0.28743726	0.7499234	1.665738	0.27874205	-0.05675255	-0.026106905	0.24169132	-0.67266226	0.35087714	-0.21945997	0.23280905	-0.6964636	-0.73087204	0.30880788	0.39059007	0.28504533	0.26823166	-1.4241608	-0.46650597	-0.27324283	-0.182615	0.19082032	-0.5668809	-0.115159005	0.41926402	-0.17196023	-0.42763335	-0.1663064	0.030977491	0.57930756	-0.24892078	-0.20612568	0.66585827	0.656597	0.25353345	0.02473036	0.18610035	0.24687761	0.034643184	0.58121496	0.04792906	-0.5402753	-0.40431884	-0.1729889	0.057031486	0.21179563	-0.07518919	0.23360573	-0.04616663	-0.3148253	0.31567714	-0.97443575	-0.09364897	-0.13551956	0.9191428	0.96256894	0.13021038	-0.24428874	0.3172923	0.7735856	0.22310695	0.15728909	-0.22218569	-0.04532325	-0.9820146	0.43612584	-1.0493473	-0.22035947	0.3813585	-0.18115194	-0.20505066	-0.38495034	1.1372882	-0.894172	-0.7649451	0.16187148	0.00076669396	0.16147284
0.01897949	0.10862581	0.016889924	0.16122621	0.404901	0.24728857	0.030311411	0.24491224	0.15494557	0.09622359	0.07331249	0.1773961	0.038639814	-0.13215783	-0.15897962	-0.0060773003	0.016148116	-0.23901431	0.044723902	-0.101349674	0.015103596	-0.100505285	-0.103033796	-0.038225934	-0.18570083	0.009338241	-0.13345507	-0.34839344	-0.18407662	-0.048600424	-0.066342935	0.03869443	0.07728981	-0.08333099	0.02979865	0.09080132	-0.3856825	-0.42681485	-0.020824423	-0.24538352	0.022699663	-0.062328413	0.0818253	-0.11181297	0.036347758	0.16085914	-0.22135463	0.29756704	0.031916756	0.031854972	0.0586062	-0.2576207	0.080913976	0.1031375	-0.07426111	0.12978542	0.121325776	0.2005237	0.38368523	0.4754238	-0.11931812	-0.22451524	-0.5343702	-0.18164289	0.6137727	-0.028055087	-0.180506	0.18749265	-0.2415396	0.18150426	0.17431583	0.10182095	0.096764825	-0.11807825	0.32407242	0.10375968	-0.0848555	-0.1279489	-0.047465947	0.08561685	0.22959062	-0.39236894	-0.25270835	0.19217844	0.019343724	0.012670623	0.33325744	-0.19784106	0.2358077	0.30640054	-0.283254	0.0343233	0.045493525	0.063224904	-0.13838486	-0.10848934	-0.07258501	-0.18530206	0.1644577	-0.098768994	-0.41167867	-0.3879786	-0.33251	-0.17433392	-0.16699803	-0.03010753	0.064595446	0.35158977	0.10093328	0.00082230737	-0.20552568	-0.042663567	-0.0004210293	-0.1530286	-0.08101485	0.07623894	-0.375697	0.01834789	0.02440564	-0.1174186	-0.2753368	-0.10401981	0.33531156	0.2785574	-0.09608019	-0.07423612	0.48150697	0.009634405
-0.014982567	-0.03479981	0.12276296	0.13122696	0.10530978	0.19750257	-0.09318357	0.1938419	0.2530789	0.016971787	-0.10447892	0.5177827	0.28017527	0.04502998	-0.10160004	0.2660578	0.29396012	-0.1820446	-0.11459522	0.15136132	-0.07563574	-0.20660512	-0.08937728	0.1859994	-0.09046956	0.3759803	-0.118389696	-0.25707027	0.1305962	0.10765394	0.22512795	-0.08801458	-0.15894143	0.16986811	0.03487458	-0.16025956	-0.049660183	-0.121813074	-0.13991438	0.0367974	0.09657248	-0.045477133	-0.3878799	-0.16827361	0.02266217	-0.11457736	0.095047295	-0.019000115	-0.0877198	-0.08596528	0.039692324	0.13838302	-0.19119829	0.031443786	0.17004363	-0.0481235	-0.25117266	0.087941326	0.19821607	0.14811814	-0.43847564	0.2838269	-0.22672302	0.16264233	0.3501239	0.13210692	-0.13095035	0.31424373	-0.06632826	-0.20402417	0.12838422	-0.2930682	-0.058477856	-0.27126622	0.120247245	0.026488565	0.27871796	-0.32752338	0.07484216	0.16203587	-0.012775331	-0.4097187	0.0829358	0.19953196	-0.0108043505	0.11017597	0.15275751	0.17686954	0.2697438	0.02411848	0.03395077	0.21725439	-0.24360785	-0.11371271	0.06505839	-0.4684492	0.22290683	0.38850605	0.446992	0.055221092	-0.26569358	-0.38881424	-0.6627633	-0.06342045	-0.0056648804	-0.13409041	-0.36235407	-0.29775146	0.31574833	0.3608404	-0.08288088	0.2528965	0.01233669	0.05069176	-0.32616407	-0.09178112	-0.21866995	-0.0932321	0.14094232	0.34121037	-0.030862236	-0.26564443	0.2831744	-0.1984063	-0.07478006	0.10668812	0.37432605	-0.11634802
0.10859484	0.12200793	0.084665	-0.046693124	0.27871463	0.13626137	0.056485776	0.17143925	0.047646645	-0.10900199	-0.14517272	0.28840604	0.12916987	0.08268496	-0.0037739861	-0.08836672	0.21343827	0.07870816	-0.23064375	0.047629964	0.12803918	-0.24019538	-0.2881368	0.0038490726	-0.2289938	0.22609787	-0.038601547	-0.06123399	-0.119609475	7.1624454e-05	0.017182633	-0.098706156	0.07298945	0.14443456	0.013275298	0.26641724	-0.12658691	-0.12064615	0.08739485	0.028144827	-0.04062703	-0.1271877	-0.14409733	-0.16377	0.052402493	-0.18995923	-0.05307391	0.2112236	-0.1470543	0.04923259	-0.05443716	-0.0655263	0.19087905	-0.020531507	0.094747975	-0.0725855	-0.06673792	0.26970118	0.06154523	0.10432299	-0.15838814	-0.048460133	-0.07770826	0.03533273	-0.04364949	-0.05691043	-0.04065582	0.13456589	-0.10010802	-0.030517818	0.11366571	0.037950803	0.12087289	0.01786943	0.04663576	0.17489907	0.19181825	0.023515351	0.046578158	0.06774743	0.12820739	-0.1566698	0.06312017	0.02495697	-0.0739605	-0.3550235	0.06352573	-0.12263075	-0.028785285	0.007639308	-0.12508744	0.037450213	-0.1972842	-0.21061318	0.011817193	-0.077135794	-0.08754392	-0.05500757	0.10979783	-0.25611278	-0.064614	-0.1604908	-0.024896476	0.12487014	0.041249897	0.05411489	-0.11832527	0.10751342	-0.14710213	-0.024465607	-0.043980725	0.19113228	0.09221992	0.05439164	-0.30526507	-0.047507912	-0.16243649	-0.010447906	0.12653257	0.08189856	-0.1797666	-0.1259215	0.019384723	-0.048278794	0.17879163	0.15857439	0.21544494	0.1418513
-0.1800983	0.15501706	0.015704514	-0.05071809	0.27407494	0.30614868	0.0575001	0.49978504	0.69481844	-0.2304755	0.20312554	0.39723	0.23160805	-0.2824906	-0.34773552	0.3026328	0.30665478	-0.0828557	-0.3692862	0.5261726	0.3335663	-0.6554641	-0.38951865	0.3058544	-0.82672894	0.011065541	-0.38192263	-0.39427084	-0.47655457	-0.07527417	0.14653239	0.200898	-0.17586106	-0.21045892	0.18678512	0.21431856	-0.045538723	-0.53794426	-0.10200272	0.054749653	-0.6875232	0.28255048	-0.7351744	0.3354764	0.17872621	-0.169974	0.28397217	-0.03842152	0.33097643	-0.117771424	-0.050395418	-0.71175206	0.005987709	-0.10116537	-0.021758592	-0.4327828	0.27046084	0.024675235	-0.46134183	0.3094217	-0.28579646	0.32941803	-0.41114444	0.442333	0.19655079	-0.09869859	0.18811537	0.23234358	0.03988453	-0.0343624	0.10742544	0.50190365	0.39106956	0.1352092	0.11644686	-0.18752947	0.1183662	-0.11392675	-0.28086996	0.06140761	0.3781803	-0.104733296	-0.18871388	-0.10940754	-0.06625061	-0.20751403	0.036405783	-0.22123858	0.10726771	-0.20966373	0.029774552	-0.063198954	-0.2842039	-0.023421133	-0.34142536	-0.3686281	-0.18033329	-0.03129669	0.4214348	-0.8677345	-0.6011493	-0.77325314	-0.4196207	-0.59735006	-0.33950743	0.29989424	-0.2564751	-0.16243728	0.4352426	0.20473005	-0.11654228	0.26213604	-0.27955645	0.33745953	-0.13588408	0.18068404	0.037186753	0.15128104	0.12702236	-0.3590493	0.03219078	-0.5275301	0.10855288	0.09640789	-0.27313387	0.11363186	0.09645397	-0.12192882
-0.001192118	0.16348402	-0.111989096	0.024902854	0.34828573	0.06837739	0.18273246	0.20451444	0.029044127	-0.075085975	-0.04983606	0.023709327	0.07681941	-0.0712124	0.10177363	0.04795428	0.23725675	-0.04223651	-0.065632544	0.15073286	0.00349577	-0.43724954	-0.007332444	-0.18973075	-0.08341865	-0.04550684	-0.1410362	-0.2899935	-0.14277768	0.14526998	-0.03726721	0.077844605	0.036349922	0.2237885	-0.017854482	0.08293209	-0.1801112	-0.029046392	-0.080983005	0.050733782	-0.012472099	-0.096836	-0.03503815	0.12891038	0.2845515	-0.07684431	0.044948447	0.2320505	-0.18242873	-0.09472032	-0.09293117	-0.19790472	0.2610554	-0.13682559	-0.17384715	-0.011812188	0.21426494	0.20166624	0.21970916	0.077489085	0.08617812	0.11476676	-0.32728955	0.07210594	0.24344237	-0.27021357	-0.07520728	-0.04253574	-0.26975164	0.1049554	0.06915918	0.016903702	0.18115522	-0.09720774	0.020403987	-0.09376482	-0.03826128	0.22002673	0.12060165	-0.021299457	0.24390878	-0.13982737	-0.042915825	0.26169345	-0.1308412	-0.3800665	0.08079789	0.15031618	-0.007451927	0.18466356	-0.18168247	0.028676832	-0.01036554	-0.14829196	-0.23598298	0.005890445	0.08923837	-0.021960283	-0.10128486	-0.273944	-0.16913615	-0.37618965	-0.1163441	-0.11818109	-0.1832849	-0.1648642	-0.025478033	0.1679627	0.3591197	0.16324642	0.077783585	0.013799247	0.11001839	-0.14286986	-0.16814561	-0.033413034	-0.18370625	-0.06589459	0.22053109	0.06560776	-0.20064688	0.060610265	0.12743965	0.16386251	0.025180653	-0.050595332	0.26387474	0.12911153
0.18217568	0.22161558	0.16986117	0.3666385	0.740335	0.48519906	-0.01450284	0.056811202	0.7445512	-0.045333017	-0.018621167	0.48787266	-0.26848862	0.1507291	0.012203015	0.21328631	0.0013836419	-0.19720298	-0.19096369	-0.07774095	0.033928502	-0.19638693	-0.19623885	0.3146162	-0.21810132	-0.06680395	-0.43677133	-0.35196692	-0.12593158	0.09035334	-0.42811495	0.030394247	-0.11241503	-0.20408341	0.49561217	-0.18950516	0.39775875	0.16128282	0.13350275	0.10610959	-0.0978345	-0.5020975	-0.19198677	-0.31694645	0.28533164	-0.3018276	0.18304457	0.092659935	-0.05213199	-0.33574772	0.10506114	0.09441965	-0.41968772	-0.04102244	0.4595872	0.3544344	0.2984671	-0.37498662	-0.1510663	0.094252355	0.022517184	0.22675297	0.45213357	0.30168718	0.81416273	0.17628106	-0.34216666	0.5254814	-0.3896218	-0.49855277	0.040322144	-0.17226522	0.32581228	-0.6744068	0.21286212	-0.4631532	-0.01771801	0.83846086	0.2617768	-0.28736165	-0.21961829	-0.8379642	0.83619756	0.6982737	-0.2724493	-0.15805078	-0.398237	0.3142026	0.5551224	-0.2983469	0.3672943	-0.5891204	-0.51803786	0.13232286	-0.33448198	-0.7122541	0.2994794	-0.19474153	0.661428	0.123883255	0.08681749	-1.289504	-1.0322971	-0.010012351	0.365476	0.3315044	-0.030954475	0.15152557	0.6799741	-0.22445495	-0.06142405	0.8793521	0.25411966	-0.48089415	-0.40528524	0.016151002	-0.40933126	-0.38089097	0.37914473	-0.13029255	-0.23263234	-0.024959257	0.54476523	0.4950655	-0.36835736	0.39083353	0.6982791	0.23629111
0.008238404	0.25987655	0.16544837	0.15621828	0.27443805	0.50683117	-0.021950997	0.15978311	0.49661168	-0.22697861	0.105901495	0.17150488	0.2956391	0.20174426	0.29038674	0.12924492	-0.012199307	-0.049239073	-0.5120595	0.34463254	0.16459729	-0.5271019	-0.17044602	0.5676697	-0.33840448	0.12022033	-0.41759577	-0.41866317	-0.29425672	-0.15887503	-0.46933308	0.20025128	0.103418246	-0.07674255	0.2086432	0.47277215	-0.37648258	0.058169432	0.08127069	-0.0743581	-0.025007311	0.23668894	-0.49057308	-0.35437927	0.17541735	0.055227682	-0.06813873	0.0014533303	-0.02007032	0.007003722	-0.26646087	0.21661921	-0.12466732	-0.2495376	-0.0020824333	0.16916823	-0.232335	0.06058189	0.13102548	0.21019459	-0.15346952	0.17548229	0.38656154	-0.11662171	0.49870116	-0.02311522	0.016513702	-0.22724022	-0.0755209	-0.13484941	-0.15916052	0.14636639	-0.029640729	0.5371648	0.20639715	0.26242492	0.40442562	0.30764833	-0.033438705	-0.28316134	0.08012739	-0.2276836	0.24792624	0.19855265	0.07590122	-0.13210574	-0.14215453	-0.05122272	0.17916185	-0.25436133	-0.14856037	-0.11899668	-0.38661888	0.23667096	-0.2640471	-0.1536074	-0.052205257	-0.0363179	0.118926495	-0.8489883	0.21998353	-0.41444495	-0.25814372	0.15178026	-0.18481494	0.31409732	-0.2756843	-0.22866586	0.5880631	-0.1368037	-0.03529211	0.062084466	0.2688421	0.07975585	-0.37583	0.06925743	-0.41506982	-0.3558674	0.2802829	0.03129325	-0.05254995	-0.12070883	0.32723805	0.056335144	0.12453182	0.26477516	0.2126549	-0.09554121
0.17773074	-0.12986875	0.2903542	0.18000515	0.5587437	0.25077677	-0.082564004	0.19414133	0.42522213	-0.012144316	-0.33999667	0.2725466	0.23175499	-0.108906515	0.10293453	0.16035776	0.13973242	-0.317956	-0.017773975	0.18636514	0.095487215	-0.35185444	-0.14101571	0.0860894	-0.27495462	0.0013882321	-0.545593	-0.28186604	-0.061409578	-0.14388525	-0.32035726	0.27726546	-0.14182228	-0.04384594	0.06361927	0.04876359	-0.015108062	-0.19870315	-0.039416496	0.3345772	0.040434286	0.09909127	-0.2933102	-0.10452164	-0.051194564	-0.36422175	0.11825585	0.23331363	-0.4246766	-0.024953645	0.14238511	-0.09572306	-0.15932111	0.079256386	0.22137357	-0.103045724	-0.05829177	-0.20328747	-0.055193406	0.23199497	0.030503606	0.013010917	0.10247869	0.40885702	0.23058374	-0.19416498	0.1655152	0.08018267	-0.22053877	-0.17507659	-0.18210962	-0.034323778	-0.2315599	-0.22296485	0.028557971	0.09394606	0.22894429	0.07115201	0.16044813	0.3720453	0.012492647	-0.22738771	0.022864236	0.50886726	-0.39534044	-0.07328053	-0.0921519	0.4381296	0.50426984	0.18999386	-0.22552985	0.15090609	-0.26894122	-0.115047276	-0.15162902	-0.39105123	0.008445779	0.061278045	-0.053911336	-0.12883851	-0.24880825	-0.26432595	-0.43432203	-0.10611778	-0.07742376	-0.28082258	0.03973389	-0.08227862	0.6757209	-0.1479615	-0.21345678	0.23189811	0.0693537	-0.105023116	-0.32455608	-0.015380832	-0.19727214	0.042778447	0.2091997	-0.1170201	-0.22133991	-0.030218335	0.15937418	0.11956939	-0.18357213	0.043981764	0.39875033	0.011150907
0.31584284	0.24027054	0.09713687	0.48612657	0.74741596	0.63801885	-0.061136484	0.122270375	0.5649867	0.03781188	0.09534252	0.5526633	-0.22628511	0.07371783	0.013211444	0.26831195	0.11567435	-0.20180927	-0.1847751	-0.27482113	-0.018132273	-0.115409754	-0.1613377	0.3287182	-0.4236481	-0.10766675	-0.34113368	-0.24262351	-0.01187685	0.032056075	-0.37137714	-0.03680919	-0.1506169	-0.21227764	0.5049927	0.016383512	0.41514215	0.22445959	0.2950391	0.089903824	-0.21615298	-0.3178106	-0.33474547	-0.22869365	0.2812361	-0.4192363	0.049005393	0.22153898	-0.09805255	-0.31061694	0.09038468	0.0579644	-0.45032072	-0.009042326	0.38183686	0.41892663	0.41759446	-0.50238305	-0.19633685	0.11083462	-0.0044097113	0.17229563	0.1644298	0.36296707	0.8383423	0.18552966	-0.30678782	0.43940195	-0.35562098	-0.56298524	0.12678179	-0.23746943	0.1857508	-0.578351	0.06640176	-0.5865924	0.05230561	0.81450903	0.100932024	-0.30541232	-0.22868805	-0.73923755	0.60912615	0.6633076	-0.18639217	-0.1406046	-0.4614342	0.39117947	0.55555457	-0.17651385	0.31497505	-0.51180285	-0.45891076	0.02817042	-0.37701228	-0.7082925	0.40988564	-0.4016154	0.52230805	0.07786243	0.09832682	-1.0247841	-0.8691816	0.07449049	0.17027795	0.31355926	-0.057042453	0.18510081	0.71314335	-0.32383144	-0.04106084	0.7592862	0.027449448	-0.5289168	-0.42280653	0.062331945	-0.5955205	-0.2016603	0.47699842	-0.16870762	-0.17736953	-0.09116984	0.5704111	0.5299565	-0.30542314	0.32743374	0.7143378	0.20436317
0.11016701	0.18046638	-0.15598035	0.120153315	0.45367768	0.005303817	-0.340534	0.7037982	-0.04371895	0.083098754	0.119331636	0.29869926	0.21843076	0.38170376	0.051296644	0.5378689	0.68980354	0.12639588	-0.2820755	0.09923451	-0.4585769	-0.59603083	-0.21038727	-0.13944851	0.09836303	-0.029995129	-0.5847263	-0.26844686	-0.04960219	0.11050241	-0.07218235	-0.25366372	-0.21841703	0.57723546	0.37842926	0.113487236	0.29043475	-0.33965668	0.3379122	-0.24036893	-0.59791577	0.6871217	-0.45877632	0.27184746	-0.049893722	-0.6206863	-0.24054846	0.21491681	0.14745675	-0.121009365	0.30025205	0.23019882	-0.024296707	-0.1878015	0.21582814	0.23977	0.51157	0.72186595	0.30195627	-0.053684864	-0.45469165	0.34664062	-0.22659354	0.41405824	0.24443503	-0.1476734	-0.1660417	0.47331768	0.1907564	-0.0340203	0.1481736	-0.14070864	-0.27485082	-0.26419404	-0.30442724	-0.17571783	0.25406325	0.37254685	0.17186372	0.3867489	-0.5589628	-0.440052	0.25901464	0.31636095	0.42210883	-0.57762444	0.048323333	-0.12649709	0.7827389	0.08088294	0.33922368	-0.3557441	-0.24526797	-0.26567203	-0.1318828	0.022151913	0.623384	0.013320512	0.26907727	-0.3038817	-0.046718575	-0.45626608	-0.8119202	0.0882942	-0.23871106	0.2812021	-0.10099803	0.49937075	0.24890094	-0.034640595	-0.37851912	0.06879436	-0.16502653	0.23717003	-0.4256024	0.33061674	-0.0076799905	0.20763887	0.14985177	0.024697153	-0.1256216	0.08146563	0.56274354	0.24522677	-0.09746186	0.48544952	1.0519894	-0.21816015
0.09670197	0.2007686	0.32226577	-0.07354843	0.80991983	0.35584888	0.27743635	0.46270597	0.288282	-0.34522253	-0.3742557	-0.6001253	0.10380595	0.16209108	0.12154368	0.41685587	-0.57397103	-0.691467	-0.52488214	-0.028660754	-0.054194953	-0.4355636	-0.6190138	-0.37149242	-0.3503588	0.08399148	0.015934533	-0.6249776	-0.16985977	0.64606136	-0.74521166	0.42649955	-0.1809326	0.4734961	0.15039572	0.82187545	-0.74652684	-1.0380397	0.8946178	-0.4650946	0.108129345	0.2100095	0.02567854	-0.45540422	-0.15643807	-0.46741486	-0.26015988	0.46245137	-0.042194217	0.22791234	-0.057533342	-0.55072683	0.3176107	0.4761743	0.32390514	-0.65256125	0.40644196	0.39097828	-0.007181392	0.3052626	0.4957728	0.41270322	0.2392054	-0.40978852	0.38751632	0.12867078	-0.22454868	0.35340807	0.15092728	0.22829635	-0.008199835	-0.31957412	0.80460465	0.22452182	0.09485536	-0.19001172	0.1014254	0.22103813	0.75867563	0.053428885	-0.17096055	-0.4584629	0.2638237	0.22669278	0.17094818	-1.0452929	0.18016836	0.5130801	0.7408112	-0.5146089	0.87462586	-0.33651543	-0.390883	0.21365634	-0.586296	-0.56730914	0.4569911	0.19400607	0.59730035	-0.7707597	0.7067021	-0.9164092	-0.35442638	-0.45302087	0.270905	0.020306656	-0.4629267	0.32544214	0.1093307	0.14833875	-0.46871352	0.19296557	-0.22164188	-0.24134012	-0.1647987	-0.33869177	-0.328345	0.17092897	0.10869986	0.6717395	0.5027079	-0.46782297	0.12182731	0.65337294	-0.46888554	0.35678285	0.34121302	-0.03112087
0.36672887	0.562898	-0.07118326	0.42396733	0.59465283	1.2212175	-0.11026285	1.0374608	0.36268488	-0.064810246	0.032077946	0.9590712	1.044044	0.29497963	0.8051533	0.0140227135	0.13539004	-0.26868623	0.24993095	0.5610168	-0.7797588	-0.63908577	-1.442567	0.56935734	-1.1619449	-0.36197454	0.94216454	-1.0491403	-0.19766678	-0.043759234	0.042083103	-0.33761254	0.16665035	0.4317265	-0.37950772	0.38851982	-0.18735677	0.38991907	-0.14266643	-0.2858026	-0.1854948	1.0191766	-1.2625964	0.5465794	0.2331036	0.81803715	0.16560465	0.21035966	-0.73894984	-0.46836165	0.79474604	-0.7041705	0.15422882	-0.12371848	-0.001805697	-0.6960272	-0.5108781	-0.35870546	0.090128064	-0.5960524	-0.3929202	0.5581587	-0.40586725	0.5540486	0.58916223	-0.42757162	-0.15309675	-0.06758514	-0.31820053	-0.8677152	0.18709803	-0.037589148	-0.3131709	-0.98831564	0.26910153	0.6944185	0.79869115	0.17534609	0.79987645	0.5103742	0.01662504	-0.38240975	0.02737626	1.0503523	-0.572417	-0.92041403	-0.109779544	-0.67828697	0.5674514	-0.39537618	-1.0362833	0.03851448	-0.29507625	-0.94090074	-0.98451585	-0.9275336	0.1530211	-0.25634372	-0.1968857	-1.181783	-0.36337012	0.3595495	-1.2627094	-0.121231906	-0.062297184	0.21365036	0.65663254	-0.24009278	0.2997232	-0.20338859	-0.19656108	0.17136386	0.15618022	-0.43844742	-0.17993733	0.7042596	-0.88546157	-0.5044137	0.526717	0.27367198	-0.36021346	-0.069363445	0.20228456	-0.022441942	-1.0941501	-0.15607399	0.32254484	0.30953032
0.3604347	0.26705936	0.07381567	0.30353752	0.4436807	1.0241548	0.2976175	0.6999876	0.6263899	0.48995522	-0.12193208	0.20677987	0.09708744	0.32394895	0.3340586	0.9880919	-0.6748909	-0.35409757	0.01406626	-0.3781719	-0.7261152	-0.30390134	-0.79660344	0.06972642	-0.6247482	0.61901927	0.08158892	-0.30417675	-0.3302745	0.9057844	-0.36939436	-0.32285407	0.09725676	0.23979053	0.54850966	-0.008673153	0.24170169	-0.50041384	0.52579176	-0.5184749	-0.19233301	0.18404524	0.0412685	0.045840077	0.32125545	-0.27027178	-0.34627506	-0.13869253	-0.048889253	0.012898744	-0.19510913	0.6306418	-0.06144899	0.26163393	0.13417023	-0.13155136	0.016554752	0.42580745	0.6074151	-0.2167049	0.20932712	0.4154724	0.6077454	-0.07245254	0.33993536	-0.0953687	-0.1964615	0.55966395	0.01563854	-0.27770025	0.32626316	0.20115216	0.5411132	0.2251415	0.51632243	-0.5231655	0.55630016	0.10936542	-0.46080214	-0.043057017	-0.55434054	-1.0938904	0.569756	0.6665233	-0.006705715	-0.31987283	0.18844724	-0.31072292	-0.09623269	0.016987279	-0.04714419	-0.17361382	-0.86112064	-0.06709441	-0.3230911	-0.08126476	0.39097133	0.37218344	-0.04232924	-0.5028365	0.5108438	-0.7386565	-0.40639466	0.07461928	-0.27644235	0.77962	0.14796364	0.57020605	0.5038356	-0.26199168	0.39012292	0.8142165	-0.417216	0.017081097	-0.45795694	0.38477546	-1.0059264	0.18447171	0.71032506	0.6470608	-0.08182127	-0.2005181	0.5290203	-0.21819085	-0.3663418	-0.27013177	1.0492338	0.13081802
0.09754615	0.015673632	0.0709837	0.015345591	0.20641994	0.21903916	-0.029686728	0.009972491	0.12731893	0.09461257	0.1473741	0.09489615	0.11239288	-0.05196929	0.049042977	0.17160383	-0.042016495	-0.019927325	0.027817061	-0.11459556	-0.117385656	-0.06649147	-0.23931795	-0.03075245	-0.26208284	0.25142622	0.036546044	-0.047158346	-0.0073746564	0.20575632	-0.016908126	-0.16500784	-0.08571625	0.071538754	0.15660208	-0.04108496	0.002364475	-0.04594009	0.23994352	0.00531305	-0.054395985	0.038842864	-0.11554431	0.06442651	0.08715842	-0.124699906	-0.044385716	0.19155516	-0.1090456	0.078633204	-0.17038184	0.27461404	0.093592905	0.0913168	-0.17502393	-0.1920656	-0.0931738	0.2782816	0.09960508	-0.15965134	-0.119018085	0.10860808	0.18637243	-0.11272884	0.07680216	0.029440995	-0.055762537	0.14223775	-0.028256902	-0.19019431	0.16336153	0.0015066735	0.04993681	-0.05468719	0.15697418	-0.021540608	-0.021955	0.011951312	-0.09312758	-0.10999318	-0.13122481	-0.36795425	0.0021085201	0.047150344	-0.12999603	-0.12642533	0.104168504	0.021785872	-0.0011015744	0.16333659	-0.15712346	-0.033781823	-0.33873004	-0.046309106	-0.26193282	-0.12327313	0.24678186	0.27638265	0.016641038	-0.10572683	0.06386083	-0.2441565	-0.18458389	-0.004711168	-0.057889532	0.11756454	-0.21520269	0.13618705	0.0765512	0.14484487	0.2189242	0.17024258	-0.0011077891	-0.027348273	-0.116431326	-0.13268875	-0.34928897	-0.05729021	0.27287942	0.081039324	0.016862974	-0.16540875	0.120395176	0.07379835	-0.07265206	-0.05378546	0.28363967	0.09347068
0.24658014	0.1290189	0.028960653	0.56038207	0.7044138	0.35937893	-0.004954951	0.09652823	0.61685526	0.0032123476	0.047408458	0.5457162	-0.33428317	0.07248292	-0.019504974	0.18147539	0.17390096	-0.33681777	-0.15682241	-0.22814256	0.043765634	-0.16662306	0.056239326	0.46632794	-0.5040835	-0.10812972	-0.23343931	-0.25553793	-0.15639596	0.023485279	-0.33514	0.08174649	-0.21350743	-0.16734125	0.3764475	0.14215174	0.35175616	0.23778175	0.18779515	0.14592214	-0.20602988	-0.21650392	-0.44610676	-0.32047883	0.33153492	-0.22710028	-0.05594059	0.11038574	-0.16870004	-0.29961562	0.19343174	0.0889368	-0.4308868	-0.14993201	0.42361116	0.49834287	0.3868872	-0.40167645	-0.1419213	0.059034646	-0.04455421	0.043755118	0.13854936	0.3437226	0.9802746	0.256114	-0.16577554	0.43425244	-0.34045172	-0.47096983	0.05385966	-0.2718202	0.02923149	-0.56741565	0.1585978	-0.5154813	0.084523775	0.82852006	0.06835302	-0.33540192	-0.24449857	-0.69639564	0.5352582	0.7686859	-0.19091643	-0.07526518	-0.51896214	0.38810277	0.52750576	-0.17623922	0.10536794	-0.5918333	-0.4084712	0.009723311	-0.3762005	-0.7902262	0.44419318	-0.3294905	0.5190102	0.10574292	0.04054655	-1.0735185	-0.9226512	0.0996659	0.19933398	0.23416993	-0.059689377	0.12211646	0.7033689	-0.3113516	-0.06476619	0.7898607	0.037944816	-0.4133796	-0.46628854	0.029410245	-0.5595657	-0.22376582	0.46689537	-0.27587098	-0.2811272	-0.17927115	0.5423971	0.5000865	-0.37047896	0.45827457	0.7209175	0.26320487
0.039397907	0.113267936	-0.019835241	0.17046623	0.4300454	0.20928834	0.019077191	0.25994402	0.100468196	0.08828972	0.06182048	0.18672514	0.045107983	-0.13800134	-0.15224257	0.00038178533	0.027246665	-0.24754958	0.04233604	-0.023243833	0.026164388	-0.04899488	-0.05881847	-0.045136444	-0.1814107	-0.05181369	-0.16417268	-0.33829367	-0.19217916	-0.06908594	-0.063438125	0.0112949945	0.084860854	-0.023846498	-0.02431269	0.10018827	-0.37488288	-0.4185364	-0.02703207	-0.23485982	0.031072961	-0.0493082	0.10033441	-0.07008638	0.054573707	0.24631312	-0.1529856	0.29551893	-0.035847396	0.012994718	0.100548744	-0.30774683	0.034325127	0.119341694	-0.08250207	0.1508332	0.15338102	0.18612269	0.36679202	0.43848768	-0.10464017	-0.20134212	-0.49535742	-0.15302393	0.5844779	-0.034698978	-0.21138641	0.19116248	-0.2743148	0.19297525	0.1804927	0.10124192	0.088800974	-0.12802112	0.29667768	0.09426788	-0.07616595	-0.17174903	-0.030120417	0.086871095	0.22901502	-0.3825163	-0.23922372	0.24335635	0.026858049	0.014845922	0.35868824	-0.15169273	0.29316905	0.35473144	-0.28314632	0.04315822	0.07445061	0.03238917	-0.13551551	-0.13772833	0.004539134	-0.18849967	0.12074651	-0.114551775	-0.3850818	-0.34690362	-0.31872746	-0.16525717	-0.1884191	-0.029883103	0.06809958	0.3071737	0.13003911	-0.031278607	-0.19769835	-0.034956366	-0.012757669	-0.17357568	-0.09760599	0.049400993	-0.37276664	0.0068134726	0.024446577	-0.07069784	-0.30372396	-0.085887924	0.29556164	0.3175846	-0.14379187	-0.064737715	0.46314412	0.015067271
-0.7781841	0.62228155	0.32780343	0.29836476	0.50957894	0.52217156	0.53570855	0.41138986	0.82622594	0.24732652	0.12657498	0.4666574	0.13176268	0.25317824	0.043706164	-0.7041846	0.6500455	0.23535514	-0.73939055	-0.56164867	-0.45184368	-0.1690354	-0.033331066	0.20999613	-0.5797201	-0.1997586	-0.024494722	-1.4603682	-0.5651655	0.4295195	-0.660966	0.13593821	-0.09457411	-0.10353521	-0.18488376	0.01871867	-0.3690552	-0.7256026	-0.66381395	-0.10469894	0.5975596	-0.33447865	-0.19752583	-0.07223493	0.7509948	0.17070387	0.7971016	0.25799346	-1.3277749	0.17167245	0.06529073	0.28959727	-0.2084174	-0.32098842	0.6174669	0.6491121	0.23250282	0.019172251	0.6799154	0.035712913	0.88413507	0.44043067	-0.14536786	0.012067735	0.5873592	-0.11524176	-1.2454492	0.29558122	-0.14970635	-0.27302763	0.37633166	0.2296435	0.35760376	0.051903933	-0.4943302	0.74623775	0.56865066	0.5318302	0.32182395	0.3601346	0.23157573	-0.60210174	-0.15091205	0.32839394	-0.11537311	-1.5260555	0.14271565	0.42124376	0.41541076	-0.015675021	0.54207844	0.009388068	-0.69550955	-0.32943323	0.3582128	0.33160114	0.503577	-0.2703116	0.90628767	-0.4655042	-0.65220857	-0.8390669	0.1873583	-0.28607017	0.051588498	0.4107515	-0.50202864	-0.007534248	0.14522095	0.5534136	0.75646806	0.92683583	0.22164415	-0.21084633	-0.5406004	-0.38110816	0.7034062	-0.21370731	0.22431593	0.8759941	-0.33358535	-0.30066675	0.45885837	-0.61478317	0.08533021	0.2523984	1.1329744	-0.1093244
0.10219197	-0.058621492	0.58525896	-0.17353155	0.9039546	0.3228416	0.49722126	0.5326349	0.61774564	-0.098620854	0.30261877	0.17046297	-0.20168698	-0.2674781	-0.09422195	-0.23154923	0.4084895	-0.4243116	-0.5810579	-0.21023501	-0.09739771	-0.43243942	-0.57080746	0.41900575	-0.66711724	0.35678473	-0.17287245	-0.6284839	-0.3997628	0.1387241	-0.06859319	0.45194814	0.22675246	0.08790552	0.2225587	0.057042856	-0.90647835	-0.8957416	0.033513717	0.23189506	-0.055707596	-0.59355867	-0.82869375	-0.5323382	-0.074964516	0.02664884	-0.18417089	1.2109159	-1.0321295	0.40678424	-0.6359048	-0.5818355	0.60574085	-0.11709419	-0.59971166	-0.022926958	0.20591316	0.30431095	0.18019854	0.71284103	-0.067427	0.5187031	0.06144115	-0.21364713	0.4622295	-0.04608724	-0.4689244	-0.6686325	-0.16336882	0.097553015	0.3749221	-0.060585845	0.11227082	-0.19921413	0.33431375	0.63005024	1.078464	0.26507238	0.12241064	-0.35576245	0.8657847	-0.14001955	0.2517453	-0.3582016	0.13626173	0.41050854	-0.52646863	-0.3562224	0.8748117	0.486748	-0.4271171	-0.29564118	-0.7797927	0.47386435	0.020749273	-0.30470878	0.05092816	0.06906819	-0.09380156	-0.9069049	-0.1137412	-0.08046276	-0.6646208	-0.45125502	-0.1703913	-0.10879374	-0.07884322	0.15729369	-0.06597231	0.44589636	-0.6846729	-0.14806364	0.8356254	-0.55115944	-0.9103161	-0.05049188	-0.6419042	-0.27196446	0.006360595	0.51251584	0.23648295	-0.11844617	0.24081755	0.22306694	-0.47740024	0.32736975	0.46811506	-0.22945757
0.12789196	-0.05532016	-0.0055660317	0.13024603	0.081581496	0.28061432	-0.2343845	0.10208469	0.23499778	-0.062810086	-0.052815005	0.4552423	0.24367666	0.06211575	-0.18239295	0.31874824	0.24001405	-0.15608357	-0.05103761	0.17425147	-0.1797332	-0.15543258	0.0008450488	0.25008273	-0.020067891	0.40125635	-0.08492968	-0.21235476	0.10013114	0.096494935	0.268949	-0.1511608	-0.14993626	0.19249761	0.03646125	-0.004893554	0.03852695	-0.05235686	-0.11130443	0.009859598	0.2035032	-0.1354667	-0.40627608	-0.21674599	0.122607134	-0.208739	0.042933494	0.022108959	-0.12742564	-0.15794215	0.085329354	-0.09911054	-0.121652946	-0.21468316	0.22553067	-0.28073964	-0.17723812	0.09452373	0.25169018	0.07958221	-0.49562544	0.23025809	-0.4113014	0.09602739	0.29735595	-0.007531808	-0.086197264	0.3738257	-0.14939736	-0.11416218	0.061980147	-0.30621797	0.022050714	-0.34907404	0.15139738	-0.08882006	0.4396603	-0.36827227	-0.09800312	0.06658155	-0.12365348	-0.5007566	0.11247158	0.23531476	-0.14094622	-0.130152	0.19091488	0.18056579	0.24883261	0.049588084	0.050757237	0.084458396	-0.33774185	-0.043393884	0.03280605	-0.4274898	0.4291356	0.44735596	0.31878722	0.02190198	-0.25730938	-0.400582	-0.641114	0.065300606	0.08622906	0.029885938	-0.3084998	-0.20881993	0.33763236	0.21642561	-0.022088047	0.34166682	0.017106686	0.031118788	-0.27743518	-0.1383662	-0.33428657	-0.054571923	0.14070703	0.3075751	0.026151896	-0.30541876	0.26375884	-0.12139888	-0.1109163	0.13564172	0.34215763	-0.09489094
-0.010063574	0.18280303	-0.10296238	0.0239329	0.33816445	0.07191648	0.17389537	0.19581814	0.034064192	-0.081004456	-0.04866186	0.048172977	0.08383792	-0.10082752	0.099758975	0.033842467	0.23612563	-0.006261243	-0.06833559	0.12874354	0.017386515	-0.46671307	0.00015031945	-0.22577798	-0.10247577	-0.026853317	-0.10313259	-0.29195753	-0.12993468	0.14150101	-0.02264896	0.037647106	0.022400854	0.22634752	0.0028648886	0.10695475	-0.20103167	-0.045252025	-0.053645983	0.046517894	-0.035887305	-0.0710819	-0.04978572	0.10289023	0.28479373	-0.09374211	0.05659492	0.23705117	-0.17973894	-0.091119185	-0.07383185	-0.22505839	0.23957178	-0.1093799	-0.1760805	-0.019961415	0.18972872	0.20542923	0.20620105	0.10196262	0.07313138	0.14400145	-0.33994237	0.08471559	0.24583896	-0.2720838	-0.07611308	-0.013334724	-0.27669013	0.092501	0.037224717	0.011231062	0.18027341	-0.075463004	0.014971441	-0.113080524	-0.02885367	0.20500119	0.121653676	-0.017018849	0.21241678	-0.114723966	-0.030631773	0.26204666	-0.11235785	-0.34895328	0.10250061	0.13962092	0.0020789083	0.1878979	-0.17762351	0.069176346	-0.027443865	-0.14904958	-0.209983	0.023215195	0.08746719	0.008158274	-0.07400386	-0.29825395	-0.15657613	-0.39232248	-0.08360305	-0.1133453	-0.20461787	-0.16066045	0.00510674	0.16762713	0.3366023	0.17265391	0.08931551	0.028142072	0.082908995	-0.10127613	-0.18296027	-0.047110472	-0.16652685	-0.07278745	0.19885758	0.079096325	-0.1850021	0.03819499	0.11863578	0.13220109	0.025453761	-0.036406256	0.2273272	0.09382564
-0.007525484	-0.05924606	-0.16120331	0.17489684	0.26992056	-0.008952327	0.19338681	0.15038694	0.073241055	0.13207912	0.006810839	0.012141721	0.024698956	0.033591315	0.13817705	0.022697033	-0.03959135	-0.21042182	-0.14297953	0.10409549	0.20744032	-0.22371495	-0.25939444	-0.17388085	-0.14450349	0.052995287	-0.048526254	-0.09704837	0.07983459	0.087523684	-0.232642	0.01152801	-0.060101066	0.10718348	-0.120496124	0.029858403	-0.34813616	-0.14291707	0.18983574	-0.049934674	-0.16960797	0.086689055	-0.195852	-0.02960759	0.12194742	-0.22418275	-0.090397745	0.23988913	-0.21112248	-0.035915	-0.114559904	-0.06818018	0.18326773	-0.025553588	-0.0654715	-0.09595589	-0.08161954	0.13733009	0.12411613	0.18926036	-0.067502715	0.093477905	-0.25184736	0.040608153	0.12548718	-0.033874027	-0.056976225	0.1589361	-0.043773398	0.024986856	0.13932586	-0.0071936543	0.014571653	-0.115396	0.18131837	0.025516156	-0.03342602	-0.028718317	0.22451946	-0.06694089	0.08513117	-0.1055187	0.023410393	0.2743929	0.040535882	-0.23287514	0.038119376	-0.062314216	0.13260867	0.06089611	0.041871537	0.14472874	-0.22415964	-0.19358252	-0.08169403	-0.18046895	-0.01051201	0.14256112	0.097006485	-0.13859572	-0.16720712	-0.22953528	-0.21610214	-0.010499648	-0.083661616	-0.05546627	-0.026945012	0.10379286	0.038254146	0.06389303	0.22494693	0.19405194	0.0004562084	-0.0309571	-0.094072506	-0.070836425	-0.0516448	0.052623536	0.17037497	-0.01130865	-0.2009713	-0.018191127	0.12431865	0.10047781	-0.20675433	-0.057872087	0.11920451	0.094125405
-0.19539756	0.12286399	0.29364	0.2276411	0.22008164	0.15058582	-0.07875005	0.31872058	0.049005885	-0.111674085	-0.2839932	0.40867257	0.1502848	0.112558536	-0.07998228	-0.015488016	0.2151147	-0.014280108	0.20606871	-0.20771138	-0.09107504	-0.6425824	-0.35768986	-0.4083211	-0.18395768	-0.047157258	-0.30363652	0.033026196	0.06538058	-0.15700032	-0.13206245	-0.17468527	0.021662544	0.053735044	0.020358974	-0.04962098	-0.31884623	-0.27060574	0.20496349	0.24103913	0.07749678	-0.06447365	-0.044890214	-0.20681788	0.019175125	0.08622648	0.13271335	0.58838415	-0.020688612	-0.11166974	0.19467866	0.04695574	-0.2012095	-0.2617331	-0.13292207	0.3645245	0.10413664	0.39227167	0.21485263	-0.08470126	-0.12959713	0.03444004	-0.27271345	0.13366725	-0.019636722	-0.10536923	-0.28342155	-0.21669567	0.14145882	-0.20123266	-0.028444553	0.013227615	0.01680018	-0.113520384	-0.03758811	0.09259896	0.22149077	0.10602306	0.26190037	0.0396962	0.20693514	-0.34851968	-0.10574369	0.02361821	0.006684443	-0.13981986	0.09675867	0.15888436	0.14775264	0.13038206	-0.22772641	-0.27651665	-0.055933844	-0.22603844	0.047497515	-0.015097545	0.32987952	0.0041998336	0.09362578	-0.5609126	-0.06875176	-0.43501347	-0.27516636	0.04708881	-0.16087793	-0.25295606	0.007100186	-0.10087004	0.18113479	0.04275456	0.09313578	0.2763197	0.39604187	0.103956506	-0.24465984	0.106124796	-0.56898403	0.113953814	0.01375718	0.15253918	-0.3637812	-0.19367868	0.43356282	0.099903814	0.18530561	0.15599996	0.35127974	-0.101297334
-0.04414028	0.36106303	0.3676534	0.13586526	1.235631	0.9028413	-0.6701407	-0.6739728	0.20847249	1.5292691	0.67538905	-0.31539345	0.015853895	1.9117063	-0.991405	-0.46990937	0.51919746	0.7380479	-0.66340196	-0.23908085	0.20024526	-0.79342675	-1.3499951	1.7319869	-0.58662754	0.5052274	0.1750534	-0.0019925456	0.24713854	-0.53247404	-0.664633	0.14641479	-0.19118418	0.10871884	0.71498734	0.5317377	-0.95452565	-0.5957983	-0.20424119	-1.0037903	0.21667442	0.028710721	-1.3480906	2.2624435	0.5483006	-2.6712305e-05	-1.3459498	0.17294396	-0.18493293	0.14552295	0.7845486	0.9461191	1.4928489	0.27295884	0.6432796	-0.10336834	-0.93304384	0.38025993	1.4910105	-0.158422	2.053676	-1.1588815	-2.3056273	-0.7652828	1.1900403	0.44290203	-0.1495036	0.12206595	-0.8888902	-0.7614945	0.779585	1.6140485	-0.6431426	-0.8257374	1.1533765	0.30431628	-0.08514094	0.28378373	0.01697764	0.56891316	0.5811032	-1.8967152	0.9868235	0.38551286	-0.6304863	-1.4788784	0.06956784	-0.1497567	0.08655345	-0.87577415	-1.9840368	-0.023681013	1.1214156	-0.020019356	1.2175418	0.748853	-0.17324598	0.01982092	0.33235335	0.22620405	-0.986543	1.9620931	-0.3305911	0.3656906	-0.3190122	-0.8651674	0.13341686	0.03614807	-0.63278264	0.14069559	-0.5258339	-0.20261963	1.0299612	-1.1853167	-0.4909291	0.21497214	-1.6924696	-0.016782917	0.2217398	-0.26918593	-0.004425703	0.6680915	-1.1495422	0.37183633	-0.013176209	-0.74029934	0.39944905	0.90008634
0.05886547	0.18086714	-0.035155166	0.0285757	0.16134946	0.13569507	0.23587044	0.08698487	0.1504479	0.13850014	-0.043154296	0.18235004	0.082878806	-0.06658555	-0.056841925	0.023609797	-0.093140244	-0.20882711	0.0936205	0.14656463	-0.0040110718	-0.16192876	-0.25991437	-0.005505202	-0.37294075	0.027319647	-0.1025358	-0.24630165	0.014777682	0.0060139233	-0.2193606	-0.19939329	0.09842691	0.024635425	0.09129116	0.0006323623	-0.12741362	-0.15416399	0.013758432	-0.009297069	-0.22168973	0.03986433	-0.014727207	0.2149402	0.08087989	0.012562102	0.12545726	0.25993776	-0.034824464	0.10863405	0.0129708825	-0.014583101	0.029138653	0.008888989	-0.039512493	-0.047714505	0.16240482	0.1618941	0.04750642	-0.010461	0.04377223	0.052579008	-0.056868933	0.06205247	0.102259435	-0.14041883	-0.14330338	0.06634359	0.051884174	-0.18334778	-0.03463921	0.10968655	-0.03234649	-0.055122923	0.22917874	0.04699566	-0.2149678	0.07283849	-0.044091653	0.15580854	-0.042209245	-0.32858664	-0.014064097	0.2054606	-0.06602673	-0.102974005	0.026275184	0.102114625	0.10808079	-0.08523419	-0.017154856	-0.21742077	-0.09996545	-0.05961286	0.0019943772	-0.046867423	0.15857144	0.09474518	-0.027337207	-0.08722373	0.020515364	-0.20380527	-0.29775962	-0.083578676	-0.06911439	0.062718056	-0.048947077	0.025053192	0.18527605	-0.010641181	0.23255217	0.2335353	0.10646208	0.09781701	-0.027975248	-0.01992172	-0.21363516	-0.08626752	0.14005655	0.16061823	-0.21657082	0.023796678	0.1095759	-0.005883144	-0.25482887	-0.084974155	0.27369335	-0.13541453
0.18139261	0.19477257	0.2632767	0.15627368	0.45065257	0.6834174	0.064224735	-0.07166409	1.000803	0.10536075	0.22106329	0.62196666	0.45804217	-0.26049587	0.107571274	0.6180493	-0.23772177	-0.3388257	0.36539108	-0.29797834	-0.033694267	-0.29069883	-0.46373844	0.11553871	-0.61767966	0.27781633	-0.108448006	-0.27377456	-0.25984782	0.19196166	-0.42650834	-0.19937722	0.2734962	-0.31757495	0.6210401	0.25960296	0.18378067	-0.15744588	0.3346147	0.16687633	-0.6505701	0.10169008	-0.43401206	0.21052091	-0.07666902	-0.15961489	-0.20860647	0.07934219	0.08485442	0.34941044	-0.21569099	0.095149204	-0.34568554	-0.1336586	-0.104211695	-0.20339952	-0.32236147	0.33450302	-0.034119073	0.06929568	0.070818745	-0.02657725	0.19809707	0.24748054	0.3130595	0.13916247	0.12738861	0.1353562	-0.04602811	-0.3068595	0.14965276	0.37429222	-0.19161278	0.10101534	0.4667726	0.08390303	0.13056673	0.11319296	-0.2547723	0.10046149	-0.008115565	-0.55151635	-0.06483714	0.32370672	0.040171742	0.058469493	-0.09255048	0.18769635	-0.47626418	0.19097678	-0.07142425	-0.2427824	-0.5704981	0.014215622	0.00167134	-0.24957079	0.45332026	0.519627	0.22963357	-0.28539434	-0.12361659	-0.70217764	-1.0548931	-0.37877935	-0.5615926	0.18572901	0.12647076	0.18387039	0.5838575	0.008957792	0.46366975	0.5041756	-0.014283016	0.3707061	-0.23522381	-0.35870203	-0.40099147	-0.3732513	0.449566	0.22652453	-0.3276893	-0.113785446	0.1719059	-0.0798547	-0.30731338	-0.34287995	0.5590431	-0.09682905
-0.21422957	0.076324336	0.27630273	0.2913542	0.27246568	0.13258122	-0.100916676	0.29303795	0.048301436	-0.110271156	-0.30531827	0.45311677	0.17859395	0.11255704	-0.11123671	0.016970327	0.24886501	-0.034717176	0.23950757	-0.22711171	-0.06802091	-0.6037427	-0.3458241	-0.40922695	-0.1722991	-0.08649246	-0.35953718	0.07290448	0.10315166	-0.16223942	-0.12630808	-0.18438013	0.0024852047	0.006735096	0.10565526	-0.09455279	-0.2924327	-0.24462487	0.22638452	0.30091318	0.036264375	-0.058035817	-0.0034696036	-0.27284628	0.07425618	0.028988393	0.17523918	0.58292925	-0.03253358	-0.16220878	0.25869092	0.036476642	-0.15955469	-0.22275467	-0.09960949	0.31817535	0.13767745	0.34447056	0.19837424	-0.09404811	-0.14793788	0.04594086	-0.34227207	0.16042162	-0.037839606	-0.08832578	-0.21824011	-0.19068412	0.09411652	-0.20624901	-0.028121935	0.022742061	0.0358707	-0.17870693	-0.06248958	0.06304503	0.21009168	0.10125756	0.23902543	0.048874065	0.15407741	-0.3562891	-0.119271986	0.07349053	-0.0100029055	-0.19582021	0.15095094	0.19619754	0.16692907	0.12098609	-0.19885838	-0.2655147	-0.024126347	-0.23427169	0.030903393	-0.026454847	0.31608397	-0.008662152	0.12821384	-0.53115296	-0.049720995	-0.4774624	-0.30680323	0.0018244797	-0.09564624	-0.30969733	0.008464097	-0.14399219	0.27243617	0.12854911	0.09753343	0.27008727	0.36196524	0.11416213	-0.25248274	0.14023007	-0.5077045	0.103199996	-0.012393744	0.13967955	-0.37443653	-0.23027872	0.46955165	0.136404	0.16464473	0.1480509	0.36809996	-0.08453683
-0.00032582594	-0.102966875	0.5861343	-0.1952545	0.85927814	0.38746825	0.36543992	0.53866297	0.5451494	-0.10455723	0.36846793	0.20774849	-0.15496664	-0.32088122	-0.13874134	-0.18733072	0.34289128	-0.39902225	-0.5193205	-0.24607722	-0.21834242	-0.36716697	-0.49182537	0.40093508	-0.7025425	0.29669708	-0.21622574	-0.53523266	-0.25332338	0.21696243	0.054037165	0.41558212	0.1509727	0.07444986	0.2740584	-0.1215437	-0.88518643	-0.81737965	0.119189925	0.1016127	-0.08735265	-0.49191922	-0.7692138	-0.43375665	-0.06456888	0.1073718	-0.23683874	1.0939465	-0.89008033	0.41512793	-0.5467812	-0.49275437	0.5697805	-0.09432131	-0.5345778	0.029274024	0.1722484	0.34739617	0.16444643	0.6059121	-0.1158564	0.50294673	0.06464785	-0.3106466	0.41544265	0.024660569	-0.54124725	-0.48916477	-0.12220372	0.103243254	0.2586775	-0.012127337	0.025601054	-0.21760377	0.3029283	0.61830264	0.9703392	0.15799658	0.10751005	-0.318549	0.8004465	-0.15266657	0.23902993	-0.32406622	0.1767297	0.36136103	-0.52985233	-0.4883214	0.9016181	0.42895442	-0.38936806	-0.18971322	-0.7602283	0.5255509	0.10315633	-0.22855848	0.053618398	0.11582015	-0.016073462	-0.8767501	-0.027172584	-0.0754414	-0.6833353	-0.45998698	-0.22731125	-0.06730388	-0.17868818	0.03499171	-0.080460384	0.43940797	-0.64753574	-0.20833719	0.7731253	-0.728998	-0.8251441	-0.009601977	-0.5903243	-0.24617614	0.041339476	0.5170896	0.29560995	-0.0683733	0.16573305	0.18245356	-0.52818704	0.22961535	0.4224067	-0.30268234
0.06809833	-0.12132264	0.40805995	-0.08457136	0.4744075	0.34488425	0.44912085	0.37776843	0.9245471	-0.14791995	-0.12818713	0.27805296	-0.47845215	0.070930436	-0.108472615	0.281455	0.16764116	-0.43717417	-0.6493035	0.479637	0.38302168	-0.54906344	-0.25404763	0.16940838	-0.6102498	0.2992305	-0.4628813	-0.72875077	-0.40511063	-0.025896918	-0.052340224	-0.4603405	0.23715645	0.24623354	-0.008066615	0.78412026	-0.39418536	-0.7866316	0.13631962	0.3353476	-0.072239704	-0.20032741	-0.5490262	-0.07269513	-0.055825267	-0.34092847	-0.09109397	0.7279925	-0.84297293	0.02200514	-0.64910907	0.1409367	0.10584055	0.53960544	0.01642032	0.13785507	0.21344873	0.54967046	0.27469754	0.43140423	-0.6139447	0.38853613	-0.5230459	0.22596213	0.38929313	0.34624335	0.03127063	-0.82326245	0.18893777	-0.3490728	-0.33653444	0.31485033	-0.05109569	0.039712176	0.11496254	0.3498777	0.40709865	-0.37300682	-0.15841323	0.26250413	-0.103970826	-0.27166986	0.02314926	0.25183496	0.05728546	-0.03572271	0.050326195	0.20542713	0.19388902	0.63017654	-0.30490643	-0.2096225	-0.6064509	-0.12641151	0.07208644	-0.11983879	-0.020670388	0.24812686	-0.21705182	-0.18396533	-0.39547113	-0.23405685	-0.1379014	0.10837318	0.27649653	-0.031001808	-0.45976213	-0.2376515	0.6046294	0.25303438	-0.0027560422	-0.019148348	-0.13514557	0.17188828	-0.49850938	0.4380367	-0.2690335	0.15616418	0.1207526	0.4949831	-0.10929108	-0.39610797	0.48662356	-0.26175737	0.05933607	-0.272222	0.30629113	-0.54498976
0.09560157	0.01022426	0.05310463	0.033191014	0.21833733	0.23263435	-0.039882742	0.071616106	0.17916654	0.124732114	0.1466208	0.11426863	0.08062589	-0.06901132	-0.00047693824	0.16789776	-0.0070813363	-0.017384565	0.0063740015	-0.12337261	-0.11965566	-0.09862856	-0.30086452	0.014753673	-0.25695157	0.30465198	0.017083213	-0.07963827	0.006144207	0.19521149	-0.02098328	-0.15627775	-0.13196942	0.059103575	0.13310987	-0.06601202	-0.016906178	-0.11216008	0.2442455	-0.03035246	-0.054337155	0.08351737	-0.16141713	0.13647163	0.033217132	-0.12869713	-0.094151966	0.15732656	-0.027115373	0.054350674	-0.15594177	0.26613456	0.039300162	0.08509421	-0.17879511	-0.14782259	-0.12477262	0.28426257	0.16725089	-0.14912471	-0.10758768	0.07526117	0.24196132	-0.10635807	0.021998385	0.06755285	-0.06473407	0.13331106	-0.029166115	-0.16715443	0.15073855	0.011524543	0.020311913	-0.01632733	0.15824558	0.022262473	0.0008003874	0.0018865752	-0.098260164	-0.066654205	-0.14001091	-0.3768784	-0.023862114	0.0030827539	-0.10849371	-0.118488334	0.08856898	0.008410333	0.0044957935	0.156016	-0.19006664	0.014895737	-0.2827762	-0.061026584	-0.264792	-0.037504584	0.25106153	0.2662402	-0.0015275292	-0.079013295	0.0031171367	-0.25860658	-0.22087137	-0.015215624	-0.099310175	0.19461986	-0.20600007	0.20320415	0.0728723	0.09814474	0.18592982	0.14677487	-0.041233175	0.014890982	-0.075038254	-0.13840878	-0.40750384	-0.01652864	0.27411884	0.056370657	0.04167879	-0.15641615	0.0909392	-0.014859824	-0.025048647	-0.08375832	0.34457755	0.06878845
0.09454065	0.09969991	0.38208455	0.748123	0.44099092	0.87653434	0.60018325	0.38054028	-0.05505183	-0.090765476	-0.16200125	0.3558516	0.6683851	0.18558438	0.6349998	-0.17566393	-0.120681606	-0.10529415	-0.025645765	0.35432377	-0.90108263	-0.3418977	-1.2843487	0.26947004	-1.1142403	-0.8541307	1.2633237	-0.96449864	-0.53252375	0.109732546	-0.28818712	0.067859136	0.48140872	0.48106974	-0.14797606	0.3636426	-0.1417215	0.92977685	-0.17824379	-0.17321557	-0.41543147	0.9211514	-1.1455362	0.21505205	-0.015374155	0.741905	0.15109733	0.11750276	-1.1541786	-0.5603007	0.5499126	-0.41042063	0.19968282	0.29099613	-0.11041714	-0.7703263	-0.37497908	-0.50698096	-0.30135837	-0.33646014	-0.10356042	0.21466692	-0.41288725	0.27537417	0.47222033	-0.0833751	-0.040500835	0.19905019	-0.8397081	-0.33592734	0.3846078	0.5755101	-0.033774335	-0.744381	0.89843	0.8122873	0.043846007	0.2576017	0.19499947	0.43974182	0.09685416	-0.6480693	0.17012303	0.6116453	-0.90843105	-0.62741697	-0.5107861	-0.22765476	0.73229074	-0.16437331	-1.110861	-0.15651666	-0.5391082	-0.4103898	-0.49750066	-0.7723688	0.029538566	-0.071499646	-0.1785404	-1.5590881	-0.52464324	-0.020107614	-1.1007276	-0.2199947	-0.38979465	-0.23006792	0.6445513	-0.6543912	0.13942026	0.16304664	0.16808917	0.06298912	0.5735769	-0.4926681	-0.23841625	0.43901968	-0.8621962	-0.50176483	0.30490017	0.51927173	-0.4480184	-0.7075277	0.43928283	0.45654216	-1.2034994	0.03276441	-0.19093883	0.27158007
0.3048237	-0.11312458	-0.1736917	0.38160104	0.030066388	-0.30923223	0.7582804	0.41084954	0.12121721	0.39522046	-0.30397063	0.32953176	0.1692577	0.25959706	-0.22672927	0.36915177	0.080945745	-0.28045857	-0.4362623	0.30182105	-0.07024685	-0.15718506	-0.31732646	-0.13065863	-0.5633805	-0.44927508	-0.034875408	-0.07633912	-0.031007342	0.44929826	-0.17454757	0.076307766	0.22309427	-0.089120805	-0.40660056	-0.20542562	-0.6199687	-0.43735698	0.04149487	-0.17934664	-0.27116412	0.11384418	-0.597219	-0.60496116	0.333233	-0.029014813	0.1498567	0.036446437	-0.15785627	-0.18146224	0.09656607	0.3265733	0.200251	-0.23261397	0.2136613	0.09559288	0.13400339	0.25775903	0.3808578	0.2992031	-0.4924284	0.47389162	-0.56061685	0.08093417	0.66112083	0.04038067	-0.1575353	0.0140293045	0.056220047	-0.16682842	0.16210973	0.025292583	-0.08705118	-0.34673697	0.27905	-0.0010489725	-0.018039672	0.15088205	-0.06587999	0.0155216465	-0.4529371	-0.12229876	0.5021776	0.43519807	-0.14825669	0.12755299	-0.2901681	-0.000137505	0.2456086	-0.16409028	0.0993	-0.154421	0.014364853	-0.16452035	-0.23672616	-0.022135796	0.39949065	-0.080924645	0.40943497	-0.13211434	-0.18354662	-0.25515333	-0.46177602	-0.44991025	-0.18630771	0.18788372	-0.16220485	0.33016342	0.35631058	0.39265025	-0.058131438	-0.025744021	0.06804117	0.108331166	-0.32822594	0.6694115	0.17176455	-0.26188287	0.2011942	0.4251737	-0.2351367	-0.0975751	0.3973156	0.08327352	-0.020547284	-0.16447887	0.6953677	-0.10994022
0.017864559	0.5312485	-0.017618526	-0.030167883	0.20626014	0.19932131	0.4685687	0.3733089	0.25685376	0.13184752	0.2008005	0.19846931	0.039691366	-0.11776372	-0.15019529	0.020015646	-0.21305527	-0.53076035	0.07720219	0.0066987574	-0.06665212	-0.3583543	-0.344653	0.034284603	-0.6802899	0.1666704	-0.09017452	-0.29305255	-0.06805233	0.10570098	-0.36764586	-0.3568289	0.1846766	0.072823465	0.17531514	-0.04774022	-0.3200384	-0.38230962	-0.0067520975	-0.12848997	-0.49576196	0.11791849	-0.07206257	0.5535133	0.0068945843	0.11439659	0.21822569	0.22875935	-0.14915478	0.28246757	-0.19025706	0.016944582	-0.21603946	-0.041174337	-0.0032243987	-0.1382472	0.043221798	0.39494902	0.16933535	0.05575415	0.21545771	-0.010755969	-0.338875	0.06874654	0.13589756	-0.30377278	-0.36701316	0.0018758491	0.14752984	-0.24606423	0.060063053	0.08904577	-0.1356423	-0.14101721	0.49181595	0.39181265	-0.20227657	0.3577392	0.08522077	0.18416382	0.30228207	-0.3460272	-0.061953016	0.36706257	-0.10421057	-0.20712064	-0.04286948	0.11641169	0.10315617	-0.2612153	-0.17549065	-0.22447331	-0.09309639	-0.2039295	-0.027848998	0.09902744	0.17509177	0.14875701	-0.16575326	-0.12520398	-0.20592149	-0.11020285	-0.4293934	-0.15588565	-0.148667	-0.029254545	0.18031889	0.29621777	0.11439232	-0.14997874	0.42853722	0.23679785	-0.047343403	0.040042136	0.04819415	0.09143359	-0.17014915	-0.059383884	0.11110302	0.4241576	-0.3571182	0.14685057	0.022533422	-0.07885484	-0.062101364	-0.16073398	0.5707674	-0.070068136
0.08271849	-0.031128304	-0.010652536	-0.01122924	0.24236186	0.23893449	0.08995175	0.2557483	0.091015615	0.20735826	-0.060623925	0.14357252	0.061517958	0.036588926	-0.037571125	0.09239936	-0.05394729	-0.20941484	-0.004302528	0.028489882	0.020165741	-0.0013706047	-0.09812295	-0.18837461	-0.30029738	0.03161673	-0.31676066	-0.076453306	0.035051353	-0.06828649	-0.15809478	-0.14455776	-0.0020582746	0.06257998	0.013385456	-0.082335524	-0.31479445	-0.026747007	0.15666303	0.028261764	-0.24837948	0.11969166	-0.21564136	0.1650695	0.07427345	-0.001156397	0.13500027	0.16607329	-0.1267417	-0.087617494	-0.060156863	0.23281553	-0.0008462312	0.08895495	-0.11622779	-0.10185619	0.033900358	0.18187721	0.045636036	0.14587231	-0.16573907	0.09150544	-0.1257873	0.036524642	-0.018441994	-0.1557999	-0.20059322	-0.07932135	-0.04430123	-0.12911569	-0.14258428	-0.058569778	-0.10614126	-0.15226896	0.08102304	0.04326373	-0.07365672	0.040218804	0.16583063	0.08469612	0.22003204	-0.23652786	0.003589356	0.0275148	0.21630244	0.034336425	0.10455397	-0.047810875	0.14729981	-0.05009867	0.14307946	-0.24638113	-0.051496435	-0.031210687	-0.025919251	-0.14106081	0.10580142	0.0768817	0.0041959654	-0.06769003	0.0688299	-0.23894094	-0.39645857	-0.17622165	0.036927134	-0.12810169	-0.17635864	0.07098748	0.09477835	0.104469545	-0.057750463	0.07546635	0.07782322	-0.11810204	-0.04036967	0.17264093	-0.24013586	0.030930812	0.03393619	0.010915553	-0.19044288	-0.033729088	0.17999963	-0.022458967	-0.13851012	0.1753483	0.13592339	-0.14497803
0.103909105	0.1481879	-0.35326692	0.21388714	0.11043335	-0.05217377	0.360251	0.6294047	0.14519347	0.22004198	-0.11385224	0.10021149	0.08563571	-0.07843749	-0.10368083	-0.067990914	-0.007739926	-0.27937526	-0.24581957	-0.0112822	-0.18838064	-0.12511899	0.015789697	-0.16680135	-0.5882318	0.005844106	-0.5408099	0.15557732	0.029711612	0.051462367	-0.053554766	-0.109647	-0.052588966	0.266637	-0.21282086	0.08948312	-0.7106951	-0.5129267	0.037870336	-0.092883416	-0.29119468	-0.011339773	-0.15225554	-0.1524109	0.22349243	-0.09744466	0.2682083	0.057605438	-0.06956168	-0.3576183	0.10331741	0.28620562	-0.18854383	-0.12257164	0.2652478	0.26978338	0.24455999	0.6631804	0.2776467	0.4071054	-0.28530252	0.302526	-0.06646188	0.10340126	0.24597368	0.0067693954	-0.4218079	0.18985616	0.18000826	-0.13160731	0.24624017	-0.07478568	0.013399848	-0.35676995	0.045356985	0.32850802	0.14999619	0.15231413	0.05861007	0.256287	-0.058783256	-0.41260073	0.3671219	-0.015030524	0.38540807	-0.36637375	-0.01190999	-0.1702945	0.25283536	-0.5052668	0.014630885	-0.13006835	0.06582028	-0.22968353	-0.23825282	-0.14645123	0.17041585	-0.31223428	0.22303733	-0.30035365	-0.32824373	-0.5881308	-0.5162506	-0.37779483	-0.05144495	0.22151688	-0.2916098	0.41882104	0.3774944	0.3421141	-0.0669092	-0.023435425	0.15933616	0.16339992	-0.44356933	0.37422347	-0.1520894	0.027624482	0.24480462	0.0917098	-0.16560325	0.10328408	0.13502173	0.07569549	-0.044115823	0.0493644	0.60725397	-0.41786632
0.0705329	0.29806846	0.029935712	0.18761271	0.6567331	0.7987048	0.21168996	0.4536715	0.13521753	0.16290312	0.053600885	-0.20527016	-0.40277636	0.36968747	0.58835196	-0.12397301	-0.29502583	-0.5527682	-0.489073	0.06097882	0.15308377	-0.7848165	-0.18142442	0.27895135	-0.8451551	0.9223402	-0.5612235	-0.5545041	0.19459271	-0.32528242	-0.99494255	-0.10269704	0.53151673	-0.39761546	-0.040442683	-0.29941875	-0.6517568	-0.30965635	0.43247163	-0.06957537	-0.670635	-0.056414828	0.048148323	-0.15707913	0.37735558	-0.43396807	0.31659666	0.4305463	-0.6131406	0.14314595	-0.4423586	0.13486668	-0.06564164	0.13232668	-0.046164483	0.23761874	0.25110534	0.22430085	0.28910455	0.16001661	-0.033784073	0.03050674	0.6909292	0.0040212814	0.018461362	0.051801126	-0.08649312	-0.4552678	-0.17824923	0.17358275	0.39575896	-0.51913637	0.0077808276	-0.1003345	0.9110342	0.7703544	0.70909804	0.60452247	0.37661177	0.1779273	0.06877237	-0.28564903	-0.14564298	0.456653	-0.052940175	-0.3264023	-0.050990187	-0.00044783027	0.56998557	-0.37546036	-0.2027781	-0.3503326	-0.8449403	-0.3731952	-0.48000118	-1.0605863	-0.15674236	-0.35673845	0.27652144	-0.94159883	-0.38566068	-0.24044561	-0.072949156	0.019894943	0.5243927	0.41777852	-0.03860149	0.026562989	0.8420083	-0.10366602	-0.32280698	0.11664231	0.2979718	-0.22944963	-0.22571225	0.15940164	-0.60356843	-0.41861868	1.1275803	0.42595455	-0.34557363	-0.14259532	0.38402689	0.1124722	-0.50167006	0.10021763	0.42821538	0.30915093
0.25750375	0.22980376	-0.15534452	0.20597953	0.49752644	0.123342365	-0.44220856	0.6056601	-0.046934776	0.08638377	0.04941627	0.51983213	0.24776517	0.4595824	-0.06784001	0.5506691	0.70605063	0.13656586	-0.21581593	-0.045450266	-0.4403949	-0.63214606	-0.26060626	-0.17359503	0.12169314	-0.12389499	-0.58765894	-0.23494448	0.027385596	0.118357256	0.14436558	-0.31163386	-0.22219712	0.40910673	0.32089937	-0.0106467875	0.2906241	-0.22578065	0.35606763	-0.2083392	-0.57263404	0.6889982	-0.4192658	0.27505395	-0.11145096	-0.5077391	-0.29035485	0.35378864	0.28186652	-0.21976557	0.17521921	0.22819297	0.083471715	-0.2362762	0.12667145	0.23786445	0.45423567	0.5571544	0.40752086	-0.13632013	-0.40231904	0.3579228	-0.23356675	0.37732616	0.19188035	-0.1423583	-0.18657614	0.50019014	0.18857557	0.07365764	0.015078091	-0.102843046	-0.3365174	-0.32644856	-0.25837487	-0.17841181	0.2641772	0.4296237	0.15776964	0.3649408	-0.6059734	-0.44232938	0.24004808	0.31885615	0.5383515	-0.5372057	-0.0055710576	-0.06878565	0.6906624	0.056015007	0.34425244	-0.3795054	-0.21136461	-0.32170668	-0.28673252	-0.015282619	0.680363	0.09734744	0.297487	-0.31212267	-0.07082403	-0.4703459	-0.88097614	0.031684447	-0.26219156	0.26870626	-0.21184024	0.49900714	0.3032843	0.056090977	-0.37672672	0.05664274	-0.10769778	0.085326634	-0.28140017	0.119176835	0.0042252676	0.051036324	0.17696474	-0.035289057	-0.062366575	0.19589883	0.6337262	0.21853748	-0.09307287	0.5696508	1.1081892	-0.09069547
0.1699409	0.52308947	-0.18512636	-0.39538974	0.17890899	0.3136507	0.120758496	0.5332912	0.27973616	-0.085824944	0.023349525	0.17362373	0.2129637	-0.0077783577	-0.30935818	0.12169814	0.17417109	-0.804055	-0.51934737	-0.01191706	-0.28425652	-0.0518479	-0.8287119	-0.23567891	-0.635108	0.41364127	0.66235495	-0.009520219	0.12084905	0.7317967	0.04090643	-0.05155871	-0.030368838	0.3263253	-0.5392498	-0.26565802	-0.5226414	-0.21456335	-0.04926483	-0.2978881	-0.1615519	0.08557781	-0.2295819	0.07721941	0.08019882	-0.1344305	-0.29930082	0.50778097	-0.27316457	-0.10301783	-0.42296296	0.041049704	0.3676176	-0.11858607	-0.19801956	-0.19417866	-0.18513058	0.47236568	0.14843483	0.2791307	-0.4252577	0.1438549	-0.58958995	-0.33718094	-0.009915203	0.20903225	-0.24902937	-0.5030991	-0.25599086	-0.3140944	0.17602502	-0.33871546	0.6314907	-0.22769889	0.72841835	-0.034345794	-0.016227935	-0.13371141	0.12039408	-0.23198871	0.12163234	-0.3874513	-0.031084409	0.11485202	-0.3612886	-0.39072123	0.6189963	-0.7869342	-0.2986919	-0.08528025	-0.2380958	0.33587274	-0.32354563	-0.2769243	-0.29726487	0.09363878	-0.18191868	-0.18464419	-0.05498374	-0.14869668	-0.31889755	-0.62227243	-0.047747176	0.084435426	0.044566516	0.102469295	-0.4026499	0.40415156	-0.5501683	0.8073904	0.51230884	-0.07355369	-0.062108863	0.04728202	-0.45086887	0.093422905	-0.6889371	-0.08423523	0.3968424	-0.109484784	-0.23116754	-0.051129196	0.1457006	-0.08425088	-0.60105854	0.2615094	0.47211823	0.2898424
-0.10633268	0.38765052	0.15366888	-0.0059566074	0.264551	0.26561505	0.14246549	0.12772378	0.54050267	0.059352256	-0.002003628	0.5437297	0.29925454	-0.1398929	-0.08226646	0.21059427	-0.013113689	-0.28093368	-0.02441965	0.20336485	-0.08248921	-0.24241859	-0.21092951	0.3115108	-0.49218687	0.094629005	-0.15250038	-0.51436573	-0.019931037	0.016247408	-0.28979504	-0.15351893	0.08490996	-0.23416878	0.39795777	0.11078164	-0.1947494	-0.3216504	-0.1474376	0.019612823	-0.56437284	0.052067123	-0.24977864	-0.13046013	0.020419708	0.14181364	0.10501717	0.061722945	0.048865456	0.30230427	-0.07256366	-0.11456769	0.024511212	-0.21210626	0.08413877	-0.25024763	-0.0030740364	0.108467214	0.07546566	-0.10283516	0.0655849	0.018864967	-0.14598449	0.26482254	0.12187725	0.016420167	-0.060114674	0.14046726	0.049566794	-0.2998633	0.18387532	0.2744744	-0.052842714	0.0073383376	0.27685332	0.078990735	0.07869758	0.06693032	0.011202463	0.21095233	0.08715643	-0.5413513	-0.013540825	0.17849736	-0.18176924	-0.16245173	-0.05568614	0.16671084	0.108312726	0.044670492	-0.05057952	-0.341374	-0.14496285	-0.24961336	-0.014237981	-0.4146678	0.43773225	-0.025201797	0.023384996	-0.12049118	-0.018687628	-0.2571832	-0.6164558	-0.31336313	-0.3001382	-0.04650878	0.17706542	0.29641357	0.24521114	-0.039084032	0.14331517	0.42224756	-0.12228696	0.06921924	-0.17419529	-0.091859765	-0.26770043	-0.14269821	0.3527669	0.21297136	-0.14895976	-0.06743117	0.0052723265	0.14395638	-0.32746923	-0.16157486	0.19691914	-0.1645338
0.033455104	0.14244725	0.05990623	0.17122385	0.4094993	0.19832367	0.045298558	0.26322266	0.13228624	0.106514215	0.09992395	0.1533255	0.038808648	-0.13431725	-0.16007714	-0.0020502808	0.001312598	-0.24696162	0.059554536	-0.06197606	0.008658555	-0.08469104	-0.06337466	-0.08883384	-0.16940431	0.007144089	-0.16236222	-0.33838838	-0.16092922	-0.05669381	-0.06306802	-0.0014621601	0.09670142	-0.018888148	0.033204027	0.10543406	-0.37340927	-0.38460973	-0.041902184	-0.25344113	0.0067723827	-0.06400534	0.11495469	-0.094652615	0.06485916	0.21521619	-0.13906537	0.29192987	0.037711892	0.04964766	0.09276674	-0.2432486	0.021508489	0.1372713	-0.05213637	0.15631644	0.109550886	0.27816752	0.38630685	0.48286998	-0.15737008	-0.20045845	-0.47683626	-0.13635416	0.6399944	-0.031174624	-0.1863789	0.19768727	-0.24468888	0.21335143	0.16360015	0.13460185	0.09373042	-0.14701432	0.36184558	0.1079745	-0.10428209	-0.16858044	-0.07676644	0.15601368	0.19784911	-0.37500498	-0.22695495	0.26364252	0.035685565	0.004904599	0.36004758	-0.17316058	0.22935715	0.32441655	-0.27122462	0.03809885	0.060007367	0.024001965	-0.1382906	-0.13822068	-0.048962235	-0.18799163	0.12071726	-0.079313345	-0.44088638	-0.37353644	-0.3406151	-0.121374376	-0.20309252	0.0027234359	0.058794264	0.29877105	0.18590294	-0.012787433	-0.21502519	-0.04382593	-0.020152412	-0.16089444	-0.113638185	0.081562966	-0.34275475	0.007629332	0.021102589	-0.05509807	-0.3247665	-0.09138712	0.32588682	0.22967693	-0.12880689	-0.11782125	0.49941805	-0.03708101
0.12673274	0.10081998	0.045847774	0.23731591	0.34621885	0.6874452	-0.1754597	0.17515749	0.9643205	0.09007547	0.31683	0.49905688	0.2178945	-0.22854641	0.11054934	0.6009906	-0.18198095	-0.08083526	0.2638169	-0.28781408	0.04443663	-0.2391084	-0.515683	0.082888745	-0.41452023	0.2834315	-0.17925766	-0.10572498	-0.051287003	0.32736024	-0.2095539	-0.19318956	0.04709124	0.033140495	0.517368	0.098867685	0.076615125	-0.31878182	0.34870347	0.0293576	-0.5167354	0.24309325	-0.2850164	0.25686416	0.21776848	-0.20163533	-0.43760228	0.08285457	-0.09729094	0.11268881	-0.21191631	0.28346372	-0.24198416	-0.028825901	-0.27374184	-0.030195912	-0.38428146	0.22770444	0.104211114	0.054851245	-0.04387471	-0.014896631	0.31534138	-0.026735619	0.26478788	0.24908957	0.13863216	0.31639892	0.12402682	-0.16522048	-0.03902654	0.17273667	-0.11708487	0.15340702	0.5185289	0.12810539	0.21217434	-0.12436928	-0.31213567	-0.009975669	0.09208178	-0.59187263	0.17813483	0.24333765	0.24657694	-0.030622102	0.22322078	-0.08948254	-0.43940604	0.16060366	0.0541957	0.010375917	-0.520652	-0.012661749	-0.113306604	-0.09013228	0.3055326	0.68494433	0.370425	-0.3217026	-0.10596762	-0.69842803	-0.8320516	-0.09846767	-0.1898667	0.38708627	-0.12234521	0.049779747	0.56787896	0.045478635	0.5250326	0.2954599	0.05225404	0.31558812	-0.116323434	-0.2969703	-0.3307593	-0.27998194	0.15053047	0.07198421	-0.35512716	-0.17942648	0.27195463	-0.092971705	-0.31151608	-0.29491827	0.6338958	0.13864422
0.09431871	0.01170587	0.050804727	0.0037271979	0.14903061	0.2854002	0.106223635	0.19034638	0.053151652	0.15180224	-0.061284184	0.098763965	0.07204577	0.14477468	-0.013526881	0.042493798	-0.05804488	-0.12092769	-0.019506028	0.13669726	-0.03055114	-0.06247859	-0.12117909	-0.12502807	-0.24801746	-0.012722131	-0.17984298	-0.031541817	0.004048764	0.0008203082	-0.11580096	-0.119728304	-0.0076317466	0.064963505	-0.058169175	-0.087121196	-0.32524207	-0.12434645	0.06627136	0.02323748	-0.210445	0.0916606	-0.17769413	0.109700985	0.0891353	-0.030111387	0.08234144	0.124743365	-0.13836624	-0.1539262	-0.005393603	0.16052194	0.007585659	-0.016951675	-0.13240102	0.0028601727	0.047487114	0.10261218	0.11204863	0.033893727	-0.14142863	0.0457811	-0.054268386	0.06361623	0.034421667	-0.036124177	-0.022645928	-0.07166643	-0.09482342	-0.087274484	-0.09743561	-0.026287468	0.0042234045	-0.06815439	0.065458015	-0.00015283305	0.06048235	0.030109754	0.075179555	0.09413776	0.08447164	-0.2594689	0.08104648	0.032183856	0.016430935	0.02626157	0.04263757	-0.038298298	-0.04558028	-0.1067177	-0.03668513	-0.115719706	-0.020980796	-0.017109217	8.28692e-05	-0.0790887	0.04498328	-0.0008139217	0.043179836	-0.119169235	0.007313744	-0.19231285	-0.16302453	-0.1195817	0.05644955	-0.12647393	-0.11861575	0.014001313	0.1353841	0.061431963	0.011370239	0.021993484	0.02325105	-0.017144294	-0.022011964	0.18053548	-0.2128096	0.048170075	0.025931304	0.0030332825	-0.16502659	-0.005188379	0.10701892	0.020371038	-0.19324842	0.1265303	0.100292474	-0.10668973
-0.079969615	-0.3833721	0.88564205	-0.44984847	0.45761237	-0.12912396	0.8951846	0.21920596	1.1603729	-0.03887583	-0.060131367	0.04010782	-0.39342955	-0.20823386	-0.024993949	0.37964198	0.5362411	0.17250057	-0.45777974	0.19839042	-0.3448229	0.18791036	-0.8947287	-0.28760782	-0.28206196	0.51080173	0.36488572	-0.20674442	-0.012592336	-0.055321936	0.12996522	-0.057406142	-0.561711	-0.33018148	-0.17901564	0.29223225	-0.5600347	-0.31088662	0.095297776	-0.21640098	0.51347774	-0.25779727	-0.6747483	-0.3030423	0.41007054	-0.66827977	-0.14220144	-0.1482548	-0.95823926	-0.04752974	-0.42298028	0.6958128	0.96140546	-0.045483515	-0.22286198	0.52756447	0.15456985	-0.08007552	0.352405	-0.09828242	0.013796202	-0.22395906	-0.13228102	0.5583718	0.8880132	0.06604098	-0.013846294	-1.5429972	-0.18567368	-0.04786232	-0.40698206	0.18444729	-0.44183472	-0.43928605	-0.13265611	-0.22871158	-0.38724622	0.13863246	-0.23305844	0.48653606	-0.6084642	-0.6023391	0.94948477	0.4249518	0.022329891	0.52906984	0.5570534	-0.029958822	0.21328996	0.22205648	0.31881335	-0.4061211	-0.66146874	-0.19858797	0.26653382	0.1883546	0.20642534	0.3516279	-0.0048069223	-0.16086535	0.33075202	-0.5907747	-0.59538454	-0.13252579	0.8249488	0.5857391	-0.15815558	-0.86188394	0.47450995	0.73438317	0.5719962	0.49046984	0.2238644	0.22902295	-0.91260946	0.64610493	-1.0545143	-0.28867868	-0.08352605	0.181791	-0.3346111	-0.82848716	0.61378115	-0.5490399	-0.45893988	0.61061895	0.5572897	-0.09883945
0.0052313358	0.13655345	0.06109579	0.033709068	0.2348067	0.064341225	0.21272568	0.11771492	0.19347051	-0.002470685	-0.06361682	0.17378947	0.0035057622	0.09819598	-0.013694718	0.030124528	0.071498595	-0.067481644	-0.18619382	0.034258354	0.048569348	-0.018763736	-0.10440592	0.005140451	-0.25670063	0.08559652	-0.15079199	-0.14340907	-0.089085855	0.00078768376	-0.16437674	0.018160332	-0.06375639	0.009055547	0.033390004	0.06753301	-0.13003388	-0.09440819	-0.09024891	0.13855621	-0.2856242	0.05985237	-0.05804341	0.21012712	-0.06558388	-0.1531906	-0.010495648	0.22144103	-0.22861503	0.008379577	-0.114368185	0.033884894	0.18907607	-3.761231e-05	-0.08456052	-0.03595006	-0.011559078	0.16542134	0.07764499	0.052769788	0.056118187	0.026838819	0.111276045	0.14191654	0.12152311	-0.05928892	-0.031356324	0.023097027	-0.07103582	0.04884271	0.0025093327	0.12376697	0.0067142616	-0.07862304	0.11217791	0.06460937	-0.008137962	0.1439866	-0.10032879	0.106917486	0.09911242	-0.07472688	0.07078531	0.09558644	-0.060957372	-0.18334776	0.025093984	0.00024135092	-0.013061419	0.044854626	-0.033723924	-0.057302725	-0.14087293	-0.03793539	-0.022726001	-0.11401386	-0.07939682	0.098594934	0.029422546	-0.13899258	-0.16155505	-0.1345042	-0.20853513	-0.0043807565	0.033275053	0.06794526	-0.09589168	0.037369907	0.22416843	0.040307652	0.034295406	-0.06033313	0.121346705	0.034176536	-0.10853007	0.01837081	-0.03585784	0.00941997	0.13864116	0.09655958	-0.19823033	-0.16022669	0.19187166	0.01320525	-0.056769203	0.030022416	0.17617811	0.04799074
0.05884396	0.09940282	0.059052587	0.20264533	0.4402189	0.21215771	0.020629926	0.2427778	0.15273517	0.0671007	0.0906714	0.16697496	0.015330345	-0.16185923	-0.15948929	-0.08768317	0.042015553	-0.2497074	0.028815402	-0.059076957	-0.0075150123	-0.11148207	-0.09469708	-0.08585877	-0.17353858	0.03405196	-0.12515314	-0.338908	-0.1691218	-0.084305465	-0.05884613	0.1201911	0.08342726	-0.013297987	0.016813798	0.05637536	-0.37162805	-0.40500638	-0.06818529	-0.20879665	0.06212078	-0.10363387	0.10113312	-0.058214515	0.05467285	0.19738351	-0.15695472	0.27038354	-0.01479389	-0.0020265148	0.10973291	-0.32255685	0.052420393	0.15764882	-0.09817025	0.16841552	0.11626487	0.20036826	0.3950036	0.45557967	-0.1240885	-0.2121064	-0.44406873	-0.10603993	0.6197019	-0.029374655	-0.21672043	0.17913651	-0.25477275	0.18279931	0.19423386	0.148202	0.08573343	-0.13136533	0.30852178	0.1185462	-0.09863394	-0.14385305	-0.065322906	0.0921758	0.2631556	-0.3332663	-0.2191314	0.21501297	0.013284165	0.006415087	0.326027	-0.17970403	0.24411502	0.31948903	-0.31438875	0.05076336	0.070141554	0.006715117	-0.124581546	-0.11883729	-0.023563914	-0.20607173	0.14940225	-0.10501739	-0.41301447	-0.3802155	-0.37085646	-0.19249707	-0.21494757	0.002117557	0.04165962	0.35164243	0.14631222	-0.04154387	-0.207772	-0.008330753	0.040438328	-0.18016097	-0.0794706	0.089079626	-0.33810467	0.0066236034	0.01797569	-0.0809469	-0.32073438	-0.06699634	0.27648443	0.2619359	-0.08555392	-0.07529411	0.45559713	-0.023595411
-0.04228336	0.25530568	0.021269163	-0.21670371	0.35956818	0.13352539	-0.30169088	0.5665105	0.65994334	-0.2091465	-0.074582204	0.32743567	-0.19458574	0.06455376	-0.3452925	0.24724367	0.4063325	-0.4541462	-0.21084327	0.04411571	0.18414521	-1.0557631	-0.210486	0.13869941	-0.858321	0.3376008	-0.3602954	-0.7378614	-0.47341612	-0.13357714	-0.223055	-0.17842941	-0.15163963	0.34621307	0.15284568	0.1854377	-0.5004161	-0.7782422	-0.4552838	0.14168686	-0.5059342	-0.0013344795	-0.12429201	-0.15851963	-0.2513706	-0.32774293	0.086201586	0.81381625	-0.21015912	0.106452875	-0.1334293	-0.44987255	-0.2173923	0.17906448	-0.061945617	-0.5373193	0.7138572	0.9961435	-0.43792635	0.25465855	-0.8241505	0.3227308	-0.23443352	0.32648823	0.003309357	0.33634603	0.21838878	-0.21804999	0.41829064	0.05926258	-0.07211851	0.43177405	0.303292	0.27664188	0.20497875	-0.14852017	0.30544132	-0.067807406	-0.07443309	-0.049542125	0.28350952	-0.11250374	-0.45013893	0.10589678	-0.06490941	-0.14800632	-0.06310604	0.21560895	0.20807168	0.5126178	-0.3428771	-0.21889159	-0.7953063	-0.18397222	-0.21419251	-0.4897508	0.5581352	0.21012048	0.2381226	-0.67964184	-0.68821776	-0.6028117	-0.31895038	-0.31119445	-9.687939e-05	-0.4749604	-0.3065727	0.010587334	0.37328497	0.48008847	-0.1236808	0.16101292	-0.093507156	-0.12287168	0.13159855	0.32091212	-0.29888126	0.008746647	0.1555279	0.3015638	-0.047534823	-0.6587373	0.10173495	-0.5026006	0.079189606	-0.01741181	-0.004471058	-0.14918195
0.022582987	0.047941137	-0.0026582794	0.0125143835	0.11496775	0.083824374	0.04546827	0.09265946	0.009908375	0.006115288	0.037134048	0.057683792	0.0014208423	0.060751777	-0.026233941	0.0014341557	0.077411965	-0.0659077	-0.05327897	0.04319238	0.029476603	-0.065568306	-0.079874516	0.004886896	-0.12228952	0.039585788	0.009205677	-0.06886742	-0.05595578	0.028123088	-0.024324043	-0.03356865	-0.021448651	0.10284401	-0.017752506	0.044938378	-0.06687252	-0.02821045	0.024803642	-0.036793742	-0.06694058	0.009291768	-0.11891334	0.07944016	0.050027877	0.015591967	0.0003652222	0.0787999	-0.09960306	0.011405316	-0.028437588	0.0033015106	0.07394811	-0.037524078	-0.017008675	0.007960325	0.006967948	0.08617104	0.06823909	0.0012596757	-0.00725538	0.015007247	-0.11051096	0.0016358619	0.0749152	-0.046239085	-0.05547267	0.03433459	-0.049123086	0.012778645	0.028743194	-0.005990997	0.010506763	-0.030404828	0.055717487	0.036684766	0.035467133	0.053585637	0.024207212	-0.018471614	0.04592571	-0.094856165	0.0020656341	0.08945359	-0.03486779	-0.06782045	0.06007687	-0.053468913	0.05393497	0.0028468359	-0.08311511	-0.013735359	-0.031453323	-0.039357036	-0.061120234	-0.042455412	-0.0030038888	0.001297474	-0.026475077	-0.103049	-0.088958696	-0.06484367	-0.07151802	-0.011823382	-0.036920168	-0.007824445	-0.04241501	-0.013332499	0.041509885	0.014210509	0.023091052	0.044366885	0.0075546717	-0.057180364	-0.06542902	0.019066552	-0.09757026	-0.02208182	0.049482264	-3.4453893e-05	-0.019778926	-0.016716707	0.05504368	0.044951033	-0.035056636	0.0015397798	0.09561454	0.0249712
0.019297253	0.17704102	0.1813557	0.031240892	0.41502056	0.1579382	-0.29721928	0.43265396	0.5836146	0.19270207	-0.12901145	0.18527211	-0.04155134	0.417971	-0.27486262	0.06379593	-0.1928882	-0.016087411	-0.07063035	0.1571052	-0.026264297	-0.055416353	-0.2270114	-0.13615079	-0.06806838	0.3426458	-0.09685264	-0.21731117	-0.15418598	0.50531465	0.07461519	-0.0444299	0.122535616	-0.12661558	0.38677758	-0.1472516	-0.38483927	-0.2663144	-0.12313571	0.056432806	-0.062945634	-0.104109205	-0.30741343	0.17064047	0.23108713	0.08847038	0.0741411	0.016193328	-0.06274203	-0.41991553	-0.099802904	0.4696745	0.47219715	0.23895477	0.14626232	-0.11819651	-0.13150224	0.49407744	0.27890468	0.13831009	0.10423169	0.24051516	-0.12209327	0.14060822	-0.19908008	-0.14696902	-0.09242033	0.31410447	-0.16390452	0.17592376	-0.10019047	-0.17403986	0.044506524	-0.07569088	-0.26031664	0.21195322	-0.058073793	-0.078224905	0.075551964	0.35167485	-0.28706738	-0.9455076	0.4203815	0.30802408	0.24480401	-0.45668066	0.66813827	-0.058835074	0.28821072	0.11447697	0.04216297	-0.15658018	-0.12232465	-0.19538894	0.23785229	-0.23156257	0.06796356	0.36150715	0.085649066	-0.45278466	-0.123248905	-0.7515839	-0.3408709	-0.21462916	0.2543827	0.16298465	0.17329834	0.06334831	0.14693843	0.5802412	0.15103626	0.27915478	0.03354133	0.23795937	-0.4227163	-0.01117965	0.020013701	-0.0020556226	0.08694454	0.09919484	-0.1712153	0.04830294	0.12869179	-0.24169736	-0.22868526	-0.5791669	0.39193973	-0.4115185
0.025923898	-0.38384065	0.790204	-0.42213294	0.50216174	-0.081105225	1.0399685	0.16224019	1.161829	0.07924858	0.13214058	0.37187463	-0.3428668	-0.10979005	-0.13762322	0.35432822	0.67764264	0.4402785	-0.45745164	0.15425275	-0.362775	0.11130299	-1.0007392	-0.3151687	-0.5459884	0.66710013	0.44605973	-0.10910001	0.08496888	0.06667613	0.043923605	0.00049160334	-0.45502192	-0.52547985	-0.2319239	0.35634768	-0.54427284	-0.29374036	0.10035264	-0.115462214	0.426821	-0.18725412	-0.69024754	-0.21794692	0.38994762	-0.8135751	-0.15318768	-0.18263613	-1.2721249	0.16849327	-0.45302457	0.56852424	1.0346421	-0.08144403	-0.25973332	0.6773258	0.3724128	-0.32301977	0.11836519	-0.078824125	0.07666234	-0.23460937	-0.1640958	0.56661516	0.68386495	-0.0005660438	-0.022567067	-1.4574057	-0.22870328	-0.08775938	-0.1437368	0.2715423	-0.6330605	-0.54388964	-0.056738794	-0.4624004	-0.42838374	0.21575274	-0.17248513	0.62752473	-0.6108949	-0.49403572	0.7942196	0.5211278	0.03088631	0.5399727	0.60864025	0.13949542	0.3956324	0.4493924	0.4545947	-0.35362685	-0.6772281	-0.114586614	0.47155318	0.14176467	0.3631547	0.18193188	-0.32070103	-0.1864918	0.2637544	-0.7398381	-0.3874118	0.004269691	1.0275811	0.69719255	-0.19589078	-0.6717344	0.41430548	0.71934813	0.5328512	0.28410155	0.5291207	0.18149419	-1.0584183	0.46767056	-0.8605897	-0.33867478	0.17939809	0.07291039	-0.2980152	-0.66329813	0.68953854	-0.5120961	-0.5273208	0.6548189	0.19563428	-0.14948495
