0.0905148	0.31023923	-0.0058542066	0.04767441	0.52796555	0.28673226	0.136974	0.11710755	0.007861599	-0.11238734	-0.124404855	-0.0030131224	0.06303174	-0.022458674	0.33308378	-0.20093393	0.12497156	-0.086505696	-0.47367582	-0.14271155	-0.000675222	-0.40801427	-0.08826257	-0.15949097	-0.45618019	0.43292046	-0.026200684	-0.32232457	-0.41532904	0.082732566	-0.29459578	-0.1215235	0.35245156	0.35585523	-0.13627602	0.13999812	-0.5170792	-0.3351101	-0.2135209	-0.28912202	-0.2610401	0.059505466	-0.4488551	-0.20250833	0.23845652	-0.25465316	0.038578358	0.64078116	-0.26076895	0.3039125	-0.35465077	0.27614868	0.4078056	-0.024923883	-0.061717704	-0.2194412	0.38979423	-0.15085933	0.056157723	0.28581858	-0.4788323	0.31024134	-0.26074222	-0.09096653	-0.19910525	0.025890818	0.0012944282	0.11873478	0.42748383	0.30029717	0.07359276	0.05454853	-0.18505213	-0.095888205	-0.18380773	0.10934567	0.12379966	0.42043373	-0.39164352	-0.33499447	-0.02635471	-0.1452463	0.14823657	0.24173205	0.12007232	-0.25359944	0.077347465	-0.07986969	0.39639962	0.04132294	-0.2967476	-0.46079358	-0.52822566	0.15133199	-0.36220306	-0.3993188	0.1802837	-0.21819514	-0.30555463	0.05523389	-0.28243464	-0.37518308	-0.111031026	-0.12060183	0.3517453	0.091079675	-0.28203604	-0.1086642	-0.04259828	-0.1467026	-0.33532	-0.389148	-0.547793	-0.056533933	-0.13810864	0.31040922	-0.23106728	-0.17617534	0.40929505	-0.12907965	-0.08744427	-0.26709735	0.31458795	-0.077991255	0.15405376	0.15383138	0.47825888	-0.2917948
-0.07891494	-0.10125281	-0.51979625	-0.18985608	0.099650286	0.29377896	0.09455474	0.027046977	0.22366191	0.062696315	0.07435938	-0.0146957915	0.031962357	-0.103206284	-0.20721029	0.34767523	-0.18628645	-0.46814966	0.27979627	0.21134506	-0.23132452	-0.0060370495	0.36708468	0.29120395	-0.44428346	-0.20467788	-0.32894558	-0.26741353	-0.11402079	-0.085172504	-0.18367793	-0.22446589	-0.0013033022	-0.3371516	0.054944783	-0.43378994	-0.49118504	-0.34337813	-0.06147289	-0.23985314	-0.56116676	-0.021421488	-0.2891091	-0.24285036	0.4962798	-0.14457548	0.052794978	-0.2062728	-0.15644369	-0.14401378	-0.113912	0.15833059	0.1885099	-0.41695136	0.1962831	-0.29746535	0.7397808	0.65976846	0.16707347	0.09923547	-0.16186643	-0.1863893	-0.09778198	0.29646182	0.30724773	-0.2276443	0.26009396	-0.1850714	0.0248255	-0.0019364654	-0.05967019	0.1654865	0.31210342	-0.02364973	0.3181471	-0.2137199	-0.04706324	-0.14694436	-0.25683236	-0.0040431186	-0.2616836	-0.485486	0.12687461	0.12550604	0.00597532	0.10269096	-0.24779935	0.39593092	0.4716086	-0.22957149	0.108063094	-0.52510506	-0.006257056	-0.12825537	-0.14538741	0.08824133	0.18844521	0.22981066	-0.010467222	-0.11609548	0.15369464	-0.5467106	-0.46713603	-0.014170244	-0.15125084	-0.12912713	0.11744841	0.32504576	0.5677092	0.11402957	-0.16914159	0.0868888	-0.13171369	-0.23572324	-0.23609824	0.4138748	-0.29281387	-0.037972294	0.384781	0.10010767	0.118418545	-0.195363	0.28278422	0.21801749	-0.37159532	-0.2331991	0.02804621	-0.23995851
0.10127694	0.5558574	0.17136218	-0.75416946	0.3811537	0.24761087	-0.9762243	0.33163285	0.38021395	0.24832529	0.6586789	-0.26877928	0.074753776	-0.15341179	0.35261232	0.5113427	0.2526018	-0.54803616	-0.57553345	-0.12087863	-0.41031754	-0.5828096	0.026297048	-0.29593095	-0.45190102	0.49174008	-0.60428524	-0.45790088	-0.06731041	0.5892923	-0.2140152	-0.6133596	0.120973825	0.29895404	0.5538845	-0.33438998	-0.06711191	0.016926434	-0.014871093	-0.10110419	-0.23456918	0.57563674	-0.69417393	0.078861974	0.40898997	-0.2802481	0.25334752	0.09384572	0.120614626	-0.18944569	0.17701553	0.14710757	0.15008532	-0.013012439	0.0108432425	0.15542398	0.2835093	1.0558231	-0.046491686	0.13495313	-1.1898419	0.9575434	-0.088291585	0.96868265	0.54242736	-0.11098264	0.19841993	-0.044727907	-0.28192246	-0.1062101	-0.6699474	0.2346155	0.049853984	-0.29949948	0.4274455	-0.68194056	0.2569898	0.5155287	-0.39362755	-0.24013032	-0.43973923	-0.33121446	0.38996318	0.524214	-0.13274917	0.12565304	0.2121392	0.45878696	-0.04324817	-0.16980268	-0.18675247	-0.48369935	-0.4093697	-0.15452807	-0.11020815	-0.1760549	0.41187325	0.512297	0.268277	-0.8056985	-0.29023513	-0.49419335	-0.63951683	0.70014596	-0.050765775	-0.2113865	0.22917968	-0.6132578	0.5422256	-0.5004765	-0.07113092	0.3419095	-0.15344025	-0.57236457	-0.21096472	0.49739385	-0.6972305	-0.30242616	0.23791417	0.39667064	0.13654661	-0.32934633	0.010666468	-0.0028526457	0.123557255	0.31596947	0.34619102	-0.24419019
0.58624464	0.22109258	-0.24353918	-0.39460903	-0.1810201	0.45802715	-0.2379384	0.2670715	0.42172238	-0.30074507	-0.0342222	0.2565774	-0.17378716	-0.2617837	-0.26934913	0.5786047	-0.22983415	-1.241507	-0.20146601	-0.10882148	-0.62203366	-0.010805858	0.01806891	0.09253563	-0.78643674	0.41319922	-0.11048783	-0.5281853	-0.27568546	0.06096644	-0.29724386	-0.19804198	0.03092359	0.18673079	-0.2796997	-0.32773197	-0.5225671	-0.7888401	-0.26030502	-0.29514506	-0.39050323	-0.1168795	-0.25988457	-0.049576096	0.121402405	-0.4502932	0.010312953	0.2903357	-0.13065496	0.06170963	-0.4622322	-0.190589	0.12234439	-0.10560692	0.01873193	-0.19047466	0.6550286	0.39476883	0.12447436	0.18712997	-0.43124607	-0.28993174	-0.433981	-0.26465136	-0.16918424	0.11530015	-0.14031035	-0.50659376	-0.4762198	-0.6059843	-0.36129877	-0.34100908	0.73746306	-0.10045257	0.701459	-0.093789265	0.10387147	-0.5814971	-0.06347421	-0.49587363	-0.21016791	-0.66744745	0.17636144	-0.098450355	-0.20627075	0.044794157	0.15938024	0.16703478	0.27875715	-0.055396266	-0.19365592	-0.11595806	0.06768084	-0.25350124	-0.40346786	0.10677511	0.09435303	-0.22954121	-0.23614198	0.22653197	0.071381405	-0.38728595	-0.18580715	0.066380695	0.5359011	-0.16308135	-0.18503648	0.49533385	0.22666971	0.23671772	0.5693648	-0.06440273	-0.037190616	-0.3251987	0.07853938	0.31642714	-0.74207056	0.0067984783	0.19281007	-0.01615609	-0.037667334	-0.3509545	-0.011079304	-0.01267636	-0.6147893	0.32541183	0.24908702	0.13349389
-0.037047345	0.045214288	-0.021196626	0.081479	0.17899899	0.12914656	0.2346468	-0.03718068	0.15330248	-0.064999364	0.0331926	-0.06304127	0.016673658	-0.13819674	-0.043952987	0.1488096	-0.023918074	-0.12794374	-0.27158526	-0.011585756	0.088938095	-0.08961366	0.0079341605	0.08256128	-0.37682146	0.015260038	0.023657605	-0.074481346	-0.022950102	0.026485205	0.0044704713	-0.023317741	-0.01386198	-0.02444193	0.010935148	-0.07115128	-0.18170159	-0.060272966	-0.044857275	-0.057246707	-0.29803908	-0.022057213	-0.2792172	-0.14045924	0.14131682	-0.11417825	0.023074007	0.16522323	-0.072856955	0.022006221	-0.3071261	0.17730282	0.13476092	-0.057133526	0.0079228785	0.055936053	0.078682795	0.17335182	0.003324504	-0.046449646	-0.20246816	0.09569488	-0.38698554	-0.014112093	0.1475877	-0.009067697	-0.117932625	-0.10720177	-0.0732066	-0.08967872	-0.05568381	-0.016197234	-0.007684875	-0.0166812	0.0644325	0.08145331	0.047234073	0.08045125	-0.30949736	-0.10406042	-0.08881951	-0.10092176	0.14009286	0.10874741	-0.16335793	-0.061265733	0.0082085375	-0.05247558	0.21587715	0.0642859	0.13580172	-0.06647235	0.004247506	-0.15709001	-0.0028964637	0.01073668	0.03194889	-0.076646075	0.1319334	-0.05185762	-0.12763876	-0.15512934	-0.1250064	-0.19887659	0.0010187759	-0.04603649	-0.15196776	-0.09642863	0.3216837	0.20321473	-0.050611183	-0.14059365	0.032685358	-0.023048794	-0.23514065	0.15253359	-0.020890422	-0.024246212	0.15089622	0.07569041	0.023994744	-0.050958842	0.45094758	0.03214929	-0.29427	-0.16284604	0.14028783	-0.04620506
0.05825232	0.09979966	-0.014427882	-0.035880286	0.22971055	0.12570022	0.07815713	0.13330843	0.18891506	0.05395808	-0.04450119	0.07139981	0.039404802	-0.027155036	0.1425262	0.0823554	0.091578744	-0.020911628	-0.277265	0.04346856	-0.0689947	0.11616358	-0.22137527	-0.08490733	-0.1327593	0.10236387	-0.04897592	-0.08038945	-0.06369585	0.09593105	-0.069901235	-0.082078576	0.023896579	0.058250498	-6.482908e-05	0.03854122	-0.29048938	-0.05582097	0.15285356	0.011532391	-0.17255947	-0.028892307	-0.1344807	0.12946321	0.08534134	-0.043074097	-0.064357735	0.21315274	-0.16385779	-0.0043516327	-0.12095699	0.15560673	0.18996264	-0.040868096	-0.12810713	0.07095364	0.18457985	0.2207856	-0.07306783	-0.051298376	0.062834665	0.007482532	-0.026811155	0.0031521989	0.06695512	-0.07750035	-0.0639623	0.13110803	-0.007280401	0.030126292	0.014449211	0.13128385	-0.020972984	-0.1268257	0.070338525	-0.008801131	-0.09005281	0.01860113	0.021036075	0.04021785	0.022471603	-0.220994	0.03235155	0.09971842	-0.100574024	-0.14301352	0.007249903	-0.07094206	0.07147834	-0.10519244	0.017378489	-0.06461195	-0.08076057	0.075202845	-0.038802776	-0.010245428	-0.021128166	-0.063039444	0.010980239	-0.25043905	-0.11027132	-0.23608722	-0.023701543	0.016381303	-0.017107733	-0.05433553	-0.1640239	-0.060025048	0.07446	0.17153978	0.067797914	-0.035355564	0.022152036	0.004287896	-0.16660377	-0.030594002	-0.18042068	-0.09430853	0.077586666	0.010009769	-0.15396424	0.017199347	0.2680242	0.09951179	-0.05841856	-0.040672306	0.12621999	-0.0035364165
-0.3136321	-0.45071688	0.38975132	-0.44517136	0.43625244	-0.19414616	1.0560759	0.09002808	0.34579015	-0.10828459	0.19205709	0.77256995	-0.35710606	-0.23759063	-0.06744345	0.89330924	0.18756607	-0.5618152	-0.32714632	0.10973042	0.011157976	-0.18681267	-0.8654411	-0.885581	-0.37740195	0.45363075	0.28636053	0.22688359	0.4722983	-0.43122792	0.23634344	-0.32311037	-0.40788308	0.35547397	-0.010516145	0.07223367	0.07014755	0.1902866	1.0634717	0.2789217	0.41132966	0.38135526	-0.354073	-0.05704894	-0.0040455535	0.12462591	0.25162998	0.42828685	0.09176622	0.28505665	0.4211598	0.10468714	-0.09424268	0.22491843	0.1600109	-0.20380972	0.053901885	0.09515587	0.38704184	-0.22951984	0.09509528	0.604833	-0.68507004	0.46947393	0.5103793	-0.39449954	-0.4185974	0.0010637578	0.5353935	-0.30513713	-0.6221536	-0.14214781	0.17166793	-0.4721728	-0.19312277	-0.12920773	0.16426563	0.77888703	0.23838452	0.08528467	-0.1299984	-0.7091753	0.35494202	0.47027913	-0.020590968	-0.4219157	0.042744003	-0.17969133	0.33271232	-0.28192475	0.101240486	-0.7027442	-0.8131574	0.21691097	0.0789513	0.6712895	0.36431023	0.48150632	0.34432608	-0.783471	-0.26771602	-0.36148968	-0.58559877	-0.20357466	-0.3371166	0.28192335	0.10789525	-0.18329096	0.14192022	0.29765323	0.13673455	0.3517563	0.53335816	-0.8167464	-0.4570682	0.29829922	-0.7021331	-0.24968623	0.11986211	-0.11514765	-0.46310914	-0.3355896	0.4221875	0.1014332	0.6135949	0.4401267	0.7644357	-0.256773
0.12189003	0.033865344	0.060828038	-0.00909751	-0.0056076646	0.01731899	-0.16775875	0.07752765	0.27460653	0.21794134	-0.1298302	0.06086648	0.14580998	-0.0022660652	-0.16650413	0.1274718	0.10978687	0.02623015	-0.14799325	0.06659752	-0.07500978	-0.12594964	-0.08968693	0.06330871	-0.07828585	-0.045055095	0.012524223	-0.11668704	-0.12685013	0.09155331	-0.14814024	0.014924282	-0.06083968	0.16760613	-0.021969661	-0.09584265	-0.22549956	-0.37768063	0.13107228	-0.10277177	-0.14336446	-0.13059114	-0.20396481	0.04857817	-0.14889832	-0.10959494	0.015063176	0.24171366	-0.11230038	0.044945188	-0.19499426	-0.23652071	0.2821358	-0.11962081	-0.19846493	0.07604152	0.3304087	0.068312876	0.088458985	-0.03685698	0.037956584	0.1820542	-0.20769764	0.112966985	0.17955798	-0.011069713	-0.13375196	-0.13975662	-0.122080564	-0.1849897	0.042489227	0.06734378	0.045051984	-0.027830964	0.16919851	-0.22054297	0.04392128	0.043632638	0.09707826	-0.116000235	0.00022166544	-0.32746014	0.011559377	-0.17942953	-0.28634152	-0.1908534	0.2559041	0.021882176	-0.14706804	0.009262709	-0.07314457	-0.29762203	-0.10217198	-0.18100215	0.13942885	-0.059147105	0.09734724	-0.22394775	0.23642357	-0.32709685	-0.4066477	-0.2999285	-0.023477213	0.020618234	-0.14084266	-0.056201912	-0.17456983	0.013036561	0.13355069	0.36809435	0.22738326	-0.025990551	0.06588781	0.17789619	-0.21691892	-0.07955481	-0.27794266	-0.057349533	0.091646455	-0.28438652	-0.17748295	0.11907675	0.10900837	-0.093814075	-0.053576104	-0.009344856	0.006212062	0.0043690437
0.57813555	0.5745256	0.5894802	-0.32568026	0.35614908	0.11141087	-0.14288023	0.18988737	1.1590972	0.2713245	-0.02840584	0.28686443	0.43311307	-0.4203742	0.02812627	-0.11689736	0.22793448	-0.47621232	-0.5946444	0.08458455	-0.17767821	-0.14896299	-0.14308196	-0.010823246	-0.47908667	0.17925686	0.08390561	-0.45720118	-0.3106732	0.59783375	-0.17497791	-0.15531966	-0.44884855	0.19586949	0.14277329	-0.56178313	-0.38627824	-0.3928576	-0.092292264	0.28894165	-0.56266546	-0.27593303	-0.6181051	0.14823253	-0.036292408	-0.67328894	0.09855859	0.27592734	-0.21826895	0.013079959	-0.53470623	-0.13378856	0.29087272	-0.12092945	0.22587854	0.3204303	0.5686454	0.11876627	0.05090625	0.071356595	-0.13671155	0.4403642	0.11587261	0.22506349	0.39178422	0.32279864	-0.32119688	-0.1068666	-0.038892962	-0.2902059	-0.10285379	-0.10644725	0.13992718	0.3466257	-0.06390112	-0.3521594	0.24930221	0.26187816	-0.02330718	-0.29766423	0.21731518	-0.46448728	-0.16146033	0.035273675	-0.3991062	0.279854	-0.09069408	0.07326586	0.035295725	0.013626319	-0.20735309	-0.30282384	-0.4168161	-0.44390392	-0.11885817	-0.33432636	0.55024135	-0.169728	0.37323833	-0.0749368	0.1449627	-0.98042786	-0.05820789	0.34384406	0.11782856	0.26555508	-0.46576014	-0.19490162	0.22332665	0.1497146	0.54447645	0.19771095	-0.25154436	0.28369084	-0.30921015	0.08971441	-0.6178146	-0.44920835	0.5995667	-0.01271197	-0.0997987	0.21028316	0.39337626	0.12291315	-0.5326725	0.101669215	0.31101155	-0.13093832
-0.095430434	0.30802968	0.027819673	0.04545856	0.130331	0.13295561	-0.011005127	0.14339577	0.13971277	0.20753348	-0.08562223	-0.099681444	0.12738934	0.21018808	-0.037769135	0.15093407	-0.05351685	0.020800412	-0.23636253	0.29539722	-0.05726915	-0.14902988	-0.23510322	-0.021245578	-0.1106722	-0.14542496	0.1370329	-0.06903527	-0.04422258	0.19853015	0.22136812	-0.20131889	0.20090915	-0.042258713	0.0863657	0.04131419	-0.17932735	0.34333566	0.12808555	0.09055676	-0.18069659	-0.016645454	0.014474139	0.12212676	-0.10971282	-0.19206862	0.018559873	0.24956098	0.04715052	0.18380551	0.13936737	0.27108043	0.21247938	0.014853601	0.07350039	-0.28954664	-0.1453592	0.21455377	0.035187732	-0.20548522	-0.010729049	0.16798082	-0.11355848	0.068073295	0.24917626	0.045295358	-0.16774562	0.3475892	0.05626932	-0.15315606	0.2187849	-0.07441397	0.07122625	0.048070166	0.07649711	0.19197646	0.10296759	0.28363237	-0.089551	0.41658664	-0.34076712	-0.32814896	-0.015659392	0.16348705	-0.1457714	-0.20056328	-0.035718795	-0.16557054	0.25186947	0.06769678	-0.23172764	-0.084050566	-0.4573817	-0.2190294	-0.09378512	-0.22458528	-0.16345908	-0.031158205	-0.047436483	-0.40510324	-0.26070863	-0.35830343	-0.1920961	0.074757285	0.075808495	-0.027984606	-0.044019707	-0.2904363	0.28074294	0.14535211	0.035876513	0.013451272	0.011216303	-0.10283101	-0.11931794	0.115017675	-0.38676316	-0.10226559	0.33789298	-0.06677188	-0.008395085	0.055989478	0.17266728	0.10875348	-0.24399401	-0.022904314	0.061722312	0.08937381
0.22643168	0.13261752	0.0035235162	-0.08684606	0.10234407	0.25610405	-0.16402486	0.41611636	0.259666	-0.107693225	-0.08735491	0.07641564	-0.06774631	-0.24970332	-0.012906154	0.2745478	-0.3618948	-0.2235735	0.13940598	0.061216943	-0.04587324	0.020167215	0.052744195	0.18684347	-0.29351485	0.039137833	-0.2498431	-0.52736634	-0.16774122	-0.0012007491	-0.14743592	-0.22747158	0.18051478	-0.21364273	0.15429154	0.06739119	-0.33212623	-0.42962724	-0.052274875	-0.18739487	-0.3147366	-0.24502495	-0.22129828	-0.06866711	0.31767106	-0.28635737	-0.16861252	0.04280712	0.22161788	-0.07710696	0.073568255	-0.48388943	0.0082139345	-0.09129582	0.1449733	0.14793842	0.116849445	0.4948406	0.24608707	0.22737327	-0.2203787	0.08548573	-0.19266547	0.134621	0.30357143	-0.18435535	-0.16030756	-0.03905812	-0.18996291	-0.16125749	-0.076284476	0.08221217	0.17872402	0.07013995	0.2497511	0.37702435	0.16374111	-0.2300189	-0.15794684	0.05112805	-0.07923975	-0.5130457	-0.08263434	0.023372121	-0.09183396	-0.09089993	0.066730775	-0.043930467	0.33778247	-0.09502966	-0.033332802	-0.10994624	0.10592877	0.13242841	-0.19164251	-0.123218976	-0.0341845	0.17096515	0.03885069	-0.22817698	-0.17956042	-0.4544075	-0.16861565	0.02563189	-0.06544758	-0.06945057	0.16070183	0.33329773	0.25238928	0.059403975	0.11731382	-0.025013927	-0.12326449	0.0012619324	-0.11425136	0.054131348	-0.08902518	0.00019677458	0.20039685	0.06678071	0.11685681	-0.121487305	0.19891237	0.12697683	-0.18742214	0.09040864	0.096277	-0.11402315
-0.21236895	0.28782594	0.19344048	-0.1814293	0.9339997	0.22165397	-0.33949813	0.6916869	0.28221777	0.6112496	-0.22428381	0.3277146	0.22902231	0.49626783	-0.060981788	0.07156002	-0.03707039	0.3188771	-0.48170662	0.46703652	0.34347236	-0.57545817	-0.98955023	-0.31226847	-0.81534606	0.36809224	0.23123868	-0.124463655	0.17865579	0.35316944	-0.12688482	-0.76020753	-0.30778864	-0.19237107	0.108267576	0.06493383	-0.542976	0.5775952	0.5369281	-0.21384695	-0.12852952	0.5740822	-0.09044488	0.12196304	-0.026442334	-0.3961107	-0.57586557	1.1777331	-0.04718449	-0.1311994	0.3108264	0.25420386	0.5669416	-0.14486638	0.19252421	0.050857533	-0.5182919	0.0841055	-0.034306295	-0.62392974	-0.44287312	0.8331502	-0.36240897	0.6054367	0.52860856	-0.14343828	-0.06232947	1.001767	-0.30783677	0.2248805	0.05207107	-0.08884577	0.07454813	-0.06486472	0.29258382	0.03310486	0.027968572	1.1997836	0.33083606	0.45057258	-0.5782628	-0.79502535	-0.063046634	0.079131536	0.30830824	-0.47277185	0.12435136	-0.52634186	-0.08306515	-0.10726192	-0.38899404	0.4683469	-0.41503862	0.123265326	-0.4320514	-0.47915626	-0.091626175	0.080652945	0.2510679	-1.3825833	-0.48782867	-0.54611665	-0.20971017	0.20046057	-0.3437651	-0.11131296	-0.054261174	-0.43641457	0.3680025	0.6229231	0.3174092	0.24202485	0.23041353	-0.10434549	-0.53583413	0.3705965	-0.4630767	-0.37531656	0.82947737	-0.41057745	0.43087614	0.08686247	0.68455595	0.11013708	-0.42844817	0.112843476	0.25239673	0.25600016
-0.068140686	0.14471745	-0.00043286127	0.042809702	0.27384692	0.124345794	0.0046235975	0.06621344	0.24100728	0.035169706	-0.04921458	0.077311926	0.066158324	0.031496394	0.062841445	0.18189253	0.024782922	-0.13571998	0.13061698	0.22266442	-0.11356949	-0.14077486	-0.27929944	0.045268323	-0.22506961	0.106673814	-0.22517827	-0.19228156	-0.13051139	0.019974574	-0.19050734	-0.14027198	-0.021038469	0.08672056	0.09952937	-0.0054294094	-0.2785535	-0.14923775	-0.052641854	-0.09835023	-0.26721373	0.08244207	0.036177862	0.06577693	0.26279637	-0.1456599	0.057833012	0.053475037	-0.060157325	0.13618536	-0.08110189	0.12081562	0.14359891	-0.042172525	0.056298234	0.06910246	0.15475887	0.07594088	-0.0795829	-0.033074114	0.10056841	0.08005297	-0.059757087	0.084896974	0.03352535	-0.09217713	0.05301576	0.080792144	-0.012120078	-0.037926767	0.08374811	0.16722281	0.12869982	0.0045605823	0.177433	0.0038096176	0.0044664727	-0.16967991	-0.0007325104	0.09098135	-0.16613115	-0.27164817	0.02451185	0.019892557	-0.07409181	-0.09734242	0.11474173	0.184538	0.16379398	-0.11555854	0.058780916	-0.14733234	-0.10567769	-0.089380614	0.18929866	-0.058789443	-0.041530598	-0.096655644	0.04578516	-0.3407674	-0.12426249	-0.21556191	-0.045942526	0.0021512837	0.0049624676	-0.03576929	-0.19801301	-0.045931514	0.30384508	0.2353291	0.10466748	0.295914	0.027287068	0.1910507	-0.16735733	-0.011269498	-0.21612117	0.02485718	0.15352859	-0.03157276	0.04564294	0.07689958	0.056154728	-0.07782731	-0.060137387	-0.23599102	-0.03981364	-0.11200426
-0.39588717	-0.44813925	0.28624344	-0.879879	0.64239126	-0.09268935	0.7735153	0.14984939	0.42099565	-0.25558674	0.35510987	0.44466764	-0.7250117	-0.24525747	0.18375024	0.8751391	0.3010086	-0.5918735	-0.01685616	0.34472555	0.23194034	0.107760094	-0.86643535	-0.7957023	-0.82913333	0.52005	-0.08038452	-0.10108887	0.15122306	-0.7126709	-0.18971297	-0.5064303	-0.42546684	0.15136512	-0.18257523	-0.18080704	-0.24968924	-0.45545506	1.1540577	0.16949897	0.47114706	0.16913593	-0.32839036	0.11925196	0.30733916	0.29786566	0.6140458	0.391864	0.16325869	0.35137248	0.31549478	0.04281801	0.034459196	-0.133602	0.17404109	-0.329407	0.009197081	-0.09345486	-0.2678807	-0.3044735	-0.024239698	0.8071125	-0.24652521	0.56304336	0.29841128	-0.33279264	-0.17939529	0.18787701	0.48589942	-0.40750837	-0.747524	-0.114419706	0.21677831	-0.1406797	0.42242956	0.3615196	0.3497919	0.8311892	0.15065879	-0.11245972	-0.026755275	-0.3082518	0.8208697	0.009896644	-0.12688604	-0.13651827	-0.01788724	-0.2585946	0.6031584	-0.22645815	0.07217537	-0.8634185	-0.64785737	-0.295829	0.04521597	0.6697854	0.4126544	0.52922785	-0.16048445	-1.0730212	-0.13522778	-0.1463174	-0.4246228	-0.14516565	0.16404225	0.39408937	-0.39881888	-0.059457846	0.40537012	-0.06135471	0.38007632	0.5810132	0.70191	-0.6844531	-0.55014086	0.323764	-0.81189287	-0.11188637	0.5310523	-0.16670768	-0.42538	-0.28272507	0.21566357	0.21313906	0.06442045	0.50099266	0.57914567	-0.4557912
0.23130432	0.13468358	0.022110188	-0.04720768	0.09163497	0.27685216	-0.13663317	0.44645777	0.2611465	-0.08960745	-0.10551368	0.09315088	-0.087326266	-0.22711304	-0.0011534302	0.22067453	-0.32373086	-0.2167586	0.14658262	0.067193374	-0.047244035	0.010517873	-0.00978762	0.17888372	-0.27243656	0.08339139	-0.23668459	-0.51855123	-0.16584449	-0.0045209737	-0.12010458	-0.18360026	0.22142394	-0.21721487	0.12304626	0.08073519	-0.31683278	-0.42442477	-0.06654537	-0.15102999	-0.29845616	-0.24496096	-0.16321559	-0.06629729	0.27833992	-0.26240346	-0.18950948	0.024663795	0.2158086	-0.114086695	0.073051184	-0.47488642	-0.019315671	-0.089397825	0.13831925	0.15933621	0.04474888	0.46060634	0.27130312	0.23117995	-0.2085246	0.08187998	-0.19168739	0.12532939	0.29961312	-0.23561977	-0.1693531	-0.055712003	-0.18966617	-0.16699156	-0.00090141955	0.12732917	0.20069173	0.03709604	0.24347213	0.36435413	0.13174513	-0.23752904	-0.094466515	0.06827733	-0.09960296	-0.47081667	-0.10166784	-0.005739761	-0.13804671	-0.13706581	0.08089364	-0.066707164	0.31169158	-0.09629498	-0.04874469	-0.08929676	0.09795372	0.09431853	-0.2059193	-0.10412304	-0.05392492	0.15965049	0.031761024	-0.25646043	-0.17410307	-0.4626533	-0.119121194	0.02596435	-0.10921123	-0.035239648	0.16705379	0.37579712	0.25622174	0.068380974	0.1511655	-0.016597996	-0.1192265	0.04063498	-0.13245407	0.09514998	-0.1257063	-0.01412871	0.22555229	0.08385338	0.107328296	-0.11193511	0.22309597	0.1386285	-0.19631252	0.075651325	0.096477	-0.1303783
0.3078378	-0.65897745	0.18927054	0.44037965	0.49428597	0.59790313	1.0248685	0.2834873	0.3202187	-0.19339037	-0.019287925	0.31907198	0.61188185	0.25119185	-0.46861804	0.5273842	0.09357945	-0.8251228	-0.3818607	0.6534794	-0.017860977	-0.1922445	-0.44157705	0.006791444	-0.8222607	-0.21494688	0.24306822	-0.05448116	-0.059933733	0.2583504	0.61711746	0.11284044	0.717431	0.63095015	-0.38359842	0.49916896	-0.39536235	-0.22396407	-0.20056051	-0.50156623	-0.3763944	-0.04251394	-1.0395468	-0.44073159	0.25360945	0.00609896	0.6231021	0.31813028	-0.40773788	0.020485254	0.065588206	-0.64193785	0.21823533	-0.34482816	-0.3654558	-0.8515688	-0.049666952	0.1783098	0.20298299	0.85675454	-0.45198464	0.70435977	-0.58056647	-0.47078794	0.12744105	0.3435933	0.14734636	-0.29805595	-0.85796446	-0.43207896	0.2997263	-0.14607099	-0.1889005	-0.44446167	0.6119405	-0.47437894	0.76949525	-0.40555638	-0.3189923	-0.38634387	-0.07628851	-1.1370378	0.53304356	0.20173647	-0.41674674	0.070457615	-0.12974244	0.25580296	0.18423826	0.3662805	-0.05387113	-0.3166898	0.39212242	-0.61039233	-0.11515246	-0.06979885	-0.10648464	0.08083551	0.08006371	-0.29029995	-0.88399756	0.06865045	-0.67578596	0.13433036	-0.12009204	-0.42667085	0.53748673	0.80378276	-0.05968357	0.29436997	0.32553875	0.4780986	0.08891972	0.33194628	-0.25091106	-0.5599619	-0.20355201	0.60944796	-0.3130339	0.15935346	-0.66291076	-0.65527046	0.30998188	-0.20076014	-0.6088468	0.45964262	-0.038614757	-0.31630617
0.033165623	0.53164685	0.17387886	-0.3484443	0.26853785	0.3817788	0.16768894	0.3612337	0.05249402	0.19727008	-0.34266523	0.35646874	0.09141274	-0.012892797	-0.32334927	0.17006911	0.14475772	-0.30867147	0.024023494	0.051070247	-0.02874631	-0.30838603	-0.3394854	-0.025599243	-0.19275679	0.16773677	-0.5209385	-0.03825606	0.11330225	-0.27524948	-0.47836608	-0.19865514	0.04671611	0.1252285	-0.14917965	-0.2540297	-0.2957845	-0.354849	0.13935517	0.33694524	-0.3924138	-0.1752257	0.10304465	-0.12286112	0.008277367	-0.0541085	0.08335776	0.35915843	0.11952565	-0.11359561	0.043816574	0.13856016	0.1679517	-0.30104023	-0.054647002	0.106032945	0.23453331	0.44312665	0.0038151767	0.12173613	-0.033797324	-0.023774719	-0.47554603	0.1625725	0.19858432	-0.12430111	-0.28424618	-0.050539013	0.034543972	0.057865504	0.050598662	0.20876391	0.22872342	-0.05592803	0.29221645	0.12069037	-0.09516948	-0.2435353	0.067921124	0.088082254	0.1824677	-0.14198405	-0.2327277	-0.05358551	0.07392904	-0.04197864	0.15132561	0.0059990636	0.42107967	0.18981822	-0.26895785	-0.32306382	-0.31771782	0.084194675	-0.0874345	0.2864126	-0.093929395	-0.06651544	0.0008677303	-0.345106	-0.00378002	-0.16494825	-0.13726993	-0.37715644	-0.29875007	-0.23546383	-0.19490632	-0.17965102	0.20431557	0.07124268	0.053990077	0.13028388	0.17218487	0.26750255	-0.2551684	0.1951116	-0.2954647	0.18823035	0.3289117	-0.2609925	-0.16607119	-0.36256984	0.20582414	-0.054513585	0.28696993	0.19682914	-0.050893985	-0.0063507496
0.46852505	0.3574842	0.31815535	0.20221993	0.46083447	-0.014118436	0.35732317	0.31197512	-0.17128205	-0.23705572	-0.3697609	0.088338524	0.18853724	-0.6324898	-0.20523565	-0.01754159	-0.23815103	0.007781943	-0.12621246	-0.26099935	0.32569104	-0.09169303	-0.02978871	0.092780314	-0.6943455	0.32585013	-0.22082052	-0.6287123	-0.25166032	-0.2562087	-0.30497217	-0.48165712	-0.036702845	0.17483354	-0.5190632	0.24285014	-0.47664818	-0.3908358	0.21821302	-0.2843852	-0.4858553	-0.1937686	0.013219821	-0.2443092	0.35216466	-0.24111244	0.11456861	0.6329232	-0.53393954	-0.12124584	-0.1415396	-0.46291384	0.041486707	-0.5748501	-0.36374417	-0.07002736	0.2980983	0.29532126	-0.12813269	0.22243349	-0.2597814	0.2587522	-0.26994818	0.14271854	0.53759867	0.08694439	-0.12499818	0.18244365	0.006175723	0.19310297	-0.020873109	0.2803529	0.09881437	-0.5246904	0.19256662	0.017063176	0.24974827	-0.023222772	-0.67208904	-0.6076648	-0.037339848	-0.24271373	-0.054240152	-0.33061725	-0.13946983	-0.32202312	-0.1940119	-0.21362202	0.48704526	-0.19957218	-0.6987614	-0.4694302	-0.34012797	-0.06409646	-0.48384583	0.14536004	-0.10156	-0.032006413	-0.050920125	-0.2521974	-0.27300158	-0.45091406	0.084907174	-0.6498328	-0.38531733	0.10002267	-0.3255214	0.059426446	-0.052201405	0.05903584	0.026647761	-0.10950315	0.3017455	0.30582592	-0.3952853	0.30465433	-0.13739204	0.23576099	0.76573867	-0.27511147	0.019118141	-0.21149802	0.35452825	0.30319282	0.32386377	-0.20260106	-0.3345686	-0.2671457
-0.013011782	0.031624995	-0.020753957	0.096409544	0.2217673	0.12180793	0.2158067	-0.042587336	0.19565496	-0.053637873	-0.0007337566	-0.073455125	0.03820036	-0.14386979	-0.012615091	0.1666153	-0.016117219	-0.15707518	-0.26411012	-0.015066681	0.07115972	-0.10510695	0.033793677	0.082251914	-0.34906384	-0.005401382	0.022349995	-0.07635112	-0.03382157	0.026633438	-0.005725643	-0.047155716	0.017831257	-0.029812563	0.0030330718	-0.10067259	-0.16501889	-0.046324737	-0.058902893	-0.03611878	-0.28063795	-0.03927696	-0.24804267	-0.14766914	0.118765146	-0.14463629	0.041536275	0.18105121	-0.087711565	-0.022954706	-0.30443028	0.12632594	0.12649135	-0.011944063	0.0070641455	0.049747325	0.11894984	0.1917471	0.022765815	-0.04208311	-0.20390469	0.113308325	-0.3879687	-0.005049948	0.15302189	-0.030350653	-0.09635843	-0.10335248	-0.08586583	-0.078284375	-0.0811401	-0.008087778	0.016915089	-0.016418518	0.041044265	0.049069874	0.04851373	0.062438738	-0.2885686	-0.07205513	-0.10795883	-0.092207454	0.12958978	0.10518374	-0.18331803	-0.12317754	0.004044562	-0.023610441	0.22306302	0.05274944	0.14090648	-0.044543058	-0.0024414617	-0.13215902	0.01159032	0.01163028	0.016953753	-0.04634266	0.10597992	-0.05287825	-0.14255317	-0.1801155	-0.11451514	-0.20614593	0.008111576	-0.09330821	-0.13164274	-0.11533376	0.32277223	0.20506795	0.0019739391	-0.13607942	0.0048989602	-0.02317764	-0.22527185	0.15496697	-0.019692866	-0.013916643	0.13957654	0.052898988	0.014255031	-0.06033974	0.4465043	0.023706036	-0.3066085	-0.14836867	0.118206605	-0.02129535
0.5084833	0.19016238	-0.22266895	-0.33922276	-0.19652167	0.47151577	-0.23467937	0.23965445	0.45636907	-0.25835782	-0.050657768	0.32028863	-0.20036605	-0.24242511	-0.27454713	0.6059737	-0.18681009	-1.2099855	-0.11852945	-0.14243494	-0.57413226	-0.07609041	-0.08726235	0.12563173	-0.7863428	0.43562433	-0.14162813	-0.46697918	-0.26502246	0.040609017	-0.29134965	-0.19955066	0.065349445	0.21077563	-0.29177722	-0.30935156	-0.49212822	-0.75848395	-0.24684542	-0.27309927	-0.38464263	-0.10120183	-0.23851925	-0.09612474	0.04228947	-0.46672532	-0.044630766	0.34635398	-0.18291964	0.065352336	-0.53319246	-0.17874357	0.14386441	-0.07452112	0.043978605	-0.28021705	0.6318928	0.39101434	0.13945234	0.120702475	-0.38007665	-0.25197798	-0.46036696	-0.21586615	-0.1855762	0.15020089	-0.103313684	-0.5290151	-0.46315834	-0.6066509	-0.3875893	-0.32173997	0.756999	-0.07339678	0.78570014	-0.06403298	0.051235285	-0.565583	-0.01239321	-0.46232033	-0.16119023	-0.65366507	0.21012728	-0.12316489	-0.18033856	-0.025349569	0.21326478	0.151653	0.29767498	-0.028747113	-0.19696802	-0.083854824	0.026382511	-0.28133532	-0.36317486	0.085338145	0.0704779	-0.17768703	-0.25084853	0.22681262	0.044979658	-0.4020715	-0.20909661	0.050377637	0.54229844	-0.16514899	-0.16960326	0.49405882	0.20493285	0.268435	0.6008163	-0.11122899	0.009934218	-0.29456115	0.028993037	0.3325434	-0.8214954	-0.011888801	0.25694373	-0.020530712	-0.08154031	-0.33052996	-0.0048924806	-0.09236358	-0.5749878	0.25407386	0.2085793	0.1351823
-0.07302638	0.23498295	0.011485888	0.026160166	0.16518655	0.1449707	-0.015236678	0.19422023	0.14289732	0.21225631	-0.080873154	-0.100827925	0.113076515	0.20471029	-0.04948357	0.11860283	-0.06256342	-0.01637535	-0.21718417	0.28693074	-0.04118053	-0.15667251	-0.2865295	-0.024493981	-0.14914118	-0.13734785	0.201945	-0.061753683	-0.048947737	0.21926129	0.20221834	-0.20904271	0.20967616	-0.045428514	0.061926235	0.06360003	-0.14971626	0.33895636	0.1671801	0.10629646	-0.18088931	0.0061137825	0.010423097	0.113433	-0.11129621	-0.16589946	0.009028956	0.2832354	-0.022087034	0.16561946	0.11488845	0.23833951	0.20338802	0.01316611	0.0633124	-0.29595506	-0.18908069	0.15636928	0.028194265	-0.23823546	-0.08068035	0.18590535	-0.115118004	0.07691768	0.25903594	0.039995268	-0.15327863	0.3559333	0.019347101	-0.13119933	0.15809645	-0.1075227	0.05158087	0.08319848	0.08278598	0.19012634	0.12416889	0.35173342	-0.07148338	0.35274833	-0.35971928	-0.32523403	0.017788287	0.13482884	-0.14360489	-0.17704043	-0.017837692	-0.20361175	0.19460599	0.06396954	-0.26223332	-0.01431504	-0.4598539	-0.19272764	-0.15043472	-0.20950119	-0.10827207	-0.038586535	-0.02541943	-0.43857574	-0.20767307	-0.35285583	-0.15807813	0.10219963	0.045374803	-0.05372248	-0.06688911	-0.28973997	0.24269699	0.1568472	0.03323333	0.030212311	0.06480114	-0.09546757	-0.13823393	0.12125268	-0.34506118	-0.098372936	0.34992963	-0.07083048	-0.018574076	0.031031786	0.19582008	0.13102773	-0.25734127	0.017332247	0.055098437	0.09036461
0.5591576	0.15191443	-0.2593654	-0.35167423	-0.18279397	0.43675068	-0.2326052	0.23610309	0.448741	-0.29128727	-0.02870442	0.31881788	-0.22044389	-0.2632024	-0.23104544	0.5819156	-0.23260483	-1.2615123	-0.14989354	-0.07840388	-0.57399446	-0.014776146	-0.059196055	0.12887633	-0.82865435	0.40732595	-0.15186559	-0.48898873	-0.29360387	0.076439224	-0.30339834	-0.19327289	0.07446257	0.2002333	-0.30148956	-0.29195294	-0.4630199	-0.72838265	-0.2519921	-0.30617303	-0.4152354	-0.09042935	-0.22207977	-0.09880953	0.067086294	-0.47208077	-0.0065119844	0.3165377	-0.21239838	0.10071952	-0.54618317	-0.1504846	0.13650768	-0.09028641	0.083937764	-0.32840374	0.6463156	0.39269224	0.12738043	0.14501733	-0.3800112	-0.2948478	-0.45554376	-0.24975586	-0.14682466	0.15614098	-0.060753796	-0.49235573	-0.42520875	-0.61832345	-0.41192022	-0.33401874	0.72492695	-0.061698563	0.7345379	-0.07830208	0.019195875	-0.5597202	-0.06469394	-0.4981049	-0.21684016	-0.65451854	0.19328323	-0.14360133	-0.16741851	0.013423318	0.19961166	0.17130862	0.36845842	-0.026735192	-0.15399064	-0.07768358	-0.0046381443	-0.29793948	-0.38474488	0.07290651	0.08159558	-0.16963483	-0.26478878	0.28784618	0.047849525	-0.36623242	-0.21095547	0.060924415	0.5189844	-0.16820239	-0.18019494	0.4676429	0.2062985	0.24935909	0.5997224	-0.10313754	-0.035820298	-0.29523712	0.009410528	0.3637565	-0.8058911	0.0070058755	0.23714493	-0.03278965	-0.0830686	-0.3519978	-0.031565625	-0.042978566	-0.5842385	0.21426208	0.23158573	0.15164287
0.5212999	0.19715333	-0.26981375	-0.36923409	-0.21907511	0.4524821	-0.22964072	0.2107206	0.43944755	-0.30654427	-0.045411337	0.3032538	-0.21252006	-0.27034885	-0.2312963	0.59116	-0.20579185	-1.2483492	-0.16790065	-0.13983455	-0.56568956	-0.069681436	-0.069605455	0.14787132	-0.8171053	0.4216992	-0.11062694	-0.49044725	-0.26126662	0.063678734	-0.29530883	-0.20558397	0.055563882	0.22798365	-0.33173856	-0.2846266	-0.5247174	-0.76904607	-0.24698986	-0.30134547	-0.39368188	-0.09674046	-0.259485	-0.08368782	0.08353557	-0.44874638	-0.040779945	0.30928248	-0.13600783	0.113893844	-0.5407524	-0.1726742	0.15938666	-0.12789652	0.07185435	-0.26723036	0.62274945	0.38197768	0.1469627	0.18712905	-0.39990976	-0.26638752	-0.47756073	-0.19763763	-0.14172913	0.13369358	-0.08997069	-0.5152352	-0.43719774	-0.6054568	-0.41542685	-0.28809318	0.7454543	-0.02122341	0.7680913	-0.048968676	0.030226752	-0.5496595	-0.023247538	-0.50498766	-0.17614387	-0.6259018	0.18791126	-0.14674109	-0.17421612	-0.025089292	0.19956425	0.18558116	0.32169622	-0.080663726	-0.1467596	-0.088799484	0.035378274	-0.28459606	-0.37732774	0.109301664	0.06327316	-0.19656865	-0.22344002	0.21339715	0.050882693	-0.38141587	-0.1962081	0.051240128	0.4934655	-0.15566033	-0.18133017	0.4949183	0.19049202	0.26758328	0.58763766	-0.105059884	0.007805995	-0.2654354	0.053343523	0.35392147	-0.78975284	-0.039101228	0.27784654	-0.01642183	-0.063947715	-0.3429872	-0.02745037	-0.0627406	-0.5758957	0.29052982	0.23518212	0.13727169
-0.31785715	0.43002224	-0.22712731	-0.38080546	-0.15663223	0.040667232	0.08856488	0.10457676	0.74366486	0.3395128	0.09597071	0.18608288	-0.01984151	0.5717911	-0.14773172	0.43953174	-0.22841896	-0.5280677	0.13785294	0.18134244	-0.15424696	-0.65012246	0.09464976	0.23671181	-0.57727975	0.14768825	-0.45215088	-0.019621773	-0.1420188	-0.058490146	-0.19409746	0.18286954	-0.18151459	0.6187201	0.28227893	-0.15618417	-0.39518172	-0.19651459	-0.09407239	-0.02119981	-0.80676633	-0.13889675	-0.024319084	0.2875629	-0.121717565	-0.482904	0.30782396	0.049129885	-0.20682035	0.21192342	0.03504746	0.2947602	0.20252955	-0.5850449	0.26913527	-0.29075167	0.96269095	0.89114994	0.24535325	0.28777555	-0.14674464	0.10554381	0.074489914	0.58400613	0.08941096	-0.08496798	0.16798218	-0.22641623	-0.17431556	0.33381867	-0.26581213	0.2922818	0.42293218	-0.012897782	0.46329433	-0.062142752	0.0024885286	0.026215194	-0.27661937	-0.02435776	-0.9505772	-0.19270393	0.5298765	-0.30217996	-0.053627953	-0.12931505	-0.25308958	0.63876253	0.41568834	-0.29903948	0.3679187	-0.46694914	-0.15451403	-0.2666062	0.08948823	-0.17753355	-0.022192365	0.19871072	0.30898497	-0.34250686	0.19824463	-0.231482	-0.4256008	0.011126831	-0.07899613	0.038115766	-0.27531552	0.118485674	0.55095863	0.11389229	-0.2392554	0.16057958	0.291087	0.14012514	-0.21621366	0.46483928	-0.1017765	0.20181197	0.4691554	0.39550903	0.25975752	-0.0696962	0.084016815	0.31094918	-0.07686219	-0.14573799	0.6040461	-0.10945086
0.43110317	0.5032524	0.017016621	-0.45433298	-0.5168812	0.52555084	0.20835322	0.15251188	-0.25923258	1.011153	-0.33395043	0.28980708	0.19827999	0.33124247	0.005379379	-0.31732658	0.18269764	0.05385593	0.40992633	0.40441895	-0.050599698	0.4402294	0.019922039	0.98643357	-0.4048629	-0.19732483	0.8302963	-0.67375964	-1.065568	0.6921243	-0.16932285	-0.22047946	1.1436424	0.32288685	0.010868231	-0.11652124	-0.95536387	-0.5719985	-0.3255719	-0.26850066	-1.1350598	-0.27054933	-0.83717215	0.78867733	0.22117713	0.6364434	-0.71650696	0.0870097	-0.027476484	0.8340761	-0.23753862	0.7110193	-0.046411693	-0.48753867	-0.32383543	-0.14109392	-0.5652028	-0.27228227	0.06560335	0.8291126	0.5260261	-0.2652776	-0.76993215	-0.24808635	0.58037144	-0.59643686	-1.175886	-0.026715321	-0.6496128	-0.1256112	0.3871877	0.42176184	-0.02598645	-0.5989848	0.7795806	0.45454583	-0.36527395	0.5309714	0.7281119	0.37311366	0.6712956	-1.3786523	0.20745653	0.027005985	-0.19581981	0.032691557	0.42031607	-0.5438395	0.3745657	0.09492941	-1.0372329	-0.51944613	1.1350054	-0.3524436	-0.46973252	0.47220325	0.46888396	-0.611813	-0.98298633	-0.54465765	-0.58430046	-0.2771839	-0.4873695	-0.11611101	0.18584046	-0.33641574	0.4168539	0.21051526	-0.50824857	0.88613665	0.41068244	0.4238308	0.4281823	-0.08782826	-0.10010066	0.20093308	-2.1792433	-1.1746802	0.19079301	-0.6423036	0.6222929	-0.38729548	-0.18789364	0.6702505	-0.07857422	0.7322208	0.9403096	-0.046947923
0.53847885	0.19608854	-0.27055338	-0.33593288	-0.17607684	0.49731037	-0.24083365	0.2380065	0.43534932	-0.26711032	-0.0489932	0.33754	-0.22570343	-0.29319802	-0.28138977	0.567243	-0.23080595	-1.2114674	-0.13603537	-0.14014311	-0.561685	-0.0092628915	-0.08259705	0.10968331	-0.7910835	0.4512049	-0.1699177	-0.528171	-0.27391884	0.057037853	-0.31770593	-0.21899137	0.040755138	0.17604525	-0.2912356	-0.3374596	-0.46284255	-0.728284	-0.2284817	-0.2895118	-0.42571518	-0.12846035	-0.21681403	-0.052226845	0.08537284	-0.4783726	-0.034503236	0.3064494	-0.21393308	0.09418157	-0.53757286	-0.12848333	0.11449107	-0.10365543	0.049108185	-0.30518913	0.61761004	0.4175607	0.1568506	0.14680097	-0.39853272	-0.23322026	-0.4437869	-0.17116171	-0.21007611	0.13444349	-0.060443148	-0.49653104	-0.40829086	-0.5893053	-0.394263	-0.2886306	0.72987944	-0.08527515	0.72749144	-0.070341215	0.057896245	-0.5509637	-0.022171805	-0.49147058	-0.15687193	-0.615095	0.18810718	-0.14550923	-0.1731924	-0.020272814	0.15964697	0.17786035	0.35815153	-0.07385625	-0.19687878	-0.12229371	0.03191453	-0.24201785	-0.39667654	0.103191	0.068817586	-0.1283274	-0.26807654	0.22262737	0.088303916	-0.41794723	-0.22091839	0.019399606	0.51936316	-0.1606111	-0.16648869	0.4513648	0.18422198	0.25406036	0.64050436	-0.08258214	0.0043602106	-0.3095762	0.016056277	0.36121875	-0.7992235	-0.025547665	0.2601304	-0.028575346	-0.04651074	-0.38058206	-0.029897733	-0.07431885	-0.53188974	0.30305433	0.2317912	0.14531076
0.22547124	0.14812832	-0.015739528	-0.04131395	0.084100306	0.26949403	-0.11565563	0.46100855	0.2808083	-0.08256585	-0.115923345	0.0677588	-0.12463954	-0.22161719	0.011301163	0.22085378	-0.3736743	-0.21151532	0.17155756	0.064854145	0.02574034	0.015944805	-0.012266823	0.22586305	-0.2897062	0.0847109	-0.21730068	-0.52657104	-0.1924555	0.026508698	-0.12444732	-0.2228677	0.23572749	-0.25273886	0.09711936	0.09318069	-0.33324063	-0.45812368	-0.045147415	-0.1631948	-0.3242143	-0.2448393	-0.18424676	-0.048113514	0.28150508	-0.2620586	-0.19095664	0.0068182955	0.2404663	-0.084693685	0.06312857	-0.44046348	0.0073816	-0.105961695	0.15877675	0.19316013	0.039554425	0.48426303	0.2585008	0.2307265	-0.23288551	0.0893507	-0.22865376	0.11995604	0.33535156	-0.22700247	-0.152608	-0.004274821	-0.1857052	-0.12617429	-0.010341409	0.12881184	0.19751948	0.057995692	0.26628184	0.38617548	0.15831883	-0.19768862	-0.11753408	0.050284196	-0.101399764	-0.52185225	-0.10528312	0.017750233	-0.15599267	-0.12591036	0.07526253	-0.07350127	0.3185498	-0.108191684	-0.06614203	-0.09585173	0.114786685	0.11048397	-0.23205745	-0.099595405	-0.058772773	0.13978566	0.03813215	-0.25155333	-0.19137022	-0.4484427	-0.12294297	-0.0018091877	-0.11370281	-0.02513308	0.16386546	0.3758896	0.24943733	0.08791906	0.13496868	-0.017932683	-0.09590853	0.061151672	-0.15090847	0.10206321	-0.12637623	-0.036152657	0.24401869	0.0492004	0.14169051	-0.1226563	0.22736023	0.14259179	-0.18609694	0.05763253	0.13009858	-0.116954096
0.073180705	0.2188471	-0.0012727085	-0.1926224	0.13615091	0.19755703	0.21302848	0.14193298	0.16643739	-0.18720098	-0.12090097	0.13125266	0.11062405	0.13071983	0.21365629	-0.15832141	-0.20239103	-0.28611517	-0.39121452	0.054795396	0.23681396	-0.33178625	-0.10994249	-0.04911343	-0.17770916	0.27269158	0.20587185	-0.03587723	-0.10011831	0.2514936	-0.07734456	-0.057865247	0.2013688	0.21057875	-0.035527736	0.1662612	-0.44731253	-0.15319465	-0.321857	-0.07813875	-0.36873752	0.022340273	-0.038216773	-0.066704504	0.015503551	0.026384426	-0.10933318	0.36162004	0.043656155	0.15936363	-0.25126973	0.23049173	0.17373715	0.090862386	-0.1152735	-0.02348753	0.13083814	0.13409227	0.2024427	0.03467103	-0.17224573	0.27209333	-0.11807288	-0.072562695	0.13877653	0.14528975	-0.041573983	0.12985054	-0.0705323	0.032633696	0.22325237	-0.008799396	-0.26504025	0.17089738	0.068391696	0.015785925	0.031607214	0.17673373	-0.28211623	-0.112352535	-0.00876961	-0.3147434	0.069856726	0.27728269	-0.16313726	-0.24241096	0.14458248	-0.040546764	0.15712288	0.10573303	0.008924365	-0.1314652	-0.44901046	0.04690145	-0.30487812	-0.24834685	-0.12703833	-0.11435088	0.040919956	0.0068769422	0.1991085	-0.48581794	-0.16144238	-0.039114274	0.05860675	0.016823955	-0.12688875	-0.06483221	-0.021364506	0.22647284	-0.10187283	-0.08687537	-0.48807454	0.13413116	-0.22330119	0.23776028	-0.10548406	-0.16251515	0.2643635	0.1876093	-0.034787234	-0.13179621	0.23376524	-0.14256155	-0.15944442	-0.09056491	0.32684892	-0.05111461
0.5621093	0.21153294	-0.25435928	-0.32792413	-0.19069503	0.4624045	-0.20566961	0.21370761	0.42791477	-0.2946781	-0.027443057	0.30405647	-0.25573024	-0.26580268	-0.2706196	0.579315	-0.24848582	-1.2317393	-0.1299953	-0.08423072	-0.57076	0.008053017	-0.048402335	0.1346806	-0.78377193	0.4265186	-0.18878753	-0.49744278	-0.2520581	0.020431694	-0.32737544	-0.21875264	0.05965678	0.18462007	-0.33217713	-0.32125136	-0.47087526	-0.732154	-0.24896555	-0.30112982	-0.41787723	-0.12992229	-0.22185048	-0.1017547	0.09379643	-0.47991598	-0.03627081	0.28445962	-0.19338667	0.09167408	-0.54915774	-0.15791306	0.13061449	-0.115392275	0.092877045	-0.2997236	0.6218925	0.37523788	0.13792755	0.11267949	-0.33845767	-0.2971378	-0.4578533	-0.21549998	-0.14709345	0.14534964	-0.10075976	-0.48483467	-0.4085647	-0.63138187	-0.43044534	-0.32965425	0.734167	-0.05494331	0.7519324	-0.027619224	0.037658308	-0.54878354	-0.0538659	-0.51195556	-0.20137453	-0.6145354	0.18207914	-0.13614674	-0.15328354	-0.0059221033	0.16101083	0.16738941	0.38550705	-0.044152603	-0.1896657	-0.11939474	-0.0026694643	-0.29558015	-0.40727347	0.1014502	0.015117428	-0.13809526	-0.23241077	0.2861371	0.07422598	-0.35504627	-0.22630514	0.023135148	0.5472219	-0.1323245	-0.18757527	0.46184656	0.19667748	0.2549243	0.57817256	-0.09757695	0.013011452	-0.30070385	0.017089916	0.36891207	-0.8108361	-0.012131287	0.28415295	0.0018032477	-0.08003636	-0.3534823	-0.025593553	-0.033157792	-0.58870643	0.26633522	0.24030954	0.14908819
-0.0883516	0.20854989	0.063233346	-0.123883665	0.11804983	0.07514291	0.029381003	-0.022590535	0.20988292	0.10130154	0.061379746	-0.017481364	0.24401306	0.027792621	-0.09843779	0.27258575	0.05005969	-0.15297611	-0.1395162	-0.12656574	-0.100151	-0.17454664	-0.1648328	-0.009024213	-0.20631877	-0.13083611	0.0311427	-0.11205306	-0.028000392	0.09477794	-0.059014607	-0.023969695	0.19602136	0.048002657	0.29589057	-0.063161455	-0.23178086	0.036838096	0.15891418	0.0878897	-0.075770676	0.17771676	-0.084419526	-0.040902447	-0.018597025	-0.063006155	0.10229945	0.013963194	-0.07176095	0.11666336	0.040737495	0.07532458	0.24709886	-0.12726447	0.015656851	-0.17115724	-0.062162332	0.28136757	0.07637084	-0.018252622	-0.017210176	0.18225582	-0.16102912	0.25037426	0.31668964	-0.15824059	0.02395645	0.004738372	-0.1642872	-0.1377756	-0.06973256	-0.06311713	-0.086367115	0.24746159	0.17221294	0.13299747	0.1594116	0.14902408	-0.25779876	0.1620878	-0.16047399	-0.024099879	0.118205	-0.059262753	-0.21293536	0.098262265	0.042786505	-0.11276775	0.07589727	-0.02625452	-0.07708122	-0.060190156	-0.10759023	-0.16090256	0.0022590125	-0.051736858	0.013296311	0.017407605	0.005306768	-0.29598206	-0.17066513	-0.15229985	-0.17462733	-0.12957852	0.022072421	0.026280835	0.1839786	-0.1655875	0.17687629	0.13491455	0.06906442	0.0048441314	0.08187686	-0.112491265	-0.29803893	0.0979472	-0.31945664	-0.120131314	0.327934	0.03947547	-0.033290815	0.055928603	0.08557142	0.029442463	-0.17404486	-0.040717028	0.067023195	-0.069945775
-0.0512341	0.15647489	-0.016179292	0.01563489	0.24276926	0.1503964	0.017717525	0.07275413	0.20784461	0.017560218	-0.033329125	0.07470962	0.028282072	0.04031878	0.06617526	0.17353296	-0.0042293794	-0.13276295	0.13309486	0.20022112	-0.08427655	-0.13105237	-0.26085278	0.0809077	-0.22554593	0.10326205	-0.20836335	-0.17507471	-0.16931675	0.01648965	-0.1947897	-0.16250439	-0.0019561043	0.05524718	0.096503034	-0.0034379496	-0.29317525	-0.2180776	-0.054384865	-0.12444879	-0.24242634	0.09262895	0.030139556	0.06350581	0.3150716	-0.13376436	0.07990669	0.0416242	-0.058259703	0.13574356	-0.09286839	0.1312327	0.10475748	-0.022261966	0.06998727	0.088887274	0.15240152	0.100470826	-0.075175695	0.0016825631	0.047905732	0.09495026	-0.078944005	0.08137201	0.041047614	-0.096617475	0.03601293	0.08742904	-0.016564403	-0.055021975	0.07733583	0.16905752	0.17221919	-0.016806483	0.16460672	0.005680916	0.030509507	-0.168943	0.003488748	0.06655162	-0.13215244	-0.29905567	0.021845665	0.051712897	-0.06938908	-0.1173303	0.0958672	0.22723696	0.16479716	-0.1214849	0.07952093	-0.19522661	-0.10215992	-0.11802686	0.14904371	-0.0026734306	-0.06387434	-0.060040478	0.03148451	-0.29724112	-0.12582196	-0.2557066	-0.04723145	0.018292107	0.044221513	-0.028406797	-0.19645762	-0.008811504	0.2806138	0.23726742	0.09306946	0.25202224	-0.0069910795	0.17659415	-0.1420463	0.0250961	-0.22328962	0.022106806	0.14364345	-0.033631057	0.054020848	0.0755535	0.03554199	-0.08352834	-0.046828166	-0.21073282	-0.011030627	-0.13223076
0.4589558	-0.5777111	0.10966584	0.46619534	0.43631816	0.49964672	1.0314687	0.35222033	0.36127585	-0.15993364	-0.012442706	0.3869333	0.6340652	0.24407545	-0.5658073	0.5348361	-0.026022881	-0.7840291	-0.44967955	0.56063855	0.12195782	-0.105373174	-0.5109089	-0.0013822969	-0.83331764	-0.26592258	0.22164701	-0.029678622	-0.012239597	0.21026957	0.5487132	0.0969549	0.6876433	0.60693294	-0.3893237	0.4125567	-0.5542968	-0.17100738	-0.19964008	-0.44824618	-0.52789307	-0.021597028	-0.9394989	-0.50192636	0.2142458	0.010004408	0.6899235	0.36521164	-0.38860512	0.12838082	0.16484858	-0.65675414	0.18721355	-0.28061214	-0.41500846	-0.88496447	-0.091695406	0.1607241	0.1340357	0.7534351	-0.504626	0.7811129	-0.5756741	-0.42974877	0.199897	0.35560387	0.18248682	-0.31491634	-0.8155033	-0.46610987	0.20699072	-0.22687657	-0.23998518	-0.33173287	0.68469524	-0.4781933	0.6849711	-0.37993294	-0.42579144	-0.58958334	-0.035179973	-1.1667188	0.5945806	0.27042893	-0.5468963	0.08769039	-0.13126202	0.19597322	0.19985494	0.4456749	0.020155262	-0.34938234	0.38938826	-0.65523624	-0.11678854	-0.06610158	-0.020378575	0.19977134	0.16159429	-0.28159893	-0.98001593	0.09971616	-0.6420225	0.12562789	-0.12206015	-0.36990404	0.5017652	0.8192007	0.0019747007	0.39463183	0.29897228	0.50109965	0.07969933	0.21485102	-0.2586585	-0.4315414	-0.09625959	0.56176883	-0.23697212	0.18670233	-0.77366453	-0.58386004	0.18808429	-0.145278	-0.69319016	0.37726638	-0.06456458	-0.39886454
-0.07918239	0.035916623	-0.12013449	-0.014234017	-0.0015204651	-0.066901654	0.08860042	0.15398997	0.15102182	-0.015561143	-0.10791886	-0.19349933	-0.053068712	-0.13363151	-0.029423397	0.2790403	-0.087618634	-0.027486196	-0.011152434	0.15103763	0.13054311	-0.13459131	-0.13693704	0.11284993	-0.0887478	-0.0052648485	-0.095554836	-0.17566885	0.009998201	-0.023146791	0.13504054	-0.08334263	0.12090877	0.008726776	-0.022084182	-0.10025044	-0.28539062	-0.117021665	0.10228414	-0.009392327	0.0070335097	-0.19018032	-0.027200073	-0.03818651	-0.11258734	0.10124938	-0.050794452	0.21625401	-0.08774713	0.03235104	-0.18612954	0.09933427	0.08008207	0.11212674	-0.22365206	0.009415967	0.15068397	0.16437578	0.05113305	0.018732762	0.004137391	0.09410844	-0.011838621	0.110784754	0.060160663	-0.04332767	-0.16060121	0.067219675	-0.13369943	0.02035363	-0.039169785	-0.059121888	0.14831597	0.042100772	0.17211175	0.054572	0.1051832	0.08402943	-0.07353911	0.1303306	0.116453014	-0.16083564	0.029500918	0.01625949	0.09160777	-0.15443876	-0.0674271	0.09012537	0.13029972	0.018783964	-0.07832892	-0.2586472	-0.24775586	-0.21628548	-0.25894687	-0.21400936	0.023093143	-0.038506333	0.16313908	-0.24441053	-0.20710629	-0.24733126	-0.12723275	-0.11454675	0.044930927	-0.009488817	-0.18656088	-0.04094191	0.051751398	0.14422965	-0.11563214	-0.04936194	-0.026929189	-0.16113962	-0.06676481	0.17700633	-0.33712628	-0.08030112	0.0925832	0.07388399	0.04255129	0.11960271	0.084688984	-0.0017899054	-0.23718567	0.1395697	0.31181297	-0.05737243
0.21805231	0.08963262	-0.0007964564	-0.07897288	0.11682144	0.26516858	-0.126441	0.45600003	0.25013933	-0.081933446	-0.122656375	0.07498096	-0.121822774	-0.242797	0.022145672	0.24172261	-0.35426155	-0.21489719	0.124326974	0.060328066	-0.008605372	0.011971261	-0.008858078	0.14701487	-0.30960348	0.06607626	-0.23502961	-0.49237862	-0.1695106	0.0305287	-0.07627548	-0.18729055	0.24384676	-0.23752807	0.12166615	0.053029656	-0.30530402	-0.4422939	-0.056124076	-0.1574961	-0.3019945	-0.22834602	-0.1631491	-0.09055729	0.29547292	-0.23077324	-0.18880522	0.029021444	0.23635878	-0.053524088	0.01765434	-0.44604883	0.0051632035	-0.092726864	0.11630471	0.15185	0.020425677	0.48926657	0.27753744	0.22126824	-0.24235223	0.095267	-0.21507588	0.087561935	0.3152182	-0.1945693	-0.15727985	-0.019699095	-0.18224925	-0.15752876	-0.008154553	0.11776835	0.16866374	0.032987677	0.23595822	0.37521136	0.15860766	-0.21261069	-0.13916807	0.022705216	-0.121480435	-0.5274285	-0.111795865	0.05109285	-0.13090308	-0.091742516	0.03972951	-0.07423621	0.3296969	-0.123185195	-0.044623654	-0.085200734	0.13504088	0.13592121	-0.24311852	-0.07176553	-0.05428101	0.1574239	0.016860288	-0.20922047	-0.17503038	-0.46019468	-0.1034786	0.0012743633	-0.11640392	-0.052008808	0.16504116	0.40718183	0.26511458	0.07422934	0.13278973	-0.035289872	-0.09342167	0.023170626	-0.13791719	0.08821579	-0.09292378	-0.004637506	0.26492894	0.084835984	0.121464364	-0.13764188	0.23760359	0.16459258	-0.1931758	0.08520529	0.10907293	-0.13173364
0.10796588	0.29457623	0.048584577	0.0107308095	0.14696106	0.030119402	-0.004078211	0.11457634	0.10339648	-0.13553005	-0.079220064	0.15037175	0.079786874	-0.025401684	-0.1314538	0.16408809	0.18219896	0.015469789	-0.17869145	0.015956437	0.0030900163	-0.12760761	-0.25699762	0.08238656	-0.15859635	0.047062803	0.024395825	0.019730572	-0.03846376	0.12055757	0.09301448	-0.18996873	0.2024754	0.13960056	-0.124492615	0.047489483	-0.101988986	-0.26263702	0.19818556	-0.0037343984	-0.22093031	0.07454271	0.013802743	-0.09400162	-0.032738525	-0.12383128	0.028034646	0.2799133	0.1438117	0.15873046	-0.03680944	-0.13327317	0.119269356	-0.064788714	-0.08577518	-0.23260005	0.08881835	0.2099278	-0.010028191	0.15008871	-0.23921533	0.16986106	-0.1788562	0.0003228585	0.09284258	0.07173718	-0.06709407	0.1535935	0.099579275	-0.034735195	0.0042438186	0.142637	-0.032629047	-0.04560278	0.08403991	-0.006984604	-0.015834967	-0.011482521	-0.16610438	0.0845146	0.10853002	-0.17064425	0.017747369	0.050052375	-0.018503372	-0.14487055	0.18873267	-0.19884756	0.14543086	0.07112847	-0.11386304	-0.26958948	-0.23482677	-0.047512066	-0.06573251	0.00794181	-0.045385275	-0.17909251	0.03754149	-0.16721268	-0.25237533	-0.106305726	-0.08979561	-0.04679135	0.04915244	0.18209587	-0.01598781	0.008855648	0.16101465	0.0193507	0.068088174	0.10992019	0.034239344	0.02412301	-0.23901822	0.12111062	-0.23178443	-0.11788155	0.2740079	-0.08167652	-0.19294478	0.0059720934	0.03326398	-0.06829072	0.027589457	0.017257104	0.22234981	-0.11072013
0.61711466	0.0464846	-0.3030961	-0.34088024	0.6915034	0.09600376	0.31804395	0.28952122	0.5275169	0.18796185	0.06932675	0.604063	0.11131907	-0.36802495	0.3183081	0.05189923	0.265608	-0.35600215	-0.3073152	0.19938245	-0.106079996	-0.025912099	-0.2282395	0.02601564	-0.52901304	-0.18865287	-0.070317924	-0.24418889	-0.5557785	0.23415668	-0.037412148	0.34146672	-0.5038192	-0.066834755	0.2201341	-0.6713693	-0.4140933	-0.42625394	-0.1584734	0.13864972	-0.28084055	-0.11190288	-1.1125141	0.123302616	-0.23749231	-0.28616667	0.22948216	0.4568711	-0.26111576	0.32949856	-0.41858998	0.37685055	0.36782137	-0.34056777	-0.39018044	0.11167519	0.55277973	0.12759043	-0.05373659	0.29515964	-0.35839704	0.41092283	-0.14228366	0.072590455	0.18355274	-0.34097117	-0.060942538	-0.011475894	-0.19236234	-0.14749904	-0.13555968	0.17925008	0.3614456	0.22355162	-0.6310875	-0.24314344	0.060855333	-0.010760007	-0.1873052	0.14270347	0.01654616	0.1610379	0.5263374	-0.12930027	-0.20797147	0.54541475	0.15142979	-0.08211565	-0.025534138	0.18580131	0.30806914	-0.045485158	0.22055052	-0.3179274	-0.15296349	-0.20677832	0.62460285	0.43609673	0.116231255	0.0578551	0.08420302	-0.7893888	-0.0937756	-0.3093121	0.22811599	0.00039736257	-0.6021214	0.06453576	0.26696846	0.26872176	0.24258311	0.22236115	-0.08277284	0.32198364	-0.7646904	0.26679367	-0.22945824	-0.40992686	0.06452235	0.0027412467	0.20856382	-0.39736328	0.33582723	-0.0057611186	-0.37796718	0.54936516	0.23637785	0.36846477
0.08436789	0.14540152	-0.18575315	-0.1547299	0.16612482	0.17410201	0.13004218	0.17200087	0.20667227	-0.06896369	0.09380366	-0.0768855	0.06970532	-0.09241108	-0.14047892	0.15107815	0.08935128	-0.047014467	-0.2623266	0.03415377	0.13007544	-0.25338435	-0.07990412	-0.014634501	-0.37877914	0.047638707	0.022364937	-0.10805901	-0.10459546	0.18230091	0.049605485	-0.060806375	0.056370378	-0.016570674	0.06140649	0.047493	-0.15096317	-0.069134034	0.133795	-0.0054390654	-0.17038764	-0.03591516	-0.17860593	-0.18789704	0.14216186	-0.040941436	0.15195127	0.066681646	0.0013988308	0.054058816	-0.07878358	0.0475029	0.022682372	0.021536939	-0.12635987	0.004486471	-0.002087128	0.14775954	-0.0077410936	0.008119432	-0.17892364	0.23979214	-0.23837036	-0.0012453621	0.0671476	-0.10575752	0.042301316	-0.09254535	-0.013941948	0.05618899	0.02605104	0.15687892	0.1578971	-0.05382591	0.057434835	0.058264855	0.21171567	0.19483945	-0.20900159	-0.028088888	-0.06086508	-0.16384907	0.14841135	0.13100362	-0.11785798	-0.06356886	-0.049011234	-0.08396126	0.140628	-0.15760341	-0.009458748	-0.12980315	-0.11902912	0.011756325	-0.12302405	-0.004824866	-0.013598137	-0.10814285	0.05278665	-0.24417308	-0.26419213	-0.108750544	-6.39076e-05	-0.1488445	0.004060033	-0.038731374	-0.1824529	-0.022736942	0.22364436	0.124247104	-0.092468575	-0.0704559	0.016303342	0.0802733	-0.25590637	0.191828	-0.09210958	-0.07973717	0.1356507	0.14450574	0.03638636	0.10116198	0.27221355	0.1634471	-0.13510403	-0.018376669	0.0987292	-0.1415744
-0.4303234	0.6437218	0.3179835	0.056568813	0.57477415	0.07547375	0.0034292294	0.18286403	0.8274886	0.4478484	-0.086730234	0.63120216	-0.1736954	0.6326148	-0.047693785	0.18803155	-0.14692649	0.03826303	0.046211656	0.394513	0.037974235	-0.523314	-0.11739474	-0.21402965	-0.83449405	0.70024407	-0.39300716	0.44482252	0.1257411	0.4490009	-0.09713588	-0.79216164	-0.32345155	-0.07571644	0.39356583	-0.30737633	0.024430193	0.04743837	-0.04119866	0.050694093	-0.89653873	-0.47682142	0.39087856	-0.25958118	0.46726963	-0.5617975	0.20227996	0.11762575	-0.1325284	-0.07690996	0.13992251	0.71212566	0.22397482	0.089976266	0.37404314	-0.45141825	0.109848194	0.8180436	-0.06067185	-1.001683	-0.17442322	0.23538853	0.21550585	0.2017215	0.040982127	-0.22726054	0.27179766	0.6769864	0.02035006	0.16970284	-0.16947223	0.28363794	0.4585735	-0.4724824	0.7352006	-0.21809617	0.18582074	0.013765889	-0.33024698	0.41413417	-0.43105844	-1.1040102	-0.2276344	0.48064947	-0.048095074	-0.9823455	0.21839778	0.5096338	0.14115062	0.039519545	0.18886577	-0.088095024	-0.8337704	-0.37332654	-0.11038708	-0.21687827	-0.2600982	0.355388	-0.076964825	-0.25189772	-0.08015599	-0.8240318	-0.5124089	0.66671973	0.17435536	-0.2108309	-0.25602576	0.5268656	0.7746413	0.00447364	0.29566196	0.419743	0.14178286	-0.037972078	-0.13476364	0.23070635	-0.72304773	0.40711734	1.2874671	0.5161729	0.2405377	-0.15764125	0.18780419	-0.088791564	-0.45851842	-0.42165402	0.265428	-0.072076835
0.49362615	0.2071051	-0.23850454	-0.30520308	-0.24580732	0.46735638	-0.18031707	0.25861198	0.43792716	-0.24246667	-0.07513071	0.33791566	-0.17861427	-0.22681357	-0.31223336	0.5641958	-0.18520081	-1.2014523	-0.17233956	-0.18500148	-0.5679315	-0.021567537	-0.014052487	0.1861672	-0.79975784	0.42903203	-0.11169168	-0.44476405	-0.31136793	0.09838664	-0.2901903	-0.21693055	0.016376887	0.18622948	-0.3730662	-0.3198499	-0.46774617	-0.79304343	-0.2954016	-0.2944663	-0.35337138	-0.08837137	-0.25163522	-0.04570732	0.08799569	-0.40690324	-0.020398488	0.26607424	-0.20597994	0.10862745	-0.56079704	-0.08220946	0.081088446	-0.15458159	-0.01864794	-0.26903427	0.61244816	0.42129344	0.139964	0.15989694	-0.40458786	-0.32026264	-0.48269942	-0.2918343	-0.17969191	0.14012618	-0.1153222	-0.5039886	-0.4579724	-0.53940004	-0.3201902	-0.3084253	0.77194476	-0.12718701	0.7538033	-0.07782609	0.089601554	-0.56776726	-0.025037592	-0.53974664	-0.12594758	-0.65898794	0.17228499	-0.13493049	-0.20863268	0.025135567	0.17746942	0.17150505	0.31155765	-0.036052458	-0.1984753	-0.14454997	0.04266285	-0.27672562	-0.40820614	0.102424584	0.079744756	-0.20740421	-0.2605244	0.20587476	0.07123183	-0.36322284	-0.18495469	0.067865625	0.5306845	-0.1349154	-0.11837003	0.46905676	0.21821062	0.2822795	0.612458	-0.056532197	-0.020214045	-0.31205043	0.080048524	0.3742055	-0.8306652	-0.0025296102	0.23547187	-0.067128204	-0.0257765	-0.37133867	0.045432292	-0.002325361	-0.6085211	0.27485648	0.2656134	0.16171333
0.13473633	0.012951034	0.07988474	-0.013214796	-0.007819469	0.03276863	-0.20023692	0.05164582	0.22957288	0.22809337	-0.08707235	0.07819852	0.11086388	0.0058739525	-0.17761564	0.13789736	0.122643314	0.0477573	-0.12107333	0.021831648	-0.06850364	-0.11928727	-0.09160253	0.08043745	-0.1097961	-0.035881285	-0.02454884	-0.08233438	-0.15909863	0.12963416	-0.14580902	0.005735105	-0.07216242	0.18542114	-0.035142392	-0.09051358	-0.19561495	-0.3466092	0.11316412	-0.108436815	-0.077897936	-0.13021761	-0.20700563	0.07802909	-0.1181011	-0.10073623	-0.005287401	0.2676667	-0.12770543	0.08718867	-0.23616731	-0.18429087	0.30257973	-0.10598042	-0.20298797	0.07801058	0.38025206	0.09296897	0.069602594	-0.036873765	0.051215574	0.1567961	-0.16683896	0.08974693	0.1896834	0.0038613223	-0.14204077	-0.12402827	-0.13934955	-0.17327634	0.05492669	0.019406414	0.096059635	-0.038134057	0.13673377	-0.19219904	0.0037915914	0.05858125	0.07416987	-0.14337328	0.009327748	-0.34350067	-0.00214239	-0.17810868	-0.24498507	-0.14972563	0.2577008	0.011144446	-0.13400087	0.022900462	-0.08292586	-0.30747443	-0.07390083	-0.143281	0.09595006	-0.089249834	0.114968054	-0.280538	0.20514378	-0.3233472	-0.42043945	-0.32423803	0.0078658145	0.01980087	-0.11509272	-0.04112033	-0.16576515	0.013476633	0.17894574	0.3613381	0.19252394	-0.03446175	0.050385594	0.14345986	-0.21890263	-0.052603997	-0.29723755	-0.06935835	0.07206635	-0.30008072	-0.17352985	0.17835915	0.097189136	-0.060945217	-0.05036595	0.002322857	0.019812346	0.0476057
-0.12016427	-0.020938816	-0.4542456	-0.12904593	0.07866339	0.2553267	0.09655729	0.09568508	0.22066544	0.0639616	0.033802245	-0.0044335276	0.048293456	-0.18184425	-0.25063276	0.35084075	-0.2690388	-0.47378156	0.32570857	0.24632695	-0.20420036	-0.015235453	0.37172523	0.17664608	-0.31612483	-0.21646443	-0.39897648	-0.25160083	-0.09507584	-0.15516798	-0.25855565	-0.26408622	0.03020564	-0.32457206	0.11047341	-0.33873346	-0.55053437	-0.34082064	-0.08078077	-0.2805321	-0.5357855	-0.122167975	-0.18620163	-0.27195537	0.46510294	-0.07317515	0.02562631	-0.16664383	-0.15649228	-0.23122612	-0.12796372	0.08307493	0.13756528	-0.3095419	0.17933092	-0.32489568	0.7215138	0.6717569	0.16479386	-0.012855855	-0.031635504	-0.19408423	-0.11405983	0.22661555	0.36890906	-0.24484666	0.24982873	-0.2344849	-0.05730678	-0.07377556	-0.026309008	0.12956981	0.3536462	0.008423435	0.30580166	-0.17173989	-0.033415783	-0.22537443	-0.30545518	0.0077004237	-0.2796278	-0.4208291	0.18367401	0.021388764	0.07976554	0.05516266	-0.23782906	0.36557534	0.43250418	-0.18876912	0.019586204	-0.52660024	-0.055794023	-0.1558095	-0.2417751	0.059169415	0.120567344	0.26401904	0.08519528	-0.18702269	0.17532234	-0.6799718	-0.38091207	-0.0576843	-0.18017773	-0.074932195	0.14629143	0.38321534	0.61019045	0.149935	-0.25512496	0.12520361	-0.17746048	-0.19366094	-0.22529054	0.4762038	-0.32302514	-0.05405837	0.32309106	0.13213155	0.14238063	-0.10704038	0.28917256	0.13645881	-0.4240452	-0.14493577	-0.069379516	-0.26197016
0.7230099	-0.26344755	0.46597567	-0.2704116	1.1170709	0.84533596	-0.20426287	0.38834038	0.5859294	-0.116499394	-0.21897171	0.3572462	-0.13597707	0.077537075	0.3708542	-0.1763443	1.0077778	0.08451157	-0.8078583	-0.28087753	-0.06523982	-0.85244524	-0.65417016	0.14958198	-0.7200898	0.73291445	0.5631343	0.078160465	-0.43869388	1.044137	0.3804731	0.2783486	-0.2674542	0.6546316	0.23560658	-0.66064674	-0.6010346	-0.4580814	-0.37079486	0.1294886	-0.8581501	0.45527285	-1.028539	-0.20992397	0.17311892	-0.3983138	-0.3501021	0.9742547	-0.08923065	0.44522133	-0.27155668	0.18781947	0.23656736	-0.3077986	0.24900816	-0.013096535	1.429548	0.42392677	0.25045025	0.37233913	-0.24429287	0.29979116	0.3491289	0.8214727	-0.0057378714	0.22442025	-0.22998264	-0.0092613185	-0.2458761	-0.076665744	0.13285787	0.5855911	0.32812843	0.43982956	-1.2024149	-0.40381023	0.010481392	1.0400782	0.33380154	0.36065477	0.19386697	-0.06445538	0.46644422	-0.43690133	0.24600285	0.22891079	-0.10960853	0.38820633	0.54513544	0.19499415	0.053007163	0.054245785	-0.86873037	-0.33503315	-0.009262553	-0.9917667	1.0450438	-0.005536405	0.21650667	-0.48401228	0.48410895	-1.0329086	-0.7701334	0.048455637	-0.17463505	0.2756526	0.26960182	0.54493916	0.34523755	0.5579661	-0.009155815	0.16932228	-0.5056154	-0.1039144	0.117514536	0.4199472	-1.0028433	-0.5113505	0.73670495	-0.11524301	0.52594465	0.13453324	0.11199773	0.56870335	-0.23890561	-0.05808851	0.18380554	0.119226895
0.039034065	0.008063753	-0.0052026995	-0.058376268	0.048100453	0.08151289	0.0251322	0.06483266	0.060802646	-0.012956095	0.0064917095	0.04185739	-0.007834131	0.031858064	-0.015714854	0.05520453	-0.011729277	-0.08559897	-0.03973559	0.07228631	0.023242341	-0.0507291	-0.05521208	0.02699272	-0.11996327	0.0615794	-0.0009823355	-0.11306865	-0.056287345	0.052807137	-0.005679141	-0.0675976	0.016057895	0.10868217	-0.018431867	0.019876158	-0.0824342	-0.09526038	0.021657566	-0.060937736	-0.042832747	-0.03566729	-0.09167191	-0.0005070082	0.03137542	-0.017062455	-0.03425285	0.085332386	-0.0518938	0.07134776	-0.030591996	0.0071508065	0.061183535	-0.06853328	-0.012786353	-0.037024517	0.060006812	0.0799117	0.07255078	-0.028747393	-0.031752456	0.016167928	-0.08849524	0.009655354	0.07026539	-0.0271718	-0.044753205	0.013070176	-0.07969435	-0.049622785	-0.002224109	-0.023611048	0.050311483	-0.021392705	0.06494111	0.022958193	0.018307082	0.0004370074	0.0020464764	-0.023274008	-0.007847441	-0.13759759	-0.022191716	0.018999048	-0.04742736	-0.07307418	0.03822505	0.013811213	0.06197311	-0.006535702	-0.008485227	-0.10258182	-0.07752113	-0.0068750954	-0.04872253	-0.03742531	0.050610982	-0.020122616	0.026340468	-0.062221795	-0.033390887	-0.07420523	-0.050323904	-0.024378762	-0.015113876	0.01042914	-0.007767529	0.0061157327	0.04192282	0.06710942	0.051622733	0.0875466	0.007712941	-0.033880044	-0.046844248	0.01933031	-0.10065514	-0.0154068405	0.037197735	0.009347212	0.005489836	-0.01795879	0.010502372	0.037325095	-0.089074776	0.009694438	0.07861679	-0.006712957
0.0028837677	0.24003223	0.04888939	-0.101975255	-0.01171395	0.038538482	0.06442455	0.30023092	0.25223482	0.19160624	-0.1605423	0.2184771	-0.036070727	0.19629125	-0.097653665	0.017936949	0.24783897	-0.33540446	-0.05619011	0.17922807	-0.14736588	-0.2845705	-0.6455265	0.054669574	-0.17540132	0.18905915	-0.3121816	-0.0023079773	0.048227135	0.16928244	-0.30168185	-0.13739407	0.07136356	0.22224295	-0.26950312	-0.30682045	-0.3379559	-0.03540769	0.314163	0.29879773	-0.41663927	0.042356264	-0.06323289	-0.018524373	-0.29811382	-0.16055748	0.037756782	0.12414252	-0.1114639	-0.3407993	-0.033814166	-0.02938531	0.25232604	0.024135448	0.15422189	-0.112776436	0.5003884	0.2352364	-0.006014747	0.09193786	-0.1950544	0.09328519	-0.32790694	0.22718155	-0.09162645	-0.17344843	-0.03210405	-0.038492408	0.027934352	0.21122994	0.13594212	0.3166755	0.2992354	-0.06551813	0.25898862	-0.008611917	-0.19427156	0.048297487	0.050960816	-0.03264647	0.012815713	-0.010623982	-0.07545866	0.070990495	-0.1425396	0.108308524	0.1864208	0.22183436	0.005369789	0.33591652	-0.09013563	-0.0469091	-0.29391897	-0.35118517	0.105896674	-0.3376519	-0.052941587	0.19238393	0.15376304	-0.15581127	-0.05809344	-0.26374757	-0.25315332	-0.28232262	-0.041586675	-0.34757018	0.0142224785	0.0020556613	0.40005484	-0.0125163505	-0.17724514	0.032303415	0.06755603	0.34180588	-0.03936787	0.20170796	-0.33894134	0.038728446	0.28408858	0.015038844	0.08456772	-0.14106856	0.07175112	-0.152596	0.069405094	0.10301831	-0.07429881	-0.01440006
0.08446717	0.48036426	0.14889437	-0.31587306	0.29844484	0.36908033	0.13221674	0.40960672	0.1022747	0.20767541	-0.31282178	0.3498767	0.10515635	-0.062185746	-0.2728955	0.18029265	0.14539944	-0.30459845	0.08266529	0.055881336	-0.037892684	-0.3141462	-0.32527202	0.0125496965	-0.30221188	0.09652058	-0.49084198	-0.026638376	0.0067803343	-0.27628848	-0.44404137	-0.20469353	0.07090236	0.09397932	-0.2547154	-0.3088749	-0.2990773	-0.47112563	0.07729013	0.23505917	-0.39306456	-0.20266564	0.09173168	-0.13497666	-0.022443525	-0.007894729	0.12966582	0.34185115	0.15881415	-0.11489352	-0.03704882	0.044793155	0.040511668	-0.23145828	-0.074701816	0.10883248	0.30872136	0.38870803	0.0195559	0.15001166	-0.07030936	-0.0441685	-0.46640366	0.16411412	0.16011482	-0.06774146	-0.2683368	-0.091245756	0.059544045	0.077002294	0.06440102	0.23879448	0.34150624	-0.068886876	0.2615889	0.03689521	-0.11268391	-0.2601605	0.05875286	0.10509555	0.17605448	-0.20202754	-0.18919969	-0.094173975	0.037798617	0.0038250021	0.09628753	0.06619345	0.38179225	0.14067766	-0.30399993	-0.35240975	-0.26152995	0.06415229	-0.04001488	0.3097356	-0.09418185	-0.08936498	0.023327831	-0.2811444	-0.034469895	-0.1476615	-0.11048247	-0.3581656	-0.2873168	-0.25964788	-0.12056493	-0.06915822	0.15646724	0.10199053	0.08549464	0.06821761	0.15186001	0.3386515	-0.23863918	0.2919488	-0.32856646	0.22169763	0.3280873	-0.3042255	-0.1755324	-0.3310109	0.18122469	-0.08455033	0.3425295	0.2499469	-0.08733839	-0.13925377
0.12293612	0.038538955	-0.046591587	0.005287836	0.16895108	0.106099434	-0.014725422	0.24876283	0.11102378	0.05450167	-0.028848294	0.08068925	0.09027364	-0.04189818	-0.023220316	0.11752755	-0.0027439212	-0.15469971	-0.07193734	0.054157693	0.00015657472	-0.095549084	-0.07807096	0.04417501	-0.2284202	0.03820865	-0.108991556	-0.25634667	-0.06963069	-0.03979423	-0.0792961	-0.07320885	-0.05734852	0.023135247	0.050269563	-0.04873585	-0.1941012	-0.11155722	0.031856928	-0.048661157	-0.18021445	0.09345843	-0.17082527	0.025006978	0.09018335	-0.10203788	-0.0058236565	0.17085688	-0.06537855	-0.053605046	-0.07591529	-0.059518643	0.0538704	-0.039684072	0.0046178983	0.026072854	0.22992252	0.21447995	0.11457438	0.07573311	-0.04060373	0.16637649	-0.15009174	0.099668086	0.10188713	-0.061237507	-0.11181058	-0.056409694	-0.03559166	-0.04754675	-0.07478352	0.088537924	0.018082652	-0.08981155	0.1171895	0.08689639	0.013708516	-0.06721331	0.07347218	-0.02393011	-0.07150578	-0.36192888	0.027655438	0.020751467	-0.025457298	-0.028429095	0.013912881	0.051519502	0.06828616	-0.06599625	-0.03209666	-0.10705785	-0.04289862	0.066971846	-0.026318569	-0.10125188	0.005417751	0.012441273	0.1168188	-0.1343262	-0.112096205	-0.1577329	-0.26466578	-0.0014713429	-0.047384232	-0.057183858	-0.04140648	-0.09172963	0.1165537	0.15944327	0.008604296	0.012924158	-0.011989951	-0.039715156	-0.08955644	0.14546731	-0.087326795	0.056020107	0.11968198	-0.041955672	-0.052195724	-0.008123731	0.21122104	0.0009033248	-0.082141005	-0.04874841	0.044912737	-0.118408985
0.08579306	0.56768566	0.7928063	-0.33393866	0.16171937	-0.21219635	0.65267813	-0.27302653	0.5754649	0.20427096	0.45890278	0.019845804	0.17036664	-0.13701095	0.13782604	0.34445468	0.3698933	0.2214144	-0.25994143	0.15273498	-0.9505224	0.3325268	-0.44548884	0.057176	-0.56546295	0.26278898	-0.5773065	-0.362462	-0.24855496	0.17161325	-0.5423403	0.20309722	-0.550182	0.112838745	0.069304705	0.33651885	-0.19034512	0.027782086	0.33854654	0.52760196	-0.27078226	0.66532695	-0.86925685	0.3463015	-0.0030542654	0.073098466	0.46458173	0.58434117	-0.81542987	-0.36860442	-0.76541483	1.0628092	0.7854618	0.18670452	0.329822	0.6859747	0.37763348	0.5546293	0.6119268	-0.59852713	0.10029222	-0.301385	-0.1401706	0.52810633	-0.10219576	-0.45612273	0.33200416	-0.4430826	-1.2030475	-0.3349668	-0.5199792	-0.29779625	0.06337817	-0.3434935	0.734403	-0.12813532	0.30085894	-0.018461915	-0.30128306	0.10253083	0.1211362	0.5263701	0.97012514	0.4263964	-0.49238324	-0.11592455	0.2417408	0.24598673	0.8436108	-0.08520445	0.28954297	-0.781397	0.38120514	-0.89247334	-0.26282588	0.075894326	0.20969233	0.8976594	-0.5940108	-0.41038668	-0.5096565	-0.65796334	-0.29088393	-0.7544846	1.3455087	0.26661912	-0.06106032	-0.18698625	-0.552532	0.65062296	-0.012082027	-0.13046741	0.33021766	-0.34571728	-1.3197916	0.43062046	-0.9856437	-1.2108366	0.29463765	0.75832975	-0.8816467	-0.47298458	0.29664373	0.8018422	-0.16360697	0.6758812	0.67742807	0.4340088
0.19659585	0.11412059	0.0047661043	-0.084862635	0.10754449	0.2926617	-0.105571285	0.4411028	0.22705714	-0.08389725	-0.10226329	0.07159364	-0.1474978	-0.24140128	-0.002888799	0.2702068	-0.34510446	-0.17316088	0.18589638	0.04504617	0.0016983303	-0.007490366	0.015635224	0.2062943	-0.3084451	0.074863136	-0.224414	-0.54144025	-0.17353766	0.028328305	-0.102935605	-0.21580684	0.25422657	-0.20143412	0.080850855	0.111541435	-0.3127733	-0.43725532	-0.09147441	-0.18722399	-0.28454527	-0.25447193	-0.19747964	-0.11817205	0.27837086	-0.2600309	-0.20455708	0.011323519	0.22985812	-0.08071427	0.036088396	-0.46936357	0.011676706	-0.06857185	0.14309081	0.17498222	0.020610487	0.4659331	0.28044218	0.21715702	-0.20961784	0.082892306	-0.19216111	0.12379576	0.31816286	-0.17626016	-0.17014125	-0.04527696	-0.20370415	-0.14783332	-0.0017316315	0.08821003	0.20299874	0.05907442	0.23766074	0.40276217	0.17205441	-0.23666532	-0.10034668	0.03366962	-0.11059263	-0.5171683	-0.1260925	0.03616353	-0.12098827	-0.115137175	0.05577956	-0.058005985	0.35801557	-0.10889067	-0.04587801	-0.11193178	0.1306709	0.1419309	-0.25695795	-0.0850837	-0.04701504	0.13676435	0.015040914	-0.24227431	-0.21057442	-0.43647826	-0.090913616	-0.013438678	-0.08578615	-0.0003314207	0.18185703	0.37737265	0.27440023	0.07717644	0.09928785	-0.016932402	-0.107772686	0.010313286	-0.08993566	0.097147256	-0.09936558	0.004675526	0.21253319	0.083441235	0.1379149	-0.13192423	0.2218445	0.1697815	-0.22164267	0.0949065	0.108878374	-0.10154892
0.13405588	-0.40140954	-0.31637257	-0.63625807	0.448949	0.10886573	0.414754	-0.61102295	0.5526007	-0.2732396	0.621359	0.8541142	0.03785341	0.071549945	0.32826346	0.39627048	0.24304314	-0.064860344	-0.014460904	0.24056107	-0.10096243	0.10621411	-0.89538294	-0.5816014	-0.37769672	0.9130826	-0.4189534	-0.13309172	-0.25012854	0.40843824	0.37598094	0.32127157	-0.7053638	0.1602652	0.28690174	0.022072433	0.5346775	-0.051413752	0.30771682	0.5628865	0.043438293	-0.32831946	-0.93202615	0.1321264	-0.27146968	0.16077487	0.46705723	-0.24735375	-0.34652182	-0.5015641	0.13769527	0.79365855	0.16770363	0.12899847	-0.27753443	0.37524384	0.04997518	0.23759593	0.12344558	-0.61410034	0.01998642	-0.10690861	0.4623311	-0.17365696	0.30979484	-0.6795734	-0.360614	0.2510752	-0.813328	-0.87898344	-0.38257807	-0.056924872	0.77388346	-0.092592984	-0.20302491	-0.08267701	-0.2313139	0.5661324	-0.7996233	0.15531473	-0.27414602	0.12277447	0.6511966	-0.111109816	0.3354457	0.022238428	-0.53294975	0.09256234	0.2508734	-0.21925603	0.019499322	-0.3440552	-0.099908926	-0.9685452	0.76809853	-0.28088212	0.7177837	1.3045286	0.08184365	-0.26564556	0.0052089687	-0.70512533	-0.3403914	-0.20224851	1.1100591	0.23489814	-0.13576092	0.47897446	0.3948469	-0.07783347	-0.08161349	0.73736835	-0.33718544	-0.108503714	-0.9198891	0.6821442	-0.90178174	-0.42323777	1.1240975	0.21420598	-0.9762568	-0.81313837	0.6250606	-0.4002591	-0.13688166	0.40142006	0.71178406	-0.41575456
0.5765385	0.04043764	0.098675445	0.018774994	0.26813337	0.16313669	0.48297793	-0.22845632	1.3187543	-0.63490653	0.12113572	1.2167029	0.062348675	0.04707259	0.12487112	-0.07312839	0.27268118	-0.15742423	-0.5441107	0.17956439	0.09386847	-0.4282389	-0.21145065	-0.24174528	-0.058646075	0.86615306	-0.493323	-0.25741208	-0.2428787	0.24866806	-0.46044502	0.23587807	-0.20859328	-0.019565165	0.56285185	-0.6643435	-0.06855663	0.20992167	0.5072847	0.66253024	-0.072891444	-0.36351725	-0.933833	-0.23941985	-0.49363694	-0.23124701	0.1809052	0.6341747	-0.43419436	-0.125192	-0.8082305	1.0798748	0.37277913	0.07867878	-0.18163498	0.7329808	1.179828	0.5546294	0.43255338	-0.8441826	0.08531792	0.37295192	0.2113441	0.25454196	0.030862039	-0.40194976	-0.29172462	0.2912454	-0.7816039	-0.35808867	-0.4347227	-0.12808442	0.23075035	0.3172597	-0.18894424	-0.18186297	0.047594376	0.49274117	0.010469345	0.030815596	-0.38477004	0.16948697	0.35821113	0.2509651	-0.22888644	-0.10248765	-0.22259086	-0.070217766	0.07469339	0.49663916	0.01784537	0.5659074	-0.005790348	-0.28496242	-0.22267178	-0.29429427	0.6415302	0.6876136	-0.008677361	0.260322	0.09828666	-0.80243677	-0.453299	0.51226395	1.0821247	0.3089363	-0.0061920015	0.20714934	0.32518947	0.08185097	-0.12523477	-0.31638387	-0.083421364	-0.6023895	-1.2790059	-0.027256867	-1.3807102	-0.67807585	0.9978037	0.18165196	-0.6053371	-0.69250286	0.3305171	-0.30217582	-0.6598699	0.3831707	0.5748029	-0.23456614
-0.22695647	0.8841835	0.48558244	-0.4428791	0.6227929	0.030734539	0.07995985	0.35390753	0.7447993	0.4753343	0.06954037	-0.07272845	-0.076741375	0.32305747	-0.51961094	0.6199319	-0.25968167	0.27596363	-0.21586564	0.05716759	0.51934355	-0.45276028	-0.49287271	0.0870277	-0.65088946	-0.045792192	0.31689176	0.26038253	-0.020664278	0.49819067	0.35917842	-0.7230148	-0.030550612	-0.04417872	0.19411775	0.2775566	-0.24423538	0.20184056	0.25994343	-0.09699003	-0.07201886	0.19399607	-0.013095588	-0.25335917	0.23819616	-0.5798302	0.29294047	0.27055117	0.1295303	0.08409321	-0.098768935	0.34568894	0.26787403	-0.21135318	0.50668424	-0.31101203	-0.7544886	0.541904	-0.09984628	-0.2908805	-0.57020766	0.90984833	-0.5579044	0.15781367	0.460743	-0.026518006	-0.21629424	0.5795297	0.037979312	-0.08055044	0.06644367	-0.0125044	0.24592128	0.16253723	0.38213667	0.2225453	0.31095752	0.40190843	-0.17793305	0.5321988	-0.37281	-0.8759945	-0.4848549	0.12228999	0.024784308	-0.27153385	0.18395574	-0.42998913	-0.20590216	-0.46676582	-0.16716665	-0.255927	-0.6261042	-0.36707953	-0.07943511	-0.18517862	-0.3496218	0.14919361	-0.12561102	-1.0435677	-0.48415768	-0.6369476	-0.24991162	-0.06376102	0.023705397	-0.046016138	-0.49462253	-0.27733916	0.1521642	0.9394827	0.107064925	0.39329717	-0.1108205	0.14780734	-0.5426592	0.45600447	-0.5727253	-0.13645177	1.1096654	-0.1454106	0.42424208	0.031259105	0.5870798	-0.09437015	-0.4533731	-0.6947747	0.13227175	-0.19854032
-0.11463676	0.338175	0.04756616	-0.04583388	0.39037436	0.17135106	-0.14256045	0.09863054	0.47952002	0.16427033	-0.12825108	-0.04596883	0.15155947	0.007161217	0.15716197	0.18328014	0.103076205	0.044445902	-0.0030998804	0.12680729	-0.11330991	-0.013137474	-0.39514354	0.03371936	-0.20819148	0.19274507	-0.4004986	-0.088234656	-0.11454164	0.11777401	-0.25846025	-0.34553662	0.011622495	-0.106245674	0.11852032	0.050893035	-0.3635408	-0.114753224	-0.009532787	-0.07381174	-0.29278156	0.07555587	0.047239184	0.13020241	0.29661313	-0.15152718	-0.10625293	0.17064947	-0.045868684	0.03944446	-0.23745315	0.33757788	0.19043414	-0.024124071	0.15523545	0.13964188	0.30652985	0.3388292	-0.19231899	-0.26234955	0.08728804	0.10488492	-0.052790303	0.26191247	0.07525241	-0.082087465	0.03535005	0.2662988	0.017756108	0.0919993	0.08861872	0.17106435	0.022414554	-0.06135483	0.3449958	-0.14306599	-0.036358137	0.03598844	0.04160724	0.06763452	-0.26467147	-0.4133361	0.17703407	-0.07418775	-0.10492266	-0.32893708	0.055853833	0.19155402	0.07696541	-0.29628834	0.053178765	0.002251744	-0.11955183	-0.016509926	0.1696908	-0.101384826	-0.10330346	0.0060344194	0.2012399	-0.45108446	-0.2713533	-0.3800285	0.08055613	0.04015855	-0.099624686	-0.05993704	-0.27714276	-0.042307436	0.31756416	0.45596245	0.18699506	0.20510183	-0.0154477	0.22272308	-0.33549726	0.055606503	-0.3692038	-0.112240665	0.3326362	0.043638684	0.020390023	0.05784925	0.23314363	-0.063229784	-0.008818986	-0.39522755	-0.05030016	-0.05439724
0.21941502	0.13408725	0.023136074	-0.06097898	0.14089432	0.30312127	-0.10330827	0.47517774	0.2364415	-0.08657165	-0.1259266	0.08049102	-0.1790082	-0.19971678	0.010426047	0.26575208	-0.39689374	-0.22745016	0.13198918	0.053581264	0.03959205	-0.03539708	0.02587213	0.21521053	-0.2983839	0.09911298	-0.2481815	-0.5471502	-0.15252589	0.058092576	-0.11127215	-0.22541651	0.25211033	-0.18912075	0.054319017	0.08948746	-0.3247915	-0.41025722	-0.06423959	-0.17278977	-0.29159287	-0.24953279	-0.14675833	-0.057383653	0.2734014	-0.2500129	-0.17568281	0.0787033	0.25697565	-0.06971081	0.066160865	-0.4222874	-0.0010855147	-0.09296326	0.14785211	0.14883767	0.041984975	0.479336	0.29822606	0.2590174	-0.23315008	0.09072914	-0.17151093	0.11723024	0.31231457	-0.18862158	-0.17267849	-0.020383123	-0.18559808	-0.0999851	0.03381254	0.090464436	0.22760305	0.054444026	0.20668732	0.36999777	0.16248155	-0.21246643	-0.12870653	0.044475317	-0.10465268	-0.5066343	-0.130492	0.029063761	-0.14181805	-0.09176611	0.0705459	-0.075923815	0.41878203	-0.08582727	-0.031041706	-0.12553768	0.10363816	0.15224059	-0.28798112	-0.07738102	-0.040937245	0.16744223	0.0009433476	-0.25811148	-0.19085678	-0.47664133	-0.10628346	0.021247301	-0.109608546	-0.0031982777	0.18722288	0.33813035	0.25928277	0.085408844	0.076390974	-0.013787452	-0.12509154	-0.0053271214	-0.10942005	0.10202393	-0.10961342	0.016193494	0.22520965	0.07264188	0.18340008	-0.14604579	0.20407936	0.18731786	-0.21316615	0.100214005	0.11491517	-0.116468586
-0.10754292	0.45706668	0.21439964	0.002112813	0.46058404	0.11298573	-0.014887258	0.24781884	0.31410256	0.3589864	-0.12150152	-0.13617112	-0.08294955	0.29664356	-0.071483314	0.15337117	-0.06369227	-0.058882035	-0.18536001	0.26200455	0.092106655	-0.23981214	-0.27242532	0.056164876	-0.24226241	0.0468655	0.17755306	0.08604917	-0.1109448	0.15336114	0.13951534	-0.34258014	0.13818319	-0.027239272	-0.039988257	-0.02495531	-0.27314398	0.27614045	0.12145019	-0.019706152	-0.2111679	-0.142355	0.036662526	0.01381101	-0.0053130267	-0.26854283	0.22518928	0.3311318	-0.04687306	0.088578016	0.082902506	0.19702043	0.2143927	0.054226484	0.22967055	-0.3252219	-0.31207204	0.027469264	-0.049480624	-0.33399218	-0.09016145	0.3575491	-0.09299014	0.02366161	0.2851002	0.052093502	-0.21642357	0.56383485	0.093971826	0.07612515	0.042034373	-0.093053155	0.31918207	0.122085616	0.08950713	0.16599391	0.11988095	0.38775176	-0.07540077	0.48867732	-0.29092348	-0.5384981	-0.25854647	0.18681318	-0.114198625	-0.43156227	0.12966372	-0.0969187	0.19665945	-0.15305372	-0.11125901	-0.032416154	-0.5107463	-0.27559307	0.015566549	-0.29364315	-0.20242836	0.02418464	-0.22725415	-0.555015	-0.14915244	-0.5005306	-0.20803982	0.16891046	0.15685582	0.02407197	-0.52663076	-0.3655832	0.50742793	0.20050748	0.034462575	0.0929954	0.07277688	-0.010492307	-0.2217274	0.22549197	-0.399454	-0.06262185	0.5645036	-0.06346173	0.16462426	0.1592568	0.4367727	-0.129228	-0.45214185	-0.22998801	0.19131126	0.04218581
0.10404815	0.3895219	-0.1750708	-0.114842236	0.38648194	0.021866333	-0.36489496	0.92420053	0.321927	0.6058925	0.4395903	0.08698661	-0.057633314	0.5557485	0.34874615	0.5094539	0.27685001	0.23943675	0.08358222	0.66589916	-0.0717954	-0.24785438	-0.11833038	-0.05792185	-0.27840313	0.5938747	-0.64836264	-0.29142368	0.19786976	-0.2808126	-0.4202309	-0.64600164	-0.2518892	0.15314595	0.16844676	-0.24895234	-0.34379697	0.12683678	0.24607474	-0.19517349	-0.66705495	0.3519671	0.0709359	0.17467254	0.22650176	-0.4492163	-0.1366365	0.46357656	0.07854502	-0.11681198	0.27355313	0.101262644	0.27658233	-0.4088704	0.3658671	-0.021084474	0.7156337	0.6968204	-0.045374557	-0.2810291	-0.5107364	0.116272084	-0.5442188	0.5499283	-0.08084104	-0.31640875	-0.10565718	0.32916152	-0.23021865	0.4275269	0.303937	0.24607192	0.11878772	-0.432558	0.17551051	-0.27506614	-0.18153119	0.5664254	-0.348298	0.120505534	-0.82886595	-0.21176323	0.26482257	-0.2019357	0.3284679	-0.19634464	-0.062962525	0.09544612	0.5678848	0.25257397	0.21833174	-0.22505939	-0.2433783	0.096089795	-0.09685593	-0.6730245	-0.46866632	0.13697936	0.2709555	-0.43520936	0.29442912	-0.40059614	-0.49318674	0.072136626	-0.22839765	-0.167482	0.3319792	0.19495465	0.6508959	0.4838558	-0.22258835	0.012844466	-0.19780907	-0.030522136	-0.058376137	0.31191015	0.103158	0.26191705	-0.004429049	-0.44355997	0.20107408	0.027130505	0.7106686	0.16944881	0.16805588	0.05698823	0.5227792	0.083957985
0.4260768	0.0008317726	-0.26766884	0.414333	1.3669375	0.1623911	-0.03321351	0.540482	0.3362491	-0.3000085	0.11345598	-0.13209213	-0.14631806	-0.02707257	0.0293907	-0.28348613	0.0068748896	0.24573499	-0.58638334	0.6834889	0.6579584	-0.67008567	-0.14616594	0.32130936	-0.61479735	-0.019085575	-0.22121823	-0.55688494	-0.3530919	0.16621928	0.018094309	-0.18287152	0.29391873	0.1003527	-0.3815758	0.3224402	-0.6076439	-0.052949205	-0.08140937	-0.36020368	-0.34009397	-0.18147188	-0.021924442	-0.13933696	0.12768057	-0.35378715	-0.04749967	1.1342278	-0.43276954	-0.44078106	0.07276184	-0.35588512	0.71430546	-0.27359194	-0.8466574	0.013221613	1.2506927	-0.19575773	-0.08533669	0.6884379	-0.49148172	0.789795	-0.31789228	0.06667489	0.29153812	-0.41500527	0.21648084	0.34644383	-0.25105685	0.35430104	-0.08930981	0.16863269	0.7722358	0.07603121	-0.34442896	0.50684583	0.18918467	0.8917468	-0.3493554	0.27249324	0.13721032	-0.26570103	0.34646487	-0.413285	-0.40343836	-0.9150907	0.22676899	-0.4238922	0.7708341	0.13657996	0.03967935	0.22909492	-1.1245667	-0.084407225	-0.595715	-0.8660278	0.20636077	0.26768464	0.47144666	-1.0023564	-1.13742	-0.99631405	0.16987087	0.16598728	-0.44649175	-0.65817475	-1.0113665	-0.10994626	0.28898352	1.2580712	-0.38575566	-0.20063044	-0.2226738	0.6270095	-1.042675	-0.06629429	0.016085781	0.29951957	0.53308076	-0.36052418	0.3156873	-0.000986598	0.4929192	0.7364667	-0.22706757	-0.17278618	0.19333397	-0.34611046
0.22656521	0.088719495	-0.010788336	-0.08513353	0.13526663	0.27159765	-0.10357733	0.45450565	0.22842494	-0.09157554	-0.15078823	0.092758484	-0.17181142	-0.26308358	0.017489597	0.27318758	-0.36787525	-0.22001612	0.1561989	0.08166611	0.043146104	-0.013612545	0.02396763	0.18676537	-0.29517397	0.10418378	-0.2662932	-0.54837626	-0.17516802	0.036508445	-0.09870804	-0.25474897	0.25815052	-0.2051304	0.07457087	0.068960994	-0.31319013	-0.43320373	-0.06072909	-0.16700411	-0.30069593	-0.26791298	-0.1965512	-0.085893236	0.29598486	-0.28190437	-0.18977891	0.049980234	0.24235903	-0.06742154	0.033092335	-0.44063646	0.015951825	-0.10203025	0.15443811	0.16394019	0.052215926	0.4918655	0.26368204	0.20059344	-0.23418485	0.10610856	-0.17241721	0.10651468	0.27715808	-0.18205874	-0.13803302	-0.02003638	-0.15840131	-0.12537348	-0.005851099	0.06754122	0.20984347	0.06034329	0.21122448	0.37605846	0.171801	-0.20392396	-0.117794074	0.02488931	-0.15570936	-0.49227303	-0.124118	0.015242246	-0.12802428	-0.10714974	0.055789307	-0.06522316	0.34594828	-0.09842935	-0.0104094595	-0.14162046	0.10680386	0.095689595	-0.308598	-0.09534289	-0.029530043	0.16540664	0.017770791	-0.25804907	-0.16216996	-0.4703938	-0.07282429	0.02246128	-0.096437275	-0.008377776	0.1326704	0.37576982	0.28621295	0.078729555	0.10419059	0.021836085	-0.14702418	0.029215038	-0.1520037	0.08617747	-0.04600088	0.003264187	0.2384424	0.06712552	0.1578009	-0.1184717	0.2206756	0.1792225	-0.21882476	0.1124536	0.08065105	-0.077590145
-0.20519888	0.49647662	-0.17533472	0.37687677	0.20707867	0.020651998	0.20824492	0.31348088	0.7240713	-0.30619505	0.22698818	-0.0019962657	0.23701836	0.001360563	0.08206786	0.5783268	0.12944359	-0.13078535	0.32744032	0.36431348	-0.0048280405	0.048459567	-0.15440965	-0.0084112985	-0.79185903	0.5558415	-0.4599623	-0.01416577	0.0016157846	-0.18865095	-0.31398514	-0.91725874	-0.50912213	-0.10340611	0.44563958	-0.38985607	-0.43840006	0.14450923	0.08074879	0.08859347	-0.57842326	0.21322703	0.007347574	-0.46316835	0.17942464	-0.6147518	0.2762652	-0.056374114	-0.12640482	-0.31371722	-0.1559909	0.65446067	-0.14693467	0.068596385	-0.13835871	-0.6947397	-0.007821899	0.3989233	-0.34419078	-0.4785649	-0.12118262	0.13915533	-0.5676761	0.35314706	-0.5100859	-0.26888606	0.34310612	0.3598776	-0.07087024	-0.043008097	0.0129869785	0.25518203	0.33895892	-0.696292	0.43660218	-0.38910013	-0.65969765	0.25986966	-0.27939862	0.058297858	-0.0016641851	-0.4605646	0.33577883	0.20321816	-0.03146215	-0.43129286	-0.029755771	0.18431318	-0.21285823	0.41755873	-0.12252522	0.08026261	-0.74313426	-0.49615347	0.24935348	-0.7476584	-0.3579222	0.51545155	0.44330606	-0.50135857	-0.26896742	-0.9998453	-0.4180037	-0.08661277	0.33476514	-0.34370774	-0.07390596	-0.07852971	0.011100175	0.8924635	0.77159053	0.75816166	-0.19027297	0.18257183	-0.48863164	0.13894573	-0.4214704	-0.14196324	0.7227912	0.15362974	-0.25535098	-0.22071873	0.44067812	-0.48800793	-0.293936	0.4154734	-0.105359055	0.0707478
0.19377095	-0.052405756	0.23059957	0.12285019	0.15982157	0.08279014	-0.0022655781	0.39957687	0.3466672	0.20747866	0.10619239	0.08410814	0.18017934	0.37873077	-0.11809051	0.24330327	0.61113286	-0.2192393	0.11191995	0.1866895	-0.2714273	-0.54800856	-0.71332574	0.08012727	-0.42575788	0.4512977	-0.41107666	-0.070691295	-0.18839273	0.12783636	0.0228514	-0.32117802	-0.02494143	0.098054364	0.2415705	-0.38954285	-0.08697933	0.34353837	0.49807015	0.20844202	-0.49826488	0.32589495	-0.3859304	0.02502389	-0.029952962	-0.4572742	-0.0731056	0.13003683	-0.43202284	-0.2119409	-0.09269632	-0.08142593	0.114678904	0.36153486	0.05418634	-0.23338161	0.16542375	0.632554	0.24379034	0.048815306	-0.43852505	0.4989736	-0.32143566	0.19080189	-0.17868876	-0.23770325	-0.008918553	-0.055820104	-0.30679262	0.09983364	-0.19738905	0.36403495	0.25083587	-0.23247282	0.31880903	-0.101031974	0.2490457	0.051040094	0.05240116	0.0891068	-0.051535383	-0.40457168	0.24238585	-0.038360573	-0.125769	-0.03243201	0.48609477	0.14074548	-0.11664162	0.36625573	-0.32085884	0.063248664	-0.4394649	-0.35900185	0.11397442	-0.5275833	-0.084354326	0.52539504	0.13229732	-0.15110666	-0.35867712	-0.14525375	-0.52371943	-0.07099961	0.22188932	-0.11252875	0.039927486	-0.33163318	0.65314996	0.15941328	0.05266666	0.26502424	0.117551066	0.030641332	-0.18000495	-0.029953329	-0.23361008	0.015238807	0.02698946	0.34045252	-0.013260291	-0.0022979323	0.3436033	-0.24882321	0.16564472	-0.16867027	-0.03543023	-0.12251261
-0.118822716	0.45293218	0.28633454	-0.0035365704	0.4615027	0.19623104	-0.029802466	0.26015785	0.3535937	0.34622	-0.16064739	-0.11036517	-0.060972083	0.31909606	-0.087367	0.085946366	-0.05235272	-0.04758803	-0.2331854	0.22738358	0.05334927	-0.257682	-0.23883063	0.070566826	-0.23405565	0.11988537	0.18465197	0.12320022	-0.096136704	0.12932491	0.12128235	-0.36305475	0.117724605	-0.09918252	-0.038377848	-0.044423986	-0.29355273	0.30251184	0.08113859	0.056804124	-0.23415793	-0.18255979	0.004098968	0.042366307	-0.04274638	-0.29854697	0.19285032	0.24874811	-0.057733465	0.13231936	0.0034231879	0.18294768	0.18929924	0.104932055	0.2764342	-0.3403762	-0.29273775	-0.001348255	-0.08652511	-0.35732073	-0.04416881	0.36207533	-0.09356825	0.020375624	0.2914057	0.07285715	-0.23547228	0.5665396	0.11454282	0.009949904	0.03661202	-0.08871352	0.3557059	0.120896466	0.19702962	0.188748	0.21100828	0.32382852	-0.064166114	0.47986397	-0.23704235	-0.57357895	-0.22261894	0.20810162	-0.12947968	-0.40279406	0.06307129	-0.08434	0.1456297	-0.15214445	-0.15951751	-0.03670302	-0.5007575	-0.24127491	0.025046427	-0.26777557	-0.24584441	0.012142265	-0.23815177	-0.5506044	-0.15754543	-0.466559	-0.26141673	0.1584328	0.2198426	0.017898215	-0.46878204	-0.36878937	0.48447916	0.16094187	0.028275337	0.09171647	0.13043989	-0.05301356	-0.26000282	0.24069901	-0.47599605	-0.045308482	0.57682514	-0.021726524	0.21939865	0.11929167	0.4355371	-0.14852193	-0.42638534	-0.23025241	0.1852209	0.047740452
-0.039578173	0.17549732	0.013616137	-0.06478724	-0.07002194	0.17381862	0.19289835	-0.07571978	0.24166422	-0.019515168	-0.027600313	0.024581809	0.21757966	0.036131185	-0.19058916	0.12637846	-0.010492674	-0.24941072	-0.14686388	-0.05627754	0.04800895	-0.1677905	0.0046375697	0.10720542	-0.29997277	-0.08143625	-0.102201544	0.0076677767	-0.037545033	-0.04980187	-0.21450232	-0.0849565	-0.01682016	0.023540199	0.10121452	0.009328146	-0.38318327	-0.09469182	-0.009576825	-0.01976337	-0.42041242	-0.025359869	-0.21917582	-0.29404503	-0.05275447	-0.15915899	0.093897626	0.16230398	0.03766886	0.10661943	-0.06720555	0.09841801	0.073010914	-0.19687207	0.14911062	-0.063023016	0.019665573	0.27365914	0.02263251	0.12316911	-0.118029736	0.080646046	-0.50195956	0.257215	0.18862805	-0.03615524	-0.15333205	-0.095728636	-0.16009618	-0.33387998	-0.1118499	0.19805415	-0.04330986	0.13132524	0.1863404	-0.118439674	-0.009606924	0.03835669	-0.15441683	-0.02147244	0.026778633	-0.15895568	0.20072676	0.056974564	-0.09159632	-0.029132044	-0.0678387	-0.06174909	0.18949346	0.033336446	0.082129635	-0.16303028	-0.058659773	-0.14296329	0.027752765	0.18445298	0.002016768	-0.12722518	0.22396475	0.04156087	-0.1112437	-0.26933053	-0.030436538	-0.05449844	-0.10691041	-0.04523425	0.08821273	0.020024896	0.32326737	0.23374379	0.110052824	-0.15656121	0.014094014	-0.070208095	-0.18913224	0.18737946	-0.11976015	-0.0464026	0.047105502	0.10968867	-0.14606085	0.06756384	0.2590175	-0.10147479	-0.2302019	-0.06732678	0.15183358	-0.14040127
-0.020945296	-0.56855613	0.3256163	-0.719329	0.6068762	0.101838015	0.534971	0.122031994	0.20965014	-0.06798785	0.40429124	0.5651685	-0.30491582	-0.30270573	-0.11786733	0.7318673	0.22374426	-0.39913	0.12418738	0.67202306	0.042301804	-0.09088082	-0.895762	-0.74559784	-1.0993018	0.611224	0.053085756	-0.025906146	0.23368977	-0.69322926	0.031433273	-0.3018961	-0.14458573	-0.0587802	0.2918763	-0.511781	-0.14348623	-0.27336654	0.9803998	0.13425808	0.49680343	-0.0854003	-0.25727168	0.16408958	0.16272685	0.0806639	0.60426223	0.2520382	0.10975252	0.22227944	0.49158722	0.32363614	0.03692342	-0.21891813	-0.027709004	-0.47596613	-0.071986966	0.19137627	-0.055765968	-0.24579725	0.070728816	0.54618317	0.12661864	0.39546293	0.041134346	-0.51446927	-0.5720215	0.06437702	0.43478322	-0.60199916	-0.7500087	-0.03315151	0.03839279	-0.12174289	0.3727045	0.17135431	0.3898779	0.9992076	0.30037948	0.060445648	-0.16529419	-0.22912475	0.8461548	-0.16421509	0.03429438	-0.10189006	-0.08829144	0.0012599828	0.47754267	-0.23474209	0.27064276	-0.5571505	-0.7498448	-0.2790075	0.013739854	0.6279295	0.43858033	0.4057043	0.2553033	-0.91646504	-0.32353863	-0.3971322	-0.65746	-0.018407008	-0.02026956	0.32736072	-0.08068878	0.22920853	0.6842613	0.08528398	0.47417265	0.090249896	0.4704884	-0.48164442	-0.5999076	-0.020805469	-0.67239195	0.029920949	0.68107176	-0.06701158	-0.17492336	-0.095051415	0.18549527	-0.019013077	-0.02318175	0.44459713	0.66257596	-0.6417845
0.57614005	0.20437956	-0.1968842	-0.3008607	-0.22220092	0.4714443	-0.21699624	0.29091352	0.46885973	-0.27644843	-0.069297925	0.3530596	-0.19410723	-0.24576491	-0.28813946	0.5472518	-0.22104433	-1.2081553	-0.17891192	-0.17860383	-0.52862144	-0.05060882	-0.029649101	0.20905125	-0.8187553	0.4534739	-0.118300766	-0.49565777	-0.36929646	0.13307887	-0.2445705	-0.20722683	0.029726181	0.20968036	-0.3424594	-0.3299042	-0.47186968	-0.80281925	-0.28826886	-0.30530873	-0.3151054	-0.110644236	-0.27862895	-0.038091958	0.06562407	-0.4407029	-0.034723688	0.32339257	-0.15345655	0.12419809	-0.50612587	-0.1251736	0.055606037	-0.1427537	0.0033199626	-0.24769013	0.64045036	0.41356996	0.17100652	0.17238902	-0.41372192	-0.2766683	-0.4369727	-0.25693658	-0.19190662	0.14718384	-0.11682981	-0.53098404	-0.43267637	-0.56395316	-0.35756508	-0.3576046	0.75942117	-0.07825067	0.67915154	-0.05948772	0.09469867	-0.5954009	-0.012287394	-0.4948033	-0.1789572	-0.64889556	0.15616246	-0.14390397	-0.22258605	0.02027445	0.17095241	0.14107093	0.3093244	-0.033412814	-0.17946503	-0.17611398	0.021509787	-0.26093653	-0.41454974	0.098376065	0.12096029	-0.20137359	-0.20422304	0.26912746	0.04964143	-0.39261198	-0.20150629	0.060701817	0.5658441	-0.09411187	-0.15241694	0.46766743	0.20484507	0.2606985	0.5895026	-0.0364383	-0.09115205	-0.31550753	0.05412486	0.3589437	-0.8113632	0.018501021	0.21717997	-0.05101339	0.03697785	-0.3670668	0.034572683	-0.052405506	-0.5876257	0.27823114	0.29907978	0.11881437
-0.027959026	0.007243976	-0.1556666	-0.27830398	0.101668805	0.19321726	0.13807178	0.11563771	0.21219021	0.31976044	-0.024583625	0.08390386	0.034364928	-0.08224825	-0.10947049	0.325553	-0.06032538	-0.38739353	0.1098913	0.29640394	-0.17653753	-0.10160255	0.2564977	0.024969427	-0.41080958	-0.09890888	-0.33462366	-0.10333181	-0.087030314	-0.18101847	-0.26500306	-0.10928729	-0.18956193	-0.12706897	0.07956303	-0.49987897	-0.4552949	-0.23034336	-0.058624357	-0.10493475	-0.65211815	-0.1755236	-0.13204265	-0.0053409026	0.25969335	-0.083876364	0.03698434	-0.025692662	-0.273852	-0.14226557	-0.22976094	0.054180346	0.1997585	-0.25720885	0.07523715	-0.19876459	0.6550294	0.47691092	0.12970388	0.11499827	-0.028531592	-0.06727923	-0.055141076	0.3169275	0.16831781	-0.17120075	0.10468263	-0.1482516	0.009006362	0.0791372	-0.10170942	0.23839264	0.37910733	-0.14739676	0.24020213	-0.28844598	-0.016134055	-0.13409118	-0.13818583	-0.0033935478	-0.19038072	-0.20014712	0.22003137	0.002407475	0.057074875	0.05282193	-0.22906467	0.33802602	0.22878945	-0.1355199	0.07661253	-0.36741284	-0.0023603248	-0.07344815	-0.046902347	0.1247395	0.06951614	0.27389088	0.14051166	-0.03679132	0.03234361	-0.3495025	-0.4556924	-0.03868667	-0.08565468	-0.114751026	-0.11685235	0.33453324	0.43623042	0.19520608	-0.09070261	0.03703809	0.0052593355	-0.060563784	-0.12814058	0.40085894	-0.16475599	0.017894495	0.3682119	-0.06626902	0.0014239679	-0.12289119	0.15497488	0.10516343	-0.32808128	-0.1563359	-0.016794404	-0.24727336
0.38731453	0.3851942	0.11366663	-0.18363787	0.2770292	0.6531392	-0.42821375	0.36112204	0.48470214	0.09976451	0.6879047	0.18070893	-0.06313125	0.11030499	-0.3050546	0.12014958	0.017312445	-0.13605085	-0.15349706	0.57226455	-0.15552117	0.00027465067	-0.34111473	-0.019727973	-0.41548258	0.56825787	-0.31477037	-0.4119038	-0.56750375	0.24276343	-0.2772825	-0.5093537	0.09777883	0.6214716	0.1462599	-0.16707362	-0.24774423	-0.703747	-0.15584324	-0.12520628	-0.65227336	-0.43352172	-0.12875871	-0.23619232	0.7619296	-0.46914652	0.2576776	-0.3330486	-0.28309056	0.54985523	-0.054648083	-0.081939876	-0.051081344	-0.5017672	0.26296955	-0.03113149	0.68922925	0.32003978	0.36578506	-0.064347476	-0.25331178	-0.03811425	-0.28060865	0.3357631	0.26511255	-0.05921447	0.07250561	0.105585426	0.11209896	0.0649962	-0.32504234	-0.015419874	0.27565438	-0.3199956	0.4136864	-0.13067243	0.52827364	-0.14002025	-0.48840752	-0.3817459	0.02533898	-0.56524515	0.14391832	-0.08885262	-0.25703147	-0.32675228	0.056740627	0.5258447	0.8163441	-0.06980566	0.12963663	-0.81850827	-0.9310918	-0.3665936	-0.21276602	0.03511766	0.12590815	0.022549149	-0.16233474	-0.12975585	-0.42468965	0.09752846	-0.31948316	0.12163748	0.07732622	-0.17873557	-0.33835995	0.059691932	0.71867985	-0.31408748	0.3152632	0.30956802	-0.09527069	-0.18578897	0.24697687	0.4949522	-0.513899	-0.030958641	-0.2202008	0.3787531	0.085762866	0.056096118	-0.07105665	0.28825173	-0.03788737	-0.10259222	0.52241933	-0.29987
0.013040749	0.50509346	-0.16419917	-0.23550011	0.3968634	0.017590042	-0.3327387	0.929924	0.42688882	0.60420644	0.36479458	0.26703903	-0.06329606	0.5866976	0.3749967	0.46913818	0.24569441	0.24757554	0.14939365	0.573092	-0.10453565	-0.19458666	-0.2565871	-0.063993506	-0.37444583	0.54506016	-0.6723848	-0.12647617	0.20978549	-0.19999988	-0.365351	-0.57862765	-0.20587441	0.24855623	0.23134224	-0.33982092	-0.37392944	0.15868065	0.11037501	-0.19268657	-0.6179237	0.44090086	0.14362122	0.18922763	0.2183987	-0.4959182	-0.17450185	0.38580182	0.0891776	-0.18965589	0.25543833	0.20249656	0.24383102	-0.4543041	0.30146885	-0.083504096	0.62946075	0.72691965	0.027964722	-0.23524475	-0.44406182	0.19947082	-0.69708	0.6167055	-0.0071185227	-0.45214203	-0.08560889	0.36064422	-0.1513178	0.34324387	0.20232387	0.18317845	0.1447149	-0.40021276	0.2531148	-0.17916034	-0.16367508	0.5052454	-0.38030037	0.123537846	-0.6420825	-0.29887885	0.22744223	-0.040575754	0.42200565	-0.20896673	-0.07462492	-0.015535281	0.54276	0.23955922	0.29126132	-0.13994604	-0.21986955	0.06690902	-0.18567333	-0.52382475	-0.51297396	0.21038166	0.29729995	-0.44443202	0.27360004	-0.54351425	-0.46401787	0.10731066	-0.26133505	-0.1921517	0.37895507	0.1134817	0.66298616	0.44730884	-0.29568037	-0.07941078	-0.21610528	-0.07071713	-0.085678615	0.32335576	0.07535145	0.33030865	-0.11453134	-0.2562143	0.13612315	0.019956827	0.6922601	0.19820146	0.22302869	0.121702135	0.6501293	0.07182244
0.07302559	0.3409143	0.020612407	-0.40761337	0.2426443	0.35352373	-0.18081799	0.059712574	0.9333428	-0.08565712	-0.3298514	-0.25304928	0.015267335	-0.26978996	-0.0960731	0.38491878	-0.3455093	-0.21287583	-0.23098077	-0.028215645	0.16257384	0.11838721	-0.15478033	-0.10102492	-0.67547137	0.13210763	-0.32124403	-0.43757576	0.09969247	-0.049413964	-0.084356986	-0.14501335	-0.550283	-0.11097897	0.50519127	-0.10445787	-0.88290477	-0.42356518	-0.12747453	0.014894004	-0.19088665	0.042810787	-0.14707121	-0.38230437	-0.007206225	-0.0059905765	0.23983447	0.66146094	0.3185592	0.09466336	-0.06460305	0.088545926	-0.19421008	0.13054012	-0.018131929	0.25895116	0.2545423	0.4655701	-0.1853703	0.3366645	-0.35942832	0.31682885	-0.39953598	0.5323688	-0.07768638	0.13881147	-0.15848064	0.3616704	0.1537281	-0.4062612	-0.15144402	-0.07395158	0.35052842	0.31341147	-0.08417345	-0.0659343	-0.37408906	-0.19608325	-0.45546418	0.3008571	0.31172284	-0.26264575	0.50047386	0.0008850308	0.23779556	-0.124086894	-0.2203642	0.30601338	0.55900156	0.02957239	0.34881014	-0.058308344	-0.5231024	-0.18597052	-0.7006508	-0.4488803	0.119621806	0.22164573	0.29021376	-0.11601909	0.31561643	-1.0486995	-0.48113713	-0.0102735935	0.3960844	0.229111	-0.18372108	-0.27291718	0.21493512	1.1343902	-0.031351246	-0.1666525	-0.2489404	-0.3483516	-0.32962233	0.23656756	-0.10948275	-0.23727769	0.11008947	0.3393673	0.4024998	0.011664587	0.11029065	0.14088868	-0.6718612	0.7196261	0.5207613	-0.06598345
0.63381106	-0.17329772	-0.37814093	-0.34157503	0.025844624	0.49169886	-0.41609097	0.5449986	0.3895803	-0.42885938	0.05398736	0.4993141	-0.19944198	-0.35149854	-0.5547353	0.44214717	-0.30458322	-1.2886015	-0.4876274	-0.027549583	-0.23911072	-0.5691902	-0.03656717	0.41467988	-0.8564163	0.49825153	-0.2017685	-0.56960374	-0.55937076	0.40305206	-0.18437089	0.08761337	0.3067215	0.2065579	-0.41665915	-0.46157974	-0.78071755	-1.029615	-0.35169247	-0.4145555	-0.30422142	-0.32785302	-0.44164863	0.04218946	-0.120065264	-0.290516	-0.0034042837	0.62241864	-0.28729504	0.43743137	-0.80676055	-0.039436914	0.19461131	-0.017529098	-0.38980654	-0.013189194	1.0656742	0.09687445	0.5524751	0.38803652	-0.42415905	-0.12807983	-0.19351555	-0.107984185	-0.2937671	-0.0092063	-0.11124759	-0.63821155	-0.5493884	-0.43293887	-0.4056791	-0.48795494	1.1588386	0.13438936	0.61631566	0.061047334	0.06808117	-0.48413396	0.19115123	-0.68448555	0.03625772	-0.82444894	0.28689775	-0.3218787	-0.38255665	0.2207353	0.29429945	0.22847302	0.016221602	-0.11831007	0.09660338	-0.13277717	-0.097050615	-0.1522003	-0.53418285	-0.12177376	0.22807394	-0.22941144	-0.2272407	0.009177121	-0.18592267	-0.5172813	0.13201064	0.04758093	0.3367282	-0.43479526	-0.45306024	0.60088015	0.34378558	0.36962238	0.3887975	-0.18113247	-0.05157571	-0.37290823	-0.12183769	0.38474932	-0.5828695	0.00728973	0.26757118	-0.0073042233	0.16487399	-0.18378899	0.056150865	0.18133393	-0.5625958	0.48745427	0.51357734	0.43773517
-0.054724913	0.100123934	0.062473226	-0.040820483	0.14575626	0.2629304	-0.0385777	0.25124854	0.2776691	0.113926046	-0.04755101	0.11328525	-0.021061242	0.04504447	0.0064291586	0.20781009	-0.031485293	-0.20255175	0.08792388	0.18029715	-0.042076338	-0.04326516	-0.08655548	0.0100193005	-0.2510584	0.09375443	-0.25630608	-0.05914971	-0.002155573	-0.14669055	-0.13512239	-0.14347917	-0.11915563	0.03621885	0.12781711	-0.08606999	-0.28206533	-0.07930479	-0.057895195	-0.0453542	-0.3611395	0.051779278	-0.111323096	0.11401837	0.09102264	-0.046723798	-0.10194783	0.16953132	-0.24096692	-0.025873272	-0.3028471	0.11953003	0.07313511	0.008058407	-0.034346156	-0.07627465	0.33214578	0.19157344	-0.07864708	0.19127385	-0.09173689	0.025262771	-0.030688224	0.13961804	-0.16303135	-0.08291913	-0.022443678	0.07161731	-0.05165535	-0.031053869	-0.11786396	0.075092785	0.22134407	-0.117420994	0.15251765	-0.09915582	-0.0572719	-0.12467654	0.11539019	0.0041661616	0.11872178	-0.15102266	-0.02009076	-0.09349123	0.06644649	0.041857768	0.053238574	0.14010793	0.14358044	0.083579674	0.06921279	-0.124438554	-0.07467265	-0.10216896	0.107402146	-0.13538146	-0.07601509	0.295784	0.044939414	-0.19597317	0.048308495	-0.28352115	-0.3022502	0.037405886	0.0087916665	-0.123059206	-0.05034007	0.06290182	0.052306917	0.23818335	0.011658117	0.090705626	0.0910549	-0.15505494	-0.08797535	0.12009331	-0.14509962	0.041528907	0.22561356	-0.17920451	-0.15634193	-0.034954887	-0.00062840816	-0.09248446	-0.12541224	0.030777615	-0.047837403	-0.16846411
0.06584077	0.32826635	-0.12209607	-0.36513844	0.15000632	0.35367584	-0.11786689	0.0348231	0.9528261	-0.057255484	-0.27614823	-0.33654556	-0.011659643	-0.41065162	-0.09977908	0.45018843	-0.3936235	-0.1935412	-0.17926545	-0.009381364	0.16555408	0.23430386	-0.20019759	-0.111857705	-0.68407667	0.10221266	-0.24260382	-0.50145423	0.18226083	-0.09008891	-0.013751401	-0.17534396	-0.5457942	-0.1465843	0.42802954	-0.10026607	-0.9069096	-0.51688707	-0.030121217	0.04858748	-0.101539396	0.005473287	-0.20073053	-0.3512513	-0.06494776	0.09182558	0.2447289	0.6538266	0.28316638	0.059763268	-0.035578094	-0.0002732724	-0.19473988	0.12185199	-0.05166619	0.24752314	0.17741916	0.468003	-0.1809676	0.32130525	-0.3355689	0.31098142	-0.43542835	0.45859024	-0.15627174	0.16600743	-0.13848284	0.3205597	0.22868714	-0.4514292	-0.15115298	-0.081890434	0.35992226	0.34730533	-0.030018302	0.043568715	-0.35796592	-0.20911746	-0.44946387	0.34759012	0.39559856	-0.16464113	0.46377072	-0.04577218	0.26796454	-0.110584885	-0.1638348	0.2680787	0.6192571	0.021400852	0.31503564	0.030971479	-0.5177927	-0.2671017	-0.7686077	-0.5202837	0.13291	0.30296856	0.28237388	-0.080532394	0.38158706	-0.9597982	-0.53429365	-0.13399138	0.49479008	0.25614125	-0.2106821	-0.26832086	0.09136598	1.2334905	0.052983385	-0.12083686	-0.23123135	-0.3632105	-0.31985995	0.22209083	-0.08670347	-0.21351634	0.0637539	0.396153	0.36731818	-0.032170754	0.052323017	0.16876103	-0.75792295	0.7518016	0.4565244	-0.109762296
-0.116601974	0.4176082	0.24946216	0.04279559	0.3565895	0.12730063	0.026603797	0.2501061	0.321527	0.22526424	-0.25717086	-0.07974435	0.03331848	0.25201014	-0.022739468	0.07990585	-0.13647091	-0.11529365	-0.30985355	0.17580251	0.053475518	-0.26081258	-0.22377574	-0.048761737	-0.15135278	0.043345664	0.1654135	0.04517641	-0.011696834	0.20191838	0.14851843	-0.30266464	0.17512098	-0.11686678	-0.0066965995	-0.010495712	-0.27144465	0.21119633	0.068462975	0.05689186	-0.12000945	-0.09783441	-0.032141358	0.005413078	-0.15804736	-0.23051235	0.1506875	0.38582847	0.01754603	0.025819901	0.108590044	0.096423306	0.16328949	0.18680106	0.2191518	-0.2354702	-0.20296857	-0.019020043	-0.010923546	-0.25453722	-0.120387815	0.2564484	-0.12010843	0.0096252635	0.23590739	0.13836357	-0.2056691	0.45165902	0.04200568	-0.040636793	0.13246138	-0.14070739	0.12886903	0.059595995	0.071675874	0.12468302	0.12866381	0.29722008	-0.039056964	0.36813518	-0.24499762	-0.46860573	-0.15345575	0.2802333	-0.111801475	-0.3654129	0.09207994	-0.12126251	0.1712186	-0.039128806	-0.12868145	-0.07486907	-0.5011273	-0.16046646	-0.053867746	-0.22821401	-0.19217318	-0.028137665	-0.15355511	-0.43851635	-0.16988343	-0.5148904	-0.21193832	0.11832914	0.20334649	0.037355464	-0.32435092	-0.21841079	0.37460503	0.20201907	0.05105019	-0.009143135	0.043969892	-0.026939498	-0.16261083	0.19583492	-0.43329674	-0.07471723	0.4998366	-0.05236975	0.2420284	0.13109948	0.3838897	-0.04339574	-0.4382521	-0.08978346	0.11016479	0.054969966
0.12443361	0.3607497	-0.115752324	-0.42263794	0.24710031	0.36792496	-0.10001477	0.10284804	1.0021648	-0.073028535	-0.30352798	-0.27495876	0.011036332	-0.3183267	-0.07557979	0.46091148	-0.3480468	-0.19461212	-0.28084826	-0.060128313	0.13791415	0.17900683	-0.09630913	-0.13176998	-0.598014	0.16150805	-0.24093282	-0.4493975	0.10554973	-0.042332686	-0.07450069	-0.17811486	-0.54995304	-0.11125808	0.43746927	-0.11081397	-0.90679395	-0.47999135	-0.069486156	0.07406333	-0.14517139	0.028039958	-0.17534885	-0.3410362	-0.058733806	0.060231186	0.22739404	0.60805523	0.2476779	0.16106251	-0.045163833	0.11491497	-0.22789256	0.12312565	-0.018878497	0.23540916	0.19147947	0.51195884	-0.20873119	0.29852644	-0.2815627	0.3086324	-0.40019011	0.4949717	-0.03862192	0.12372552	-0.087198436	0.32303566	0.2131152	-0.3749081	-0.1514356	-0.14507331	0.24582885	0.25609577	-0.005652321	0.019913299	-0.3205946	-0.10920733	-0.4232134	0.32953033	0.27103722	-0.24943773	0.4958488	-0.007925278	0.27952075	-0.12022311	-0.23437306	0.30407166	0.5544465	0.054648418	0.348667	-0.053057905	-0.48353276	-0.21395124	-0.78664446	-0.4782029	0.1642172	0.25803232	0.27273366	-0.08278048	0.37703782	-1.0247365	-0.49084708	-0.013793773	0.40180382	0.18198527	-0.31346023	-0.23196976	0.2400713	1.1633729	-0.019743271	-0.16970643	-0.26050842	-0.32240856	-0.36268193	0.2724798	-0.08356891	-0.2548214	0.10436009	0.43837154	0.3310714	-0.04472658	0.20926695	0.18698514	-0.7141295	0.6831024	0.47675958	-0.071795315
0.22246988	0.14584994	0.025298538	-0.102437556	0.12571429	0.3084163	-0.14306481	0.43808907	0.24822259	-0.10898711	-0.14805675	0.061246667	-0.13338919	-0.2498118	0.009193297	0.24606994	-0.34223896	-0.20771775	0.15811439	-0.006839357	-0.009088766	0.014986032	-0.0032608204	0.24904665	-0.27528927	0.09378174	-0.20385976	-0.5220131	-0.19728991	0.05897063	-0.066850215	-0.21786319	0.24305443	-0.22919385	0.09519583	0.06834048	-0.31136826	-0.44912472	-0.069942065	-0.18011118	-0.3104067	-0.27982223	-0.19970636	-0.05690245	0.27244037	-0.2667757	-0.16184251	0.06403898	0.25142267	-0.0665823	0.02088447	-0.4591569	0.014259297	-0.109993234	0.14418335	0.13034673	0.06662242	0.4722293	0.27830887	0.25611728	-0.23269548	0.093248636	-0.15739939	0.16597682	0.2790632	-0.18963008	-0.17226711	-0.016136501	-0.1516338	-0.1051344	-0.008166401	0.090145834	0.2326169	0.07317226	0.20350143	0.3637381	0.1646965	-0.18668284	-0.11727775	0.03838474	-0.07382999	-0.48805693	-0.10535623	0.0040697046	-0.17480399	-0.15075709	0.051868163	-0.034686305	0.34072107	-0.13119784	-0.011670456	-0.10697799	0.075017974	0.100795045	-0.2453202	-0.09546262	-0.03807052	0.1582747	-0.009073609	-0.2937696	-0.2181872	-0.47618628	-0.05505562	0.018875755	-0.08871294	-0.011178992	0.14569858	0.33406	0.26866895	0.07285958	0.119300865	0.005636926	-0.12467839	0.043035008	-0.17213684	0.06323227	-0.11428187	-0.014321822	0.28914198	0.067612566	0.16442338	-0.13051364	0.2535961	0.16929615	-0.18316014	0.08360073	0.08908903	-0.081787266
0.08554196	0.5085912	-0.109779626	-0.1860936	0.45431462	0.14722864	-0.32946044	0.96239275	0.41331756	0.7162989	0.4013449	0.21772204	-0.060867295	0.59589654	0.34926662	0.4494175	0.26342422	0.20845795	0.14006843	0.54206425	-0.12841274	-0.2266808	-0.19968925	-0.03136218	-0.39692238	0.55755275	-0.7271726	-0.19233125	0.20695564	-0.15298901	-0.37296534	-0.5212846	-0.29289716	0.056147587	0.2384824	-0.44558308	-0.4274783	0.13544442	0.22122796	-0.21491359	-0.6640017	0.5043312	0.07310253	0.21878809	0.25468406	-0.51849174	-0.20599774	0.5084324	0.11665482	-0.23766442	0.2985668	0.27951238	0.29963204	-0.5343449	0.3240631	-0.05568047	0.5954047	0.74538255	0.06871528	-0.2550867	-0.4587929	0.094796054	-0.637255	0.5532903	0.04855741	-0.34065154	-0.1468327	0.3924627	-0.20377928	0.28747773	0.2536857	0.1952827	0.20888501	-0.38873497	0.20446731	-0.28747338	-0.14727601	0.5228745	-0.38872787	0.25091743	-0.61137563	-0.23756847	0.15484263	-0.06376342	0.5764504	-0.21051425	-0.057685636	0.029384913	0.56920874	0.2592318	0.32062057	-0.0870227	-0.14368123	0.08978324	-0.18548377	-0.53937787	-0.400696	0.1705597	0.33448792	-0.3118039	0.2778676	-0.5207951	-0.5139608	0.07980428	-0.17657739	-0.14694068	0.3488476	0.22331956	0.7560779	0.3587451	-0.25728703	-0.15612392	-0.21859069	-0.10537753	0.07762991	0.33521977	0.06589504	0.2867694	-0.027888509	-0.3787125	0.15602013	0.03564879	0.6683887	0.17023107	0.16887505	0.08778952	0.55162394	-0.019282158
0.07709657	0.5296846	-0.15805407	-0.20327196	0.38469723	0.07943653	-0.2672072	0.87158215	0.44492728	0.6688236	0.3267423	0.17757191	-0.006623466	0.5388209	0.38353008	0.41089553	0.25437775	0.23421167	0.054327346	0.56282693	-0.16111863	-0.14298744	-0.20950735	-0.050160237	-0.4225439	0.51012045	-0.6956594	-0.23082842	0.11528618	-0.07334724	-0.30144957	-0.6138912	-0.29864478	0.09526498	0.20734365	-0.35971448	-0.38736796	0.12353638	0.25394195	-0.23091526	-0.59782976	0.46343115	0.0038027468	0.18221873	0.24949531	-0.42447042	-0.16289091	0.420395	0.11937416	-0.23841853	0.26940086	0.2670353	0.24045192	-0.4204582	0.31966367	-0.09075778	0.58911854	0.6208762	0.07234957	-0.20133342	-0.44862172	0.1380319	-0.60240346	0.6017869	-0.018049283	-0.33905315	-0.08988962	0.475715	-0.19402759	0.2810513	0.19591157	0.23969598	0.19145992	-0.40050745	0.23640093	-0.24851586	-0.16247572	0.5305315	-0.4537365	0.1783669	-0.4786256	-0.20750886	0.1730332	0.025108345	0.5132555	-0.31305048	-0.06273812	0.07493047	0.5375807	0.22969866	0.2755818	-0.08610515	-0.24609938	-0.02299606	-0.19744807	-0.52952904	-0.40284657	0.23759392	0.2963974	-0.28316015	0.27317056	-0.51655436	-0.5367099	0.113994144	-0.19154154	-0.19755277	0.3503221	0.18324152	0.7129545	0.4346796	-0.26213327	-0.11585207	-0.17229256	-0.06396456	0.08354531	0.28747165	-0.027006159	0.27765957	0.050950155	-0.36762446	0.15151061	0.11657518	0.5444437	0.12215372	0.105136596	0.10653905	0.5845785	0.050086398
0.11178308	0.52559245	-0.16218664	-0.19061765	0.42442912	0.06716517	-0.29623413	0.82601887	0.40312165	0.57444406	0.40385935	0.24831593	-0.07789632	0.54447323	0.4069469	0.4912459	0.2798503	0.18927264	0.02943942	0.5300903	-0.05376712	-0.18841104	-0.10741513	-0.11450768	-0.4142339	0.5135904	-0.6924782	-0.2109988	0.18795595	-0.17414027	-0.30732745	-0.52168787	-0.26625443	0.06440876	0.27429828	-0.44902316	-0.45875394	0.13530463	0.1373605	-0.23566864	-0.6054723	0.52466124	0.009862204	0.23825327	0.22324197	-0.5160064	-0.13031481	0.52339506	0.13497055	-0.22014593	0.28002533	0.26525643	0.27779353	-0.41285986	0.26497892	-0.04726194	0.6401318	0.71764904	0.072868995	-0.14403895	-0.35919654	0.14709243	-0.638262	0.46779087	-0.05279049	-0.38052288	-0.105628185	0.486757	-0.19870876	0.27423063	0.18236203	0.1881346	0.19097003	-0.4006329	0.20379126	-0.28143963	-0.19498096	0.58036673	-0.33426383	0.15746269	-0.532088	-0.20357883	0.2454917	0.024741424	0.5345415	-0.28516614	-0.067533486	0.014672721	0.56294066	0.2847127	0.2964732	-0.04891074	-0.25644258	0.03878347	-0.1780857	-0.5925486	-0.41272956	0.23296471	0.33641648	-0.29038143	0.33240265	-0.53048265	-0.39539072	0.043816287	-0.16235828	-0.21672489	0.35757548	0.13907842	0.7127704	0.43608895	-0.27282047	-0.115204364	-0.21564455	-0.15430865	0.030091343	0.24627882	-0.03689447	0.14749464	0.058339104	-0.37070006	0.06718573	0.061748426	0.6488389	0.16651371	0.13401082	0.14094976	0.553474	0.06625587
0.06734385	0.055989843	-0.13329871	0.016854055	0.12767945	0.44458556	-0.056259144	0.36439595	0.01694766	0.17164545	0.013454034	0.16593131	-0.052809153	0.1005423	-0.10937981	0.20053087	-0.07142651	-0.15513149	0.039552145	0.0025947837	-0.0732449	0.018745432	-0.14198197	0.25766015	-0.16293058	0.01796121	-0.13645247	-0.3595013	-0.27218935	-0.047518756	-0.09080861	-0.16752143	-0.05606495	-0.13090344	0.15942554	0.0029641287	-0.31120053	-0.077811815	-0.25557873	-0.03575123	-0.28781444	-0.04844618	-0.21880393	-0.00095591653	0.24244873	-0.276388	-0.10891838	0.036100954	-0.13500538	-0.012345509	-0.06941753	-0.016523868	-0.09750663	-0.2336924	0.014855421	0.09296628	0.10995938	0.35296437	0.18597236	0.03796599	-0.14345759	0.17865892	-0.31108463	0.013826669	0.12048888	-0.195881	-0.12935334	-0.024522606	-0.062768176	-0.007245214	-0.11758604	0.038682453	0.120848715	0.17811222	0.36803254	0.31003445	0.09559141	-0.007400196	0.110754035	0.053444944	0.17778103	-0.33254662	-0.118305236	-0.12724495	-0.00855024	0.086143605	-0.13539478	0.12599698	0.15288703	-0.011778512	-0.13787252	0.027690636	0.0068665193	0.09709427	-0.1614215	-0.009427538	0.03775345	0.04370247	0.16468886	-0.28861976	-0.13482805	-0.12223404	-0.1302602	0.107523315	-0.15311635	-0.24808563	0.28443703	-0.06600433	0.16636403	0.12907882	0.18171288	0.0017243192	0.030232137	-0.2640537	-0.18954699	0.12827718	-0.2193981	-0.061041515	-0.02153135	-0.09416632	0.019290276	0.010756787	0.14904606	0.06383472	-0.034485385	0.006666625	0.068589665	-0.050191876
-0.69092345	-0.5304112	-0.24488917	-0.56530595	0.97730047	0.10357953	-0.07774768	-0.08872193	0.32418382	0.19241986	0.7043801	0.17151366	-0.48460656	-0.18961649	0.1519865	0.6418109	0.14674191	-0.33601955	-0.41107556	-0.18134333	0.25544497	-0.030158471	-0.156069	-0.9939876	-0.7790925	0.2127513	0.006165516	-0.530612	0.03893826	-0.10518439	-0.2445189	-0.34906843	-0.075722665	0.29394108	0.29645747	0.18818897	0.34704068	0.21969059	0.7274596	0.084921286	-0.022321392	-0.011190525	0.049937997	0.38629487	0.5065471	-0.44514954	0.82905746	-0.040489893	0.0207263	0.18181008	0.35410607	0.19679706	-0.11280119	-0.17167273	0.53121626	-0.13889162	-0.31847736	0.4823606	-0.232068	-0.12688011	0.1506234	0.35382485	-0.5259725	0.4680954	0.57544607	-0.35902765	0.110404745	0.7625444	-0.26130998	-0.14495854	-0.06478452	-0.11491025	-0.08764956	0.23039901	-0.05514176	0.16520014	-0.14320667	0.6491135	-0.07484637	0.25151303	-0.34481993	-0.019540029	0.98653185	0.03883203	-0.6880498	-0.21222149	0.0715657	0.04671783	0.6134379	-0.18674919	0.11675993	-0.33051765	0.0074465894	-0.24044882	0.10019341	0.14362477	0.42398876	0.17953391	-0.17274731	-0.6226173	0.3159809	-0.86658084	-0.17978047	0.028504692	0.15469727	-0.2668026	-0.5543984	-0.30457062	0.8268206	-0.27488738	-0.1839247	0.37791646	0.35033545	-0.12434462	-0.37422743	0.17658918	-0.24873556	-0.22385743	0.1928524	-0.17052318	-0.037168663	-0.5411561	0.71243435	0.47389135	0.1121767	-0.18256414	0.3174392	-0.5866323
-0.16853887	0.44854864	0.3514978	0.014198173	0.48046368	0.11743312	0.03325771	0.19817257	0.3682224	0.2096534	-0.23238648	-0.095229916	0.005503795	0.23726928	-0.029239673	0.08695967	-0.024044469	-0.11427295	-0.33656505	0.1446035	0.057320923	-0.21933886	-0.283461	-0.10468498	-0.16591094	0.13271244	0.1844574	0.07852945	0.02587194	0.22199652	0.2385121	-0.2886315	0.1459069	-0.06752561	-0.036753822	0.020725183	-0.27684212	0.2722374	0.066922456	0.054100078	-0.07756611	-0.070276536	-0.011496531	0.01782064	-0.09097558	-0.29793108	0.22669445	0.3495242	-0.019307286	-0.002689049	0.11027494	-0.014980396	0.19843234	0.21406682	0.24413542	-0.24966116	-0.3185298	-0.018893251	0.042923328	-0.3434029	-0.1256168	0.33270797	-0.2091705	-0.0012292769	0.29303774	0.13687296	-0.15578169	0.49470985	0.023772404	-0.027253	0.09387252	-0.13751206	0.21944709	0.09157906	0.06889277	0.21511382	0.19365488	0.33104113	-0.09626071	0.3643913	-0.214875	-0.5167325	-0.22190629	0.36083153	-0.14295442	-0.5034975	0.1633019	-0.20774093	0.11656061	-0.09402551	-0.107045405	-0.016082576	-0.49457225	-0.21068184	-0.055253852	-0.19476628	-0.25365305	0.041038893	-0.2241332	-0.52091813	-0.18445294	-0.5832744	-0.27864954	0.059379384	0.27347052	0.12598433	-0.40044194	-0.34757084	0.49731234	0.1500366	0.019824836	0.054621592	0.008979026	0.019882632	-0.20713744	0.1696449	-0.43694732	-0.101744354	0.5260188	-0.0332031	0.21598987	0.10719088	0.49989393	-0.068731286	-0.4691183	-0.11081778	0.095949024	0.051533587
0.14663981	0.35539728	-0.029622773	-0.051975224	0.3450691	-0.06384422	-0.30189463	0.5171477	0.18850367	0.26725203	0.28365618	0.12598395	0.00235604	0.40609095	0.4039395	0.22043689	0.21746294	0.35507134	0.08798252	0.45622897	-0.12092393	0.13219462	-0.20433348	-0.07931378	-0.06304747	0.34980056	-0.55301785	-0.1612865	0.1560753	-0.10509451	-0.24206686	-0.6066961	-0.1385581	-0.034433637	-0.039227717	-0.24503355	-0.28611526	0.008910253	0.23715639	-0.24041466	-0.23142722	0.36778226	0.062388632	0.15462564	0.21665347	-0.19679321	-0.4031077	0.38990998	0.05446986	-0.17544135	0.053938083	-0.028283872	0.31646523	-0.19376536	0.27937236	-0.17298046	0.36960855	0.56926596	0.09801495	-0.24027649	-0.35111284	0.053387385	-0.5701437	0.232058	-0.029719062	-0.31280035	-0.10518251	0.34717408	-0.16180599	0.21902709	0.22127618	0.18447809	0.25007507	-0.3737984	0.25755903	-0.23134066	-0.29497087	0.31537774	-0.2798088	0.04946992	-0.16241625	-0.25101748	-0.050004523	0.10106278	0.21007513	-0.3510477	0.18322317	-0.052558307	0.40406814	0.36890495	0.1527898	-0.011410203	-0.13145475	0.048096973	-0.15635791	-0.32596314	-0.40064135	0.24896486	0.15786564	-0.036767133	0.14705601	-0.39229274	-0.3143973	-0.005488607	-0.14034876	-0.11410329	0.3338403	0.24085043	0.29492646	0.21630679	0.16031478	0.17037457	-0.17995903	0.02812436	0.040603146	0.17319366	-0.18326084	0.1714539	0.011014115	-0.3034412	0.09949981	-0.019730669	0.3075529	-0.040152255	-0.13344108	0.040415585	0.29882884	0.26553926
-0.35620654	-0.015028392	0.36898503	0.093648046	0.46921507	0.22034316	0.10347259	0.41167805	1.1073465	0.08150644	-0.22422986	-0.2334184	-0.73972595	-0.376917	0.15422563	0.04297847	0.0339692	-0.2368011	-0.5707639	-0.25248542	0.5845953	0.21667711	-0.55373555	0.41844797	-0.61575645	0.41456616	-0.38038248	-0.64269733	0.19916435	0.24484687	-0.28497708	0.07142657	0.18039536	0.02742718	-0.24644016	-0.052748203	-1.0453391	-0.7301474	-0.20606987	0.081191674	0.014132883	-0.13411683	-0.32084814	-0.16104318	-0.3760565	-0.08771608	-0.7178249	1.0303072	-0.14170013	0.5342895	-0.13160935	0.032429565	-0.12404182	-0.2718278	-0.38821572	0.30466074	0.06774469	0.48608422	-0.17487918	0.69503915	-0.6601737	0.19326304	-0.52033246	0.21909566	0.7672877	0.13380209	-0.19671555	-0.04016551	0.45921096	-0.40178466	-0.16508256	0.14070222	-0.15482116	0.30050638	0.40464666	0.49987742	0.13731514	-0.5154339	-0.31689873	0.15420315	0.8250336	-0.10090905	0.24175656	-0.12911388	0.35535946	0.11163436	0.12938876	-0.15170152	0.6841412	0.009544226	0.18010679	-0.19036824	-0.950177	-0.29527315	-0.32199767	0.15890831	0.42859715	0.32125306	0.33419445	0.019865109	-0.28710017	-0.8301017	-0.7504062	-0.31281412	0.092112385	0.4662738	-0.08226663	0.0285647	-0.0688666	1.3504423	-0.011193374	-0.3394145	-0.014013799	0.104582116	-0.3862247	0.7605951	-0.9201044	-0.1193233	0.20041333	0.045803897	0.78544706	-0.5402408	0.2569775	0.0034060695	-0.6380473	0.50969476	0.7793075	-0.16873346
0.21977738	0.13873222	-0.17085782	-0.21434806	-0.2416827	0.26051578	-0.2354874	0.21793643	0.14003439	0.012820414	0.013559946	-0.12789229	-0.11586501	0.0034904103	-0.29049352	0.13627927	-0.29307044	-0.35089526	-0.07302727	-0.015788676	-0.10370277	-0.110898	-0.20650044	0.39210096	-0.3611204	0.23266567	0.18954733	-0.21299629	-0.1802477	0.45600042	0.13917968	-0.19424206	0.1123099	0.2090213	-0.15915103	0.062102035	-0.29870814	-0.44181332	0.042741004	-0.3792261	-0.114362404	-0.21130927	-0.13773513	0.06869185	-0.0034675717	-0.00072782696	-0.16207616	0.14794968	0.014272174	0.2638883	-0.07917396	-0.02825389	-0.012119786	-0.26012382	-0.22076687	-0.02700643	0.1803605	0.21189015	0.2988693	-0.0500805	-0.19055681	0.019173836	-0.1494394	0.086888365	0.22130911	-0.119954795	-0.27732316	-0.19069801	-0.088699296	-0.1948896	-0.07296512	-0.06369645	0.31216297	0.07276464	0.4222297	0.18224168	-0.0059432373	-0.026882024	0.03807549	-0.12584314	0.22224776	-0.3561742	-0.22726023	-0.20422927	-0.2945491	-0.13141832	0.13921827	-0.06053532	0.09341602	-0.2978878	-0.07245088	-0.30013844	-0.14534755	-0.12667502	-0.24353448	-0.0107577825	0.11901237	-0.22558245	-0.013275374	-0.25254536	-0.33411628	0.024656974	-0.10221519	-0.15821134	-0.108616814	-0.026477333	0.12338611	0.1724225	0.01006596	0.2139727	0.4083226	0.039466195	0.09961785	-0.0137097305	0.07700741	0.19272801	-0.39460576	-0.12726296	0.15705048	0.022831498	0.18265648	0.009323016	-0.1820387	-0.09362539	-0.1341068	0.04713185	0.24287437	-0.1010817
0.23204355	0.15228967	0.04619742	-0.036687803	0.12170023	0.29213133	-0.14382581	0.42017272	0.23797528	-0.0722723	-0.15429209	0.08057802	-0.11231605	-0.2385202	0.023554405	0.22927085	-0.3869666	-0.2231546	0.13917668	0.041357204	0.016283527	0.03804344	0.029100418	0.20916228	-0.27957514	0.09649706	-0.20491375	-0.52797544	-0.17455517	0.046564195	-0.0948629	-0.20144066	0.259803	-0.22153711	0.07018991	0.060055252	-0.31018898	-0.41532624	-0.07463902	-0.17090578	-0.2998184	-0.2535182	-0.18516259	-0.032832857	0.26973984	-0.28973252	-0.21112317	0.07138628	0.19685876	-0.09756268	0.030845126	-0.47887453	-0.019849015	-0.114573434	0.17371975	0.14781012	0.08672334	0.43122935	0.28996164	0.21942069	-0.20868847	0.08075773	-0.17741714	0.124049604	0.32210153	-0.18898019	-0.159783	-0.014725074	-0.20900364	-0.1379796	0.011268989	0.08559228	0.19996114	0.04857866	0.20898454	0.35180247	0.1672282	-0.19233298	-0.09849498	0.03935331	-0.12178763	-0.5096267	-0.13639833	0.013698724	-0.14902087	-0.14160721	0.049025662	-0.06351878	0.37940094	-0.061310116	-0.04024838	-0.097466595	0.10506654	0.13446935	-0.23836748	-0.10954262	-0.063914195	0.18316105	0.005536831	-0.22317578	-0.17279172	-0.5115526	-0.09219175	0.021209802	-0.07476615	-0.015255314	0.13963494	0.3633171	0.26753473	0.07223779	0.1119107	-0.046324622	-0.13139264	-0.0024938378	-0.14316387	0.08145349	-0.14979823	-0.0049471483	0.26953095	0.05025948	0.16059652	-0.093336836	0.23860945	0.14752156	-0.22536196	0.07067672	0.09057753	-0.1130287
0.14044446	0.19418728	-0.01591638	-0.06799641	0.10012368	0.21883142	0.2832217	0.11628116	0.2810401	-0.290262	-0.23790644	0.040194627	0.10241332	0.07787362	0.24859896	-0.090927616	-0.29150262	-0.30663133	-0.47815472	0.086349964	0.3457805	-0.36132163	-0.030598339	-0.009010936	-0.15466575	0.34701067	0.19984233	0.15929851	-0.13378385	0.34481326	-0.044801403	-0.009375752	0.21661843	0.14350651	-0.10928629	0.15442501	-0.48423934	-0.23130333	-0.23528941	0.050179314	-0.5014314	-0.083008125	-0.0798439	0.053472232	0.009185825	0.11906161	-0.12350171	0.26632902	0.06532887	0.23560524	-0.4342631	0.3483909	0.21168754	0.15904291	-0.15111518	-0.015285035	0.12419232	0.2213604	0.2203128	0.048198726	-0.16561973	0.24597116	-0.09269623	0.024626195	0.108777836	0.20198795	-0.11506388	0.06670522	-0.14154759	0.040258437	0.35235202	0.03422331	-0.25038135	0.18248354	-0.025373276	-0.016979812	0.025803333	0.12843072	-0.2319854	0.025332669	0.010783583	-0.29832292	0.069492556	0.2683608	-0.2140843	-0.28765294	0.20132713	-0.167328	0.18208396	0.10168066	0.103705786	-0.23216143	-0.3573687	-0.08191231	-0.28439438	-0.2038612	-0.1369829	-0.0954687	0.039451376	-0.12261743	0.20432816	-0.6494824	-0.17504863	-0.069608845	0.0719576	0.15487574	-0.15368588	0.002075153	0.19798365	0.29852134	-0.12433436	-0.08633806	-0.53978276	0.18014546	-0.31038442	0.1691666	-0.24571636	-0.3239804	0.25647905	0.1405285	-0.1317434	-0.13544422	0.34597793	-0.14084543	-0.21717365	-0.06639922	0.322713	-0.044168852
-0.004580486	0.08088708	0.026989536	-0.03185962	0.11774945	0.08973267	0.053493347	0.010591904	0.13555959	0.03636871	-0.024395442	0.113870785	0.023930328	-0.0068611284	-0.065411255	0.084924914	0.015581248	-0.11202778	-0.17936191	0.07542708	-0.07508951	-0.12771532	-0.19361773	-0.03272289	-0.26545376	0.005954631	0.013084453	-0.09777023	0.021081008	0.14694256	0.03797592	-0.09045958	-0.030395186	0.0022187273	0.023116013	0.07015244	-0.13382716	0.067126006	0.13922992	-0.017530845	-0.065423794	0.033208992	-0.09122554	0.0062589208	-0.030084025	-0.08385623	0.034040257	0.15929821	-0.02686913	0.040581528	0.043608293	0.10393487	0.086461045	-0.09254399	0.018939624	-0.026721453	0.011132972	0.17321692	0.013177213	-0.07110606	-0.07827996	0.11748928	-0.10964108	0.07012649	0.21892577	-0.044552393	-0.014405152	0.12823103	-0.05817481	-0.04889681	0.061445218	0.04389564	0.0039575365	0.04777051	0.05364443	0.022040771	0.06950693	0.13272375	0.015535392	0.027592974	-0.114776	-0.21216764	0.052048683	0.1138167	0.004844816	-0.046589978	-0.052292723	-0.13779819	0.08233535	0.040436108	-0.1403491	-0.028117344	-0.24995153	-0.12630793	-0.080887295	-0.004900939	0.03777835	0.08022587	0.025847977	-0.22650984	-0.096907154	-0.18997546	-0.16597627	-0.060607072	0.057667308	0.05803869	-0.151317	-0.015645737	0.06799669	0.14218743	0.076181345	0.11067084	-0.01510559	-0.07927396	-0.11106084	0.030431645	-0.17682049	-0.059819903	0.1579181	-0.03323736	0.057024144	-0.07271773	0.2183253	0.040627565	-0.1554488	0.0063527445	0.029324308	-0.08797637
-0.047222186	0.0639185	0.007054628	0.09658607	0.2004452	0.16444448	0.20726933	-0.022058848	0.23210712	-0.016889587	0.016683111	-0.059974354	0.017130176	-0.096305095	-0.0061014197	0.17252202	0.021535445	-0.12244853	-0.26289424	-0.06347408	0.06969081	-0.071453035	-0.019253153	0.0727304	-0.3749421	0.01752793	0.035162315	-0.06932016	-0.013573124	0.064312756	0.004561904	-0.032066524	-0.015900467	-0.020811178	-0.00097258587	-0.08825464	-0.18877064	-0.075266354	-0.06965608	-0.015255122	-0.28413925	-0.023803862	-0.27125248	-0.1447088	0.12702465	-0.12394903	-0.0049049146	0.22906032	-0.08022965	0.007775108	-0.29424417	0.1443362	0.1491191	-0.018176885	-0.009805837	0.058333885	0.076753646	0.1885905	-0.00018678712	-0.033486836	-0.218643	0.122195855	-0.40838933	-0.009643024	0.13482332	0.011339464	-0.11107964	-0.07587638	-0.06129286	-0.07291803	-0.05801576	-0.009913911	-0.013391431	-0.013452223	0.074298695	0.06645289	0.08098247	0.074095726	-0.27895325	-0.060513943	-0.043607242	-0.11375902	0.13605678	0.12905642	-0.14217547	-0.1157283	7.342848e-05	-0.05530577	0.20919177	0.06416234	0.12649515	-0.027259126	0.011822611	-0.12226363	0.023946736	0.008827391	0.03921815	-0.058629442	0.11228497	-0.01645815	-0.19334523	-0.18789405	-0.12120335	-0.19162236	0.039818425	-0.03923987	-0.13488524	-0.108185045	0.3084197	0.22951977	-5.6127872e-05	-0.14286721	0.0027867022	0.0031163148	-0.22864468	0.20027792	-0.06668108	-0.044841073	0.1222523	0.07814754	0.029385326	-0.06759994	0.4377745	-0.0034588836	-0.31249017	-0.14686054	0.17222042	-0.031133581
0.1516296	0.2406408	-0.035120916	-0.039882317	0.10777628	0.21391377	0.31444812	0.16540244	0.22599433	-0.2914289	-0.17720242	0.058000084	0.11560525	0.080786966	0.2293861	-0.056933116	-0.2856778	-0.35272497	-0.42225313	0.1183257	0.3631646	-0.34334135	-0.031710207	-0.010690509	-0.1795066	0.35969573	0.17551671	0.08300324	-0.12313228	0.34606695	-0.07345831	-0.030711565	0.21595256	0.16664116	-0.11948406	0.17607957	-0.48454675	-0.2312541	-0.21567509	0.01161826	-0.47504842	-0.046440262	-0.1000072	0.0036969045	-0.010801963	0.15529896	-0.11935967	0.28392377	0.09809061	0.26177925	-0.37873024	0.3087602	0.16669595	0.16730808	-0.14239167	-0.042770784	0.08046422	0.24489465	0.21644501	0.032141224	-0.15745932	0.27277198	-0.08729237	0.003301245	0.14092639	0.17000727	-0.09669325	0.12394921	-0.15347035	0.016560815	0.34790975	0.0409887	-0.27015108	0.19989707	-0.047677986	-0.03442493	0.039305788	0.12526177	-0.2448123	0.008301249	0.03277319	-0.28982097	0.087845154	0.2510766	-0.19571833	-0.3265055	0.22594619	-0.16425705	0.197343	0.0885423	0.047901552	-0.23170282	-0.40433115	-0.09270495	-0.33759987	-0.18866646	-0.1314565	-0.11561613	0.044797145	-0.1324742	0.1872509	-0.65679973	-0.14882109	-0.11174752	0.13226126	0.1665478	-0.13422137	-0.014907183	0.15281908	0.27375737	-0.113039486	-0.041648734	-0.57046884	0.1547289	-0.31295946	0.20966968	-0.21506208	-0.33658662	0.24913347	0.17086235	-0.11956001	-0.11225547	0.38908848	-0.16068831	-0.18497941	-0.07712284	0.3350326	-0.081920646
-0.1441012	0.39157006	0.29549375	0.04527903	0.43346906	0.15121679	0.076601036	0.17345497	0.32293957	0.15634593	-0.2167933	-0.08070467	0.037818603	0.17480944	0.02958135	0.12862207	-0.033465672	-0.17969392	-0.29567432	0.13567306	0.03118973	-0.18868387	-0.21290654	-0.1282477	-0.07850071	0.1081497	0.15209764	0.12058119	0.042742636	0.20473583	0.19973022	-0.24613258	0.1499804	-0.029885065	0.009716374	-0.03725128	-0.24497934	0.2495925	0.093118005	0.12952513	-0.098758884	-0.11020158	0.019137604	0.08540527	-0.08002216	-0.21545608	0.17491707	0.32629383	-0.04219553	0.05687135	0.05585052	0.07798805	0.19231223	0.19487272	0.17444718	-0.2884678	-0.21611327	0.0141786	-0.0076934877	-0.28929284	-0.09453366	0.22827886	-0.12340465	-0.038955826	0.19637783	0.122707345	-0.19435066	0.453648	0.014029556	-0.020097226	0.17258212	-0.13125509	0.16506326	0.120907426	0.009881367	0.19275144	0.19520044	0.26952812	-0.028484417	0.38605672	-0.21492322	-0.4435694	-0.2065882	0.29530954	-0.12758552	-0.33862948	0.078221455	-0.21270765	0.124651305	-0.061739847	-0.1371677	-0.031110045	-0.4361876	-0.15365915	-0.03004362	-0.20447825	-0.16840984	0.011089525	-0.238757	-0.420611	-0.18861294	-0.59778804	-0.22532263	0.07414921	0.24503279	0.10149805	-0.4229366	-0.29283684	0.3924086	0.16239947	0.004746825	0.040442295	0.060435887	-0.039425492	-0.20430742	0.09027206	-0.36630473	-0.10210898	0.5044237	-0.021661436	0.16748875	0.18662313	0.39849934	-0.041146133	-0.39787903	-0.04580906	0.08033251	0.028064765
0.15750222	0.33434904	-0.037892345	-0.052474495	0.32344788	-0.021078665	-0.31717855	0.60146004	0.21414086	0.28975245	0.30799276	0.09897341	0.01687794	0.37813115	0.39665583	0.28089568	0.211503	0.30493116	0.06153747	0.3692549	-0.15533295	0.10996847	-0.2164419	-0.07057908	-0.10140377	0.3790029	-0.52465546	-0.2288925	0.15892205	-0.0701511	-0.22180574	-0.5743652	-0.14853518	-0.015862152	-0.004665461	-0.20804504	-0.28041688	0.013094786	0.2547681	-0.22749451	-0.25216705	0.412169	0.0092268055	0.20874299	0.18760377	-0.19006653	-0.4030823	0.4049511	0.023736386	-0.1898979	0.10515053	0.035733603	0.31599763	-0.1760389	0.26862717	-0.14309455	0.29054055	0.6182215	0.088137604	-0.23356551	-0.36936712	-0.004204738	-0.5309307	0.25715882	-0.048013583	-0.3039524	-0.11344685	0.31739703	-0.22795554	0.21144406	0.1533902	0.17209162	0.15373619	-0.44155702	0.20701344	-0.2386285	-0.28170034	0.29475495	-0.30513087	0.13102013	-0.20048776	-0.19961253	-0.010674988	0.10211635	0.22140132	-0.28471023	0.19214942	0.01842331	0.3918781	0.32595322	0.18504557	-0.012167644	-0.13986914	0.035736665	-0.07817387	-0.38591987	-0.3866985	0.21061653	0.20308775	-0.00381455	0.20701991	-0.3758477	-0.39192197	-0.057504766	-0.1095777	-0.08778384	0.33849305	0.20048729	0.32812834	0.20442747	0.17621875	0.17437208	-0.19105525	-0.000733283	0.09545935	0.07068914	-0.15770012	0.17885146	-0.046145618	-0.33313304	0.06221477	-0.043287102	0.39292088	-0.023358595	-0.092629775	0.055684607	0.3553485	0.2674873
0.20702182	0.18518955	0.042676523	-0.08279271	0.116711535	0.28071558	-0.12555577	0.4237733	0.26691943	-0.07745361	-0.14528626	0.10130237	-0.115206905	-0.26152328	0.037051823	0.23809406	-0.34150365	-0.22687677	0.14071842	0.025837269	-0.014325489	0.029713567	-0.017523283	0.19554847	-0.30421823	0.10240934	-0.19229864	-0.51514524	-0.17612393	0.048356846	-0.08769484	-0.17460412	0.22910175	-0.22790179	0.12641938	0.033548724	-0.35139906	-0.43978637	-0.08283869	-0.14306979	-0.2656159	-0.23189062	-0.19600414	-0.024011897	0.2794218	-0.25694922	-0.18588412	0.07034923	0.2398035	-0.058512863	0.017284228	-0.45080382	0.014698247	-0.11342399	0.16526178	0.19048153	0.046620104	0.4642463	0.285929	0.26083964	-0.22668657	0.1176243	-0.18727447	0.097742215	0.28188792	-0.17823859	-0.17121816	-0.042221945	-0.15459332	-0.1184666	0.027332392	0.09043312	0.20154178	0.06585671	0.23230761	0.4171695	0.14304723	-0.20511137	-0.08779143	0.07443349	-0.090937436	-0.48964688	-0.12655543	0.01301299	-0.15008861	-0.13573533	0.10113964	-0.06958718	0.31941122	-0.11046044	-0.038359795	-0.07091869	0.15671647	0.12826335	-0.25303346	-0.0885027	-0.038399186	0.16588885	0.031360522	-0.25463766	-0.18930978	-0.4929614	-0.095053576	0.028862022	-0.06603455	-0.00015209372	0.1337357	0.3772227	0.2822545	0.07853701	0.1356654	-0.03875063	-0.12194407	0.030240264	-0.1503627	0.070026666	-0.14260516	-0.028624954	0.26463154	0.06852505	0.15162982	-0.11491022	0.22401953	0.16382809	-0.22810528	0.11800291	0.13563387	-0.08418295
-0.04181592	0.073180765	-0.00772648	0.08008147	0.22005738	0.12748717	0.21141529	-0.039628375	0.19927818	-0.056503538	0.022872124	-0.035088528	0.048683945	-0.116048455	-0.006160127	0.16961662	0.02822595	-0.11163129	-0.2574769	-0.03668419	0.083154805	-0.12088624	-0.0053515844	0.06763218	-0.3513474	0.031278595	0.0026759005	-0.08342686	-0.031216316	0.071701184	0.010621406	-0.039306972	-0.016093535	0.0029343434	0.032760914	-0.08437317	-0.21557133	-0.04545325	-0.07904842	-0.026007509	-0.2742835	-0.015689654	-0.2904772	-0.1374162	0.11425998	-0.14808272	0.04489509	0.23720703	-0.08300931	0.027859297	-0.2962307	0.17149806	0.14532752	-0.037278194	-0.00030700114	0.07501203	0.13327418	0.2114372	-0.0075520463	-0.012130872	-0.24649526	0.1631958	-0.37800846	-0.00059040135	0.12402514	0.037467107	-0.09108861	-0.08762833	-0.04824258	-0.06837061	-0.05775796	-0.003251426	0.011092795	-0.01095572	0.022667317	0.026118265	0.025863023	0.06511463	-0.28543422	-0.0790369	-0.0897871	-0.123705305	0.11735061	0.10010837	-0.14801823	-0.082601294	0.015911832	-0.047230486	0.21327703	0.072740875	0.1510193	-0.04713599	-0.006294617	-0.10875281	-0.01687421	0.006812413	0.08734353	-0.057253193	0.14451295	-0.04914864	-0.14816748	-0.20697793	-0.11413383	-0.19901715	-0.0001851917	-0.047445934	-0.13859454	-0.0974384	0.32894957	0.2306396	-0.022397628	-0.120253906	-0.015948996	-0.0149361165	-0.2422675	0.15700108	-0.06338362	-0.055892706	0.14845818	0.07450697	0.042917572	-0.04315211	0.42733186	-0.0075416276	-0.27419093	-0.13145182	0.16141081	-0.037801605
0.58027875	-0.24595845	0.47077015	-0.0052242475	1.184311	0.5489278	-0.24911055	0.36278108	0.8409872	0.12533593	-0.19441433	0.7144106	0.12051404	0.03655855	0.43752232	-0.19940396	0.86760646	0.016561814	-0.7940602	0.16530454	0.26351106	-0.73513603	-0.39141735	0.13232371	-0.7006152	0.73508704	0.4151223	0.2939865	-0.60969484	1.0321288	0.1305378	0.47843412	-0.29083532	0.4510369	0.034266837	-0.8006125	-0.6485137	-0.3493332	-0.37346897	0.08738247	-0.994589	0.28710958	-1.1162467	-0.17838776	0.28961083	-0.27799165	-0.2839002	0.77857214	-0.14913473	0.32411605	-0.05970481	0.11643866	0.51948065	-0.23973586	0.24758555	0.060115628	1.1953824	0.3017695	0.14113934	0.4918715	-0.49406683	-0.057423126	0.32633215	0.96404386	0.07814532	0.2569828	-0.37684077	0.38005584	-0.38595578	-0.1730923	-0.08843321	0.7534244	0.37098894	0.57438	-1.401531	-0.30723858	-0.14898182	0.9843499	0.36006844	0.1321155	0.14168386	0.022690097	0.28695393	-0.2445533	0.38378328	0.14974546	-0.21646106	0.19194663	0.6407182	0.30885562	0.02169118	0.13626969	-0.6741052	-0.59940284	-0.17272885	-0.63748515	0.88765126	0.18096004	0.20196386	-0.25452805	0.43806466	-1.0010471	-0.87560314	-0.32765466	-0.043441046	0.30917898	0.521781	0.57877535	0.44689962	0.36317563	-0.31963587	0.30378383	-0.61779195	-0.1171712	0.0061804093	0.6291705	-1.0029444	-0.6168986	1.0429286	-0.006601922	0.35862014	-0.13282657	0.060885683	0.3644088	-0.13809094	0.02152149	0.56773585	0.013502915
0.49774295	0.5535873	0.41366097	-0.08531474	0.09032718	0.19534412	0.35311005	0.23216529	0.9394377	0.75452304	-0.2921436	0.5562077	-0.7787508	0.29890567	0.70788383	0.06890622	0.8840338	0.38339007	-0.13438456	0.22114252	0.21553509	0.14929326	-0.17988618	0.3029855	-0.2826202	0.55761594	-0.47257784	-0.0892276	-0.42540032	0.34152853	-0.46854278	-0.3155577	-0.5422994	0.18958752	0.26992336	-0.4576272	-0.18805133	-0.25566295	-0.35597336	0.55475485	-0.17832574	-0.69535404	-0.6728593	-0.14468625	-0.48972964	0.15022138	-0.15333787	0.28850144	-0.6439291	0.46936455	-0.803125	0.76440924	0.431124	-0.09205787	-0.92205745	0.2313008	0.5785403	1.1681522	0.36556193	-0.6456482	-0.1769742	0.7032149	-0.5300949	0.1355124	0.44348332	-0.45099127	-0.021299504	-0.31937507	0.06505162	0.3595527	-0.19074473	0.5739521	0.3044825	-0.20528124	0.34898552	0.3117609	0.69530797	0.13095513	-0.10168104	0.30956796	0.14909312	0.11479087	0.5396753	0.26892465	-0.17593339	-0.33036014	0.287805	0.23040296	0.083372034	0.51504165	-0.07912295	-0.1929807	0.088101655	0.08793364	0.20559923	0.15132627	0.36643854	0.99676186	-0.057985537	-0.25879788	-0.22279702	-0.5271543	-0.6013536	-0.20265548	0.3660474	0.67048824	-0.30476275	0.1330742	0.60651284	0.55802494	-0.38976783	0.106578484	-0.31904748	0.017419618	-0.5166353	1.253367	-0.58560675	-0.33149314	0.2974131	0.1683556	-0.14245908	-0.9451497	0.4871058	-0.42881593	-0.13257551	0.3763687	0.7618178	0.28199667
0.00089731865	0.5322738	0.0467245	-0.23650649	-0.025073271	0.42075664	0.10042075	0.33745083	0.9828409	0.2697699	-0.26897216	0.10670494	0.24224208	0.0921766	0.075074755	0.39266866	-0.2676443	-0.22144336	-0.14674364	0.5067616	0.004045587	-0.12058305	0.009336387	-0.0479206	-0.39198917	0.068857215	-0.3150083	-0.2571042	0.14463747	0.24037856	-0.28682682	-0.041674938	-0.123615414	0.15983333	0.55017394	-0.21947987	-0.6349021	-0.42968914	0.053766094	-0.0029498434	-0.64308774	-0.18177855	-0.035000652	-0.055924516	0.10840498	-0.13873455	0.29614657	0.07827195	0.13288707	0.2801926	-0.2503991	0.08947826	0.08268908	0.04203625	0.16310976	0.04542872	0.5130941	0.40757227	0.25087425	0.14164913	0.33178937	0.12880884	-0.014870397	0.6331277	0.0047046063	-0.012615078	-0.38642004	0.17492093	0.32823202	0.000534442	0.011200084	-0.024857422	0.15902363	0.26399314	-0.22164547	-0.14189312	0.25583526	0.19503914	0.0869522	0.48588637	-0.108496524	-0.4299994	0.27478883	0.1026411	0.30027184	-0.43976763	-0.16300203	0.5138795	0.59959036	-0.13750388	0.3543125	-0.56539553	-0.5519298	-0.10796236	-0.3238374	-0.30335587	0.24124199	0.018765574	0.18183194	0.17305312	-0.14648816	-0.40374053	-0.600421	0.17226774	0.13539171	0.045542505	-0.170893	9.738811e-05	0.77255005	0.3934055	0.058379106	-0.105798416	-0.42120737	-0.044611577	0.15285054	0.16530652	0.004302886	0.27638003	0.54064715	0.5556423	-0.26278168	0.354414	0.3396469	0.2964722	-0.6018301	-0.118663415	0.6165716	-0.2778468
0.5104432	-0.09757941	-0.36059374	-0.41346648	-0.06000474	0.60901815	-0.3818445	0.6228262	0.36910012	-0.362982	0.016394267	0.43564445	-0.20809232	-0.285705	-0.59215695	0.45089364	-0.45097327	-1.3224275	-0.41836825	-0.025334269	-0.28656965	-0.57514375	0.0005816261	0.32738882	-0.93793553	0.5187046	-0.18905263	-0.56827015	-0.5145065	0.36975095	-0.21691918	0.023230875	0.2819543	0.08101025	-0.43311194	-0.5413799	-0.8123712	-1.0520633	-0.36719903	-0.4641552	-0.33691558	-0.3129251	-0.47842225	0.08016833	-0.05523185	-0.31885812	0.04051579	0.67739415	-0.19530146	0.30094728	-0.80396545	-0.059132487	0.13987365	0.057317406	-0.34979254	0.061315984	1.0328369	0.078594	0.5561531	0.28984272	-0.513931	-0.11453505	-0.30816996	-0.06746906	-0.30247006	0.04652317	-0.2069391	-0.66336113	-0.5751039	-0.45324162	-0.36459017	-0.47565362	1.1380008	0.015014528	0.6109018	0.029693387	0.14058247	-0.43880826	0.16008459	-0.67761195	0.11234878	-0.93626225	0.25745323	-0.25393987	-0.33551553	0.11133836	0.23488839	0.23678307	0.052473124	-0.11769276	-0.044371016	-0.03931523	-0.0580614	-0.13014446	-0.5660396	-0.11718235	0.17395286	-0.25044918	-0.32252443	-0.029710008	-0.18334246	-0.5739359	0.12518764	0.04955739	0.35745785	-0.435203	-0.42659628	0.6122204	0.31817794	0.4136448	0.42895177	-0.24811664	-0.021253787	-0.43078998	-0.069247745	0.36276805	-0.61731774	-0.009028987	0.2327027	-0.06727266	0.168757	-0.20590472	0.18173224	0.21175009	-0.49478495	0.45450854	0.5065225	0.36352924
-0.1586258	0.46915647	0.37812254	0.0562979	0.5109545	0.17809528	0.056735642	0.2403403	0.3394777	0.19725035	-0.24109355	-0.121872745	-0.007307002	0.21047239	0.00060598744	0.10609714	-0.05949227	-0.1650217	-0.31500566	0.14456667	0.074643	-0.24821213	-0.254836	-0.09245266	-0.13418223	0.13544768	0.19233198	0.035665672	0.036574155	0.19194622	0.23146144	-0.28926206	0.09982331	-0.05327034	-0.06757913	0.000932043	-0.29534933	0.2571591	0.08049328	0.10021726	-0.065987915	-0.1711631	-0.040990517	0.04099163	-0.103528105	-0.32786316	0.17475592	0.36880043	0.031864498	0.032835368	0.0634771	-0.003066286	0.20886144	0.22250098	0.24756698	-0.25600743	-0.3422119	0.013114209	0.03575882	-0.35245085	-0.13240911	0.28368953	-0.17304136	0.029372226	0.3029835	0.1040084	-0.24336137	0.4999504	-0.026449952	-0.043605477	0.13340762	-0.16143477	0.20651585	0.13057606	0.050740894	0.16948797	0.21026483	0.2857766	-0.012620104	0.46340007	-0.1972312	-0.5390801	-0.25071436	0.3200242	-0.1466164	-0.48461872	0.13796969	-0.221661	0.18671642	-0.05312631	-0.15999764	-0.035409622	-0.4797298	-0.19370891	-0.072231814	-0.19766058	-0.23855978	0.054574918	-0.2521154	-0.4534453	-0.24200483	-0.6882542	-0.25094715	0.06294653	0.27212957	0.12595719	-0.43553844	-0.30542746	0.4797866	0.14917107	0.046940766	0.044856325	0.039561655	-0.002824256	-0.15439853	0.15096176	-0.46112782	-0.08904445	0.54079944	-0.05572204	0.20215155	0.13438311	0.4670123	-0.09425805	-0.45818424	-0.08865221	0.118337296	0.04178412
0.13234165	0.030405702	-0.114878334	-0.05323133	0.12873368	0.4266665	-0.012280906	0.33883035	0.04320138	0.23890004	-0.018285474	0.13519599	-0.04932515	0.08712495	-0.12742087	0.20500702	-0.115143314	-0.19722307	0.033089258	0.030624768	-0.055401634	-0.04416591	-0.12250368	0.2684713	-0.14224018	0.04376023	-0.22067139	-0.33931714	-0.2632815	-0.050729353	-0.09429157	-0.14800854	-0.076792955	-0.062032692	0.15966853	-0.022014784	-0.34134558	-0.11470567	-0.30310783	-0.03212768	-0.31342307	-0.060585346	-0.18988259	-0.0475049	0.22257985	-0.2922039	-0.072997436	0.023961361	-0.12053888	-0.007928357	-0.049570695	-0.07225485	-0.09224288	-0.272157	0.013962288	0.09363118	0.13460699	0.32642743	0.18594548	0.05164177	-0.10039	0.19840652	-0.3121311	0.0296414	0.13187179	-0.22030842	-0.1080746	-0.080234915	-0.026708402	-0.03955032	-0.120019145	0.051226538	0.15786718	0.1780472	0.3426271	0.28593	0.110589325	-0.012839645	0.11707492	0.046118002	0.15628898	-0.34216988	-0.1489085	-0.15028366	-0.003600226	0.11988105	-0.17537136	0.1578467	0.19510907	0.017986389	-0.13647155	-0.007837378	-0.017401965	0.08347455	-0.15904239	0.0038828866	0.037644297	0.07267081	0.1583136	-0.26252976	-0.11407453	-0.11490744	-0.14735776	0.078015566	-0.14770222	-0.2619635	0.23785451	-0.07136192	0.20108913	0.13524276	0.13541235	-0.02463665	0.04086282	-0.24706936	-0.20676085	0.17256148	-0.23894939	-0.057393588	-0.040742375	-0.016093776	0.04518355	0.014259429	0.10482656	0.041293446	-0.0044934265	0.03602279	0.06103991	-0.057493124
-0.10782888	0.3718516	0.20771046	-0.5868831	0.42979175	-0.28855577	0.39405528	-0.3194987	0.50804335	0.7071826	0.4030133	0.4329741	-0.21185099	-0.49379835	0.43754354	0.47365296	1.1791112	0.06464803	-0.30386537	0.45587885	-0.10264856	0.9115828	-0.26666817	0.22502229	-0.5508142	0.70148736	-0.26135555	-0.115391724	-0.29850882	0.07496132	-0.7226046	0.047256302	-0.38421652	-0.21440399	0.6026622	0.029532203	0.47751728	0.08701675	0.20645668	-0.055729996	-0.18366906	0.42992058	-0.83340603	0.4044965	0.10493046	-0.19030637	-0.016989494	0.2793214	-0.71379155	-0.39919713	-0.8180814	1.0711657	0.20785251	-0.045613043	-0.56109416	0.689965	0.40937266	0.9909075	0.28841832	-0.07553756	0.21205242	-0.2591883	-0.101641595	0.14104167	-0.1258246	-0.07516414	-0.0046383077	-0.3049698	-0.8472921	-0.024779053	-0.30012727	0.04609757	0.2524626	-0.24222733	0.3880986	0.19808237	0.27771717	-0.00908287	-0.416585	0.04135461	-0.65201974	0.090810604	0.7705395	0.60819674	-0.3815094	-0.08041881	0.64519626	0.08386466	0.58793193	0.1002266	0.9079863	-0.6483654	0.20237356	-0.42862123	0.062536255	-0.19135638	0.27530572	0.9102991	-0.078909956	-0.02789776	-0.447547	-0.58777905	-0.029056875	-0.3395833	0.9035849	0.31200743	-0.9374966	-0.15950042	0.33547017	0.4795936	0.044358082	0.34959215	-0.13245757	-0.1523423	-1.2081412	0.46515056	-0.47308603	-0.5500766	0.082149714	0.8247231	-0.5050155	-0.35810187	0.5951501	0.31728515	-0.27198535	0.273966	0.9657354	0.40059647
-0.09326222	0.9937182	0.45427722	-0.42066994	0.6564011	0.025432946	0.08583408	0.37469387	0.85637724	0.3612048	-0.07335978	-0.035072837	0.11586654	0.3033783	-0.5333183	0.6469092	-0.314185	0.13535431	-0.29442754	-0.11177713	0.4481033	-0.42321566	-0.50886565	0.09183857	-0.689682	0.1396262	0.31322008	0.19060619	0.015713813	0.6441923	0.36917827	-0.5896334	0.100172	0.0047174566	0.24443448	0.34901324	-0.3463752	0.17776668	0.17140241	-0.082661256	0.012556406	0.25330633	0.061319478	-0.30451587	-0.06810995	-0.7518856	0.15537427	0.25547764	0.27251512	0.10312459	0.09595298	0.2759325	0.20436668	-0.17077748	0.4730639	-0.37586647	-0.64195454	0.54894894	-0.046153113	-0.26037446	-0.5064496	0.75821644	-0.6362093	0.2505391	0.56482226	-0.16558188	-0.17059101	0.5677216	-0.09948295	-0.13360417	0.10365331	-0.085053116	0.19950987	0.4369696	0.40514266	0.20575182	0.19459903	0.33668938	-0.27235377	0.65858287	-0.3728955	-0.703278	-0.24118458	0.03652458	-0.049692836	-0.31422928	0.10550955	-0.47677958	-0.13822666	-0.39483756	-0.04095335	-0.07967546	-0.6117445	-0.31056952	-0.18605518	-0.16350202	-0.32454646	0.15197022	0.0025647809	-0.8062069	-0.46200573	-0.7974223	-0.31863028	-0.12342072	0.035180703	-0.020739883	-0.2631277	-0.20960926	0.09249982	0.9283696	0.24279645	0.29506135	-0.11420038	0.105403945	-0.5833735	0.38881186	-0.6163817	-0.12386783	1.178675	-0.29317483	0.44110408	0.15476927	0.559507	-0.113571025	-0.48628363	-0.65152365	0.139983	-0.23570545
0.12098611	-0.0024764687	0.06412414	-0.027356725	0.019090643	0.06620698	-0.16453399	0.082213864	0.24666393	0.20724514	-0.15215777	0.055679064	0.099133	-0.020104088	-0.1877341	0.10734604	0.084622264	-0.0002132607	-0.18417276	0.011878882	-0.06693879	-0.17437768	-0.11301972	0.12052868	-0.090329766	-0.027183222	-0.03861523	-0.047151837	-0.12627278	0.09454883	-0.16366962	0.026203046	-0.031695545	0.1439075	-0.043342087	-0.1194053	-0.19954394	-0.31455135	0.089057796	-0.11038379	-0.12478612	-0.14255986	-0.1842671	0.073565684	-0.13691908	-0.12611875	-0.0049818936	0.2704634	-0.12954237	0.057781924	-0.23995182	-0.22551413	0.2850391	-0.13471031	-0.2253559	0.10911926	0.38496462	0.08766588	0.062998615	-0.010764957	0.049376518	0.15309927	-0.17346577	0.12942219	0.14166576	-0.009356432	-0.14713679	-0.14403033	-0.099317774	-0.13700372	0.021618238	0.10302942	0.0866271	0.0029878204	0.14112225	-0.1214091	0.0024602304	0.01706596	0.14279196	-0.09410315	0.034405146	-0.28427806	0.006878724	-0.2213387	-0.2603093	-0.1534439	0.1867977	-0.035218466	-0.11920643	-0.016079223	-0.06276161	-0.2487306	-0.08561109	-0.12637073	0.09416121	0.004273746	0.08173338	-0.23183161	0.22066885	-0.29134163	-0.44779325	-0.3242364	0.0115458025	-0.012455856	-0.12730844	-0.062271666	-0.17786755	0.008143356	0.1215399	0.36663583	0.18913203	-0.07995019	0.07692285	0.16850853	-0.27436572	-0.038402956	-0.29677734	-0.06905476	0.07421832	-0.28425315	-0.13173234	0.13856596	0.09920808	-0.08778937	-0.052008625	-0.0053372458	0.027341304	0.016067876
0.23482913	0.39696586	-0.007319343	-0.02149985	0.32672676	-0.05582021	-0.27766517	0.5916578	0.27491805	0.26726234	0.27286902	0.11211712	0.01578433	0.35619166	0.41834795	0.2779392	0.19661514	0.3092429	0.016408332	0.42366305	-0.19480611	0.05868906	-0.20425595	-0.095565654	-0.06649489	0.369839	-0.49453968	-0.19753298	0.10830689	-0.060207944	-0.29641184	-0.57721305	-0.14847478	0.06869797	0.0046143043	-0.1666311	-0.29118577	0.05848788	0.2429575	-0.1669926	-0.25904387	0.3983677	0.05903443	0.1927955	0.19423081	-0.23950264	-0.36902055	0.3880705	0.071358055	-0.1818214	0.1331815	0.029339425	0.28441247	-0.14198457	0.2765975	-0.17204149	0.32208547	0.5310346	0.05111069	-0.23563814	-0.3362691	0.05493341	-0.55206287	0.26410085	-0.08343165	-0.28216997	-0.15373777	0.31736806	-0.24776137	0.15646385	0.19404586	0.15484385	0.19943501	-0.42500854	0.23196016	-0.21426775	-0.26066053	0.26727527	-0.32755733	0.14903075	-0.2307558	-0.22377908	0.007914857	0.17253192	0.2216608	-0.33371484	0.17398305	-0.066940874	0.42280897	0.36947882	0.21592176	-0.03152753	-0.19975209	0.04977708	-0.11967673	-0.36990684	-0.3098441	0.19420151	0.1609287	-0.0085758455	0.19880132	-0.4390567	-0.34269488	-0.0679584	-0.07427082	-0.07502384	0.32333818	0.20684066	0.36880648	0.22670555	0.16714123	0.1855125	-0.20985538	-0.0066571077	0.12650372	0.0656693	-0.21389005	0.1661104	-0.08604793	-0.24417986	0.060324475	-0.00096364896	0.41515338	-0.012864674	-0.071813464	0.098442756	0.3685251	0.24380593
-0.08948425	0.011647512	-0.12910463	-0.031282295	0.037906148	-0.07075833	0.096216336	0.16150345	0.1424815	-0.025900904	-0.082482286	-0.1841632	-0.07428189	-0.13789594	-0.031507835	0.28877416	-0.07894512	-0.03181314	-0.036028523	0.15306775	0.11891303	-0.173812	-0.1767547	0.13401113	-0.06599279	0.0060605966	-0.07523412	-0.16387357	0.01844075	0.013034759	0.129414	-0.07923629	0.101238824	0.026560111	-0.019241922	-0.12337805	-0.29475248	-0.11460944	0.110732354	-0.06503793	0.004959493	-0.19956376	-0.057379153	0.0027547092	-0.08967983	0.09371995	-0.04742757	0.24701282	-0.11181923	0.058991875	-0.16588067	0.104501046	0.08509829	0.08904003	-0.20805024	-0.006746978	0.18773787	0.16468734	0.07174835	0.041181486	-0.0048317313	0.0658976	0.003138271	0.12561361	0.053394783	-0.03055009	-0.13167861	0.03814661	-0.14063662	0.035405084	-0.037958596	-0.09055333	0.17224868	0.008124331	0.17782958	0.04748446	0.09270754	0.10039209	-0.06042373	0.12198624	0.09335493	-0.16156226	0.035836034	0.008495092	0.063086696	-0.17055742	-0.05955956	0.07144789	0.09442864	-0.023254484	0.0064947843	-0.26804885	-0.2430899	-0.22637852	-0.26393607	-0.1991687	0.02410695	-0.012535682	0.18890089	-0.24218266	-0.19545738	-0.28079766	-0.115490556	-0.11264735	0.019095909	0.042970814	-0.21270722	-0.0455448	0.03887962	0.17805171	-0.13701619	-0.004814802	-0.020021116	-0.1386692	-0.07776771	0.15566334	-0.3236097	-0.08088258	0.078712694	0.09616517	0.071322195	0.12711613	0.084997095	0.008331531	-0.26233932	0.18533933	0.32254714	-0.06712157
0.055002734	0.29442412	0.042765245	0.015490021	0.43564856	0.21602413	-0.0009263634	0.4026981	0.48677173	0.16821149	-0.08515666	0.2347452	0.099680014	0.103263654	0.32922566	0.20242457	0.104292296	0.025018184	-0.41600662	0.33427793	-0.12492766	-0.14560583	-0.30661094	-0.10074163	-0.17114946	0.24711636	-0.036266122	-0.15466234	-0.066444136	0.2607058	-0.34991023	-0.1941176	-0.027050044	0.29496065	0.07575494	-0.18034816	-0.26995912	0.21113868	0.13283907	0.28371286	-0.28680843	0.019857528	-0.11556743	0.13546674	0.09013385	0.088919036	0.077236034	0.26817065	0.0066249333	-0.083650604	-0.057064567	-0.23287068	0.27631623	-0.21928662	-0.33975092	-0.13512743	0.48352534	0.3011563	-0.22376762	-0.15744755	0.0710068	0.3404171	-0.08674428	0.16927657	0.32139146	-0.10730075	0.119542554	0.1215923	0.13997595	0.2012917	-0.015896339	0.24364819	0.022901015	0.053663846	0.09245282	-0.30450937	-0.21119131	0.19944371	-0.09264918	-0.057738334	-0.12973392	-0.007878464	0.085548796	-0.09085789	-0.20423405	-0.15158361	-0.11255177	0.0631087	0.071513675	-0.0820865	-0.02276375	-0.0156275	-0.20276968	-0.14213778	-0.07727566	-0.12354186	-0.22683963	0.15501729	0.26346934	-0.56098425	-0.0126544405	-0.42677724	-0.13185342	0.035509612	-0.30628446	-0.09077471	0.016132765	-0.2190585	0.12646015	0.3877977	-0.046089947	-0.044715837	-0.11128403	0.12731317	-0.6091924	0.15458134	-0.14526659	-0.18691283	0.09332578	-0.1589065	-0.11549254	0.05384507	0.45701525	0.15865348	-0.114407726	0.021641048	0.09980287	-0.12864935
-0.08626159	0.47337136	0.29452464	0.0019276214	0.5165674	0.18690778	0.05573194	0.2049075	0.26833668	0.18677036	-0.1853603	-0.07316943	0.003543724	0.28352144	-0.016189333	0.062785886	-0.14008947	-0.19722188	-0.23629406	0.14967005	-0.006990986	-0.24495646	-0.25822276	-0.027864536	-0.24049766	0.108155005	0.28343225	-0.03380438	-0.00032071234	0.18199256	0.25162035	-0.2044389	0.09031767	-0.026550867	0.015455756	0.08746435	-0.27921093	0.33438283	0.0881354	0.052557673	-0.14145617	-0.13270192	0.06967124	0.06670178	-0.10862781	-0.38341132	0.09279048	0.4076738	0.01333621	0.034528017	0.11729671	0.050883222	0.17294279	0.13767113	0.28001383	-0.32490963	-0.35120693	0.10778233	0.034697056	-0.38298908	-0.07802327	0.23417789	-0.11974803	0.008146114	0.2971342	0.043913934	-0.145431	0.46391314	-0.0522072	-0.019068852	0.11098848	-0.18623511	0.22204897	0.13493858	0.105294295	0.23739465	0.19183642	0.27506426	-0.03129751	0.42498687	-0.3817715	-0.48097515	-0.15562616	0.25778502	-0.16858463	-0.48022225	0.05927685	-0.25646004	0.14418235	-0.08667772	-0.18147412	0.027571846	-0.52973616	-0.15050358	-0.043056827	-0.25591514	-0.2398124	0.051762477	-0.21141289	-0.44186166	-0.14353484	-0.57502306	-0.22801535	0.0580171	0.22175036	0.016054532	-0.3697282	-0.26988173	0.40210912	0.24283308	0.062117793	0.09352881	0.045171052	-0.030754557	-0.17030834	0.18644956	-0.41101256	-0.04701435	0.6790672	-0.0115047665	0.22887413	0.09759516	0.40217268	-0.095824316	-0.48999426	-0.21541739	0.09327223	0.042594768
-0.045978077	-0.10062681	-0.46530452	-0.23871927	0.009753186	0.23447102	0.19235376	0.063665	0.14980681	0.1753134	0.053455405	0.0034318361	0.0001614909	-0.100610696	-0.18306696	0.3890477	-0.25632706	-0.49308604	0.38196763	0.2688909	-0.20423295	-0.091391586	0.3317557	0.23300274	-0.44321272	-0.2846682	-0.3962963	-0.3251511	-0.11008751	-0.09920565	-0.24824907	-0.20156315	-0.054782514	-0.2210278	0.11952054	-0.3523051	-0.547539	-0.38663223	-0.08766265	-0.21689755	-0.56974655	-0.09949666	-0.26022276	-0.22685054	0.4595468	-0.0831412	0.12850487	-0.13834183	-0.13950978	-0.2250587	-0.09591282	0.08392096	0.23600598	-0.42862824	0.09572785	-0.28778428	0.789008	0.65901756	0.20946519	0.09753106	-0.038406577	-0.20995753	-0.15536384	0.30951244	0.28612962	-0.2626323	0.31413633	-0.23110059	-0.0007194309	0.010028527	0.032439467	0.17995232	0.33594152	-0.035991125	0.28981653	-0.32286978	-0.078566894	-0.17852505	-0.28291783	-0.046666216	-0.39543298	-0.30287716	0.22433098	0.049715403	0.050405167	-0.015951315	-0.19819151	0.41970783	0.4718667	-0.26064536	0.15776438	-0.5106165	-0.022650175	-0.061935224	-0.21436174	0.08226815	0.26423308	0.17130601	0.06384794	-0.07732478	0.10821332	-0.4800259	-0.39915833	-0.092918545	-0.26580977	-0.14954518	0.23311982	0.40392646	0.5994266	0.18338284	-0.23393932	0.08946516	-0.1054935	-0.14795744	-0.11775159	0.4969505	-0.24785452	-0.010232597	0.26797205	0.123730704	0.15237655	-0.15189816	0.3640378	0.24785191	-0.36426637	-0.15054883	-0.05181582	-0.20823193
-0.22284573	0.33430082	0.20203291	-0.3883637	0.34570304	-0.1252623	0.37416628	-0.40293443	0.50722235	0.5009394	0.35949877	0.43008423	-0.17895435	-0.41172853	0.30313358	0.23697652	1.1393234	0.19063829	-0.36152136	0.4224086	-0.09468947	0.75749946	-0.17645735	0.12372438	-0.5875204	0.63355637	-0.26296106	-0.3709742	-0.32946035	0.2226628	-0.7422172	-0.11207923	-0.32824782	-0.12147722	0.48065904	0.12737542	0.32994613	0.10194117	0.09067749	0.06950266	-0.27040595	0.27569273	-0.95388955	0.23701324	0.100530386	-0.028151419	0.058029916	0.30672544	-0.87930363	-0.26680782	-0.89354026	1.1806251	0.33574632	-0.21212888	-0.45711434	0.60501957	0.18394592	0.9739217	0.26028338	-0.025029298	0.15296645	-0.17766102	-0.021118926	0.23672207	-0.15458494	-0.31910667	-0.03583344	-0.281896	-0.66525584	0.051807735	-0.49585715	0.0567025	0.33783475	-0.26005438	0.35792342	0.11720059	0.1491634	0.08493085	-0.36405542	-0.109106325	-0.6257009	0.028521229	0.9457288	0.6266403	-0.27820763	0.17680538	0.4902357	0.14262998	0.738841	0.001875514	0.73018533	-0.6707599	0.2870919	-0.38278487	0.11700689	-0.20260361	0.30849633	0.9627834	-0.1691177	-0.07744923	-0.38262606	-0.50266516	-0.29267332	-0.2134484	1.0958835	0.39878553	-0.8626675	-0.101535246	0.27080312	0.311902	0.02841926	0.37786266	-0.15438114	-0.10480599	-1.3618966	0.63057005	-0.4700216	-0.6191385	0.026524303	0.8201426	-0.5279514	-0.27823016	0.59998083	0.22493267	-0.30900073	0.3051652	0.81283987	0.43994257
-0.2528303	0.8151396	0.28645018	0.13216344	0.4872886	0.30461782	0.09560325	0.26435974	0.8167595	0.41931888	-0.24809806	0.7182111	-0.083197474	0.6759013	0.22541636	0.23512107	-0.15493417	-0.14456163	0.07956913	0.3562832	-0.030509325	-0.2109051	-0.10878725	0.12419487	-0.8171759	1.0444523	-0.32634684	0.2284447	0.036363143	0.5203033	-0.070933044	-1.103107	-0.074187	0.092172034	0.42698908	-0.22467244	-0.16833378	0.0288917	-0.1462106	0.03158345	-0.77742904	-0.6075479	0.26462376	-0.32799867	0.077362366	-0.5073671	0.115475364	0.22088021	-0.19103731	-0.026842006	0.062000293	0.8622141	0.20455465	0.1145315	0.16359195	-0.50839084	0.26319614	0.92585474	-0.1404257	-1.0067861	-0.11681219	0.4270168	0.1894541	-0.104599126	-0.03898857	-0.36493734	0.24072267	0.47561723	0.12355123	0.098760836	-0.17794082	0.045151003	0.42666796	-0.20295566	0.7321645	-0.34560406	0.26543728	0.05639627	-0.39835072	0.40476924	-0.7236345	-1.0890129	-0.10740201	0.39018023	-0.033319127	-0.89226305	0.39638057	0.45255387	0.019486684	0.18407695	0.35271233	-0.14454992	-0.91508985	-0.30148867	0.007919496	-0.19796032	-0.10711818	0.23826796	-0.07813255	0.14529231	0.17912738	-0.91610384	-0.8332972	0.56473756	0.29416057	-0.11625542	-0.114418454	0.7312568	0.9726372	0.1553772	0.14294331	0.4045979	-0.1701905	-0.12148403	-0.2620057	0.41907042	-0.67033213	0.3453534	1.0564721	0.5950901	0.45179686	0.0143628325	0.25339642	-0.32479617	-0.5152059	-0.46301845	0.19828391	-0.17368776
-0.44952184	-0.25639805	-0.16957073	-0.011387622	0.15423544	-0.16944286	-0.43370777	0.25123942	0.41211483	0.0072142077	-0.086026005	-0.2728617	0.17330952	-0.015369389	0.23711734	0.08967896	0.40234643	-0.16074832	-0.4659957	-0.427361	0.08483953	-0.32574856	-0.30349502	0.25942332	-0.6522849	0.38140827	-0.16600712	-0.4569331	0.046313036	0.36476484	-0.2943926	0.029449126	0.5002456	0.19350703	-0.020113919	-0.20976557	-0.88071483	-0.19633256	-0.4729926	-0.26693884	-0.14749019	0.1285144	-0.17773694	0.2134916	-0.03323152	-0.044325188	0.18688804	0.25347945	-0.04913923	0.17821293	-0.064161524	-0.19724444	0.39058468	-0.24541903	0.029352346	-0.47879934	0.29946434	0.77149653	-0.03733629	0.8797588	-0.6639483	0.46444818	-0.52099615	0.63554096	0.3601476	-0.24224882	0.097607024	-0.24550171	-0.10730082	0.08786597	-0.13488285	0.5661425	-0.14264165	-0.23285456	0.30523112	-0.45725057	-0.32932648	-0.04982847	-0.056012806	0.18794842	-0.11706547	-0.065170415	0.076750666	0.03572261	-0.49328592	0.029710533	-0.0062153493	-0.107647404	-0.18450186	-0.40623504	0.022985026	-0.049700707	-0.23081452	0.11269906	-0.21736313	-0.111082	-0.0560517	-0.25609604	0.47435993	-0.85051185	-0.5845037	-0.73622644	-0.4093793	-0.14157051	-0.3333587	-0.20060357	-0.022070935	-0.22576687	0.42558166	0.4360025	0.07869629	-0.2401514	0.18521746	0.1685651	-0.09858591	0.14828613	-0.41041273	-0.12011441	0.17034382	-0.04428553	0.26034114	-0.615603	0.20559247	-0.36434233	-0.39634684	0.25537437	0.16402724	-0.7883616
0.045876965	0.559707	-0.18126713	-0.18170346	0.3314534	0.16250537	-0.2547709	0.97817564	0.26730224	0.6186605	0.39498803	0.21487726	0.0031357352	0.6533135	0.28221145	0.49668285	0.109928034	0.2357022	0.037638824	0.48696908	-0.1544788	-0.28870857	-0.22614488	-0.10727571	-0.26990518	0.5643749	-0.70747364	-0.28422424	0.19210322	-0.1310878	-0.23776646	-0.59300166	-0.16228583	0.12748006	0.26975197	-0.2872308	-0.4340813	0.08145468	0.16564427	-0.12918043	-0.5806019	0.48468715	0.022702921	0.20316143	0.27880478	-0.48191744	-0.19126357	0.48929235	0.1287558	-0.3632538	0.36533627	0.28560242	0.32261318	-0.43520516	0.27855495	-0.09155787	0.55843085	0.7062568	0.16981061	-0.22800584	-0.41221824	0.14243394	-0.6710207	0.4858626	-0.042853802	-0.4885413	-0.0829569	0.3147956	-0.18831903	0.22376631	0.24151784	0.089260034	0.26965025	-0.41014305	0.31829804	-0.22346969	-0.10892545	0.64122033	-0.5049166	0.14148454	-0.68988764	-0.056788076	0.23046531	-0.058382325	0.5086057	-0.25991675	0.014066501	0.025970317	0.63727784	0.2779666	0.23296863	-0.08022793	-0.30683002	0.07597396	-0.0819373	-0.59709793	-0.38677648	0.26485273	0.21618453	-0.4214841	0.20643184	-0.41995135	-0.36395672	0.12090869	-0.3921245	-0.20899178	0.5239189	0.22068582	0.6863909	0.40804207	-0.2854976	-0.0934745	-0.09795857	-0.112165555	-0.031274382	0.3290797	0.040804993	0.19400956	-0.013856948	-0.4243862	0.11020909	0.16174002	0.6438243	0.16465645	0.2107919	0.16505603	0.53032136	-0.042787526
0.028354242	0.41107374	-0.08533901	0.47717538	0.08345519	-0.19764686	-0.042907514	0.0865655	0.31720194	-0.046899892	-0.38875663	-0.09077641	0.9335227	-0.26246798	-0.17905283	0.14138699	-0.26360098	-0.41445586	-0.6440612	-0.44268936	-0.29091358	0.06458503	-0.15657753	0.16520062	-0.8836204	-0.54887503	-0.08070324	-0.2701167	-0.19282466	0.7464211	-0.6985903	-0.33541533	0.4875132	-0.87936735	0.20940539	-0.13058591	-1.1333513	-0.1896645	-0.21232745	-0.24009831	-0.47706026	0.08672707	-0.19031785	-0.43792567	-0.035290875	-0.4532545	0.03841207	0.34442848	-0.049021646	-0.10880676	0.16954148	0.8943489	0.18416981	-0.05307921	0.559341	-0.37362418	-0.010251819	0.8045598	-0.39477804	0.02200909	-0.076339364	-0.10510908	0.49092206	0.5232195	0.03764995	-0.05713815	-0.37966532	0.47684357	-0.16179278	0.1729553	-0.14513871	-0.028270803	0.16207154	0.2639175	-0.055215657	-0.25307876	-0.6016769	0.3446945	0.2902785	0.81652075	-0.9511034	-0.48639357	0.75382745	-0.28998837	0.014493919	0.34303972	-0.089412026	-0.36318648	0.7624588	-0.014440039	-0.28426045	-0.08588374	-0.2646497	-0.23069867	-0.48757547	-0.84224737	0.13079165	-0.3037254	0.24239986	-0.86271614	-0.39490104	-1.191559	-1.0001467	-0.00031473383	-0.20849344	-0.30914608	-0.16777153	-0.13508974	0.12627248	0.46782067	-0.3250834	0.0068698605	0.03170774	-0.16007017	-0.6655162	-0.03175212	-0.52566046	-0.43069085	0.64642847	0.31261846	-0.013338509	0.15319256	0.30909833	0.19146523	-0.3939825	-0.08612369	-0.2234991	-0.80269843
0.0064107766	0.48416784	-0.2030416	-0.19396068	0.2603799	0.16714549	-0.17966606	0.8859051	0.23358531	0.6089534	0.3710954	0.18902017	0.032454792	0.61204755	0.25127938	0.46365446	0.16785318	0.1573212	0.10405282	0.4560498	-0.23386464	-0.25930184	-0.20892212	-0.049243875	-0.33659676	0.5250056	-0.6784613	-0.25492585	0.1868077	-0.17768373	-0.26875472	-0.5274864	-0.2211207	0.09868727	0.31265312	-0.28325915	-0.503003	0.1672561	0.15909927	-0.22277717	-0.58167315	0.55434644	-0.041613158	0.23722525	0.23918636	-0.62620014	-0.15736021	0.43193883	0.12006914	-0.30875257	0.3554697	0.16389957	0.35126328	-0.45086864	0.3523599	-0.13430835	0.5010759	0.6762097	0.1765597	-0.1528324	-0.34976593	0.12636949	-0.64432335	0.5003931	-0.08808762	-0.40667024	-0.11201113	0.15580994	-0.20987302	0.15908657	0.15178345	0.15644854	0.29668096	-0.4025549	0.34529963	-0.20925096	-0.09072024	0.50997716	-0.5155126	0.15102446	-0.6783112	-0.10284516	0.23095264	-0.006544962	0.4729381	-0.33986062	-0.0018396038	-0.0003948531	0.6661216	0.29339877	0.293771	-0.20182905	-0.28626928	0.089830205	0.012457939	-0.531952	-0.463955	0.23128763	0.26528415	-0.34069052	0.28170016	-0.45899826	-0.45521715	0.13268049	-0.25576037	-0.18848093	0.5511144	0.16518098	0.67600876	0.38551798	-0.28816718	-0.0346901	-0.059189048	-0.1284475	0.035571825	0.3095334	0.04737303	0.31088918	-0.07927359	-0.37384987	0.0856126	0.1739565	0.69215494	0.14766626	0.2021065	0.055097323	0.54904294	0.003518893
-0.109952286	0.43298024	0.30759346	0.021512529	0.55878055	0.16468482	0.035762824	0.2261985	0.32044265	0.20416273	-0.2145522	-0.0662416	-0.011710002	0.29698688	0.028040702	0.06547414	-0.08272161	-0.16335051	-0.20347807	0.21346644	-0.037582017	-0.3112908	-0.22751534	-0.04341505	-0.25534084	0.1228232	0.17447147	0.009876427	0.027088035	0.2230413	0.22411484	-0.21436308	0.084282316	-0.057345	0.0107039055	-0.0022472746	-0.31603697	0.34441954	0.087941565	0.06361836	-0.19207576	-0.13467886	0.034669355	0.08214377	-0.050122246	-0.3782754	0.11108498	0.3616369	-0.0617252	0.009356953	0.07128925	0.085956104	0.20451052	0.16216731	0.25351232	-0.3099549	-0.2645648	0.1222517	0.04312359	-0.44773522	-0.10039445	0.23650767	-0.13382676	-0.018951776	0.2735584	0.030816017	-0.19102578	0.53573424	-0.04402455	-0.027041659	0.18116742	-0.14752433	0.27030882	0.17900991	0.0032019448	0.18353619	0.12105764	0.27312228	-0.06995097	0.43530115	-0.34472844	-0.46999007	-0.15570752	0.24902947	-0.120376766	-0.4318274	0.13103871	-0.21911062	0.20149295	-0.061323743	-0.16656741	0.025473114	-0.48462048	-0.14729826	-0.066902064	-0.2703514	-0.22213463	0.05597522	-0.1909603	-0.38448057	-0.123934455	-0.6336911	-0.25147656	0.026427044	0.24784723	0.06574824	-0.36775494	-0.29994053	0.49207765	0.21632615	0.0039112847	0.09113669	0.066460244	-0.019511491	-0.15458113	0.18716207	-0.42867306	-0.014142976	0.66969776	-0.013563439	0.20801821	0.1349848	0.37800032	-0.14348911	-0.45150837	-0.18009682	0.14876774	0.06756711
-0.09813376	0.42101336	0.33798516	0.04992518	0.56484336	0.19811253	0.015162822	0.18311553	0.32224685	0.20837432	-0.1971394	-0.06378959	-0.010844595	0.31769016	0.024177333	0.055898517	-0.07820594	-0.16819331	-0.22336595	0.16829237	-0.03659002	-0.28061607	-0.23704909	-0.018203927	-0.22438416	0.13801557	0.17080255	0.03617602	0.04628272	0.22772777	0.21883	-0.21540554	0.10645884	-0.043327	0.04265556	-0.013189112	-0.26541615	0.36351523	0.07970787	0.08074563	-0.16742621	-0.13478062	0.038388893	0.13649449	-0.105328724	-0.36915433	0.06189544	0.33184132	-0.04413141	0.011639456	0.07544863	0.087391905	0.16870658	0.10543231	0.19797319	-0.27749333	-0.26370063	0.13414408	0.0697092	-0.4025411	0.007901179	0.22651894	-0.09631554	-0.0052259173	0.29171965	0.019420426	-0.24454522	0.5561022	-0.0783281	-0.020030435	0.18018447	-0.1450476	0.21346594	0.18678856	0.081784636	0.17242517	0.1313239	0.26058492	-0.040798265	0.481269	-0.2900412	-0.47334918	-0.19188128	0.28829974	-0.16157596	-0.41586566	0.10665069	-0.24095897	0.21386302	-0.07111592	-0.19416358	-0.028558036	-0.46618277	-0.1314223	-0.042567763	-0.27026522	-0.20206772	0.08022381	-0.2478262	-0.41581282	-0.08753973	-0.6240724	-0.24570051	0.044643942	0.2313492	0.06875975	-0.32870886	-0.34445453	0.44262618	0.2305791	-0.019653242	0.109722376	0.07358424	-0.043383382	-0.19087608	0.18679002	-0.4389041	-0.049310222	0.72723585	-0.06619213	0.20577714	0.14882351	0.37329322	-0.14122339	-0.4843431	-0.16760476	0.1591718	0.06806264
0.22842714	0.13461402	0.00564333	-0.06285997	0.13052256	0.3003692	-0.122512944	0.46181175	0.2321735	-0.09098335	-0.15187119	0.10194406	-0.10494605	-0.24457987	0.045681857	0.24195361	-0.38267025	-0.19139001	0.15366821	0.041961156	0.030716117	0.0015272744	0.021454284	0.23659426	-0.28756836	0.11831303	-0.22691314	-0.54266477	-0.20312154	0.07123322	-0.08390794	-0.24002483	0.23909576	-0.24201715	0.12834859	0.080755	-0.31982812	-0.42382878	-0.09609675	-0.16832885	-0.27989647	-0.27661297	-0.20344067	-0.03543612	0.28757095	-0.30329955	-0.20771126	0.026967848	0.2545177	-0.040536627	0.03595937	-0.4352322	-0.03337982	-0.10378001	0.16194606	0.15016021	0.05476072	0.48057824	0.29398862	0.21635316	-0.22727278	0.0727742	-0.15455264	0.11925003	0.31242147	-0.19460833	-0.13213204	-0.036087465	-0.18244547	-0.124900185	-0.007373992	0.062377617	0.17535143	0.08115722	0.24146077	0.40790573	0.1603009	-0.21765207	-0.12213218	0.039746918	-0.12152204	-0.5179506	-0.100548565	0.0043088417	-0.14041236	-0.13454783	0.06797206	-0.08393848	0.36462924	-0.11262166	-0.055936404	-0.13147672	0.12202717	0.11406612	-0.22338763	-0.084284835	-0.05844143	0.18558253	0.011182737	-0.22066453	-0.16696031	-0.48575428	-0.07112537	-0.0022042543	-0.054914568	-0.0013837687	0.13324913	0.37136385	0.25278553	0.09312164	0.11691945	0.0060871956	-0.10464462	0.0123298075	-0.17421813	0.06912997	-0.13016337	-0.042584993	0.28258178	0.081992805	0.19495165	-0.08344798	0.2476268	0.16284381	-0.21926723	0.10003421	0.117459685	-0.10071912
-0.37239948	0.18256675	0.055071082	-0.1485104	0.36973172	0.17187534	0.21685994	-0.22954784	0.33122122	0.260165	0.0984363	0.08291592	0.37821075	0.10863988	-0.1320778	0.22454283	-0.06167205	-0.5043848	-0.50235736	-0.6973064	-0.1058272	-0.34014553	-0.3171062	-0.23019207	-0.55270433	-0.06789865	0.0880085	0.15237856	0.12506633	0.5250356	-0.018327003	-0.004906513	0.5565752	0.08063512	0.36737794	-0.1907588	-0.71349657	0.24036232	0.333129	0.20430385	-0.2300588	0.47202832	-0.124147505	-0.051975954	-0.11869232	-0.21341395	0.5372675	0.0897609	0.012542995	0.22519067	-0.14517209	0.59617406	0.31979945	-0.20538886	-0.14343104	-0.13687167	0.09144921	0.5076477	0.2801079	-0.17062755	-0.19352236	0.37523502	-0.16956456	0.66780996	0.71784157	-0.04377003	0.07749315	0.1008115	-0.15040015	-0.16414677	0.12824838	0.18279198	-0.4908741	0.5550748	0.25512254	-0.17040655	0.1897144	0.6912209	-0.44031143	0.4579232	-0.5260873	-0.29515868	0.14260626	0.06287379	-0.2963235	0.3997909	-0.083868645	-0.32431456	0.12648088	0.13771397	-0.32110688	-0.06963965	-0.39166987	-0.30788127	-0.25003442	-0.07697375	-0.22903553	-0.12998666	-0.22923519	-0.48502937	-0.351519	-0.9339177	-0.26869252	-0.11414667	-0.2256657	-0.042251788	0.28548658	-0.5464004	0.432818	0.15009288	-0.17798065	-0.21841793	0.0032445758	-0.2697275	-0.70112187	0.24967778	-0.6656875	-0.59234	0.580589	-0.0072143027	-0.086782	0.037856124	0.5157461	0.32576466	-0.15035276	-0.27406922	0.22383195	-0.56836605
0.052457865	0.2688666	0.036328748	0.007959516	0.41996723	0.22549273	0.00540023	0.43916857	0.47157457	0.25501892	-0.082974076	0.23514703	0.046832077	0.10680345	0.31275135	0.19679372	0.09959889	0.024930215	-0.3662948	0.3446371	-0.016270323	-0.13326661	-0.3343847	-0.071715936	-0.13472402	0.26060954	-0.07263998	-0.13894637	-0.08169258	0.1994071	-0.36226442	-0.15550828	-0.07652296	0.29350525	0.07733319	-0.13703015	-0.26469088	0.18231167	0.08379858	0.2867351	-0.27645206	0.007622972	-0.12429166	0.13157803	0.117903836	0.11603624	0.04230823	0.32187483	-0.028398031	-0.053072583	-0.026424067	-0.13447201	0.24279189	-0.22889253	-0.30119744	-0.06234722	0.49912688	0.36055806	-0.18901533	-0.15481842	0.06387949	0.34072524	-0.07444044	0.20406856	0.40950626	-0.13335472	0.09157651	0.11240974	0.15330371	0.1919664	-0.053118903	0.31575972	-0.022616265	0.09933005	0.08498566	-0.32119495	-0.19310175	0.18793339	-0.040497214	-0.017561998	-0.083985284	0.0045655905	0.109654985	-0.06359704	-0.22480966	-0.2516075	-0.052518457	0.10547597	0.060043607	-0.08850457	-0.015685424	0.02464419	-0.22747211	-0.03644133	-0.031124245	-0.06737685	-0.1999075	0.17364347	0.28085977	-0.5126348	-0.06567939	-0.36587	-0.1973763	0.041140866	-0.31427878	-0.0763475	-0.003634734	-0.23897094	0.16445832	0.4119776	-0.04834342	-0.059266992	-0.094433606	0.097941205	-0.5742597	0.20317861	-0.05577092	-0.13399832	0.057703592	-0.1490206	-0.116202965	0.01354476	0.4765192	0.099896856	-0.06628712	-0.030168183	0.11901058	-0.14409567
0.2163333	0.09068093	0.1945026	-0.015400407	0.25882939	0.13293824	0.27529177	0.035472345	0.2922199	-0.14858548	-0.11265378	0.011280243	-0.07106188	0.021745004	-0.052778468	-0.010485379	0.051993627	-0.25425252	-0.28692114	0.17053702	-0.009040106	-0.3075197	0.1675305	-0.0340625	-0.19320625	0.2216518	-0.300959	-0.30226317	-0.26154733	-0.08757494	-0.163992	-0.09565492	0.05828381	0.07253476	0.0029344158	-0.046354953	-0.31628308	-0.3090558	-0.080306284	0.010365146	-0.04484786	0.16109754	-0.2637168	-0.025903473	0.20935023	-0.22303028	0.15138078	0.2940072	0.02976019	0.28369418	0.050505705	-0.017344125	0.15898179	-0.047917325	0.0633886	-0.05772551	0.36460072	0.13487898	0.07307279	0.03282979	0.014865728	0.19291748	-0.11243195	0.10437488	0.006444022	-0.12893252	-0.14948663	-0.060411602	-0.057445433	0.0329159	-0.008116612	0.09316273	-0.062746756	-0.12281515	-0.014751549	0.16942215	0.14450294	0.056964148	0.08092983	0.09653345	0.22146569	-0.15438795	0.108034514	-0.08270094	-0.036108926	-0.19016717	0.007575234	-0.009992798	0.061552778	0.23169962	-0.19189282	-0.11956309	-0.10654211	0.15771718	-0.17982243	0.19768435	0.0023866864	-0.13072097	-0.13372803	-0.060230475	-0.20295455	-0.27364013	-0.028242571	-0.11206923	0.215176	-0.035946082	-0.18922706	0.08113189	0.10092298	0.38212708	0.2696997	0.09953813	0.010118365	-0.085014656	-0.36089277	-0.032392044	-0.26951408	-0.14696409	0.16479309	0.060247503	-0.06351236	-0.11058025	0.09432089	0.073214434	-0.08551343	-0.062054727	0.16516045	-0.119117245
0.009053294	0.071631804	0.04688041	-0.1363755	0.07455074	0.15361495	-0.17491435	0.19305085	0.12149923	0.1350366	-0.037174	0.19621564	0.10276892	0.025369573	-0.11136548	0.16340041	0.057885718	-0.21361971	0.012635434	0.19926226	-0.09487948	0.011243164	-0.10032106	0.048399676	-0.24916372	0.046697516	-0.22642969	-0.13637076	0.071043484	-0.14052387	-0.23473941	-0.018156432	0.010914249	0.054580778	-0.030328423	-0.2407278	-0.2842532	-0.13882898	0.07410013	0.08818562	-0.36175507	-0.0881838	-0.18529028	-0.021921698	0.042632736	-0.08655362	0.07942828	0.20590898	-0.24527225	-0.1401089	-0.07070895	0.035531048	0.12395969	-0.10644462	0.06883531	-0.07929175	0.3430645	0.26169774	0.109462686	0.178189	-0.08838786	0.025948558	-0.15031043	0.24855779	-0.012406531	0.043890107	-0.04621865	-0.012140783	-0.06490837	-0.11052728	-0.08764515	0.11368553	0.26789725	-0.07078962	0.15801015	-0.041930467	-0.082573995	-0.17114589	0.0611449	-0.03130639	0.073165804	-0.07913766	-0.077661045	-0.09509995	0.0661924	0.10195751	0.07490602	0.24238126	0.17169462	0.09239393	0.041771434	-0.021557283	-0.06391791	-0.081978075	0.06341182	-0.061017398	-0.02441999	0.14258735	0.10995895	-0.04069284	-0.03995604	-0.11384005	-0.28009528	-0.08682969	-0.16614774	-0.18221742	-0.070136964	-0.040930286	0.16868171	0.14231288	0.019009009	0.1688469	0.13101663	0.024170147	-0.07729598	0.112561435	-0.11245277	0.07821415	0.26788053	-0.10317689	-0.115762495	-0.07750102	0.08198529	-0.052635167	-0.15244104	0.058826238	-0.052312203	-0.07303169
0.54312366	0.47354558	0.51707846	-0.30453962	0.4941146	0.20656712	-0.077281244	0.25747243	1.145954	0.23254737	-0.0080985725	0.36536998	0.4088397	-0.48345655	0.0676481	-0.1432258	0.30647412	-0.43766886	-0.54811496	0.07814987	-0.20037137	-0.18780078	-0.16297193	0.024707818	-0.49844348	0.13725348	0.059033357	-0.4882895	-0.3288517	0.61717343	-0.14217204	-0.105483346	-0.37348762	0.2368909	0.13840535	-0.5659024	-0.43310317	-0.3789043	-0.09342453	0.30561492	-0.5833691	-0.287112	-0.68211764	0.22112033	-0.02259957	-0.603113	0.08354884	0.26075625	-0.30285546	-0.042729855	-0.54866844	-0.13201818	0.32018903	-0.02832567	0.1365925	0.28491905	0.5903234	0.17443487	0.16593614	0.15324187	-0.16193357	0.38516173	0.26611593	0.3322671	0.31328347	0.29523268	-0.24925856	-0.1542733	-0.08477846	-0.23293167	-0.09786026	-0.024883986	0.17765678	0.35855302	-0.16797471	-0.37081832	0.39102045	0.16391781	0.066110745	-0.2093235	0.2062569	-0.32513818	-0.16595672	-0.002895947	-0.44116676	0.30722874	-0.0909089	0.08826668	-0.056638543	-0.025654739	-0.13636433	-0.32025215	-0.45110092	-0.44101155	-0.052555732	-0.4100764	0.56036437	-0.15850458	0.353559	-0.22384758	0.06065445	-1.0593172	-0.12038684	0.25802857	-0.0075476253	0.15874887	-0.4243518	-0.13953793	0.17921291	0.14755659	0.42765123	0.32456282	-0.25403425	0.33406994	-0.36215067	0.0761011	-0.6551425	-0.4300275	0.606588	-0.0029758895	-0.07977286	0.19615974	0.38678083	0.06580643	-0.4090935	0.10960903	0.2758923	-0.17121929
-0.10475015	0.40954036	0.31349486	-0.3340292	0.21798873	-0.25739518	0.38900056	-0.5743304	0.65904504	0.5808321	0.19681841	0.49526367	-0.18674175	-0.39885733	0.31688383	0.43978325	1.0665169	-0.0036695877	-0.3676307	0.30980048	-0.00052727154	0.8899511	-0.29805243	0.3585892	-0.7390405	0.6935658	-0.2727529	-0.23453066	-0.61253536	0.23677841	-0.6361159	-0.23805475	-0.50224954	-0.33910733	0.41565537	0.09528375	0.47998077	-0.14794804	0.2917994	0.2840821	-0.19983675	0.34600353	-0.94214904	0.18266481	0.014906817	-0.1861052	-0.111622475	0.30967522	-0.86559945	-0.36838228	-0.87297183	1.1036571	0.3102746	-0.07629686	-0.64531165	0.97973037	0.33780277	1.1941974	0.34062386	0.061265133	0.25431	-0.17004633	-0.29018858	0.3821594	0.023520425	0.015555066	0.00633249	-0.2646818	-0.8679846	-0.21345073	-0.19824395	-0.015186005	0.27067715	-0.36345026	0.1697182	0.15309031	0.21745901	-0.07567861	-0.41220906	0.0074715996	-0.57274544	0.16628987	1.1478636	0.6376515	-0.4767388	0.1666978	0.47739378	-0.042899087	0.8253386	0.11786434	0.64667684	-0.5957042	0.21383847	-0.46388716	0.21160942	-0.19079764	0.414832	0.99278396	-0.24215735	0.026694775	-0.32937318	-0.3907687	-0.4239873	-0.3451936	1.1680264	0.23049985	-0.7521494	-0.09487386	0.234075	0.22247247	0.33489475	0.37276575	-0.24161264	-0.19919708	-1.8160639	0.48252872	-0.74961233	-0.5642887	0.019587979	0.7921563	-0.5781739	-0.40006423	0.52034706	0.2840678	0.017033827	0.3334929	0.6390537	0.61106527
-0.18374278	0.39812306	0.3002296	0.10629564	0.19380285	0.5509012	-0.09288797	0.2565575	0.8385239	0.17163754	-0.32998526	0.19515754	0.097335786	-0.044239152	-0.08584563	0.094409525	-0.08442348	-0.114939265	-0.54342306	0.092273615	-0.22253932	-0.2137864	-0.047103617	-0.027336625	-0.4057287	0.07352087	-0.024554469	0.08716891	-0.15794303	0.03203467	0.02208797	0.018918354	0.12401588	-0.23355517	-0.02992421	0.04402824	-0.043939576	0.25206813	0.30200028	-0.11905047	-0.30154663	-0.008194761	-0.12641276	0.0696793	-0.18967007	0.1449644	-0.18741392	0.42684686	0.08010697	0.21520357	0.11704179	0.102230474	-0.081401646	-0.33361426	-0.22480051	0.07161177	-0.044224873	0.6334684	0.048618082	-0.031962793	-0.29224563	0.4519902	-0.0059779114	0.20995554	0.5526924	0.074829	-0.18765931	0.3268935	-0.08537335	0.18029669	-0.10602424	0.07558841	-0.09445473	0.30503386	-0.11185101	-0.21687293	0.21616627	0.40138593	0.23494853	0.3013596	-0.3074895	-0.26461294	0.1119709	-0.20027213	-0.090094574	-0.067246884	-0.2530833	0.13248582	0.15986346	0.12933388	-0.40509674	0.106824696	-0.46477637	-0.30856526	-0.24654788	0.1726715	0.022970842	-0.09527043	-0.087310806	-0.38936764	0.15920739	-0.6867319	-0.34517133	0.12898085	-0.11057724	0.16938841	-0.29332152	-0.106681496	0.13699281	0.46561825	0.1247487	0.051250737	0.089319885	-0.06586562	-0.44708136	0.11937765	-0.42402405	-0.41906786	0.49792266	0.18930031	0.098516814	0.039584216	0.45405194	0.037770767	-0.34356517	-0.20137754	-0.115944535	-0.21382621
0.0029898942	0.5145067	-0.14891759	-0.20458584	0.34283203	0.1239378	-0.24459437	0.9552406	0.4154232	0.69519764	0.24698317	0.23920196	0.1491077	0.7618661	0.27933437	0.48147056	0.16066279	0.2795667	0.10782852	0.4788783	-0.2685318	-0.25737184	-0.20019425	0.0071707107	-0.44740862	0.5339024	-0.5739918	-0.072091855	0.21348132	-0.08505784	-0.27617538	-0.5139025	-0.16510697	0.072156064	0.1923596	-0.31489667	-0.48642755	0.11741338	0.05715563	-0.25543144	-0.48686695	0.5570586	-0.01312693	0.14235987	0.14400631	-0.5667876	-0.32943732	0.50848496	0.15682025	-0.37843826	0.38015524	0.26098624	0.27346292	-0.4824896	0.328496	-0.23413935	0.54370284	0.5793565	0.14395146	-0.20422007	-0.4899851	0.14823328	-0.689873	0.5905081	-0.10442548	-0.41760015	-0.009883206	0.2873212	-0.21814473	0.33706647	0.23546506	0.08631269	0.23992448	-0.46313003	0.3405403	-0.2643953	-0.1065278	0.5673449	-0.42102978	0.20701155	-0.7098584	-0.21349911	0.2369691	-0.03897993	0.5410116	-0.28845686	-0.050801292	0.0620977	0.48908603	0.20132568	0.26912707	-0.09684036	-0.1388606	0.068318516	0.007027729	-0.70553476	-0.41832078	0.22927298	0.26245156	-0.40331993	0.2790111	-0.42145777	-0.5746436	0.18884873	-0.28046003	-0.12486396	0.5255379	0.33463082	0.5490793	0.36860558	-0.14653659	0.003352124	-0.07131234	-0.0653571	0.019406378	0.3160783	-0.07844008	0.29414323	0.031772356	-0.32754353	0.1230468	0.04116806	0.5777776	0.14251351	0.17851144	0.04178735	0.5439804	0.02292843
0.12712295	0.39690802	0.017361518	-0.0028190087	0.38799533	-0.0722532	-0.1617179	0.6195163	0.2390815	0.3308053	0.1897674	0.20108849	0.11637181	0.4919309	0.39384285	0.33355996	0.3204427	0.33601978	0.038501907	0.4078567	-0.2037261	-0.045679696	-0.36423224	-0.08648257	-0.16039927	0.37685016	-0.4727294	-0.1354523	-0.012848892	-0.03049015	-0.24878648	-0.53159547	-0.011507617	0.006527765	-0.07863147	-0.15306927	-0.3983745	0.07253895	0.13906893	-0.2321852	-0.24848606	0.5369888	0.023919338	0.17353821	0.13489972	-0.23410633	-0.425976	0.43346187	0.061663624	-0.18625961	0.08774819	-0.016785424	0.3293848	-0.10494241	0.31080317	-0.25279638	0.30521128	0.4215511	0.016804568	-0.18273695	-0.36950335	0.04237261	-0.5328987	0.21677284	-0.123377435	-0.31946054	-0.11739439	0.28392327	-0.14298588	0.12612237	0.11664249	0.047331024	0.17486757	-0.3740697	0.26349667	-0.20799233	-0.23337637	0.2988875	-0.3775222	0.095815666	-0.19699986	-0.14160414	0.059047773	0.051751576	0.23217517	-0.37778252	0.21881543	-0.12844004	0.46162164	0.32543513	0.195566	-0.019895598	-0.21647589	0.105065994	0.005405243	-0.41712052	-0.34197494	0.19540316	0.15227415	-0.04751298	0.16664134	-0.30755198	-0.30433413	-0.034160227	-0.12321179	0.028804438	0.3398174	0.16992207	0.32326096	0.21124376	0.14909816	0.050911285	-0.14830783	-0.029784556	0.12047666	0.06769052	-0.20411526	0.26639268	-0.10430351	-0.24054217	0.07120851	0.061864924	0.44263706	-0.15231867	-0.06803991	-0.050498128	0.42604658	0.15840925
-0.23152587	0.15000726	-0.24537694	-0.41028094	0.033786915	-0.059356954	0.0185068	0.4037832	0.21364698	0.30513856	0.39642408	0.22527792	0.05590299	0.06302632	-0.13846157	0.23716335	0.28088927	-0.22643024	-0.24425058	0.087306164	-0.17040996	0.0100372555	-0.2104398	0.0050786985	-0.24026226	0.063095555	-0.1900312	-0.017082572	-0.02609635	-0.065438576	-0.57623875	0.072160944	-0.18913192	0.32581595	0.14424837	-0.21155989	-0.2251433	0.14298221	0.16190746	0.055135068	-0.42869645	0.3133971	-0.5063044	0.11825675	0.15130761	-0.3724157	0.31099302	-0.14536147	-0.3878602	0.009320865	-0.15507264	0.4185296	0.43353248	-0.4741067	0.2712098	0.15174213	0.64757067	0.6936076	0.28448465	0.060900725	-0.17907134	0.18559416	-0.16100977	0.33360514	0.046259824	-0.21465923	0.045235317	-0.20117745	0.096221946	-0.05361659	-0.024154687	0.23974834	0.31328744	-0.3212862	0.15944646	-0.119945034	-0.08896272	0.26033902	-0.20235594	-0.09736197	-0.57565844	0.005297989	0.09836427	-0.05080395	0.06416736	0.15931605	0.03188892	0.35287353	0.48007408	0.07675214	0.054632038	-0.5125513	-0.26290515	-0.13795568	0.0014238686	0.020242551	0.041193746	-0.020731239	0.4261057	-0.19297485	-0.18613264	-0.5397701	0.032848064	0.2554779	-0.3751728	-0.03448618	0.05198315	0.017233858	0.49868676	-0.044579934	-0.35860142	0.013889816	-0.061974477	0.11055246	-0.28937262	0.07807437	0.020888688	-0.21923973	0.14711235	-0.069725916	-0.17293224	-0.028376317	0.50737363	-0.092112504	0.3444857	0.2072921	0.56010777	-0.026037684
0.372984	-0.5237345	0.06852279	0.42460185	0.3705556	0.49295336	1.1381117	0.2586225	0.40551022	-0.14695583	-0.0117085	0.41475546	0.6939575	0.25531054	-0.5762352	0.65306515	-0.16087249	-0.76908845	-0.49452338	0.57602537	-0.04223405	-0.08954511	-0.51378155	-0.0029578616	-0.969132	-0.18835223	0.21987978	0.05431859	-0.03836412	0.2709436	0.54541814	0.08993794	0.7041505	0.6201548	-0.46971813	0.36911866	-0.47412497	-0.16951594	-0.25490454	-0.47168487	-0.45822364	-0.05307192	-0.9902896	-0.38934383	0.37594965	-0.02013187	0.5767027	0.3314834	-0.3912554	0.07174961	0.054669276	-0.6703082	0.23619273	-0.26864043	-0.2361458	-0.8903622	-0.117998004	0.045092147	0.19734804	0.83531326	-0.3763581	0.8181218	-0.5090059	-0.41491607	0.17703336	0.35139832	0.08552517	-0.36348182	-0.7877959	-0.45253274	0.2367409	-0.11226235	-0.22728316	-0.379118	0.64704305	-0.44250044	0.74330324	-0.447291	-0.41192725	-0.5409107	-0.10423605	-1.2803351	0.589093	0.27574784	-0.6349476	0.08197315	-0.23070602	0.15838818	0.19040024	0.3594536	-0.13085352	-0.3885557	0.4945333	-0.6241443	-0.13484325	-0.14841574	0.083003946	0.20788349	0.10021502	-0.24311928	-0.96478295	-0.014445602	-0.64325994	0.050142895	-0.0014781012	-0.4546367	0.57075405	0.7316725	0.006540228	0.3035251	0.3714488	0.47823498	0.19746852	0.2539156	-0.2096337	-0.49898615	-0.22982898	0.55225915	-0.31350705	0.057575908	-0.7944019	-0.5326473	0.19301371	-0.058090705	-0.58949655	0.3354851	-0.10248466	-0.4197609
-0.024813397	0.57382816	0.080903806	-0.3036442	0.30531964	0.4020991	0.06909974	0.34247154	0.054533362	0.19595005	-0.22643612	0.31702724	0.11586353	-0.1252393	-0.24747752	0.19327433	0.22222735	-0.2414327	0.021674246	0.037122265	-0.040144067	-0.25037417	-0.35318443	0.060431227	-0.20768921	0.06245153	-0.49191	-0.13011935	0.13001713	-0.27901092	-0.5058774	-0.23769689	0.076014936	0.08297334	-0.14486045	-0.22957003	-0.22269024	-0.25905877	0.17311507	0.31916094	-0.3700244	-0.1205427	0.060598675	-0.124828875	0.07997793	0.026355224	0.1620142	0.29447028	-0.0342096	-0.2107121	-0.013930734	0.07684452	0.21019042	-0.24662156	-0.06492708	0.14529955	0.26651794	0.5025884	0.07180195	0.17588061	-0.10140331	0.028352145	-0.48226175	0.20876077	0.089105494	-0.087130055	-0.24097449	-0.062295094	0.029273795	0.07106266	0.09424999	0.24980006	0.24914	-0.014187429	0.21633019	0.06879717	-0.113876656	-0.22481488	0.012039085	0.09789434	0.2516313	-0.10916128	-0.289148	-0.016899547	0.07512332	0.061910927	0.15023047	0.053216748	0.4676541	0.14521112	-0.27258688	-0.30441427	-0.334655	0.13231733	0.007287377	0.14312698	-0.09174322	-0.012719195	-0.099641435	-0.4064074	-0.14972925	-0.21527107	-0.108910516	-0.34976164	-0.27502224	-0.18081398	-0.07957117	-0.16933666	0.2216311	0.08561338	0.0013224845	0.13930622	0.10598046	0.29080087	-0.26550984	0.21727005	-0.33896637	0.13195312	0.33199188	-0.2984769	-0.25808224	-0.3092559	0.1427987	-0.08323522	0.34796032	0.26258457	-0.20208624	-0.054523677
0.13712455	0.029857019	0.064178675	-0.008939288	0.01284981	0.04508306	-0.17405458	0.07579811	0.24155873	0.22218922	-0.11711054	0.061458353	0.11009345	0.010500081	-0.20000577	0.13003246	0.113741204	0.0097036	-0.11886859	0.040406458	-0.07727941	-0.14004368	-0.1388703	0.075279094	-0.09106084	-0.020725766	-0.019744819	-0.06857089	-0.12707666	0.11717701	-0.12255521	0.023986427	-0.011905408	0.16388841	-0.054731186	-0.1291766	-0.2002507	-0.3255782	0.11730833	-0.092405185	-0.11024282	-0.13546664	-0.19732113	0.06948632	-0.12088766	-0.12055516	0.028287724	0.2574221	-0.15638144	0.05892454	-0.23053293	-0.22360143	0.29877838	-0.10373701	-0.20754266	0.058299437	0.39867666	0.06389481	0.09892869	-0.007414624	0.021267276	0.17031866	-0.19821912	0.104014635	0.18035534	-0.022253282	-0.123803616	-0.119147636	-0.15679994	-0.17651896	0.046306044	0.05079106	0.056704085	-0.044834796	0.17450613	-0.17501886	0.020416673	0.045654334	0.09841699	-0.15238672	0.026466507	-0.29103696	-0.0022504963	-0.1494455	-0.29206544	-0.15853906	0.22786312	-0.020159641	-0.14434308	0.019688098	-0.13000914	-0.25230443	-0.093464896	-0.17354494	0.12605819	-0.040677547	0.06665404	-0.25015995	0.192153	-0.3022537	-0.44755977	-0.27541816	0.014538301	0.010425588	-0.12725532	-0.06744836	-0.19289292	0.01581337	0.12735368	0.3619885	0.25436708	-0.03397922	0.06760186	0.139824	-0.21748458	-0.022063991	-0.310211	-0.07244078	0.09738988	-0.3222586	-0.2168569	0.14149691	0.121000335	-0.110037036	-0.040346235	-0.00702619	0.003997712	-0.009277367
-0.010966436	0.03195279	-0.003335682	0.08044244	0.21948694	0.15341789	0.1976008	-0.07377214	0.20426655	-0.038790043	0.04409487	-0.061020568	0.025469601	-0.1455133	-0.025730515	0.16592304	0.0040562125	-0.106949955	-0.25161704	-0.0680947	0.08423559	-0.09069092	0.011908662	0.09276497	-0.37803218	0.014098552	0.05175305	-0.10087578	-0.05306345	0.05897751	0.01651415	-0.034476522	0.0069337664	-0.019323181	0.030588169	-0.053957526	-0.17020704	-0.077141404	-0.06783446	-0.05256708	-0.27858803	-0.044311877	-0.2823727	-0.1644494	0.1327405	-0.17422621	0.019214403	0.2034187	-0.07524278	0.025685841	-0.2852565	0.12485551	0.12876669	0.0096691735	-0.02174823	0.090164304	0.09012852	0.19413728	-0.0072933664	-0.055651814	-0.2255983	0.16689187	-0.35729507	0.009415044	0.12071438	0.044205572	-0.10588108	-0.084491484	-0.051614292	-0.08442849	-0.1061146	-0.012991898	-0.005586953	-0.00049949676	0.07297788	0.044006158	0.07871221	0.06702958	-0.2756453	-0.079803616	-0.06847374	-0.12060071	0.13909888	0.06991199	-0.16871728	-0.09217554	-0.01930939	-0.062523045	0.19941099	0.06941723	0.12012628	-0.059780903	-0.025965093	-0.12771074	0.0019288616	0.009258425	0.058720678	-0.052016906	0.12262795	-0.020138685	-0.1663405	-0.16926374	-0.14742728	-0.18993989	0.013564297	-0.063486636	-0.15424867	-0.077434845	0.29667053	0.23418282	-0.008353862	-0.13156463	-0.004847019	-0.04260051	-0.24225363	0.15865274	-0.0518523	-0.05402446	0.12861113	0.066253096	0.0043358905	-0.063789904	0.44256917	0.0027598923	-0.2883832	-0.14856927	0.1601512	-0.049275544
-0.11620159	0.22169258	-0.17801353	-0.22806917	-0.016642898	0.14561407	0.16079116	0.21018541	0.2550311	0.2643257	0.08160101	0.17503993	0.08589611	0.1953965	-0.115429	0.3237898	-0.048121527	-0.24644312	0.08888102	0.12649244	-0.112392016	-0.30938187	0.016940761	0.0173771	-0.4510049	0.073791385	-0.3096443	-0.1806952	0.025249848	-0.065824725	-0.16229674	-0.10076047	-0.20504612	0.21849637	0.176078	-0.15841493	-0.26682335	-0.08439631	-0.10469063	-0.14886291	-0.4945349	-0.030565199	-0.049640197	0.030474465	0.13138935	-0.36659205	0.18513885	0.13276775	-0.19143212	-0.10117766	0.077877596	0.114636645	0.1224233	-0.24354914	0.23858151	-0.046811692	0.54576856	0.43101272	0.11039888	0.10140435	-0.10053776	0.011688835	-0.18778828	0.40784577	0.08294489	-0.15756176	0.030815912	-0.18752207	-0.061309785	0.11424152	-0.085270055	0.18833551	0.20510274	-0.15987797	0.22179244	-0.11040229	-0.005184293	0.057636153	-0.2837682	-0.0070896572	-0.5736325	-0.10984454	0.3206229	0.01991014	0.09625611	-0.10552924	-0.21004802	0.26887718	0.29723328	-0.18825066	0.20947811	-0.29818517	-0.16568574	-0.06660139	-0.060441785	-0.11355961	-0.1858607	0.09369109	0.13152343	-0.16691701	0.0073452718	-0.18240854	-0.35137048	0.11242292	-0.07038188	-0.081116684	-0.015739039	0.14919327	0.35924056	0.14060219	-0.11251468	-0.04559079	0.015130847	0.015012658	-0.11626589	0.27518746	-0.006957774	0.1371695	0.13795125	-0.00325199	0.033835724	-0.069808856	0.32783848	0.24372262	-0.029422972	-0.0647102	0.30726093	-0.077188246
-0.030538354	0.03810236	-0.018068422	0.1138493	0.20938654	0.19137755	0.23240605	-0.01931312	0.18924935	-0.06654794	0.015797652	-0.05223172	0.005126303	-0.13152424	-0.026002925	0.16297133	-0.027082844	-0.13234097	-0.2605717	-0.063336045	0.099608034	-0.115700155	0.008676474	0.11926923	-0.35334527	-0.0060756113	0.023442041	-0.12184375	-0.05439213	0.06277229	-0.017589634	0.0069979145	0.024335073	-0.015441094	0.012645559	-0.034639664	-0.17604025	-0.069220796	-0.11139031	-0.06118805	-0.2838823	-0.07051064	-0.301691	-0.16669789	0.10706494	-0.1390808	0.02411152	0.20444642	-0.07082214	0.02001883	-0.2891533	0.11821671	0.12244616	-0.01744067	-0.01808356	0.060088806	0.12587848	0.15625216	0.009334929	-0.037683204	-0.25183612	0.12716116	-0.36011088	-0.004917043	0.1475342	0.010866101	-0.10615408	-0.0806965	-0.09106835	-0.050389495	-0.06851105	-0.0015549812	-0.021649746	-0.015783347	0.034277484	0.07223988	0.08303593	0.04797293	-0.27438104	-0.08411094	-0.030490872	-0.10301826	0.124723494	0.0875211	-0.16013688	-0.109335735	-0.013460709	-0.040250544	0.2391294	0.10968207	0.11723314	-0.05302515	-0.029354172	-0.09245604	-0.02024199	-0.006867082	0.014587911	-0.018596528	0.09067412	-0.04720256	-0.19763887	-0.17633764	-0.10963095	-0.22270568	0.0076120626	-0.068509154	-0.1674559	-0.1008529	0.2814114	0.23060377	-0.03704626	-0.14773965	0.008846779	-0.028332528	-0.24815647	0.17634639	-0.03233033	-0.046277255	0.11662513	0.07010438	0.035039555	-0.07761935	0.43571496	-0.0050594825	-0.2685913	-0.13867973	0.12247762	-0.07908877
0.5650582	0.24451067	-0.22538263	-0.32889882	-0.20634286	0.5435435	-0.23316853	0.23988636	0.38672888	-0.26178262	-0.008052447	0.22851375	-0.19957435	-0.23965137	-0.271202	0.59169585	-0.23265737	-1.2502714	-0.16728146	-0.18144877	-0.58290464	-0.041114345	-0.022664549	0.15307829	-0.8101868	0.49907747	-0.086906046	-0.5712592	-0.30300623	0.053419616	-0.33775944	-0.27551907	0.098337166	0.25204563	-0.37684804	-0.3005846	-0.4738759	-0.75297034	-0.26386118	-0.31051597	-0.3636163	-0.12571532	-0.27199277	-0.046129953	0.1546274	-0.4750236	-0.010123546	0.25620824	-0.22740777	0.037491366	-0.49264067	-0.15265729	0.10776758	-0.1487202	0.0409098	-0.2036073	0.6725716	0.3955788	0.15697387	0.10362935	-0.46586695	-0.24243157	-0.47607002	-0.2332683	-0.21124643	0.15494977	-0.1484758	-0.51766354	-0.44689855	-0.6269842	-0.35362932	-0.37522247	0.6820609	-0.11533652	0.76551396	-0.067469925	0.09633377	-0.5298606	-0.073316336	-0.53107697	-0.21169779	-0.663302	0.14341968	-0.11332099	-0.24668953	-0.02163973	0.18061697	0.17228536	0.37986544	-0.062107086	-0.24917562	-0.14823039	-0.037720054	-0.279792	-0.41875616	0.1338271	0.050693683	-0.2260956	-0.31402403	0.18019365	0.014081162	-0.3661028	-0.19325471	0.0647966	0.53939813	-0.10344664	-0.17912106	0.45601708	0.2075119	0.22408083	0.56660515	-0.09823601	-0.050693672	-0.31184408	0.03462864	0.4018414	-0.8126814	-0.031601153	0.250199	-0.042277656	-0.10650711	-0.35909015	0.07106516	-0.07440844	-0.5388465	0.26477957	0.2082985	0.09467814
-0.014529773	0.46800578	-0.21487617	-0.22109672	0.23435055	0.085939765	-0.14617945	0.87980855	0.43677324	0.6458494	0.3481014	0.18726029	0.045596134	0.6879988	0.30943128	0.50430226	0.08562209	0.21671121	0.22350949	0.541266	-0.09717747	-0.2921175	-0.3392978	0.021242267	-0.42571896	0.51135856	-0.66852385	-0.0779653	0.26222315	-0.069568165	-0.19492456	-0.5427781	-0.19957285	0.20904358	0.24371746	-0.23142718	-0.34945363	0.03601251	0.10733881	-0.2750761	-0.5585589	0.44861498	0.015895626	0.075490825	0.12387449	-0.46628517	-0.27841124	0.4859883	0.09507157	-0.2713962	0.41726467	0.17456599	0.2234862	-0.49754623	0.30813858	-0.043259338	0.570163	0.6922913	0.25272197	-0.2769905	-0.4034322	0.13320014	-0.67582464	0.53633696	-0.0794139	-0.4755437	-0.032776564	0.3285269	-0.2375926	0.32076004	0.2233535	0.0898803	0.1928366	-0.38889295	0.39351675	-0.17152248	-0.11409829	0.63368195	-0.4333835	0.07416046	-0.67279506	-0.29651028	0.2568089	-0.08775006	0.54639554	-0.29577813	-0.034535695	0.021165505	0.54657376	0.19448304	0.26031917	-0.15817498	-0.21800067	0.0375112	-0.11365739	-0.5453928	-0.5361078	0.2219302	0.28253326	-0.43259737	0.2715131	-0.45145684	-0.46006155	0.14717482	-0.27155226	-0.13814178	0.38528267	0.34565154	0.49398962	0.37677792	-0.25902373	-0.02561697	-0.113801375	-0.096897006	0.02831584	0.3452828	0.054338954	0.38325685	-0.015570654	-0.3265175	0.074261434	0.0069369785	0.67089444	0.13378422	0.1646018	0.051789746	0.5398973	-0.045637783
0.12795703	0.027602907	0.036688067	-0.024073692	0.009013156	0.03071505	-0.1896693	0.11081814	0.24656662	0.22667328	-0.11555818	0.09014191	0.09617147	-0.02802396	-0.18899135	0.1388337	0.09713462	0.0014259033	-0.113981314	0.07397683	-0.050284576	-0.17553093	-0.13224798	0.12211208	-0.10255987	-0.010586611	-0.03271148	-0.12362759	-0.16155875	0.10478774	-0.12805468	0.03312437	-0.052699383	0.17584239	-0.018716052	-0.071667306	-0.18860197	-0.38343713	0.072746634	-0.10325305	-0.13035566	-0.16177383	-0.16478005	0.050279193	-0.103124015	-0.12604254	0.023094533	0.23708698	-0.1308483	0.07987713	-0.2603094	-0.253951	0.26388976	-0.1318314	-0.22165442	0.057938766	0.38889015	0.07107627	0.08725657	0.013224739	0.010841497	0.20576768	-0.19127195	0.16406591	0.18379496	-0.0354874	-0.09734118	-0.16582432	-0.049254026	-0.13333163	-0.011005448	0.07581491	0.11492732	-0.0031931761	0.14342228	-0.2002439	0.032321744	0.044786427	0.09124942	-0.13503492	0.010165875	-0.27080935	0.0113914395	-0.24472523	-0.24874519	-0.16369317	0.22475423	0.025718471	-0.14129744	-0.06352068	-0.052762482	-0.29197308	-0.093783244	-0.14874747	0.0960234	-0.03226796	0.103764504	-0.20785539	0.25002146	-0.35955763	-0.4335851	-0.32461187	0.020362383	0.01874035	-0.18226096	-0.058610406	-0.2079123	-0.0056233397	0.17574759	0.3378408	0.22956891	-0.025519004	0.08467867	0.18154044	-0.24546587	-0.03636227	-0.28407913	-0.069097966	0.08705483	-0.23329766	-0.14147298	0.1073796	0.11146791	-0.10022432	-0.049001433	-0.01782972	0.0047679152	-0.008756749
0.30462062	-0.19626509	0.0068567954	0.26444066	0.1451508	0.059859242	0.23487169	0.18702969	0.24186224	0.2552462	-0.28540486	0.19640031	0.08484681	0.09537964	-0.2212374	0.1758694	0.32626954	-0.32265252	-0.16548203	0.21183062	-0.2121879	-0.17820169	-0.13613372	-0.051406264	-0.36928576	0.12772183	-0.041025646	-0.062463973	-0.13149771	-0.16015145	0.23671186	0.059719305	-0.45454803	-0.21718182	-0.03113716	-0.3872267	0.074619666	-0.3191613	0.18134922	0.1496537	-0.37946072	0.40744728	-0.48050728	-0.13175409	0.18041624	-0.30126852	-0.05668839	0.26617923	-0.21132448	-0.3017754	0.035594985	-0.17316258	0.3358012	0.07423399	0.06786712	-0.28628886	0.36136788	0.094282515	0.1518007	0.0019745552	-0.20306835	-0.07434451	-0.5618664	0.14748493	0.2042921	-0.052213337	0.019550629	-0.022742257	-0.21593112	-0.12843008	0.11370468	0.1393948	0.25990915	-0.34060866	-0.25355518	-0.045354206	-0.032022025	0.092132956	-0.062051896	0.081814766	-0.19853532	-0.30251843	-0.006637253	-0.21295616	-0.00035906155	-0.17943339	-0.05113531	-0.033872575	0.026215266	0.07781271	-0.09321844	0.0109718405	-0.029132985	-0.37028185	-0.05356474	-0.0923476	0.0016456296	0.00037603886	0.21855924	0.06449561	-0.1887585	-0.41842064	-0.40616626	-0.38574427	0.116235904	-0.1491248	-0.06838578	-0.06402979	0.4569649	0.41097048	-0.07991195	-0.06391087	0.047747113	0.24045436	-0.06450542	0.16806881	-0.30187586	0.02020982	0.31135675	-0.18160236	-0.08697004	-0.21726961	0.40814006	0.1314527	-0.16641587	-0.028970951	-0.028921178	0.10664637
0.20406702	0.13993591	0.016011756	-0.07550548	0.11425221	0.28886858	-0.11032576	0.41178778	0.22463651	-0.11618286	-0.13697536	0.09108756	-0.14225383	-0.22936158	0.034518816	0.27161697	-0.35565186	-0.20695569	0.16716658	0.07810376	-0.0018157237	0.053397007	-0.016622769	0.1706683	-0.31620985	0.09094238	-0.1974966	-0.5556939	-0.17567103	0.03463526	-0.108587414	-0.22042061	0.25481707	-0.25181246	0.1122834	0.09879852	-0.3099657	-0.3910007	-0.07851992	-0.20126739	-0.32550257	-0.27696884	-0.15391281	-0.06891678	0.32943884	-0.28855416	-0.19473593	0.017738495	0.21389157	-0.088394076	0.03238652	-0.41466784	-0.0025430163	-0.08837426	0.16488753	0.18061015	0.024462722	0.46085915	0.26888156	0.18818554	-0.24019837	0.07004966	-0.19555171	0.084944695	0.28885818	-0.2274888	-0.13613735	0.0077161905	-0.20679171	-0.13284382	-0.02051296	0.09940921	0.15426862	0.032769028	0.21499036	0.4032061	0.13938946	-0.21327442	-0.107213564	0.056596734	-0.10585854	-0.48148698	-0.13874336	0.040003885	-0.12984845	-0.13320452	0.08382734	-0.09639581	0.38091195	-0.0875191	-0.05729827	-0.081935376	0.14792201	0.12142157	-0.24989577	-0.12892303	-0.066491544	0.19635256	-0.043376815	-0.24438266	-0.16633241	-0.48639086	-0.093388885	0.0042017326	-0.049889613	0.012131042	0.17323819	0.3890186	0.2505505	0.0941039	0.16980834	-0.017908625	-0.134362	0.05907854	-0.16561188	0.09308065	-0.12232696	-0.043258894	0.26572153	0.087333724	0.116110936	-0.13641359	0.24139518	0.13239041	-0.22382268	0.06898299	0.11914582	-0.10725192
-0.1275646	0.4132365	-0.06372827	-0.24395864	-0.022926217	0.44016644	0.17953372	0.29807553	0.821708	0.27497804	-0.2585381	0.16293749	0.31521955	0.071441725	-0.06366187	0.37977844	-0.30422607	-0.28743267	-0.12585896	0.5101203	0.0128241135	-0.2638997	-0.017928876	0.0014141025	-0.5092263	0.024016527	-0.2127432	-0.30723983	0.25892213	0.2017635	-0.21467292	-0.064695776	-0.13628511	0.09534235	0.55572355	-0.23425618	-0.63289136	-0.46678022	0.046994906	-0.09178311	-0.61542124	-0.19267651	0.0036229952	-0.18711492	0.15699634	-0.20724462	0.29059556	0.03893756	0.088544525	0.27326718	-0.1797568	0.06666782	0.13516669	0.09884464	0.18746668	-0.020904358	0.5457257	0.36392868	0.2702419	0.11242882	0.2944902	0.1475444	0.12954171	0.55539054	0.010780563	-0.0043800618	-0.37416884	0.053857084	0.34546578	-0.01866374	-0.03973727	-0.011955483	0.13647015	0.2768504	-0.17175592	-0.078888446	0.25790352	0.22219071	0.036538176	0.45156127	-0.22158994	-0.42231226	0.27404767	0.017158588	0.30939993	-0.46739867	-0.21015178	0.5440951	0.6031794	-0.13818593	0.35077572	-0.5164459	-0.6224666	-0.056426965	-0.39969727	-0.2801906	0.13645577	-0.014903579	0.1874689	0.12755647	-0.20733614	-0.3367824	-0.6134976	0.19500333	0.09715572	-0.014133217	-0.21391612	0.061120722	0.75237375	0.453184	0.11034466	-0.11814816	-0.4173882	-0.0603954	0.2872028	0.19446959	0.00041284782	0.23900579	0.5808662	0.60703164	-0.26104155	0.20699519	0.31134444	0.37026846	-0.63579667	-0.18343596	0.52681845	-0.3221162
0.08665091	0.23754703	-0.019789169	-0.036112234	0.034417592	0.19277325	0.22133555	0.06265854	0.2128479	-0.15611029	-0.17609273	-0.022795131	0.11061546	0.07313324	0.28268674	-0.12062394	-0.23092256	-0.31419587	-0.51246774	0.095418945	0.2879232	-0.31328723	-0.09386315	-0.10304992	-0.21919513	0.2954406	0.05013141	0.08431999	-0.1096862	0.2569784	-0.055642292	0.06816751	0.16567001	0.32937333	-0.033171225	0.18186948	-0.45326602	-0.1276677	-0.3417294	-0.08593137	-0.4154179	-0.027618518	-0.09944889	0.0491819	0.053022206	0.040729225	-0.025858445	0.31108925	0.072729185	0.26773793	-0.3766253	0.37210363	0.21029337	0.19610426	-0.19521284	-0.059915654	0.015986284	0.108703814	0.28393668	0.032026842	-0.10263818	0.24811886	-0.15745431	0.0023510372	0.16529664	0.120217495	-0.15686102	0.20863324	-0.06264843	0.09409173	0.3276502	0.004751663	-0.22289541	0.21696481	-0.025812922	0.18482919	0.04213879	0.18641247	-0.1972792	0.054069836	-0.011094097	-0.27330554	0.041008003	0.27931675	-0.20166272	-0.3542796	0.28099084	-0.1733881	0.2093229	0.13262911	-0.010628527	-0.16961369	-0.4847149	-0.15260388	-0.20906936	-0.2682961	-0.16612588	-0.1656383	0.030317547	-0.18075188	-0.026866706	-0.5941321	-0.1840013	-0.1484342	0.18775432	0.13984726	-0.24851294	-0.04979236	0.28868064	0.26503116	-0.2408338	-0.21386282	-0.5160423	0.09406313	-0.18877696	0.21327905	-0.3358515	-0.24153452	0.26247352	0.113802455	-0.20342176	-0.08490517	0.32163146	-0.261744	-0.1140395	-0.038510937	0.48269558	-0.10354957
-0.43817806	0.07818035	0.35054916	0.09900083	0.37019497	0.36116692	0.1016738	0.48250335	1.137085	0.12145581	-0.25561324	-0.29599777	-0.8523564	-0.2591378	0.16439089	0.17311141	-0.077080265	-0.27062702	-0.52187794	-0.288894	0.538937	0.2270118	-0.5421668	0.38276652	-0.59580714	0.51445144	-0.4738819	-0.732401	0.21614702	0.36607018	-0.31937006	-0.041018568	0.15793113	0.16501461	0.012079647	-0.018219382	-1.0372131	-0.7821741	-0.15311441	0.20221922	0.02382586	-0.1788597	-0.25834826	-0.02798257	-0.33344388	-0.11634029	-0.7933777	1.1387303	-0.23633298	0.51404965	-0.060227647	0.06573794	-0.09553689	-0.30344275	-0.40033844	0.43243214	0.12838261	0.6752572	-0.17805089	0.5799321	-0.7447797	0.26118338	-0.41701844	0.3847954	0.73829013	0.21419193	-0.251039	-0.048121903	0.37726372	-0.42625633	-0.05758415	0.14309199	-0.33306617	0.34215578	0.34539068	0.5113369	0.2662244	-0.4679726	-0.26908034	0.24556024	0.8703127	-0.1669061	0.26238367	-0.16375531	0.30418065	0.2077184	0.20808773	-0.06043545	0.5827545	0.044668857	0.22746825	-0.16564052	-1.0650171	-0.24978381	-0.3170085	0.16654491	0.47604966	0.30201417	0.39123863	0.016140418	-0.33417532	-1.054008	-0.8553308	-0.26032293	0.03399881	0.51740724	-0.0010474692	-0.004932591	-0.10114702	1.4826928	-0.012453598	-0.40948513	0.031202983	0.05711771	-0.41970766	0.766445	-0.8287964	-0.21023057	0.18077399	0.13442403	0.7396765	-0.5369227	0.16560784	-0.07553467	-0.7052718	0.40717864	0.66141266	-0.22453167
-0.04301033	0.17807147	0.0772726	-0.15314005	0.08185121	0.058307804	0.043928925	0.004887252	0.22604457	0.08963301	0.06837262	-0.0007689705	0.2227356	0.05702487	-0.10355021	0.27188942	0.042981744	-0.16244067	-0.1224156	-0.1251108	-0.07092932	-0.19029032	-0.13962044	0.0010264139	-0.23713826	-0.11444824	-0.007527275	-0.109148525	-0.055498913	0.12775166	-0.005003404	-0.005046892	0.1875338	0.09384924	0.2686864	-0.11787497	-0.18245396	0.008554188	0.1585603	0.13781804	-0.050940197	0.2183316	-0.102381006	-0.03639338	-0.07452296	-0.065832645	0.19133149	0.044757795	-0.10081611	0.102241874	0.014917261	0.09657939	0.2303514	-0.1649773	-0.019754028	-0.22441082	0.0027644006	0.27176362	0.09520992	-0.027825408	-0.063588746	0.19881631	-0.105338894	0.25334215	0.3335431	-0.0934386	0.060306117	0.0054880795	-0.15659183	-0.14946344	-0.026479406	-0.054412168	-0.070456654	0.22804184	0.04132295	0.0012579832	0.12710063	0.1610195	-0.23730081	0.21311247	-0.18578796	-0.071313314	0.07555	-0.038996857	-0.21297427	0.1352193	0.0034787504	-0.07532457	0.052175265	-0.025790617	-0.09684218	-0.0866743	-0.14378065	-0.20098723	-0.034515426	-0.054862443	0.06129925	-0.0005112067	-0.0020057093	-0.25910652	-0.11884866	-0.19775182	-0.15658104	-0.0787644	-0.022740817	0.00890135	0.18773296	-0.15497595	0.1693555	0.17665534	0.0015031177	0.030211236	0.039877675	-0.099003434	-0.2579085	0.1071283	-0.30154398	-0.12620115	0.35734975	0.0105391545	-0.007053686	0.03548831	0.07154074	0.08183368	-0.15208852	-0.029761214	0.095274985	-0.048482776
-0.055630416	0.24379186	0.040797595	0.062156178	0.16942151	0.15253903	0.022876816	0.16482764	0.12945914	0.13809088	-0.123719305	-0.07749926	0.17019007	0.24848224	0.016730294	0.119961075	-0.12318814	-0.028541178	-0.25895837	0.24152482	0.011108461	-0.20200405	-0.23885646	-0.059815288	-0.11202235	-0.15167645	0.14499179	-0.0678438	0.002051463	0.31030875	0.22492334	-0.22459817	0.26628262	-0.014747998	0.053326868	0.064511485	-0.2415218	0.31416622	0.14640354	0.09140906	-0.2201683	-0.038883917	-0.012728219	0.04163555	-0.06599668	-0.16300401	0.023165263	0.31050125	0.0054218643	0.14787707	0.14284728	0.20128703	0.2188607	0.022758594	0.04930064	-0.2857992	-0.17183171	0.24717103	0.06248602	-0.23351295	-0.046170317	0.1818105	-0.13709219	0.04819258	0.26537615	0.097227514	-0.18160322	0.36539215	-0.023014637	-0.17013694	0.20179453	-0.13825163	0.041036475	0.12152944	0.06283094	0.16484667	0.10071555	0.27193418	-0.08407209	0.40591487	-0.37018186	-0.32911012	-0.010312574	0.124543175	-0.16476654	-0.13336761	0.010546307	-0.19211894	0.20795222	0.030727532	-0.2000377	-0.02473837	-0.38523063	-0.1756075	-0.13440941	-0.261164	-0.12440217	-0.05795602	-0.027527735	-0.37717173	-0.21080603	-0.39134705	-0.18336505	0.063979335	0.0371434	-0.057081226	0.029052796	-0.24787813	0.29063386	0.22283077	-0.017208356	0.049360488	0.014492308	-0.05620114	-0.14988843	0.07657514	-0.3083039	-0.08166392	0.39440262	-0.03055197	-0.011309217	0.11482568	0.19128543	0.16312714	-0.27940187	-0.003234439	0.040769577	0.11492458
0.57465726	0.2459608	-0.22111376	-0.33004472	-0.1963428	0.55077404	-0.22001842	0.24043901	0.3831403	-0.2759572	-0.0042177704	0.28697234	-0.17189845	-0.26033443	-0.30738834	0.592926	-0.2428077	-1.290794	-0.18454483	-0.22966963	-0.5879424	-0.004016353	-0.014600253	0.19115	-0.8258278	0.4786079	-0.06700559	-0.56695783	-0.2982655	0.057151236	-0.32838354	-0.25142345	0.11834159	0.21624365	-0.3564375	-0.30491006	-0.4853337	-0.7373319	-0.25306097	-0.34133443	-0.35493794	-0.13420644	-0.28807676	-0.04767768	0.16416943	-0.47650862	0.008582326	0.25429472	-0.18457936	0.040780194	-0.50450176	-0.18966906	0.07912075	-0.14242266	0.024052255	-0.21635568	0.6128391	0.39626163	0.16485852	0.16096668	-0.5108989	-0.23355013	-0.4563053	-0.2177955	-0.19746865	0.16310199	-0.17512159	-0.5374412	-0.45863438	-0.61545354	-0.37764162	-0.34233916	0.68605226	-0.10099371	0.76534075	-0.044048425	0.122316696	-0.5136182	-0.044276092	-0.50759834	-0.23148456	-0.63882434	0.15499574	-0.13300835	-0.2539302	-0.01873449	0.16610856	0.15611193	0.3605834	-0.07019511	-0.22563855	-0.13955317	0.0138914855	-0.2580086	-0.38781488	0.16305178	0.047874715	-0.21714982	-0.2954624	0.19054082	0.042391434	-0.39993957	-0.2018628	0.039825056	0.5381872	-0.08751934	-0.14347416	0.49293175	0.20508483	0.25370383	0.58841646	-0.10193348	-0.08451839	-0.32528502	0.020699859	0.3848902	-0.80051696	-0.023325916	0.26188138	-0.020312604	-0.06918596	-0.3776032	0.082839146	-0.046480983	-0.5441284	0.27280077	0.24725784	0.085415155
-0.022119131	0.025965389	-0.030508552	0.08323453	0.19423075	0.13923307	0.22360484	-0.05806204	0.20295075	-0.09062395	0.07136938	-0.038478702	0.033268142	-0.1547943	-0.031748272	0.1679913	0.0037099668	-0.13346499	-0.26655576	-0.06746395	0.09196927	-0.08002169	-0.016492119	0.06497648	-0.37154162	0.01811944	0.091797814	-0.10820727	-0.07257312	0.12702629	0.012098724	-0.024730267	0.012693691	0.040105525	0.0077594933	-0.02211949	-0.17350474	-0.0638421	-0.059764136	-0.060566325	-0.22055118	-0.06405042	-0.27647367	-0.13454612	0.11620704	-0.12629399	0.00859402	0.16209656	-0.1249121	0.030204343	-0.30220672	0.14925338	0.14193846	-0.014423664	-0.06179221	0.07910385	0.07907614	0.19938798	-0.017771946	-0.07461228	-0.22101356	0.14165983	-0.35432884	-0.055662204	0.14588048	0.008295635	-0.12372343	-0.12879136	-0.06502204	-0.09590804	-0.07608245	-0.022722637	-0.026822494	0.017709631	0.052759994	0.07912148	0.06766135	0.07003698	-0.30754584	-0.14164074	-0.08197192	-0.12638189	0.15112485	0.09379266	-0.19863601	-0.13013095	0.0209775	-0.07966116	0.17813694	0.066303715	0.14598945	-0.07857485	-0.033833362	-0.115034014	0.003655881	0.0078094047	0.08603434	-0.090086006	0.12744018	-0.071116395	-0.1861342	-0.14423479	-0.10022408	-0.19801007	0.013322121	-0.009613103	-0.16142356	-0.10320726	0.27532825	0.23953263	0.037539393	-0.08454772	-0.011047786	-0.0030054422	-0.26680684	0.13435724	-0.074798666	-0.06386332	0.09851555	0.07282266	0.029669337	-0.06897579	0.4475148	0.0002775261	-0.2993436	-0.16195366	0.17081374	-0.054305963
-0.21076195	0.35226136	0.2797337	0.06256891	0.5220851	0.14864618	-0.008906718	0.22738479	0.20695682	0.2832061	-0.10889183	-0.042952336	0.010887969	0.34534827	-0.010057881	0.008817698	0.00596361	-0.10565987	-0.19545493	0.21368709	-0.056296553	-0.3559361	-0.35637575	-0.0083215805	-0.2495601	0.13075487	0.21344818	0.04191511	-0.01566981	0.19218878	0.22962815	-0.19534716	0.09726083	0.045612294	0.068101384	0.08655421	-0.35749197	0.34684592	0.11514104	-0.012306154	-0.2684302	-0.13458852	0.05895108	0.076231435	-0.08806628	-0.37001413	0.047879476	0.26969445	-0.067666434	0.0497258	0.025914853	0.1359296	0.21447574	0.21337475	0.26585937	-0.27501258	-0.30954638	0.12444245	-0.028607503	-0.41128114	0.0048056697	0.21248771	-0.13356087	-0.045150045	0.2532175	0.0023626552	-0.17757934	0.5228264	-0.0013994433	-0.08267066	0.096335664	-0.08990412	0.223615	0.20523605	0.21237282	0.31108895	0.13522273	0.28751627	0.006983945	0.4275722	-0.29513076	-0.48764136	-0.24044748	0.3345031	-0.1909595	-0.421356	0.08679157	-0.20379145	0.26671213	-0.074250616	-0.16853961	-0.03925434	-0.58927226	-0.18838413	-0.09966665	-0.26754463	-0.29899332	-0.0055917283	-0.1758714	-0.47189853	-0.18364654	-0.5036853	-0.2162838	0.07591569	0.1423054	0.028318381	-0.36399806	-0.3728384	0.43630672	0.28067267	0.0022065954	0.06560592	0.09468457	-0.058329932	-0.2514823	0.22826436	-0.36931044	-0.09131768	0.61621875	-0.016996514	0.17209426	0.12609996	0.44303662	-0.18744032	-0.4846692	-0.14048186	0.028093291	-0.021121323
-0.4631894	-0.86131114	-0.6352153	0.27781376	0.33601728	0.5790151	0.59572685	-0.08162791	0.44958732	0.5778877	0.10794267	0.15496732	0.23728484	-0.009739612	-0.45615053	0.0066603613	-0.11942199	-0.59594864	0.1565953	0.7898381	-0.6765871	-0.3796538	-1.1047866	0.15234527	-1.6318246	0.17777632	0.09487011	-0.690209	0.6000645	-0.21495077	-0.54568535	0.09899545	-0.7034873	0.14178072	-0.5556667	-0.061470777	-0.8831132	-0.653998	0.6649658	0.10372205	-0.927693	0.21202318	-0.5649409	-0.07484311	0.9933781	0.4091128	0.13259706	0.05538616	-1.1631837	0.45118183	-0.04271089	-0.16388646	1.0149924	-0.308247	-0.3744614	-0.16839588	-0.6024923	0.8345419	0.034146495	-0.08658385	0.48168254	-0.14695224	-0.24369478	0.19944958	0.6579513	-0.1162575	-0.2655158	-0.503947	-0.3800851	-0.5098447	0.43779033	0.21087953	-0.06962909	-0.5169994	1.1847061	0.36964542	0.926169	-0.68330914	0.54079413	0.38705742	-0.17431279	-0.8410671	0.281487	0.29156545	-0.624298	-0.19974385	-0.7662085	0.16074333	0.25414407	-1.0952892	0.06135871	-0.26597962	-0.3577062	-0.62385863	0.4198198	0.14662716	0.21974662	-0.6106722	-0.22391528	-0.8076576	-0.5032402	0.028521258	-0.43287107	0.24133965	-0.74329084	0.12939925	-0.29268202	-0.15100221	1.0924896	0.26203576	0.2735076	-0.21740368	0.83796924	0.34372538	-0.75737673	0.44883883	-0.8030494	0.02679912	0.19357367	0.7312386	-0.3850348	-0.42631257	-0.09412952	0.45819095	-0.84509885	-0.70260745	0.12206395	-0.4123018
-0.029366914	-0.015907878	-0.21669327	-0.3774854	0.014044834	0.14913344	0.21512586	0.115548305	0.13965388	0.29856893	0.021051895	0.124227464	0.012938267	-0.032399714	-0.14166965	0.3612934	-0.19469592	-0.37211704	0.10465847	0.33792785	-0.20371746	-0.048974525	0.27459827	-0.020896234	-0.46436056	-0.12407683	-0.23333125	-0.05490106	-0.057580117	-0.12387703	-0.14433852	-0.060990475	-0.1652036	-0.058379892	0.053228952	-0.5014886	-0.44312286	-0.21969408	-0.044281363	-0.1576462	-0.60892725	-0.13582404	-0.109809294	0.02481107	0.19615822	-0.14785342	0.066549785	-0.012113391	-0.34456766	-0.1429638	-0.20200683	0.08225784	0.16705963	-0.36470342	0.09386498	-0.19301452	0.6672155	0.46861348	0.2158653	0.12771493	-0.046524625	-0.14324997	0.036252607	0.3043166	0.17363957	-0.1472833	0.11699167	-0.13313624	-0.019847035	0.07397243	-0.102626815	0.17406784	0.40165362	-0.15097494	0.25930065	-0.29371798	-0.031745262	-0.09711857	-0.113177255	-0.004854234	-0.29935354	-0.16918704	0.2182967	-0.008984065	0.08179524	0.05473924	-0.25645646	0.3685003	0.2179798	-0.20815381	0.12177836	-0.36431053	0.018817158	-0.007771716	-0.09931357	0.17247707	0.07897021	0.26520142	0.19555332	-0.08632529	0.0912435	-0.3164531	-0.4486467	-0.09347365	-0.09805995	-0.10928106	-0.12738322	0.3507277	0.33307996	0.17780139	-0.052676782	0.07165605	0.025897771	-0.03493385	-0.109474674	0.3663046	-0.16898778	0.0044055637	0.4291721	-0.051595148	0.022560947	-0.105387904	0.11606116	0.19652347	-0.38733807	-0.1706122	0.048371345	-0.24962085
0.1484124	0.017855914	0.032963637	-0.013310911	-0.0055964207	0.039421793	-0.18101567	0.07268782	0.2414606	0.23957519	-0.14576279	0.06342615	0.106461756	0.0049400744	-0.22442852	0.122706674	0.08417659	-0.013748207	-0.11974428	0.010642074	-0.10540549	-0.14227492	-0.14677778	0.1366843	-0.13272709	-0.010878838	-0.032928966	-0.10617393	-0.16408315	0.09032027	-0.13513047	0.029155886	-0.027468497	0.16445222	-0.0230139	-0.11180589	-0.23102932	-0.35085702	0.103739806	-0.101217926	-0.11627561	-0.14380209	-0.18810752	0.101569064	-0.11354901	-0.11607363	0.013155349	0.25369897	-0.19200312	0.0717487	-0.25592366	-0.24791892	0.27255267	-0.121719845	-0.21041155	0.029164864	0.38640347	0.06842643	0.07524052	0.0060140276	0.06164857	0.16377465	-0.17965528	0.13910018	0.16632722	-0.015103878	-0.13256072	-0.18688147	-0.11457549	-0.14897217	-0.004836884	0.070232555	0.11149729	-0.02268809	0.20870683	-0.13159116	0.051056556	0.028396232	0.08180045	-0.13921946	-0.0036561696	-0.30380508	0.016586466	-0.23480456	-0.25570548	-0.16179617	0.18545565	-0.0046742964	-0.15914854	-0.031152623	-0.07803978	-0.2566092	-0.06977229	-0.17185387	0.14023809	-0.021672668	0.07858982	-0.22266906	0.22440149	-0.30032626	-0.42440614	-0.27112174	-0.029725863	-0.00045315988	-0.13184208	-0.056003556	-0.22348133	0.00717216	0.14906318	0.35547712	0.20526978	-0.06957282	0.12218173	0.18342619	-0.25010204	-0.012316603	-0.2969379	-0.061848093	0.1041576	-0.25162145	-0.17736432	0.13854173	0.0875536	-0.06811871	-0.034151185	-0.007830295	-0.00031850635	-0.0015854323
-0.008661112	0.054548383	0.04257811	-0.11675385	0.061743986	0.13147438	-0.14791304	0.176498	0.07797573	0.115876496	-0.10750955	0.16278484	0.1048284	0.005755728	-0.11607294	0.12743297	0.008983612	-0.22096275	0.0054637585	0.215668	-0.10636249	-0.0139885135	-0.087496445	0.07837153	-0.25373408	0.03629992	-0.20364717	-0.1475891	0.048514042	-0.10291574	-0.20349567	-0.01682149	0.020331098	0.083843075	-0.05587457	-0.22028379	-0.30586213	-0.18295759	0.06553933	0.061821997	-0.361485	-0.15760675	-0.169439	-0.03555952	0.017714595	-0.08755731	0.09286529	0.24082854	-0.27421868	-0.14180547	-0.050846595	-0.0066278535	0.14290224	-0.1304887	0.012031807	-0.083036184	0.34551793	0.25621068	0.09538931	0.16750793	-0.07811057	0.0096574165	-0.09981524	0.23677452	-0.014185476	0.03278624	-0.06400697	-0.055641837	-0.035366848	-0.08375486	-0.06453429	0.16230944	0.30731702	-0.07801194	0.13677944	0.004856786	-0.09995111	-0.20300587	0.05938573	-0.025225587	0.057052664	-0.059691757	-0.052835606	-0.12168834	0.07946439	0.07132382	0.08590757	0.22188541	0.17720084	0.0904771	0.06275606	-0.08227886	-0.07237344	-0.0848556	0.037085935	-0.047972593	0.004040194	0.089819506	0.14383897	-0.08850186	-0.09295412	-0.11130634	-0.27995414	-0.086303756	-0.20937027	-0.17823768	-0.09744979	-0.05415691	0.14237046	0.1642378	0.0020493949	0.16917814	0.16992626	0.06935574	-0.058783147	0.11910258	-0.113712795	0.10656307	0.22771215	-0.10908792	-0.11018005	-0.05743226	0.044951856	-0.059063394	-0.15370227	0.073231205	-0.020762503	-0.11610239
-0.14653541	0.32946736	0.35614696	0.020813795	0.61680627	0.123536475	0.0433886	0.20502046	0.25259295	0.28623632	-0.08399595	-0.020736884	0.02322721	0.31823066	-0.0008294952	-0.00031516913	-0.021335587	-0.1249902	-0.19231942	0.13388558	-0.03300021	-0.3095923	-0.29950473	-0.007897623	-0.28770915	0.20676978	0.21852554	0.032305986	-0.032312736	0.17514135	0.22498494	-0.1817053	0.09943971	0.026173696	0.046654724	0.01555953	-0.31593853	0.3484428	0.14526922	-0.0051875827	-0.17114776	-0.12756453	0.09759707	0.064444795	-0.06898596	-0.38161552	0.07938274	0.2884267	-0.13536018	0.09620216	0.02830822	0.1469676	0.1509106	0.17431064	0.2827014	-0.28962433	-0.4118715	0.088274285	0.019736297	-0.37097788	0.016344087	0.2414127	-0.13535285	-0.047644008	0.24284913	-0.0415197	-0.26455307	0.58412516	-0.052395232	0.05086614	0.101398796	-0.10078486	0.21914981	0.122908115	0.18557537	0.2931958	0.13833769	0.3146532	0.057770807	0.4512007	-0.24911322	-0.51761335	-0.24561654	0.3940159	-0.12564689	-0.39031553	0.06069246	-0.19150516	0.22989087	-0.038179986	-0.22239746	0.073253855	-0.53774685	-0.11005694	-0.104900576	-0.27274022	-0.29998645	-0.0014544592	-0.2186062	-0.49073234	-0.208568	-0.49553314	-0.18216707	0.09224125	0.16777305	0.0827467	-0.3657161	-0.4133054	0.40820724	0.17538968	0.03709085	0.079376765	0.07613659	-0.099783756	-0.16679871	0.1770407	-0.39105543	-0.02580599	0.6794416	-0.034254503	0.22585712	0.14268553	0.42747745	-0.13038722	-0.4414395	-0.1789123	0.10815822	0.00415708
0.064788535	0.6913846	-0.18266694	-0.48641047	0.040356375	0.17943664	0.21083024	0.23800592	0.44092387	0.47081918	-0.0865219	0.23344402	-0.18540916	0.048039526	-0.087972924	0.33249477	-0.04406344	-0.37342778	0.4250332	0.25732338	-0.22654864	-0.44371757	0.06085833	0.14362387	-0.5706253	0.2726053	-0.69069946	-0.30446276	-0.21785128	-0.22929595	-0.4388734	-0.19496143	-0.08036793	0.3903319	0.044182792	-0.22770001	-0.32499462	-0.36241272	-0.015454032	0.032988798	-0.73332125	-0.15342668	0.06262908	-0.027655829	0.31107596	-0.2726987	0.12993376	0.21173443	-0.19951592	-0.0503464	-0.35840005	0.046601914	0.067250066	-0.6363302	0.22679782	-0.07601048	0.65409714	0.94797987	0.18073271	0.30916548	-0.25356048	0.07161628	-0.32004267	0.3340638	0.20841773	-0.27385187	-0.011698062	-0.3710916	0.24147834	0.138115	-0.2450497	0.1996303	0.4952043	-0.08666903	0.44272247	-0.030365806	0.08834769	-0.38604334	-0.2281189	0.027997293	-0.32088846	-0.18434705	0.19805987	-0.4143011	0.084508635	0.061919663	-0.013625709	0.405455	0.4784528	-0.060936984	-0.0887458	-0.61187917	-0.23705757	-0.11424038	-0.17493805	0.058226965	-0.10929389	0.29811203	-0.011121008	-0.38868737	0.22283563	-0.1252595	-0.46238926	-0.13410707	-0.3612609	-0.047651533	-0.24660319	0.31626296	0.5029475	0.107951835	-0.046008695	0.060562976	0.18356214	0.288667	-0.29950386	0.50404805	-0.14107838	0.30379385	0.3276071	-0.07808178	0.004669555	-0.21044421	0.19694088	0.03931923	0.20850548	-0.19750667	0.19746245	-0.27669275
0.06447493	0.15364572	0.008056138	-0.11119544	-0.044174116	0.16562347	0.3068587	0.089338	0.34720695	-0.23423532	-0.17910501	0.026480377	0.13690461	0.04153713	0.17940263	-0.039009027	-0.21729636	-0.35906363	-0.6009568	0.10378459	0.3643754	-0.39085263	-0.068360224	-0.04227869	-0.22790487	0.26673383	0.09011899	0.036308672	-0.05704032	0.36414626	-0.0751056	0.04970891	0.17814311	0.2624106	-0.053515963	0.28358385	-0.46417004	-0.21488668	-0.22695307	-0.010809392	-0.36666492	-0.0978536	-0.13665622	-0.048519768	-0.0693109	0.033113096	-0.10615888	0.25701892	0.14606686	0.28589484	-0.28591287	0.34059754	0.25110197	0.14680745	-0.19657603	-0.11342909	0.04672126	0.2102154	0.20986289	0.08283598	-0.003648282	0.25015625	-0.04932768	0.13051665	0.28826696	0.18544722	-0.08713529	0.10150359	-0.05089933	0.025087943	0.28008732	0.010220464	-0.20772772	0.27817547	-0.029713146	0.015136175	0.058813103	0.14911911	-0.16807038	0.0265079	-0.12724803	-0.28747627	0.1683477	0.19222227	-0.22667357	-0.25603196	0.24090411	-0.09948157	0.13363694	0.077445686	0.0630362	-0.1916332	-0.57993287	-0.03919202	-0.24633355	-0.19999301	-0.105651796	-0.18021086	0.023320157	-0.08161171	0.00064471096	-0.60757774	-0.18408287	-0.09785938	0.12767889	0.21199358	-0.22113703	0.00202448	0.24286081	0.27661186	-0.15344562	-0.09680269	-0.582444	0.11488723	-0.2510124	0.22202308	-0.18165249	-0.2378825	0.25522518	0.22977436	-0.10227758	-0.072525054	0.30312735	-0.22817774	-0.1894303	-0.10021279	0.39178598	-0.12667443
-0.001856687	0.043665707	-0.007938498	0.09653346	0.2024365	0.17594717	0.2259923	-0.03025905	0.1695327	-0.05129714	0.031399556	-0.048798595	0.0048428127	-0.14761844	-0.031036993	0.16332616	-0.015717406	-0.11068912	-0.24016935	-0.043221712	0.0795838	-0.07016621	-0.033352654	0.14770253	-0.37993068	0.04340555	0.049166165	-0.12918606	-0.055092636	0.090528056	0.0116282515	-0.057200912	0.00063311943	6.343449e-05	-0.018364917	-0.027076153	-0.18210815	-0.0662537	-0.05056136	-0.0419545	-0.23922904	-0.051261492	-0.269119	-0.14737524	0.13505478	-0.13898954	-0.008002378	0.22533016	-0.07736917	0.024686286	-0.28551072	0.12980317	0.12407059	-0.01682805	-0.048721433	0.061803397	0.08406113	0.19524156	-0.0153322145	-0.017291097	-0.24504818	0.14142369	-0.37107456	-0.01295142	0.117761634	0.0059119766	-0.12134364	-0.11161491	-0.040209133	-0.09883845	-0.08765508	-0.018465798	0.016305478	-0.011289337	0.07847007	0.101269245	0.10604129	0.050558567	-0.2673084	-0.08209964	-0.043630112	-0.08590543	0.09875434	0.076875396	-0.175155	-0.11108428	0.029841108	-0.059131928	0.22832577	0.070289016	0.16599597	-0.051946484	-0.03120976	-0.1301049	0.009134976	0.007999592	0.04209278	-0.059963327	0.10448639	-0.0632987	-0.20209947	-0.13879749	-0.10854882	-0.21081217	0.034526844	-0.046580262	-0.12893598	-0.10767089	0.29790586	0.2064546	0.005189829	-0.1457151	-0.008245555	-0.0019431318	-0.25138286	0.1791611	-0.03416135	-0.02967279	0.13614951	0.07892942	0.02780869	-0.062862515	0.4392204	-0.013130154	-0.2858031	-0.14077216	0.12621193	-0.038617883
0.10325984	-0.0052412287	0.046847716	0.011160416	0.007390884	0.018262956	-0.21890497	0.08976398	0.25749174	0.24227792	-0.122560866	0.036698163	0.10343802	0.0059084874	-0.20151077	0.10527122	0.07042184	0.02415351	-0.13236411	0.006526836	-0.081039466	-0.17470554	-0.13829044	0.09795683	-0.093730204	-0.018499555	-0.06350109	-0.1177195	-0.13722807	0.12119446	-0.17759751	-0.013932559	-0.03772415	0.17100024	-0.033812977	-0.09404414	-0.2195082	-0.3370399	0.11315337	-0.09365922	-0.12656301	-0.13798533	-0.2142907	0.09732449	-0.12636873	-0.12871748	0.019306501	0.24821319	-0.15741818	0.035608098	-0.22808886	-0.24340212	0.29212278	-0.10705179	-0.20284842	0.044865135	0.3961185	0.09791643	0.09446127	0.005248585	0.002983814	0.17521626	-0.18698093	0.14117698	0.17933257	0.0010356556	-0.110962644	-0.11482788	-0.096332885	-0.17614682	0.0062655252	0.06186832	0.08088849	-0.043619357	0.16906495	-0.22655983	0.01115985	0.022173677	0.10207856	-0.13157395	0.046061367	-0.26991755	-0.015661156	-0.21275151	-0.25203353	-0.14261627	0.22938643	0.039318748	-0.14029348	-0.059406623	-0.0713071	-0.2602488	-0.12238819	-0.18361215	0.14364202	-0.022916954	0.09764264	-0.17519355	0.18905629	-0.29594627	-0.41157773	-0.3220741	-0.052132685	0.008746742	-0.15308523	-0.07131481	-0.18394344	0.012647673	0.1403523	0.3507838	0.20480165	-0.046562865	0.052493095	0.16111694	-0.2337998	-0.021167392	-0.30815318	-0.08531421	0.11522957	-0.2639219	-0.1963708	0.15170492	0.08504592	-0.13267927	-0.01269007	-0.008139143	-0.034021474	0.014189292
0.058849502	0.17680846	0.4834795	-0.38034782	0.27501792	-0.24668579	0.5077638	-0.4294506	0.34989852	0.47055364	0.39148808	0.4767914	-0.08290698	-0.31896496	0.1764155	0.3277501	1.1591651	0.14281236	-0.39032647	0.47173938	-0.02777856	0.82523155	-0.5747096	0.3124487	-0.6266108	0.6516001	-0.17078754	-0.140915	-0.7813636	-0.019106127	-0.6410011	-0.1190718	-0.46629563	-0.08945876	0.38458052	-0.09679934	0.3555449	0.025170816	0.09663488	0.11237754	-0.33400512	0.5256482	-0.9952053	0.38384882	0.061532363	-0.06438338	-0.21373512	0.36902377	-0.8292258	-0.31922632	-0.7347687	1.0141307	0.42384064	-0.045218267	-0.47730866	0.823906	0.24955711	0.79600376	0.26257294	-0.27810934	-0.01682889	-0.05881194	-0.24516098	0.48050302	-0.15233363	-0.41569203	0.26568624	-0.31508335	-0.8019498	-0.19101086	-0.3472053	-0.046624925	0.28857324	-0.48149854	0.30821538	-0.19464791	0.004291818	-0.0515805	-0.2676006	0.06287522	-0.5024868	0.25726053	1.0571506	0.43322513	-0.28709054	0.15474878	0.41820562	0.053729836	0.5823209	0.12044258	0.62227446	-0.43327603	0.30827162	-0.4762488	0.04433015	-0.27316907	0.40196446	1.078702	-0.22743686	-0.35149097	-0.49101865	-0.4106309	-0.20295565	-0.44029438	1.1802189	0.2305305	-0.85156745	-0.11326835	0.4217531	0.4255572	0.09563699	0.45277867	-0.09373772	-0.1616853	-1.4583591	0.5547027	-0.46820197	-0.771267	0.069347575	0.86461407	-0.6437091	-0.4582526	0.86213243	0.40784338	-0.30766684	0.053511534	0.70355505	0.47408006
-0.27685732	-0.36608204	0.19349843	-0.91251427	0.35805354	-0.1827076	1.0398973	0.10593977	0.45119685	-0.46244055	0.24135508	0.6694013	-0.5204791	-0.18117687	-0.121239804	0.91438425	0.13048732	-0.39700943	-0.19903293	0.15732521	0.3475488	-0.2551534	-0.77017593	-0.7386631	-0.8715478	0.42692804	0.080807984	0.00096306374	0.1341074	-0.38862535	-0.13293877	-0.39518622	-0.32814664	0.33386245	-0.06796025	-0.039962944	-0.38826308	-0.3048686	0.9742708	0.37336436	0.80645996	0.22499016	-0.35394344	0.092836276	-0.053164195	0.07293947	0.70049435	0.39535332	0.059680905	0.35714442	0.4679839	0.0687932	-0.0049305363	-0.12579994	0.00025249107	-0.17058031	0.15983456	-0.1940535	-0.22873676	-0.5457458	0.24943921	0.7439539	-0.15309858	0.39900857	0.29095772	-0.49638107	-0.46794492	0.22640674	0.15997879	-0.32231057	-0.47944528	0.11326895	0.29641035	0.058547918	0.14222147	0.4921872	0.446238	0.6617251	0.27065372	0.048968814	0.034406055	-0.20111991	0.74975395	0.10517392	-0.14905371	-0.008047438	-0.009131622	-0.28105628	0.31889623	0.117229715	-0.11585814	-0.9848175	-0.8357243	-0.21765766	-0.05343312	0.5693882	0.3175747	0.39498436	0.07905977	-0.85495466	0.013387097	-0.2309992	-0.12923159	-0.08006825	0.0331102	0.34735984	-0.2861269	-0.11559454	0.3747139	0.22245164	0.42611617	0.5617954	0.6140794	-0.31093055	-0.5016533	0.033841237	-0.36873025	-0.12670763	0.410179	-0.10718651	-0.25009555	-0.5666041	0.09595711	0.21372274	0.10708479	0.4972913	0.5231644	-0.43025222
-0.1055301	0.17288056	0.49031037	-0.06059831	0.10821044	0.32298422	0.3893447	0.12691528	1.0018929	-0.07464978	-0.17832081	0.07332944	-0.19063652	-0.17925547	0.4551721	0.35652456	0.58817226	-0.312856	-0.7328417	-0.0534434	0.13682789	-0.25066277	-0.007906559	0.050447993	-0.4090489	0.25837797	-0.11176485	-0.33785746	-0.27730444	-0.13454053	-0.3359936	-0.13675986	0.2572059	0.11324411	-0.03517439	0.3407376	-0.13818274	-0.29916513	-0.11180188	0.41711804	-0.17661981	-0.14746653	-0.63609654	-0.054943256	0.094011836	-0.14224961	-0.21244803	0.4667095	-0.21168149	-0.16553275	-0.63665366	-0.18161392	0.09647878	0.3603269	-0.28199276	0.492529	0.7985557	0.6787441	-0.1745124	0.21915688	-0.19437613	0.71019554	-0.45395708	0.36763138	0.32080904	0.14921586	-0.19091754	-0.6002496	-0.1988098	-0.18521863	-0.2755776	0.3975865	0.030755661	-0.07071412	0.21446262	0.15994738	0.33128622	0.07162071	-0.26268604	-0.15077896	-0.09034768	-0.1867713	0.37162098	0.30738208	-0.54783475	-0.3329456	0.15631744	0.28330883	0.3099218	0.30344263	-0.12587227	-0.5925452	-0.47429973	-0.09780431	0.06332528	-0.07360149	-0.0514519	-0.06031449	0.19327568	-0.29248807	-0.6722813	-0.6442581	-0.3583391	-0.19777574	0.32311457	0.20454839	-0.7202732	-0.2140795	0.5389962	0.8579228	-0.031837277	-0.22145826	-0.584543	0.39038152	-0.9219658	0.79919416	-0.38948664	-0.36156198	-0.07508538	0.15811287	-0.22294763	-0.47177985	0.83574206	-0.23096389	-0.18859819	-0.18910658	0.11407086	-0.46573368
-0.2600409	0.28549656	-0.32760483	0.57737434	0.34694466	0.09911744	0.24442391	0.40973985	0.26911458	-0.3184092	-0.0114924405	0.3371746	0.4996345	-0.07801071	0.22118536	0.43705767	0.09273163	-0.23848766	0.4759016	-0.012360755	-0.057721663	-0.10577611	-0.13252077	0.27182287	-0.7746496	0.60980916	-0.33151722	-0.12839001	-0.04662653	0.05812402	-0.49718755	-0.56749064	-0.44896123	-0.088722356	0.2362087	-0.3290735	-0.40413117	-0.37585902	0.3328737	-0.12969753	-0.45014304	0.2071658	0.12303832	-0.313613	0.21185645	-0.40135917	-0.1478668	-0.19616492	0.029938217	-0.40789047	-0.11247511	0.75384235	-0.25214484	-0.031898487	-0.6410815	-0.43357727	0.17242353	0.5639153	-0.42922723	-0.6382641	0.31324202	-0.21249554	-0.2523394	0.4725381	-0.08774951	-0.5018319	0.12684584	0.15196212	-0.24292758	0.2177197	0.06175173	0.5048967	0.45580178	-0.5290334	0.61501503	-0.23219915	-0.9402231	0.07912377	-0.41383785	-0.38936862	0.13165265	-0.4043107	0.25892645	0.35382453	-0.027350664	-0.5694497	0.19450876	0.18556373	-0.2621476	0.59170943	-0.4970121	-0.20517363	-0.57675314	-0.38548556	0.28653446	-0.70468986	-0.777252	0.15030922	0.5752041	-0.624321	-0.2948507	-0.87482554	-0.3994798	-0.28159925	0.15197273	-0.33284283	-0.11905461	-0.1510383	0.08741863	0.6411468	0.57427025	0.38900578	-0.08058644	0.09394396	-0.30382234	0.0442314	-0.4119093	-0.30262432	0.97701275	-0.099344574	-0.13482334	-0.33435926	0.15778206	-0.49606478	-0.27647582	0.41081452	-0.118920036	-0.14195462
-0.14806382	0.10260686	-0.19929047	0.013203699	0.14803432	0.03298977	0.08373925	0.07772204	0.22886208	0.024779882	-0.21309122	0.075489365	0.05934331	-0.099730216	-0.048940443	0.03508584	-0.105575144	-0.1674797	-0.05801825	-0.013340318	0.028092643	-0.36473554	-0.1614767	-0.072243266	-0.26796338	0.091146335	-0.08570516	-0.24972156	0.09312444	0.13800645	-0.08058457	-0.17528854	0.012612708	-0.014843732	-0.060760137	0.095302805	-0.30977213	-0.20747381	0.1642365	-0.054473	-0.3369731	0.044300415	-0.2145161	-0.069234185	0.14260389	-0.122737154	0.14121288	0.18631491	-0.1128014	-0.06442615	-0.14690077	-0.08351779	0.26988074	-0.11110914	-0.14455424	-0.03665482	0.17548245	0.0013722152	0.10871287	-0.08163465	0.09752627	0.16733214	-0.14573795	0.08550034	0.062342357	-0.072173245	-0.007461985	-0.030866243	0.092226095	-0.20514013	-0.017279128	-0.059092302	0.14199455	-0.074738726	0.04767319	0.055431228	0.06719643	-0.010905387	0.08274517	0.08428185	0.008867115	-0.17598449	-0.012841207	0.011186478	0.019127263	-0.2791427	0.21523942	-0.055090446	0.18613924	-0.041431867	0.11652926	-0.17828393	-0.11407249	-0.17868145	-0.09616087	-0.14443299	0.092743926	0.054209292	0.025163284	-0.06390352	-0.15328509	-0.36383143	-0.15871088	-0.026006872	0.07135663	0.023815308	-0.21729036	0.114462845	0.21117161	0.12523717	0.037758175	-0.011262957	0.009216055	0.05150964	-0.015400609	-0.03795066	-0.005241702	0.052492328	0.23820215	0.07266142	-0.030250452	-0.030319372	0.12378527	-0.04651867	-0.23120332	0.0028234993	0.04181306	0.006656129
0.16066845	0.26161712	-8.087417e-05	0.009570586	0.35220036	0.007603974	-0.22792198	0.5903177	0.19050547	0.17856829	0.25900722	0.12416259	-0.019425476	0.37402883	0.37724906	0.23666577	0.33055678	0.36858448	-0.025765007	0.5548026	0.0010387597	0.09002529	-0.3283469	0.08972244	-0.056118056	0.31146386	-0.4195322	-0.1711541	0.002197829	-0.0050064106	-0.22086486	-0.56905234	0.04803594	-0.080718644	-0.19350259	-0.15095247	-0.27695194	0.11033304	0.2515515	-0.2997176	-0.271788	0.29611504	0.03626066	0.16463189	0.06332456	-0.20023587	-0.544048	0.36668962	0.019284405	-0.17275925	0.18145992	-0.09207989	0.32640928	-0.069973506	0.09979055	-0.12875338	0.20882985	0.39446935	0.0852742	-0.30993408	-0.33672252	0.0162492	-0.44927606	0.22978535	0.006585556	-0.29923034	-0.18247418	0.35667133	-0.18033677	0.11251213	0.1301037	0.096816815	0.11479342	-0.32329363	0.20086844	-0.07047528	-0.24830423	0.4566829	-0.26869747	0.048928544	-0.14111482	-0.11194265	-0.007305244	0.046689928	0.1833493	-0.28509894	0.31137827	-0.20135383	0.45203263	0.2933917	0.09425903	-0.11384305	-0.27534395	0.12322088	-0.027430804	-0.37098062	-0.4029708	0.15490302	0.14006396	-0.16834863	0.11073026	-0.3616959	-0.2971175	-0.12940677	-0.10482854	-0.056331757	0.2049907	0.057663858	0.26266894	0.099949494	0.21168295	0.08885498	-0.16236325	-0.053271692	-0.043247785	0.04432441	-0.17072515	0.090859994	0.056379482	-0.33778152	0.042164944	-0.009850035	0.44039747	-0.053536315	-0.016846078	-0.052682873	0.3098601	0.28048646
-0.07968813	0.30077836	0.4078093	0.29082707	0.7262597	0.24538371	0.29244596	0.24018177	0.5194729	-0.089968726	-0.20528004	0.58689296	-0.016315857	0.2439254	-0.16842271	-0.084271334	0.042013656	0.14409958	-0.12635761	0.14220831	0.006602582	-0.14637706	-0.5978239	0.036253735	-0.76457644	0.70552355	-0.1564879	0.11020979	-0.1326666	0.47174966	0.17959543	-0.11662645	-0.23158973	0.036789652	0.3490123	-0.046164777	-0.21169318	0.031685445	0.13753551	0.1454571	-0.67517436	0.049240492	-0.0519016	0.13530253	0.28421253	-0.34811804	0.0032597738	0.45796287	-0.38566473	0.11320059	-0.2699205	0.15337422	-0.06771073	-0.06329929	0.0988088	-0.09796663	0.09582428	0.22863716	0.38568383	-0.08762664	0.015690407	0.39817652	0.07774996	-0.107034646	0.14881863	0.03174626	0.052440997	0.27946183	0.12242079	0.46894	0.4074064	-0.23857068	0.41655475	0.070334904	-0.18771335	0.048396334	0.66661644	0.18169387	0.037555844	0.32205483	-0.2664755	-0.5200967	-0.14423361	-0.08100904	-0.05638967	-0.27677962	-0.15449955	-0.10018015	0.0644307	-0.11318021	0.11829641	0.10207407	-0.29150775	-0.018468615	-0.15278308	-0.26930663	-0.0502181	-0.1032004	-0.12616391	-0.1612898	-0.29085854	-0.9420377	0.05992826	0.055437602	0.24985106	0.13410296	-0.5218064	-0.048265845	0.758697	0.49477255	-0.34430367	0.28584737	0.23891398	0.24739586	-0.6779939	0.034833696	-0.15026338	-0.12789372	0.69665605	0.35684562	0.7509521	0.2607026	0.46539712	0.2651271	-0.20775972	-0.031562064	-0.08379053	0.23300359
-0.30866686	-0.09215115	0.18186904	0.08544511	0.4595066	0.31166092	-0.007422606	0.41162923	0.9973033	0.09141428	-0.14428163	-0.16252086	-0.74530405	-0.24121109	0.22943816	0.06712233	-0.056933783	-0.27456465	-0.5916478	-0.34703255	0.4034931	0.14970222	-0.5131462	0.38556126	-0.46155384	0.49891928	-0.41318855	-0.6641392	0.1991956	0.26235172	-0.23411445	-0.017384611	0.251118	0.16385378	-0.051418014	-0.10443504	-1.1500633	-0.81802833	-0.23617731	0.07785306	0.01774468	-0.15827052	-0.31377247	-0.034082245	-0.28346643	0.014821928	-0.73966706	1.1375954	-0.12038164	0.56475693	-0.13376081	-0.04147621	0.025898231	-0.33196226	-0.58260286	0.38847467	0.1840942	0.6720497	-0.15141945	0.66334504	-0.777568	0.3192085	-0.4038177	0.20016655	0.70398426	0.070748836	-0.2117754	0.04867247	0.38350838	-0.30057946	-0.15750265	0.1273808	-0.19013828	0.36714506	0.38830572	0.48191544	0.29462466	-0.38522226	-0.3459754	0.1633365	0.77767307	-0.09910099	0.29117912	-0.13858493	0.294168	0.20738827	0.22830844	-0.09058906	0.61509925	0.028899463	0.18600912	-0.15962955	-0.9695909	-0.20418283	-0.34153116	0.16561098	0.52278626	0.26759025	0.4212051	0.06925768	-0.38909298	-0.7853201	-0.85598516	-0.23243934	0.1095932	0.41931707	-0.20008846	-0.033297755	0.021290813	1.3884432	-0.073063366	-0.38232148	-0.012736183	-0.029761434	-0.46867025	0.6528291	-0.7560208	-0.24867748	0.09720207	0.25045377	0.7461893	-0.51999307	0.11955762	-0.07356394	-0.6823874	0.4968654	0.7458168	-0.103048444
-0.18814333	0.2312226	0.014678189	-0.15841693	0.1126596	0.21191439	0.10467527	0.3984363	0.6747714	0.06978074	-0.22989796	-0.21253376	0.18083473	-0.3837562	0.098855674	0.487699	-0.37942922	-0.017986512	0.2909418	0.7538638	-0.0742263	-0.41381162	0.24691203	-0.34753177	-0.608006	-0.2725317	-0.4261334	-0.28931406	-0.11350652	0.054273624	0.31060588	-0.33204526	-0.19473723	-0.14172548	0.21955873	-0.31639734	-0.7355412	-0.33441907	-0.019939635	-0.09585563	-0.4993278	-0.17224118	-0.2730207	-0.18086196	0.18955268	0.14178176	0.29824436	0.25059158	0.20283191	0.07966697	-0.294277	-0.114249535	-0.20598577	-0.021720637	-0.23370364	-0.2204373	0.48060456	0.3973784	0.2845166	-0.09015671	-0.14174844	0.6955197	-0.076163925	0.17008619	0.07080693	0.13438171	-0.07580802	0.2297679	0.4715844	-0.16327603	0.17032725	-0.15351327	0.35444856	-0.4442274	-0.2433539	-0.16611859	0.04444917	-0.11350215	-0.027030924	0.44490469	-0.061823763	-0.41015363	0.13607365	-0.1723508	0.2891438	-0.740781	-0.22951035	0.16914944	0.21664032	0.20829257	0.40657973	-0.3379459	-0.4118616	-0.031764913	-0.47716522	-0.18929996	0.5029453	0.21799394	0.23824884	-0.24846974	0.13043639	-0.6724844	-0.65766114	-0.11008286	0.0055254903	-0.03118645	-0.060590275	0.26452634	0.7637721	0.43380955	0.16479576	0.13385056	-0.39903426	-0.08875813	-0.019420154	0.2546001	0.048096888	0.43354133	0.3374208	0.15101682	0.07130434	0.09393392	-0.06896805	0.349286	-0.5705341	0.20715979	0.42167547	-0.63897485
-0.11207212	0.30476975	0.23422019	-0.027146684	0.45056942	0.070751145	0.11962599	0.14166556	0.23156273	0.1561121	-0.110617995	0.2401321	0.029147528	0.24363223	-0.025852786	0.04571648	-0.08444179	-0.0010674451	-0.023054961	0.22850522	-0.039727546	-0.2410606	-0.15378682	0.15430264	-0.50475633	0.4510233	-0.10780947	0.0008317867	-0.005547638	0.21528006	-0.057824053	-0.25081873	0.09627228	-0.03311041	0.21780112	-0.2759793	-0.12866256	0.055325624	-0.07022688	-0.024949186	-0.36604467	-0.20115827	0.056131426	-0.10981655	0.2037401	-0.43576783	0.13315551	0.2515222	0.001569235	0.15806122	0.06929743	0.06913443	0.09914546	0.05764452	0.24810743	-0.3991331	-0.011187254	0.09799374	-0.08179952	-0.22439127	-0.017865775	0.32885322	0.07672463	-0.028679438	0.13667026	-0.018578194	0.026024273	0.43320498	0.11598793	0.042466283	-0.047209147	-0.145499	0.24115945	-0.04720952	0.21064076	0.009384152	0.32158375	0.159568	-0.15625894	0.25567004	-0.18904671	-0.4661382	-0.11126567	0.10070688	-0.12780647	-0.40327415	0.10733492	0.058095694	0.20594487	-0.044263072	0.13355581	0.12761159	-0.38971204	-0.073600784	-0.03725164	-0.023889715	-0.12393532	-0.029128456	-0.07795975	-0.008068783	0.019278523	-0.43452647	-0.14631991	0.15246116	0.07874336	0.044797964	-0.30419278	-0.0067135296	0.47175515	0.08756163	-0.08055776	0.12226938	0.0014349304	0.024512928	-0.1921878	0.1619596	-0.31890854	0.10489262	0.5531851	0.20032032	0.26828474	0.13737549	0.24121565	-0.04460122	-0.21481869	-0.3274765	0.25881922	-0.055058315
0.06810089	0.12401523	0.006989323	-0.12491098	-0.027395643	0.13696152	0.19090885	0.07262544	0.26405072	-0.16517788	-0.14871253	-0.037781287	0.1607203	0.060679723	0.12027447	-0.1101246	-0.20594901	-0.3337429	-0.5497315	0.07425142	0.29879358	-0.32865837	-0.0582713	-0.012872239	-0.16684265	0.2483147	0.121780865	0.009049434	-0.020813007	0.32428405	-0.075251736	0.036119267	0.15699506	0.18574835	-0.041302364	0.24737391	-0.3864959	-0.15750416	-0.22862045	0.010627009	-0.31185785	-0.080189645	-0.1686761	-0.027295986	-0.03487714	0.049326334	-0.07826896	0.23623347	0.0046314946	0.2305893	-0.2390539	0.2904962	0.26815727	0.054068707	-0.10369395	-0.06186822	0.08460318	0.15938294	0.19009547	0.057895098	-0.058906622	0.16600606	-0.062401824	0.06305165	0.29226142	0.18713859	-0.066022046	0.026632728	-0.06646251	-0.01926031	0.25345567	-0.07542413	-0.25905833	0.1755413	0.053142004	0.027234493	0.02568183	0.10467313	-0.16538653	-0.054754134	-0.08702775	-0.25104123	0.123380035	0.13829969	-0.1586592	-0.15671617	0.18930781	-0.04623163	0.110020086	0.08036543	0.06716962	-0.23418269	-0.44308117	-0.060996294	-0.24994318	-0.12730908	-0.07424501	-0.12242838	0.0757318	-0.05608153	0.07833071	-0.4786791	-0.14560276	-0.104530364	0.07779245	0.17211859	-0.18257956	-0.03662457	0.083236374	0.28329477	-0.13828552	-0.08704159	-0.4908579	0.008160025	-0.1913043	0.20161946	-0.15165038	-0.22831357	0.17912784	0.15464893	-0.07558672	-0.04602063	0.2247161	-0.14307813	-0.15923081	-0.0830578	0.33249483	-0.08545409
-0.54513454	-0.3327904	-0.11381625	-0.642556	0.6023245	-0.053095244	0.052275557	-0.027954547	0.3857327	-0.022261752	0.6461387	0.13891305	-0.5004022	-0.38020387	-0.14018793	0.8073789	0.12861913	-0.067075625	-0.43661964	0.0040210313	0.24307933	-0.5154918	-0.42370677	-0.90243727	-0.9052471	0.45402223	0.17143027	-0.5749116	-0.007628918	0.055569496	-0.17922087	-0.23239811	-0.33600268	0.5351229	0.01571781	0.41797408	0.7818526	0.16929151	0.74289685	0.32978612	0.23608363	0.33832762	-0.091279075	0.32318226	0.37106648	-0.5022443	0.69190365	-0.17726554	-0.27246484	0.15873288	0.32203564	0.14434625	0.004918834	-0.13815348	0.33224124	0.19342859	-0.23715548	0.74444926	-0.19811575	-0.11977332	0.047546767	0.37795842	-0.5010823	0.59339	0.6758332	-0.61583245	0.30099663	0.73261	-0.31259778	0.075581215	0.10997622	0.0056382865	-0.15074995	0.03303946	-0.18957809	0.06178548	-0.14229997	0.5592317	0.04424664	0.100154765	-0.5017804	-0.15948258	0.95854336	0.075486235	-0.66589004	-0.3238456	-0.01143375	-0.041270744	0.68298817	-0.17526914	-0.022391522	-0.6470562	-0.11143155	-0.17187387	-0.039212685	0.16536622	0.053264383	0.029106168	-0.08919246	-0.9342469	0.23093013	-0.70517117	-0.012125703	-0.002450022	-0.03093484	0.12101067	-0.5337549	-0.61976534	0.7727368	-0.15588228	-0.24984232	0.5305045	0.6877333	-0.078612186	-0.73119223	0.08326686	-0.10348729	-0.10562334	0.23227905	-0.009660458	-0.040593978	-0.74154747	0.70808506	0.42647785	0.3858265	-0.21345103	0.10898486	-0.30687886
0.07271367	0.44132248	-0.32435048	-0.22618689	0.26841298	-0.029867632	-0.20901783	0.91868144	0.35448244	0.60500884	0.33665916	0.22668055	0.0012452434	0.56450087	0.16313173	0.4662378	0.2202315	0.16098897	0.12619786	0.5493273	-0.1098542	-0.26195267	-0.3383591	-0.0018068672	-0.3101723	0.45123208	-0.6511208	-0.20068148	0.17198683	-0.22240849	-0.20766328	-0.487768	-0.20441896	0.2401697	0.21989864	-0.35796517	-0.38361928	0.07095571	0.19868755	-0.30956492	-0.64312524	0.5375038	0.030938856	0.20877698	0.2059556	-0.48929825	-0.28978062	0.40574646	0.020077556	-0.35745856	0.23471186	0.15348545	0.35239092	-0.45221564	0.3527531	-0.15696661	0.65855336	0.5880822	0.27651656	-0.28105927	-0.41540256	-0.025389815	-0.6236993	0.5842461	-0.016296348	-0.5070093	-0.0045674467	0.27107096	-0.3043741	0.29567155	0.24714752	0.074682094	0.22711821	-0.29840636	0.29256892	-0.12634213	-0.17420484	0.7101052	-0.3941461	0.1519493	-0.65755844	-0.22498246	0.17701009	-0.16646835	0.5981819	-0.14877456	0.024033522	-0.0066879583	0.56711686	0.22412601	0.1609448	-0.17472766	-0.18887384	0.13734815	-0.1731383	-0.6469532	-0.53220457	0.19617034	0.21780165	-0.44930708	0.14873572	-0.3944589	-0.3609165	-0.15797907	-0.2627638	-0.10582554	0.32462966	0.22354986	0.53574103	0.3035314	-0.24083106	-0.16617157	-0.053118043	-0.161314	0.081258245	0.2753066	0.12760256	0.28145316	0.07759457	-0.36327884	0.22355062	-0.0010370276	0.70035446	0.17257026	0.23702435	0.05122803	0.42214552	0.07049196
-0.0057406505	-0.06079441	-0.15546812	-0.2843733	0.07614325	0.15715048	0.19381201	0.08984328	0.17316064	0.278142	0.035515483	0.09178944	-0.0075515634	-0.06428013	-0.14583652	0.33623576	-0.19415252	-0.36168382	0.13507332	0.3814365	-0.19377121	-0.11455926	0.2945316	0.0480821	-0.4337933	-0.15169656	-0.29187894	-0.14371634	-0.043318722	-0.09378195	-0.14227939	-0.10032168	-0.16115682	-0.08723774	0.064471126	-0.47123665	-0.43751523	-0.19349511	0.00956709	-0.1063163	-0.6300632	-0.16458927	-0.1945603	0.009471461	0.32228354	-0.18221383	0.11848055	0.009127412	-0.38446173	-0.083023444	-0.23049904	0.10713455	0.15838508	-0.37999308	0.09810068	-0.20608926	0.614917	0.49787062	0.2333444	0.12859346	-0.056734364	-0.14485376	-0.0049875053	0.30291274	0.18533464	-0.1392444	0.09858854	-0.19281851	-0.0017351572	0.015020355	-0.08404943	0.19977973	0.3517457	-0.14928187	0.2412487	-0.2993037	0.0011359247	-0.15452749	-0.03559849	0.0037587897	-0.26761115	-0.21555445	0.19497584	-0.0022486611	0.044469234	0.034487326	-0.22439735	0.34075472	0.26217613	-0.16016115	0.15807797	-0.33265293	-0.018942239	-0.0776786	-0.0264446	0.18539955	0.14541523	0.24363427	0.1849364	-0.026486738	-0.015165212	-0.3431505	-0.43789056	-0.038416464	-0.18258336	-0.11863526	-0.14335819	0.3201588	0.31380877	0.1740987	-0.068707965	0.03148342	0.07630476	-0.046016134	-0.077852376	0.36437532	-0.13681258	0.090178035	0.42867237	-0.0013976806	0.0430584	-0.14063117	0.1322153	0.1810197	-0.3792459	-0.12698634	-0.0032529004	-0.28135297
-0.59680235	-0.36136505	0.06578743	-0.45779273	0.73050654	-0.07855948	0.1907061	-0.08714148	0.3034315	-0.057020564	0.6778351	0.26814345	-0.6001382	-0.32885766	-0.059481777	0.6238677	0.27276412	-0.07714259	-0.35141447	-0.026041567	0.29747137	-0.40500033	-0.47900832	-0.9095653	-1.0044023	0.30451524	0.16395266	-0.36599174	-0.025140807	0.1515327	-0.0904792	-0.19852245	-0.17172061	0.68373364	0.17083031	0.38993227	0.7585933	0.26133257	0.6791418	0.28284708	0.14015529	0.38625205	0.10041292	0.25703552	0.56348586	-0.6135578	0.7584563	-0.1705906	-0.2726569	0.17623636	0.28964338	0.03706796	0.062478293	-0.2522916	0.29043552	0.07399193	-0.27014482	0.7475998	-0.32238272	-0.12479625	-0.0011625199	0.38139683	-0.30934063	0.75785863	0.8217791	-0.56289655	0.18990906	0.49942	-0.2728276	-0.08381821	-0.19831727	0.1568766	-0.22073524	-0.049939767	-0.20523347	-0.13101226	-0.16180818	0.6776891	0.074529715	0.09613403	-0.602973	-0.33553353	0.9632118	0.08266393	-0.4997575	-0.26462325	-0.13120577	-0.09983262	0.6973391	-0.10145003	-0.103602365	-0.62949646	-0.26742408	-0.19430023	0.038134452	0.28445286	0.038023047	0.20304282	-0.07137305	-1.0201485	0.17867261	-0.75390804	-0.23751965	-0.1124777	0.14851497	0.10560823	-0.4507733	-0.52019715	0.86216253	-0.2414835	-0.12532644	0.4605577	0.5524829	-0.23222286	-0.80484986	0.17067766	-0.19526157	-0.14791048	0.003202316	0.0867789	-0.14107671	-0.6718234	0.82400995	0.5958635	0.29636818	-0.11456102	0.14298923	-0.43548974
-0.1199171	0.14091505	-0.009319523	0.012541303	0.28834197	0.13890149	-0.0019790835	0.03591388	0.16816741	0.023395075	-0.020151285	0.06296152	0.061761145	0.06080465	0.087049134	0.15660307	0.048891075	-0.12479412	0.12627402	0.21076854	-0.10576582	-0.16893457	-0.29938358	0.053122964	-0.21889119	0.103928745	-0.2230586	-0.23266155	-0.11226367	0.008432447	-0.16749822	-0.17568164	-0.000611035	0.090694666	0.07308277	0.03006795	-0.23389092	-0.11331865	-0.06529908	-0.11530212	-0.26825118	0.092272885	0.04494307	0.08135221	0.2998111	-0.14749914	0.10194202	0.06597001	-0.09262321	0.095701136	-0.03958751	0.10618691	0.15123697	-0.0011060762	0.0949826	0.069527075	0.17161044	0.070843905	-0.08398997	-0.031443126	0.09283047	0.088730976	-0.02537485	0.108364075	0.0044926386	-0.082864426	0.0498447	0.0713685	-0.019698478	-0.045444954	0.024369277	0.17452922	0.15009044	0.012221318	0.17876528	-0.032903034	-0.020145843	-0.14772375	0.012362554	0.075256854	-0.19272026	-0.2587619	0.008638628	0.037672922	-0.08447796	-0.14018065	0.10351765	0.23378827	0.178235	-0.15355046	0.08901007	-0.18201609	-0.10788398	-0.08450393	0.17538399	-0.026064916	-0.082121894	-0.035363525	0.014255634	-0.32795554	-0.099135	-0.23026423	-0.06208206	0.04504467	-0.0024872215	-0.014271771	-0.18542638	-0.04181514	0.27461773	0.22655539	0.087180816	0.23010296	-0.0029729127	0.20175146	-0.13945536	0.007874255	-0.23590702	0.061844334	0.1418722	-0.02256379	-0.005678455	0.0065580104	0.030659208	-0.11642833	-0.052157722	-0.21702394	-0.045353483	-0.122264296
0.23125486	0.079819426	-0.02597091	-0.05433721	0.1083822	0.2985356	-0.12516053	0.4402496	0.26454216	-0.11625454	-0.14158471	0.06488751	-0.1416295	-0.26464638	0.017309844	0.2222507	-0.38998732	-0.29109234	0.169422	0.0690175	-0.007400253	0.015351455	-0.025552189	0.25279123	-0.3159696	0.101441994	-0.21587662	-0.55629516	-0.19750261	0.08140739	-0.12658754	-0.23344655	0.28419042	-0.2184851	0.09653906	0.09470544	-0.3068046	-0.41567627	-0.033744905	-0.18486162	-0.30896747	-0.2947425	-0.1815356	-0.09926966	0.2857432	-0.26633105	-0.18295793	0.03176785	0.19809496	-0.07757977	0.040300295	-0.4892704	0.05437488	-0.07587989	0.16264391	0.15447968	0.050394002	0.44578072	0.2879606	0.22074182	-0.26327303	0.11125198	-0.15347733	0.17196183	0.28658894	-0.19758728	-0.148728	-0.06307825	-0.16598381	-0.14703666	-0.053724237	0.085569575	0.20715003	0.108586214	0.24678652	0.40682188	0.14299661	-0.19233705	-0.103112474	0.05124625	-0.15078112	-0.47231022	-0.08895453	-0.008812349	-0.15688345	-0.14883532	0.08573152	-0.07134502	0.37179106	-0.15129894	-0.0254594	-0.058483932	0.115136065	0.11727512	-0.21888699	-0.13407828	-0.016316611	0.18174227	0.008729528	-0.24425037	-0.21282564	-0.45144287	-0.090724654	0.024181798	-0.13209058	-0.038055297	0.1648626	0.38052252	0.2127151	0.06634313	0.16306777	-0.0147061525	-0.1309461	0.05763734	-0.17713624	0.055019535	-0.06403707	0.010828396	0.25389412	0.091637984	0.1436064	-0.12954995	0.21096803	0.113414146	-0.22716129	0.042433023	0.081108965	-0.07589473
-0.29699466	-0.04485811	0.23483078	0.014173855	0.39633945	0.2248074	0.03861844	0.4183658	1.105033	0.14005776	-0.12613364	-0.12089554	-0.77008176	-0.26933718	0.17135139	-0.0025295385	-0.06416091	-0.26236132	-0.5581934	-0.29270047	0.40777963	0.21426925	-0.57552594	0.40739247	-0.6491453	0.55345464	-0.4551266	-0.62446874	0.28952104	0.27470747	-0.24424715	-0.031190924	0.10519054	0.13072221	0.0109324325	0.024926338	-1.095812	-0.78090674	-0.2603399	0.15289459	-0.03962332	-0.16975671	-0.2066336	-0.0029186995	-0.31180564	-0.06430037	-0.73641145	1.0689801	-0.11609804	0.5540378	-0.20772663	-0.01835839	-0.05755024	-0.31080118	-0.5279027	0.32066265	0.1818969	0.59689033	-0.20585303	0.63778305	-0.7128322	0.23999129	-0.4083837	0.2359537	0.6088891	0.1325279	-0.14329824	-0.025500875	0.4725437	-0.34199527	-0.17741524	0.13035637	-0.17281999	0.46359453	0.4173577	0.40519717	0.20075601	-0.4900151	-0.3825289	0.13974994	0.72558707	-0.18794428	0.3218109	-0.1317684	0.2643832	0.20950489	0.1474493	-0.13744812	0.62033725	-0.095713146	0.15889165	-0.140966	-1.00351	-0.29752153	-0.21643011	0.07949056	0.4970179	0.3302731	0.43927258	0.10591094	-0.32214913	-0.8452803	-0.87541693	-0.17101718	0.15354401	0.4816488	-0.24946879	0.004251941	0.02368423	1.3464868	-0.03195565	-0.3998905	-0.0024623906	0.088202685	-0.52301955	0.66805834	-0.80238515	-0.14960618	0.27914122	0.23449267	0.693317	-0.49684265	0.13279441	-0.14615302	-0.73811907	0.47272465	0.7253223	-0.050260622
-0.034213964	0.04427936	-0.0017095379	-0.07326375	0.21003869	0.2643472	-0.08818149	0.23035312	0.21264225	0.06760967	-0.0145660555	0.06564331	-0.04291991	0.026142908	0.016841078	0.19831793	-0.060914155	-0.19049448	0.09572632	0.18872194	-0.044875734	-0.047867604	-0.13452476	0.050553743	-0.2589646	0.10941534	-0.27192152	-0.10735934	0.010054359	-0.19028027	-0.18534276	-0.15977798	-0.12704724	0.011068633	0.15672746	-0.04998965	-0.29390064	-0.07470722	0.008869127	-0.067666896	-0.35383654	0.037307672	-0.11491187	0.13226625	0.07974231	-0.044882514	-0.05594647	0.13465467	-0.26890948	-0.010221053	-0.2659986	0.13538925	0.15293135	-0.033586532	-0.024113113	-0.08660506	0.31309557	0.21580781	-0.11738312	0.20528519	-0.088023245	-0.028239673	0.0047012353	0.17122291	-0.123590656	-0.0856312	-0.033140764	0.07160389	-0.057319764	0.01663077	-0.16111113	0.09225583	0.17591175	-0.089933276	0.09894219	-0.034240585	-0.1021985	-0.10448772	0.12613475	0.016769849	0.11343705	-0.098983616	-0.036755554	-0.09812681	0.042025805	0.10658056	0.033927966	0.18906677	0.2153584	0.040928748	0.10091546	-0.14327094	-0.10171277	-0.06436852	0.048924707	-0.10798938	-0.11738786	0.27589622	0.07272048	-0.25287378	0.02381137	-0.23508696	-0.33128828	0.019514099	-0.007423375	-0.124894485	-0.088226065	-0.033733234	0.05724091	0.1761394	-0.044878278	0.053602375	0.09194598	-0.14633328	-0.05664369	0.10283917	-0.1375945	0.021370098	0.21134038	-0.18324037	-0.09632257	-0.10463173	0.0029139058	-0.114775114	-0.11346031	0.015935482	-0.09008974	-0.15573384
-0.012955824	0.3899697	0.2608406	-0.050167624	0.4894731	0.0862473	0.1303855	0.15925157	0.27662158	0.13282233	-0.15063733	-0.055563685	0.026030328	0.2760373	0.032888196	0.11166226	0.05748705	-0.097730964	-0.23218933	0.2467547	-0.03436233	-0.25583997	-0.22546314	0.002243171	-0.25666943	0.09572072	0.18168677	0.099917196	0.01085802	0.11136982	0.1670608	-0.113361456	0.07641908	-0.025328258	0.07308268	-0.06035037	-0.28986076	0.22406226	0.1565792	0.09243353	-0.24534583	-0.10415545	0.040732052	-0.027863145	-0.118098564	-0.26664564	0.18540148	0.24412149	0.05825725	0.12931342	0.117100686	0.037681706	0.15298472	0.095591456	0.20008495	-0.33875266	-0.25581026	0.08912101	0.012209141	-0.23122592	0.022746982	0.21109173	-0.0706899	0.05934606	0.25524655	0.060658503	-0.2638529	0.55807036	0.018934825	-0.02334292	0.17992447	0.047779184	0.23423356	0.16195196	-0.012217584	0.19851519	0.13068308	0.3211291	-0.007844624	0.39594376	-0.13093059	-0.35815087	-0.08977606	0.26812798	-0.06951857	-0.35487947	0.15066437	-0.15350452	0.14031681	-0.012453259	-0.224931	0.038671218	-0.46795973	-0.19594605	-0.06810931	-0.18140645	-0.24014069	-0.07655867	-0.11774433	-0.4562639	-0.18643083	-0.43449533	-0.17517772	0.035173126	0.23337457	0.11236896	-0.35502306	-0.43444097	0.42807242	0.21496493	-0.038024552	0.0005584585	0.024213025	0.0020772452	-0.14745255	0.14604813	-0.32765555	-0.12991168	0.55452263	0.028004047	0.18486027	0.13931647	0.35578924	-0.113608874	-0.3522548	0.0035498438	0.13552444	0.08779475
-0.21859095	-0.11169619	0.18514946	-0.17908949	0.44368124	-0.40441757	-0.19618043	0.3171368	0.77417725	-0.007991414	-0.29834375	0.15002233	0.3659146	-0.095992595	0.031598058	0.15419951	0.5490941	-0.42547137	-0.476295	-0.31974742	0.27874902	-0.7114173	-0.3639292	-0.15049164	-0.4374827	0.19908024	-0.45072135	-0.40502414	0.08038448	0.22673301	-0.5265337	-0.36716768	0.38614497	0.29183438	0.03237001	0.18687974	-0.7417148	-0.3102584	-0.19114675	0.08369855	-0.22445866	0.098334685	-0.42200586	-0.15776277	-0.3359909	-0.12528838	0.17144859	0.5064768	0.0030304976	-0.37437782	0.12799715	-0.3401991	0.8555707	0.20406075	-0.03356449	-0.24210492	0.43828377	0.6514111	-0.2571902	0.4622865	-0.49690735	0.32132939	-0.51291525	0.56695235	0.4880714	0.4619988	0.06552169	-0.22685887	-0.18050058	-0.20590588	-0.06231023	0.6625181	-0.02475256	-0.120412044	0.29338077	-0.30087104	-0.27246135	0.15360922	-0.08558028	-0.046038914	-0.22270766	-0.10623935	-0.028819257	0.054065242	-0.62477696	0.25203207	0.11524088	0.10682518	0.00017934659	-0.050812848	-0.24304144	0.12726662	-0.50554866	0.36226553	-0.2046672	-0.27747875	-0.10912665	-0.21090324	0.33956996	-0.5458652	-0.7347395	-0.7112389	-0.37220252	-0.18521068	-0.39206144	-0.15478417	-0.33205083	-0.13728449	0.621572	0.761093	-0.09243345	-0.08947506	-0.45663172	0.38800076	-0.22164407	0.29301897	-0.43773422	-0.2886899	0.1444359	-0.11694689	-0.015765648	-0.6353015	0.4127293	-0.51004124	-0.08806392	0.4622226	-0.19577612	-0.3108502
-0.11300211	0.44145918	0.19852644	0.13285156	0.355672	0.26976144	0.0053775534	0.049173556	0.5157814	0.10314097	-0.095125504	0.11937316	0.06871811	-0.026849573	0.1436027	0.12602971	0.07435783	-0.048659008	-0.16855338	0.079543	-0.2893433	0.041676555	-0.45043603	0.1956979	-0.30795833	0.24347827	-0.3630466	-0.21893571	-0.09862628	0.2919241	-0.3683172	-0.17391174	0.060486987	0.09680813	0.23865142	2.1799775e-05	-0.44633466	-0.21343522	-3.054849e-05	0.081926405	-0.47326145	0.013111151	0.065312535	0.35707638	0.29269436	-0.30914077	-0.10965496	0.22137906	-0.30963573	0.0003062848	-0.25920358	0.2571601	0.23486067	-0.05722189	0.046654124	0.26139954	0.35232568	0.20576973	-0.03911823	0.07717074	0.26390272	0.010012746	0.21749507	0.24867101	-0.030845968	0.05163641	-0.05531805	0.029229064	0.007519047	0.06628135	0.22701447	0.12721577	0.15035082	0.08912343	0.039531488	0.05736565	0.09381407	-0.14925562	0.14075746	0.20921656	-0.030556906	-0.32107022	-0.038783044	-0.036229808	-0.28940704	-0.0875035	-0.0595736	0.27365965	0.2821283	-0.3043348	0.05830606	-0.3166164	-0.21811573	-0.12644508	0.20427687	-0.070145845	-0.025220089	-0.22442535	0.023854725	-0.4081794	-0.29328424	-0.61522806	-0.087920636	0.020307763	0.050737195	-0.04670059	-0.42885157	-0.19869621	0.2586058	0.27911788	0.005037646	0.23834561	0.124026336	0.35403344	-0.29663888	-0.09657375	-0.38870084	-0.13202974	0.39444777	0.351789	0.034531064	0.3285986	0.1766597	0.04469973	-0.17313468	-0.39386678	-0.14336193	-0.06652028
-0.04871215	0.0960654	0.015698712	-0.04396026	0.1524646	0.32268375	-0.05494503	0.21426421	0.23972055	0.10718094	-0.037480213	0.09626567	-0.025300527	0.051484752	-0.034385275	0.22690329	-0.05836093	-0.20616464	0.17684616	0.16299526	-0.06307461	-0.054170392	-0.08656842	0.11067274	-0.25285947	0.1251625	-0.24937911	-0.13306217	-0.024811544	-0.17239404	-0.18527527	-0.16859557	-0.101118915	0.0014030676	0.098827824	-0.06515385	-0.27718708	-0.08696597	-0.0058952165	-0.01788425	-0.33519113	0.043089263	-0.100430496	0.07732186	0.07454452	-0.05389956	-0.06485318	0.15995051	-0.24885355	-0.01813039	-0.27083287	0.14364026	0.10288337	-0.056386877	-0.02230012	-0.14528935	0.3250459	0.22757395	-0.09471463	0.16840485	-0.084234275	0.007203707	-0.034397997	0.13203293	-0.1532548	-0.07512202	-0.04453463	0.03730995	-0.023955077	-0.024146251	-0.14370325	0.06376603	0.24122414	-0.060687035	0.1465735	-0.064255245	-0.04745285	-0.117806815	0.142493	0.014156165	0.11814287	-0.13428688	-0.020592185	-0.13199946	0.07615055	0.071864896	0.03082617	0.16113271	0.20481774	0.05745583	0.054976378	-0.13210587	-0.08419981	-0.08128068	0.04424622	-0.08949756	-0.038926292	0.28460106	0.05035043	-0.20340687	0.030314635	-0.23301972	-0.309397	0.012856583	0.026303912	-0.12501568	-0.061840247	0.007877286	0.05799257	0.20563297	0.012585544	0.042733774	0.09647035	-0.1485984	-0.045792423	0.11646994	-0.1162076	0.020135833	0.23914032	-0.19015765	-0.1650827	-0.066174336	-0.0042052646	-0.11267693	-0.12317492	0.009975219	-0.10283039	-0.14555798
-0.031801447	0.3991509	0.2598655	-0.072499976	0.49402043	0.097304724	0.11238001	0.15232487	0.26943976	0.16297098	-0.18214768	-0.015409037	0.029644843	0.3090766	0.06454622	0.15162851	0.037240352	-0.107066326	-0.20409584	0.20393173	-0.07157945	-0.2827305	-0.2088323	-0.064408645	-0.22141194	0.06595288	0.16830494	0.088243894	-0.003389442	0.117580175	0.16533592	-0.12700707	0.08856442	-0.015056526	0.104123004	-0.053970594	-0.26899576	0.17927647	0.12791684	0.07922748	-0.22444178	-0.114571944	0.08079242	-0.008586475	-0.10056348	-0.32117337	0.2043394	0.21948877	0.039754987	0.07524067	0.12843484	-0.0027908417	0.15206158	0.13202633	0.19212885	-0.30161455	-0.26151356	0.05207152	-0.046780154	-0.22367829	-0.010573909	0.19784734	-0.090373	0.008370752	0.1768709	0.0825411	-0.23114587	0.566583	-0.019300817	-0.06945989	0.19453464	-0.0048636002	0.20231885	0.10332956	0.037998587	0.18490659	0.12468306	0.23418026	-0.02149644	0.41657728	-0.17957206	-0.37555125	-0.13122173	0.32009578	-0.091991104	-0.32754096	0.12256824	-0.17643268	0.16268574	-0.002913968	-0.23733671	0.055428825	-0.41605344	-0.16873278	-0.07171346	-0.16057958	-0.23767282	-0.08712218	-0.14101852	-0.46305346	-0.14349142	-0.43567857	-0.1806931	0.024689548	0.261828	0.078001656	-0.35034785	-0.42172787	0.42157957	0.1752683	0.011248412	0.01970691	0.11188235	-0.0286064	-0.13904549	0.1033043	-0.30886364	-0.09073499	0.53426385	0.0055046543	0.16105022	0.11629309	0.30027723	-0.12495589	-0.3342312	-0.014756684	0.114979275	0.06780311
-0.47771096	0.42661643	0.39454138	-0.17837763	0.987944	-0.3362326	0.20007038	0.19209962	1.0708336	0.059371695	-1.0310578	0.033339776	0.2669403	0.1351461	-0.39554262	0.6201275	-0.5285893	-0.18840192	-0.46725932	-0.028366672	-0.00264103	-0.18514952	-0.6043099	-0.07361056	-0.54823	0.42528772	0.07737435	-0.8414065	0.12748177	0.30572876	-0.50136536	-0.476409	0.05840214	-0.12542385	0.23054306	-0.017994883	-0.31017208	-0.7871373	-0.18638852	-0.23783278	0.2995483	0.031119453	0.12820166	-0.79504335	0.011535682	-1.0203491	0.40632612	0.77507734	0.17769626	-0.24473853	0.42993635	-0.7927738	0.2897503	0.42368895	0.6992399	-0.741643	0.34981444	0.016891312	-0.2066212	-0.16903241	-0.016200233	0.14812908	-0.0046881223	0.36314705	0.30956015	0.19550966	-0.219789	0.10565169	0.24210642	-0.1667437	0.030022534	-0.54724145	0.30603728	-0.2398405	-0.17034054	0.18584263	0.39952707	0.5100058	-0.010462203	0.9592654	-0.23018886	-0.4193555	0.38599852	0.20086631	0.063355274	-0.5294226	-0.30695745	0.2252178	0.55648804	-0.27485836	0.21360892	-0.2897909	-0.47795254	-0.29883593	-0.7530691	0.032934528	-0.06855978	-0.31077906	0.30202723	-0.2149364	0.2632125	-1.5996053	-0.637381	-0.037434142	0.6985549	-0.02725926	-0.60955477	0.073418476	0.6277394	0.74563843	-0.32141638	0.04530873	-0.21714115	0.09658155	-0.1544656	-0.2974152	-0.36617252	-0.080115356	0.6149692	0.4811793	0.81094897	-0.5016613	0.28565538	-0.055399686	-0.7198099	0.80684066	0.05984695	-0.22272229
-0.24804561	-0.11364756	0.21568973	-0.08502317	0.4291837	-0.31089047	-0.23104087	0.32262012	0.8055697	-0.015110997	-0.2610045	0.1431548	0.35967714	-0.08780946	0.024821937	0.19225033	0.60505366	-0.42006248	-0.48199236	-0.3765155	0.25004548	-0.62428147	-0.42209607	-0.14590527	-0.40906608	0.2671205	-0.4268105	-0.40315133	0.08557212	0.14500748	-0.49464452	-0.27926728	0.3510972	0.28455806	0.018922258	0.13997263	-0.69540805	-0.26464957	-0.13334033	0.09064864	-0.27160487	0.17012005	-0.4069665	-0.12731099	-0.31380436	-0.18936019	0.09809673	0.50200623	0.02296603	-0.33899143	0.10324672	-0.35082486	0.88114935	0.21681246	-0.027749153	-0.18508954	0.4375743	0.73107046	-0.23679979	0.50221246	-0.57085776	0.3579935	-0.5056376	0.6145914	0.44677484	0.4999546	0.12984838	-0.20015688	-0.21406455	-0.18561098	-0.060626317	0.7039598	-0.011919816	-0.14958815	0.27558836	-0.31855232	-0.28698716	0.044446416	-0.06788093	-0.06810424	-0.1770546	-0.07385234	-0.056027547	0.07860024	-0.62287194	0.15688068	0.11506654	0.12627287	-0.007506514	-0.03418518	-0.22357766	0.13363564	-0.554267	0.30586407	-0.15260777	-0.26981732	-0.14195482	-0.17226599	0.33296093	-0.5775707	-0.7205779	-0.66809875	-0.43504927	-0.15507632	-0.39491707	-0.14844857	-0.29668283	-0.1750947	0.65982753	0.68427646	-0.06424978	-0.09166927	-0.4767342	0.38195783	-0.32858753	0.31442615	-0.4279341	-0.32190135	0.19339113	-0.20488633	0.0035808561	-0.68297744	0.43374026	-0.5243209	-0.0637018	0.37275755	-0.25306022	-0.34349805
-0.056383483	0.049479026	-0.021584151	-0.008360286	0.120484464	0.28211206	-0.060382742	0.20526315	0.21178964	0.088519946	-0.05240789	0.11147639	-0.0598752	0.019108683	-0.0413678	0.19922663	-0.09704945	-0.21473297	0.14629328	0.19784422	-0.021989135	-0.057914346	-0.11105622	0.082690895	-0.23655263	0.11743635	-0.26121485	-0.21426871	0.0125796255	-0.15474902	-0.15808275	-0.1584437	-0.11140317	0.021363338	0.10572666	0.006887387	-0.2770961	-0.109070554	-0.009163297	-0.06787174	-0.35983115	0.007915286	-0.13846298	0.10173777	0.07501856	-0.045943514	-0.07289256	0.1410204	-0.27731407	-0.038248096	-0.26817897	0.08234233	0.11659481	-0.07972599	0.0043029124	-0.1296807	0.3112396	0.1958763	-0.030746223	0.16225675	-0.081647076	0.017382624	-0.001925117	0.16115892	-0.10402444	-0.05185128	-0.022268843	0.042043608	-0.03479963	-0.067054294	-0.11653957	0.01829045	0.2185949	-0.101113796	0.11352108	-0.095120825	-0.051545378	-0.17435522	0.13974382	-0.007648639	0.057712097	-0.11817321	-0.028098028	-0.16074409	0.053085204	0.0345432	0.049877193	0.17082287	0.20366284	0.046253573	0.14326301	-0.1435987	-0.13771738	-0.08084975	0.044024277	-0.08755402	-0.07285131	0.26567084	0.053896494	-0.1837857	0.08207478	-0.24812159	-0.337436	0.04204091	-0.026258646	-0.078713566	-0.08918797	0.061170798	0.08628898	0.19137342	-0.048367064	0.07462353	0.10400016	-0.112530455	-0.032054354	0.11450248	-0.10657746	0.054409456	0.22041309	-0.14194073	-0.12201629	-0.059090976	-0.03933699	-0.11206165	-0.13616961	0.021960845	-0.10463709	-0.17145807
0.08280386	0.14972876	-0.062518716	-0.06533054	-0.11072012	0.15942314	0.2864141	0.096903466	0.3356532	-0.21669838	-0.120538004	-0.050425775	0.16124919	0.080790505	0.19223481	-0.05482311	-0.19692881	-0.37202394	-0.5678485	0.107354395	0.4011111	-0.37838414	-0.030931076	-0.009693598	-0.26570776	0.27759874	0.08576285	0.06870294	-0.07541438	0.41091174	-0.09734578	0.034148913	0.12689935	0.25346407	-0.10774478	0.32720628	-0.4595634	-0.20945679	-0.22574405	-0.06307718	-0.3543147	-0.054768477	-0.17310637	-0.042300995	-0.026994122	0.12597671	-0.08462244	0.21717586	0.09887035	0.31201324	-0.28132075	0.38592294	0.24976711	0.11664533	-0.13128673	-0.11162899	-0.0046197698	0.19585168	0.2460375	0.05965594	-0.020650558	0.2528972	-0.07344274	0.15267065	0.32386282	0.15847935	-0.07970072	0.12868631	-0.06360916	0.017797664	0.37658966	-0.025523396	-0.27799174	0.25237808	-0.048579216	0.033440225	0.015943501	0.1596701	-0.13901378	0.033530097	-0.12825745	-0.35417816	0.16221216	0.21458419	-0.19716816	-0.26590613	0.23146431	-0.05772794	0.15220198	0.060244523	0.08215009	-0.26245064	-0.56548136	-0.06952655	-0.27063644	-0.21486707	-0.08737878	-0.16554137	0.054133985	-0.07332867	0.08048733	-0.6020777	-0.22791086	-0.162941	0.09713663	0.19083741	-0.25091973	-0.002298725	0.26304385	0.31233042	-0.18098165	-0.06373599	-0.5970017	0.09444519	-0.23138976	0.23646423	-0.16444859	-0.24477158	0.2050952	0.16723505	-0.1039555	-0.035406746	0.30921587	-0.2178865	-0.16660284	-0.12253133	0.40620372	-0.11413035
0.548021	0.23683262	-0.21973269	-0.32752568	-0.17271256	0.4281287	-0.25173265	0.23555309	0.46976057	-0.31275228	-0.019809684	0.27515957	-0.18723626	-0.32069963	-0.2844228	0.5900797	-0.19983943	-1.2748072	-0.1736351	-0.14393926	-0.62217265	-0.012512592	-0.04237781	0.12794134	-0.80678284	0.45856556	-0.18545131	-0.50171715	-0.26231351	0.039264053	-0.30768585	-0.23735642	0.0629125	0.19469564	-0.29469436	-0.33437738	-0.42493406	-0.71552145	-0.20117682	-0.3120156	-0.40907487	-0.05807624	-0.2416325	-0.09045321	0.11691252	-0.517172	0.0301442	0.27105108	-0.18407594	0.05800451	-0.51893485	-0.15715522	0.15608521	-0.12588337	0.070782326	-0.3328725	0.62581635	0.44842827	0.08348281	0.10873037	-0.45569482	-0.22815526	-0.47932872	-0.19374345	-0.20171711	0.1412394	-0.092876665	-0.51246864	-0.40866202	-0.6054601	-0.45901254	-0.30402613	0.70560807	-0.0765198	0.7406904	-0.076132126	0.059881136	-0.50468975	-0.026243629	-0.47565302	-0.21085499	-0.5987513	0.2340289	-0.1743837	-0.19188748	-0.048450444	0.17475016	0.14923203	0.3512309	-0.099283405	-0.16628289	-0.061321873	0.033072487	-0.27232885	-0.40123162	0.11143073	0.06057519	-0.16115467	-0.28072888	0.23780568	0.018880982	-0.4135895	-0.23421583	0.06190928	0.5582394	-0.13098016	-0.20054461	0.42813423	0.20605356	0.25609738	0.5677611	-0.109558165	-0.08005433	-0.27491063	-0.03187139	0.32988667	-0.8058764	-0.029797671	0.25670058	-0.055925556	-0.08301282	-0.38686156	0.033877347	-0.110808566	-0.5318189	0.30125156	0.20372261	0.13245411
-0.17872348	0.104100235	-0.08275749	-0.0021411486	0.06937654	0.13849534	0.25790808	-0.08428445	0.3997767	-0.03385909	-0.09564113	-0.14504035	0.12080074	-0.21855775	-0.26345345	0.2159748	-0.090082906	-0.37110022	-0.27098468	-0.04261139	0.11504279	-0.18692452	0.12679815	0.2095485	-0.5882973	-0.2071631	-0.06883825	0.0048518623	-0.06324431	0.011747246	-0.069708124	-0.18419032	-0.026017983	-0.17323826	0.04151666	-0.16282743	-0.55306786	-0.05051039	-0.005575149	-0.030567518	-0.5522296	-0.25471747	-0.32990906	-0.30138177	-0.040792033	-0.15613718	-0.039501276	0.18722636	-0.121371716	0.101875894	-0.34906256	0.21618198	0.19554578	-0.16631404	-0.091646604	-0.035752755	0.1807099	0.34811836	-0.01640471	0.063141845	-0.2414746	0.19084291	-0.52738005	0.24142933	0.22316948	-0.054944452	-0.017479973	-0.25405964	-0.02367264	-0.21563724	-0.2557697	0.034808334	-0.06292977	0.17947678	0.33547068	-0.17099021	0.027574882	0.076708816	-0.3897589	-0.058476437	-0.1454597	-0.22603852	0.3754903	-0.044636484	-0.09120677	-0.04902295	-0.051619343	0.08221298	0.3212185	-0.0202762	0.26057634	-0.15050316	-0.10941521	-0.18808542	0.06664057	0.16526486	0.2844111	-0.087828346	0.28484988	0.18263236	-0.33315656	-0.26964718	-0.28096065	-0.25336927	-0.14634754	-0.10385516	-0.02674154	0.11982166	0.45149466	0.40536717	0.08671366	-0.3350179	-0.050809562	-3.115461e-05	-0.27479568	0.32146746	-0.08994846	0.047644034	0.19865382	0.19466355	-0.05649093	0.030032752	0.43062544	-0.15299946	-0.51671904	-0.24155515	0.23548937	-0.21448952
-0.22484004	0.10305758	-0.24752606	-0.47247833	-0.02526877	-0.16156596	0.10104046	0.36004353	0.37137878	0.21685207	0.30871037	0.34879494	0.005721604	-0.010252883	-0.26878884	0.12665164	0.22297531	-0.28545555	-0.30968487	0.009392999	-0.23379955	-0.05742995	-0.41217694	-0.007244571	-0.26704252	0.035214704	-0.3109231	0.044323612	-0.004157225	-0.080980584	-0.67276675	0.116530135	-0.32987142	0.33665577	0.12201375	-0.21223795	-0.2512323	0.015916733	0.17399287	-0.14382818	-0.65253067	0.27797732	-0.38796347	0.022124464	0.10363384	-0.30657274	0.33860037	-0.10900999	-0.46090284	-0.0503255	-0.25087813	0.31536442	0.4126301	-0.3464447	0.3266582	0.047597725	0.6790792	0.66752553	0.17850289	0.18323946	-0.117719315	-0.03217284	-0.069582805	0.308588	0.13949984	-0.24167548	0.06813366	-0.08086633	0.09347969	0.071297996	-0.07127176	0.35524717	0.41015247	-0.2110322	0.049736653	0.017206084	-0.11002586	0.2608224	-0.11873738	-0.102932416	-0.29573825	-0.06361728	-0.021967586	0.0083212955	0.110148825	0.19969088	0.048392545	0.38900077	0.60249317	0.17847092	-0.035313845	-0.57597965	-0.31960937	-0.25722733	-0.17292991	0.025245208	-0.121197805	0.03303196	0.41767874	-0.04638777	-0.17276712	-0.636136	0.07836479	0.1568976	-0.23280847	-0.0016612242	-0.12964647	0.060528405	0.46381572	0.03948164	-0.3856288	-0.1500298	-0.07392686	0.22962815	-0.12445634	-0.043629635	0.038985096	-0.24024257	0.17053711	-0.22040096	-0.08155155	-0.12862843	0.40369418	-0.2206789	0.30344865	0.14640802	0.5682693	-0.042978525
-0.08531544	0.15426488	0.009150677	-0.022884583	0.29172266	0.1619722	-0.01859028	0.04915289	0.21714133	-0.0012907722	-0.02078753	0.09770124	0.05369594	0.0548805	0.067834	0.13849574	0.03371805	-0.1286492	0.13810942	0.2008426	-0.122966945	-0.15257359	-0.28712478	0.10102291	-0.24816725	0.14604685	-0.2172438	-0.22336593	-0.14689398	0.009235215	-0.19040993	-0.18726212	-0.012331385	0.075427875	0.10016818	7.090407e-05	-0.20092693	-0.10108208	-0.04271228	-0.109583795	-0.24295221	0.09172694	0.0829867	0.06802732	0.2897835	-0.16835086	0.057135567	0.063961186	-0.101236194	0.16118187	-0.054135308	0.119218506	0.14198036	-0.030613959	0.09022251	0.06573737	0.15238872	0.13611192	-0.07471711	-0.042358473	0.04120584	0.06734892	-0.07422191	0.067400664	0.0048049637	-0.10688097	0.042511288	0.10105583	-0.024907364	-0.015640466	0.044355426	0.15676993	0.16592066	0.011659361	0.19630012	-0.0056628324	-0.00971426	-0.13043097	-0.0016546799	0.06913242	-0.17225349	-0.27054575	0.0056254873	0.022989636	-0.05866963	-0.10389026	0.1271758	0.22710523	0.18608773	-0.159361	0.05998154	-0.1532711	-0.11894696	-0.07003505	0.17222463	-0.03159868	-0.07008899	-0.023566261	-0.023649992	-0.2903561	-0.10210004	-0.19854495	-0.082095735	0.032044724	0.023473425	-0.015458836	-0.18367748	-0.0860774	0.28399307	0.22123474	0.10819875	0.2585419	0.020742454	0.16571762	-0.15553059	0.0028063254	-0.22656256	0.014070154	0.16489662	-0.0352129	0.07063193	0.021358639	0.018470649	-0.1266705	-0.022550827	-0.23811813	-0.040964928	-0.07618706
0.047989506	0.42489547	-0.15144302	0.3988838	-0.05733185	-0.101977594	0.06361617	0.20076646	0.39538172	-0.03423839	-0.3983614	-0.02085707	0.8922206	-0.25527364	-0.16764615	0.07444975	-0.30344748	-0.36555004	-0.6356435	-0.43129256	-0.49708992	0.0324173	-0.051186703	0.18923977	-0.78606236	-0.5915627	0.08665722	-0.28105405	-0.423165	0.6273079	-0.6226181	-0.23942314	0.49172962	-1.0496138	0.29916114	-0.25315005	-1.1490048	-0.18263358	-0.0851999	-0.32470816	-0.511221	0.05622065	-0.048601482	-0.35626706	-0.014255954	-0.5439395	-0.2481127	0.51191723	-0.010842022	-0.07096296	0.0845217	0.96912885	0.2805126	0.009648258	0.49163547	-0.37067205	-0.07573638	0.72813874	-0.25131372	0.007013905	-0.010203218	-0.1544283	0.35267445	0.47660613	0.029426726	-0.014970518	-0.335167	0.5114758	-0.27629513	0.32130712	-0.13455431	-0.01162607	0.08705891	0.11129972	-0.13751133	0.03317185	-0.65338135	0.19910559	0.13573878	0.8441881	-0.77002126	-0.5698946	0.7380161	-0.23580948	0.042483184	0.4303976	-0.25614482	-0.3461035	0.8003345	0.08346366	-0.33448398	-0.10824475	-0.5290146	-0.0692396	-0.66800344	-0.8278829	-0.07457957	-0.41696635	0.24433978	-1.0023557	-0.41323203	-0.9800557	-1.0261803	-0.031645898	-0.20929614	-0.39627936	-0.29983726	-0.1331927	0.06179232	0.5830155	-0.20038292	-0.13491881	0.19310828	-0.17470263	-0.48755345	-0.10072836	-0.6082598	-0.39593852	0.67672163	0.17367965	0.019315578	0.06386681	0.3541118	0.25127026	-0.40897864	-0.19569279	-0.1614171	-0.73223984
0.41715217	0.5486013	-0.08251053	-0.4881879	-0.5239247	0.6956941	0.19781883	0.22732201	-0.2891444	0.95330936	-0.31021437	0.30670696	0.30218908	0.25583988	-0.09886795	-0.41570896	0.24293889	0.12863554	0.37206373	0.45652708	-0.12672026	0.36378703	0.008538797	1.0188476	-0.34455094	-0.1122353	0.62395185	-0.7549623	-0.9652123	0.84230393	-0.20744488	-0.30136582	1.1402904	0.42275214	0.008889276	-0.16713811	-0.9502015	-0.49733892	-0.23564406	-0.26870435	-1.0551822	-0.25995994	-0.76503974	0.7107359	0.19793072	0.62942386	-0.7690658	0.065146744	-0.10387661	0.8975995	-0.1715569	0.687613	-0.10000433	-0.46733412	-0.28758788	-0.13826412	-0.5301656	-0.216237	0.0081998855	0.8098035	0.3795653	-0.2358732	-0.8180713	-0.23205669	0.55618936	-0.50227946	-1.2463201	-0.019572979	-0.68210894	-0.057981633	0.39624238	0.38851455	0.079520464	-0.6113859	0.78364694	0.47513	-0.40647066	0.49558035	0.7144957	0.3194115	0.6799865	-1.401448	0.22859168	0.012622593	-0.12609962	0.06595867	0.40598133	-0.47832233	0.3503535	0.109953925	-0.93916947	-0.5004404	1.1350007	-0.31703693	-0.42448688	0.40459433	0.41685075	-0.58839595	-1.0092554	-0.5692058	-0.46778262	-0.30325213	-0.45711842	-0.1961162	0.2184228	-0.44523773	0.39437518	0.18549079	-0.4870097	0.8666661	0.39034715	0.38603398	0.42155132	0.005792664	-0.10966532	0.23555407	-2.1461258	-1.2645442	0.21057793	-0.6120464	0.59966654	-0.3456868	-0.21837065	0.6782204	-0.21844792	0.69677055	0.9215968	-0.10560212
-0.103209	0.46850908	0.016580036	-0.2209883	-0.046827905	0.38363197	0.117970616	0.28830364	0.896806	0.2457176	-0.25206628	0.08625107	0.24378128	0.09079963	0.0006691915	0.34595117	-0.2845851	-0.23539458	-0.1609581	0.42532775	-0.017696254	-0.14078096	0.066013746	-0.029768106	-0.5054109	-0.033299018	-0.30984077	-0.2591656	0.24719313	0.13827057	-0.3023555	-0.06520425	-0.15134054	0.16528334	0.5043802	-0.18296587	-0.46978062	-0.39510375	0.08442614	-0.047244493	-0.6140284	-0.18845516	0.024309821	-0.05256077	0.17717764	-0.21145947	0.26836267	0.007670598	0.14758827	0.21349986	-0.15239383	0.037032515	0.18320633	0.011018521	0.2517368	-0.013008153	0.61867243	0.39672655	0.3261683	0.107832596	0.37826046	0.089712985	0.084833875	0.6094547	0.05908554	0.01685612	-0.30591235	0.19232376	0.26266393	0.03535701	-0.0768919	-0.020671975	0.23471582	0.23523086	-0.22327633	-0.13456503	0.28888565	0.22882186	0.14729361	0.49678686	-0.20720653	-0.465976	0.30520818	0.059307788	0.26049197	-0.5332803	-0.24273428	0.5622586	0.58876157	-0.182381	0.31253314	-0.5900066	-0.5089853	-0.15366204	-0.30683345	-0.2959297	0.17128499	0.04476591	0.22231765	0.108571455	-0.17020178	-0.37967926	-0.6490672	0.18720517	0.15140042	0.019770186	-0.27804267	-0.0061194897	0.72731453	0.39303485	0.017689038	-0.15273409	-0.37060666	0.0046816063	0.2821954	0.1168831	-0.028215276	0.27048457	0.57385695	0.49993974	-0.27021092	0.2833902	0.27754587	0.37233806	-0.6365485	-0.2197435	0.53223586	-0.35156626
0.39304024	0.3663787	0.12915972	-0.16486451	0.26378804	0.6317403	-0.3911068	0.34722275	0.49573123	0.07292303	0.7024046	0.12117478	-0.11230949	0.06404548	-0.34453812	0.13823062	-0.00840611	-0.11311575	-0.122539826	0.5101883	-0.18144333	0.019215822	-0.35631868	-0.025138704	-0.43889347	0.56598663	-0.28680503	-0.40804186	-0.5197882	0.19860514	-0.33281845	-0.5640512	0.079006806	0.59151876	0.112271376	-0.17882998	-0.2685286	-0.74987555	-0.08187521	-0.16344456	-0.61257213	-0.44234934	-0.12452713	-0.2436777	0.8144016	-0.41006437	0.27443165	-0.3282143	-0.2698026	0.55451155	-0.039702855	-0.15974808	-0.100598134	-0.43481332	0.23151422	0.006915725	0.6199114	0.29338723	0.3473967	-0.077681184	-0.27017793	0.025381293	-0.34090272	0.33642218	0.23104903	-0.06416307	0.024942627	0.05848053	0.121638	0.07762255	-0.31084213	0.032671202	0.29528743	-0.37705675	0.442279	-0.10511185	0.58379513	-0.14596453	-0.42485723	-0.34671238	0.053104606	-0.59912026	0.123600654	-0.029550187	-0.2879023	-0.3893668	0.07647995	0.4767039	0.7913855	-0.10757609	0.10246544	-0.78170174	-0.92391366	-0.38233382	-0.21588005	0.13905448	0.09889323	0.004604501	-0.26420286	-0.11306016	-0.4652583	0.09190041	-0.35683528	0.083988026	0.106624044	-0.14546657	-0.37182	0.102597035	0.6446835	-0.28730175	0.32668236	0.2403493	-0.09963133	-0.14651982	0.27519828	0.4904502	-0.5310743	-0.057379976	-0.21763554	0.39815977	0.050720226	0.014746161	-0.076794386	0.26452962	0.0015828958	-0.042395152	0.50555396	-0.33721095
-0.22069736	0.25452927	0.39977252	0.36485848	0.64019203	0.44201455	0.07693347	0.37405416	0.5623971	0.05444544	-0.29108578	0.3850105	-0.09355989	0.29425818	-0.19242927	0.054359145	-0.1235898	0.24345194	-0.16854745	0.20996574	0.088824034	0.013911045	-0.58088684	0.025975026	-0.76095223	0.65751445	-0.11694027	0.07474268	-0.048371382	0.32894713	-0.005297004	-0.12394672	-0.18254451	-0.0020521951	0.3542197	-0.17210251	-0.18623471	0.05208761	0.32094154	0.03752368	-0.68021685	0.26387176	0.035254017	0.30192268	0.20955673	-0.32785603	-0.11696573	0.4282966	-0.3185052	-0.00859985	-0.33419675	0.116473794	0.048462536	-0.09699514	-0.030983413	-0.046498876	0.11406396	0.3568017	0.46548778	-0.08575519	-0.029006857	0.46030757	0.08812252	0.044704825	0.14742336	0.015401239	0.014946984	0.27263817	0.03985021	0.57720214	0.48287216	-0.119530365	0.3660841	-0.102443255	-0.18167575	-0.0015902395	0.6478714	0.41234547	0.124983646	0.42063504	-0.27999422	-0.5195842	-0.19500047	-0.17448245	-0.008741441	-0.35272655	-0.25719485	-0.12753168	0.18812276	-0.20541076	0.0647491	0.0995977	-0.2072651	0.025106903	-0.14870179	-0.09746884	0.014824791	-0.092390545	-0.1165975	-0.2963642	-0.25636002	-0.9429419	-0.05134991	0.07766522	0.21957485	0.12090885	-0.38914058	-0.07187297	0.838194	0.57928234	-0.39267194	0.21533677	0.18898277	0.3047502	-0.7494087	-0.0659064	-0.17041294	-0.15995967	0.4610698	0.20038813	0.70941114	0.12649786	0.50950277	0.39628384	-0.0862754	0.038942922	-0.09273822	0.33272374
-0.3864773	0.019558206	0.03925609	0.24474767	0.8303855	-0.21647532	-0.38300192	0.98904824	0.45470503	0.4926471	-0.21541958	0.3921201	0.3920605	0.6327216	0.16893184	0.05782697	-0.23026808	0.061224025	-0.48582008	0.6069602	0.38922846	-0.6922689	-0.83579165	-0.30787998	-0.9312405	0.41191804	0.15263052	-0.14711007	0.09448296	0.5173581	-0.08664433	-0.5941819	-0.14492218	-0.2962197	0.20442832	0.120170295	-0.95944047	0.40738556	0.18310519	-0.2991975	-0.34762955	0.60746753	-0.08306144	0.12842621	-0.0025537242	-0.43264583	-0.6849218	0.9901441	-0.08226726	-0.114109665	0.27388012	0.23658054	0.5342193	-0.072595455	0.19132878	-0.2497976	-0.39259365	0.388159	0.13688989	-0.5250985	-0.33366656	0.6936882	-0.37658024	-0.011305529	0.33096766	-0.2046245	-0.23221977	1.1191634	-0.38939273	0.04751132	-0.0074915644	-0.25131223	0.15125982	-0.17239141	0.25304863	0.39435217	-0.3073601	0.9146863	0.40012735	0.464777	-0.5710449	-0.7240152	0.07853309	-0.19601223	0.42681944	-0.28123876	0.2158385	-0.3088412	0.08558816	0.050113462	-0.12448921	0.38569444	-0.080007054	-0.022661168	-0.8017148	-0.61802626	-0.29549482	-0.36525384	0.6658989	-1.0285082	-0.20034622	-0.73883414	-0.33743653	0.53454506	-0.6724993	-0.41254458	0.023211319	-0.08829911	0.61265326	0.78288156	-0.40128678	0.017703498	0.22505847	-0.051027257	-0.09856966	0.048186943	-0.30451557	-0.16242257	0.6088985	-0.47891313	0.37191382	-0.15727673	0.42145872	0.344645	-0.4234883	0.08159722	0.15655868	0.18174197
-0.07285499	0.1486093	0.022780398	-0.08814055	-0.039490305	0.14023876	0.24644129	-0.062440153	0.26086694	-0.057720296	-0.034814365	0.005323937	0.22987354	0.050273363	-0.20505738	0.14664283	0.00035518187	-0.23821163	-0.17203246	-0.08397079	0.051288705	-0.12920393	-0.036450874	0.06967331	-0.3129484	-0.0883935	-0.118667014	0.021275353	-0.022770006	-0.071243994	-0.23891236	-0.07988728	-0.02521431	0.0074318307	0.10041752	-0.0055368296	-0.4080102	-0.111168616	0.033906277	-0.030404007	-0.40531	-0.0067199552	-0.24455754	-0.2739907	-0.02285372	-0.18458597	0.122361116	0.17461766	0.03786557	0.12371232	-0.06911804	0.078336954	0.085949995	-0.20766859	0.14455223	-0.0990482	0.0057291514	0.2617035	-0.03185394	0.14744286	-0.08546764	0.10866271	-0.5195351	0.24774994	0.20463048	-0.090976916	-0.118050165	-0.08534582	-0.16760685	-0.31154263	-0.12709662	0.22713508	-0.08218856	0.1359417	0.20848471	-0.07684543	0.01724089	0.03345388	-0.14746551	0.006009417	0.036635056	-0.19863375	0.21023455	0.07260763	-0.06062683	-0.006863603	-0.094673805	-0.08090064	0.22182874	0.0115247425	0.096227445	-0.15886468	-0.015938645	-0.14969765	0.027629845	0.22715272	-0.0090462575	-0.12029109	0.16804747	0.040737957	-0.11928256	-0.28034985	-0.054112367	-0.0788991	-0.08456828	-0.03509309	0.049999602	0.052391678	0.27672654	0.2340911	0.10053629	-0.17322867	0.010797146	-0.06080262	-0.18636319	0.1750194	-0.108725	-0.065264784	0.023052627	0.056558445	-0.13000824	0.0620141	0.23751427	-0.11859688	-0.19517809	-0.03985555	0.17870957	-0.13564174
-0.46536306	-0.30355355	-0.52617294	-0.55305827	0.7709256	-0.19839698	0.38802832	-0.29020846	0.5112628	-0.20804547	0.5361535	0.21537669	-0.3315151	-0.119634464	-0.02229726	0.4808063	-0.019993434	0.26831025	-0.54948545	-0.12029331	0.6142427	0.012379908	-0.2651989	-0.39950368	-0.95206684	0.052150656	0.3504839	-0.40775618	-0.23262063	-0.0012201706	-0.25948593	0.34736392	-0.124784306	0.5358938	0.17391968	0.47832707	0.68081194	0.4405492	0.8309998	0.22103153	0.06518666	0.6515048	-0.14474298	0.3881059	0.03832073	-0.5078671	0.5152001	-0.1449627	-0.21568273	0.5119992	0.33741376	-0.067437075	0.64029837	-0.32759625	0.49195883	-0.12888405	0.11466798	0.4315653	-0.04872499	0.16447975	-0.27616706	0.61865366	-0.6779683	0.98633665	1.0055461	-0.45457378	-0.161846	0.2938308	-0.03274855	0.01598609	-0.40640888	0.2509384	-0.36965668	-0.01614947	-0.08385824	-0.13663195	-0.011515242	0.54655576	0.42020375	0.31258082	-0.48024374	-0.5565293	1.15007	-0.22778843	-0.30078658	-0.3293492	-0.2898126	-0.72770286	0.83477664	-0.05140875	0.0488854	-0.45980588	0.41937724	0.15281361	0.08030531	0.13864546	0.022824485	0.3723888	-0.20320769	-0.5351852	-0.13148914	-0.75879776	-0.24393716	-0.37726396	0.07626653	0.3159721	-0.46490368	-0.33624986	0.36413497	-0.117536016	-0.59113145	0.26339084	0.9016959	-0.5966914	-0.45491835	-0.39291075	-0.09316999	-0.23134837	-0.11904886	-0.022843862	-0.27932307	-0.8277764	0.87164426	0.152752	0.07947388	-0.17947666	0.04680952	-0.07984334
0.49849877	0.5388442	0.5447511	-0.3542401	0.35518253	0.10149432	-0.14287688	0.21579267	1.1806493	0.30697632	-0.07779871	0.23278046	0.53209	-0.45350513	0.12773196	-0.15916254	0.21576916	-0.5864391	-0.5746776	-0.02929362	-0.23501742	-0.07723831	-0.116690375	-0.085104495	-0.5407655	0.12987274	0.061202098	-0.53206813	-0.29909503	0.6429616	-0.20485999	-0.13345125	-0.434554	0.13235337	0.18242484	-0.5484335	-0.46614248	-0.3189045	-0.11986584	0.28353575	-0.57701784	-0.2103239	-0.6500759	0.18767548	-0.11228582	-0.6619042	0.049571734	0.22687237	-0.20206705	-0.12058842	-0.44769424	-0.0749313	0.33283037	-0.053521466	0.24137321	0.3614242	0.52316356	0.05921744	0.04199429	0.08060593	-0.17964852	0.3917175	0.10861367	0.24649589	0.39883026	0.31992564	-0.2561001	-0.086213514	-0.07717807	-0.27588868	-0.18505535	-0.07102083	0.03519807	0.32015184	-0.10843254	-0.4043405	0.26167637	0.25162324	0.054573983	-0.26820308	0.13799916	-0.43353736	-0.13884243	0.020985916	-0.3757997	0.24754405	-0.054112498	0.08195537	-0.0042329347	0.011004575	-0.19361459	-0.2147777	-0.3969918	-0.40015152	-0.05453567	-0.47116947	0.54830235	-0.17053503	0.36119565	-0.17170948	0.1651109	-1.0748515	-0.18526973	0.29243797	0.063704096	0.123410575	-0.45655984	-0.18519966	0.23658302	0.17319718	0.5920564	0.1689372	-0.27329963	0.25303227	-0.29032123	0.06886646	-0.6973211	-0.52855873	0.5437701	-0.12685613	-0.08857314	0.21173841	0.38730735	0.14995919	-0.5372219	0.03827145	0.3558967	-0.13424371
0.13539381	0.3002349	-0.23635763	-0.0085568335	0.15122597	0.24367513	0.4944066	0.6300321	0.6600793	0.593273	-0.043272585	0.18240382	0.11299536	0.05910911	0.106862456	0.33223066	0.16686027	-0.3829255	-0.46890724	-0.06087697	-0.37407053	0.081986316	0.07123068	-0.11847131	-0.3312629	-0.03810184	-0.2090213	-0.34915274	-0.29057342	0.00953046	-0.64298654	-0.03612714	-0.2032196	0.12436176	0.27726686	-0.54544306	-0.6691405	-0.19315197	0.080227554	0.21275356	-0.6722285	0.12741287	-0.2050353	0.55305827	0.100661926	-0.45375192	0.2755777	0.06006792	-0.41532436	-0.24667963	-0.23574005	0.20961933	-0.12528422	-0.24482019	-0.014938846	0.328632	1.1714128	0.62142086	-0.029481357	-0.13927257	0.177351	-0.12630388	0.06470502	0.36826262	0.12767436	-0.055926155	-0.3327142	-0.14508238	0.26330575	0.2971993	-0.029665269	0.29951903	-0.17562413	-0.05396701	0.18241566	0.10036886	-0.2084766	-0.1224819	0.18914385	0.13265455	-0.16070904	-0.39916378	0.22154826	-0.07500902	-0.08545428	0.1732663	-0.6724959	0.28912255	0.20892812	-0.08066729	0.13112722	-0.4860797	-0.17579737	0.21445295	0.08385669	0.080346346	-0.06094213	-0.10117285	0.3267364	-0.4696311	-0.10863897	-0.5200358	-0.49868494	0.06675837	-0.24727279	-0.31268966	-0.053199723	0.098834045	0.25815937	0.30687657	0.2637721	-0.30589026	-0.013040248	0.31997585	-0.5538616	0.11971628	-0.30350047	-0.10606204	0.17375484	-0.23263744	-0.55277455	0.31335855	0.79930586	0.21185303	0.08950071	-0.3803385	0.18706787	-0.42358375
0.010996452	0.3175018	0.53298366	-0.3237388	0.2874582	-0.19303164	0.70818704	-0.17805102	0.49718246	0.28938463	0.319093	-0.22957689	0.18088101	0.24143091	0.17315674	0.41861212	0.5316906	0.018840298	-0.68700385	0.20702055	-0.8639867	0.66967344	-0.29808566	0.31306815	-0.70185363	0.22034332	-0.15031582	-0.5594462	-0.25011817	0.5327774	-0.60090387	-0.15838619	-0.32452512	0.27718818	-0.091931485	0.32219273	-0.18455449	-0.25015873	0.14558788	0.45485586	-0.18984719	0.59752727	-0.8457227	0.4009334	-0.2514367	0.3994838	-0.10451053	0.6782478	-0.94576377	-0.49370086	-0.5608977	1.1023448	0.854902	0.29379	0.0903406	0.54026246	0.670802	0.41134354	0.42663744	-0.6168505	-0.023472177	-0.0129709225	-0.41447324	0.37514633	-0.16707915	-0.6330874	0.71283364	-0.52563137	-0.8018697	0.04748009	-0.2626082	-0.4627029	-0.14818119	-0.20242643	0.575878	-0.2704021	0.21704946	0.08764765	-0.40476742	0.34170443	-0.14909376	0.4005626	0.93931055	0.48070356	-0.13619563	-0.19575386	0.17347494	0.12281224	0.53667957	-0.054825965	0.15959768	-0.9251201	0.2118139	-0.49624944	-0.29010254	-0.15269886	0.36373705	1.0652889	-0.6277664	-0.12532715	-0.32653168	-0.4781692	-0.30867666	-0.7011599	1.3825653	0.6096476	-0.14333004	0.07697141	-0.4267554	0.2407468	-0.09822378	0.108938694	0.10970746	-0.5136827	-1.1242052	0.7262543	-0.8629725	-1.1003106	0.040130973	0.45677078	-0.448881	-0.18636493	0.31659493	0.13534173	-0.3522096	0.3750038	0.5727267	0.1793477
0.18158977	0.17748684	-0.022523664	-0.06981965	0.107619144	0.3014207	-0.09307074	0.4160318	0.2466242	-0.05306855	-0.1469941	0.08871476	-0.09922641	-0.2315849	0.024050707	0.22625044	-0.33351868	-0.2030957	0.16244376	0.04859891	-0.01850009	0.052673783	-0.032215636	0.25554767	-0.31907922	0.08354904	-0.20060521	-0.5408323	-0.19792867	0.047374956	-0.11157776	-0.23839127	0.26489344	-0.26198453	0.09833806	0.077465825	-0.36425385	-0.467705	-0.09254092	-0.1817753	-0.28091028	-0.2505701	-0.1828735	-0.059195563	0.2979833	-0.2978072	-0.22510745	0.03921819	0.21780567	-0.061420295	0.034840524	-0.43750125	0.051265817	-0.08502776	0.16154864	0.18332765	-0.024166454	0.48303932	0.25401852	0.22079101	-0.25139558	0.13615459	-0.21495764	0.09761542	0.2776303	-0.20652036	-0.14114113	-0.01394075	-0.1895499	-0.15589838	0.023698501	0.08401185	0.16105431	0.10378306	0.21503149	0.3658239	0.17252484	-0.19477801	-0.099822424	0.07809985	-0.07590049	-0.5231559	-0.12576061	0.049487803	-0.1322731	-0.13251154	0.09294555	-0.08600295	0.36185297	-0.09065609	-0.04335273	-0.08715391	0.1288067	0.120891735	-0.25056264	-0.09899992	-0.03637546	0.14153647	-0.00049188425	-0.22401586	-0.1475645	-0.48517284	-0.10583378	-0.002107991	-0.031101374	-0.007924275	0.17809787	0.38351345	0.24622628	0.060340118	0.14315332	-0.02246234	-0.14600882	0.029337898	-0.17195234	0.06653106	-0.13101262	-0.02004048	0.24601585	0.067558534	0.13978812	-0.124830805	0.20119023	0.13589875	-0.18742879	0.0978136	0.12976652	-0.092331454
0.13600667	-0.073782	0.3047068	0.2959886	-0.0032535903	0.07734132	0.19368263	0.36357814	0.4020956	-0.08692612	-0.038325146	0.24089654	0.19997357	0.068193585	-0.13543081	0.19706915	0.28698066	-0.14829469	0.15539505	0.015608758	-0.022273507	-0.2701037	-0.42847627	0.15185265	-0.4993678	0.33887708	-0.2504489	-0.04601198	-0.13267122	0.0033332116	0.07725913	-0.15642862	-0.31436887	-0.16958198	0.24239245	-0.21856762	-0.23388831	0.17299217	0.38653132	0.06082522	-0.6248152	0.41617945	-0.384792	0.017948227	-0.047536116	-0.3263476	-0.18388632	0.13074502	-0.21749176	-0.10125523	-0.08017495	-0.21056269	-0.035515994	0.30830356	0.11708415	-0.084987305	0.038831964	0.5973756	0.54411936	0.04450937	-0.15281819	0.21736084	-0.12031712	0.24710356	-0.031240415	-0.11494143	0.04908681	0.1296717	-0.26903194	0.16927423	-0.06215407	0.335508	0.14781606	-0.35075957	0.18336338	-0.05042764	0.16206674	-0.003359817	0.025050383	0.11746325	-0.059319194	-0.4386814	0.0069125746	0.017359836	-0.047543682	-0.065785244	0.16506799	0.10249881	-0.021692872	0.21489424	-0.17157781	0.09639885	-0.24785195	-0.107096076	0.023368068	-0.35974702	-0.18559577	0.089613356	0.11176094	-0.012369611	-0.19875629	-0.1899921	-0.33553305	-0.21794045	0.18123281	-0.017066764	0.0600532	-0.15654692	0.44553283	0.1310572	-0.15356317	-0.034676712	0.06541002	0.111488365	-0.17035583	-0.053008933	-0.07014358	0.18669344	0.17439222	0.18586138	0.097632796	-0.06581606	0.17572999	-0.018786864	0.13115306	-0.007249058	0.017540606	-0.096362844
0.13868275	0.0046131867	0.029275514	-0.025381295	-0.007509126	-0.0017046221	-0.1561027	0.061341833	0.23929742	0.20590138	-0.12195323	0.054135937	0.09108035	-0.0063366164	-0.18613505	0.104836136	0.122338265	0.0028965839	-0.14568098	0.03059296	-0.11183292	-0.15042414	-0.13783321	0.09764476	-0.08183386	-0.011551449	-0.025975019	-0.086008534	-0.17142236	0.10899647	-0.13210776	0.03970078	-0.06743232	0.18572767	-0.033621464	-0.115378186	-0.20878683	-0.32221302	0.104544476	-0.10589126	-0.13820374	-0.15039383	-0.19206141	0.09609569	-0.14436042	-0.11402861	0.014162231	0.25692967	-0.17634493	0.052501418	-0.23414767	-0.18532257	0.28065744	-0.09832777	-0.21874565	0.08282709	0.3908392	0.069825105	0.09386606	-0.03885361	0.049552638	0.16165835	-0.19771236	0.10404025	0.17057067	-0.036388543	-0.13642319	-0.15706724	-0.11909579	-0.15440382	0.039608773	0.06913499	0.07539059	-0.024138857	0.14439481	-0.18536177	0.01088157	0.01998691	0.120262586	-0.15750904	0.028908778	-0.295931	-0.0045104916	-0.22355942	-0.2706308	-0.18508072	0.2371295	-0.005041616	-0.16205609	0.0055003897	-0.07526795	-0.2815161	-0.074213065	-0.17263141	0.09249465	-0.043894164	0.09747111	-0.23940521	0.22989511	-0.30641752	-0.39870912	-0.3030307	-0.0053733024	0.023409346	-0.14601853	-0.048955943	-0.18873157	0.0048102243	0.13995892	0.34668428	0.18712223	-0.06500212	0.05952949	0.14764893	-0.21815309	-0.060965974	-0.31340167	-0.07898699	0.08010924	-0.2587066	-0.16809282	0.14899537	0.106664024	-0.09620406	-0.042391185	0.029592209	0.018718245	0.021490837
0.057448503	-0.33240983	0.3373408	0.08230342	0.6370821	-0.06651588	0.00014559772	0.46189928	0.68605155	0.082121685	0.08688105	0.24586333	0.23045152	-0.20989928	0.18309979	0.18008603	0.39460078	0.23759681	-0.3005166	0.42324033	0.25378492	-0.33969218	-0.47613725	-0.20844984	-0.5425982	0.4048415	0.11794025	-0.34388638	-0.07127078	0.12387522	-0.38825795	-0.11449127	-0.06026758	0.14577737	0.007304865	-0.24698702	-0.6260406	-0.250081	0.27346176	-0.10663279	-0.14032453	0.35477716	-0.20311335	0.051084533	0.12505011	0.35813364	0.15220627	0.056759145	0.13073418	-0.060375296	-0.151947	-0.5153267	0.6080579	0.022115897	-0.16204077	0.006374749	0.095805146	0.09884521	-0.10905482	0.03516632	-0.21329394	0.41419294	-0.32537016	0.42465484	0.6867817	-0.00051829405	0.16710705	0.26391304	0.07229569	0.29846904	-0.03404255	0.5756487	-0.32765895	-0.009521919	-0.062311653	-0.6111178	-0.2832269	0.21031472	-0.21672761	-0.21314536	-0.22811761	-0.020225568	0.08588276	0.30454698	-0.15020251	-0.5352081	-0.30125922	-0.072703324	-0.097013995	-0.63049555	-0.12589483	0.10950093	-0.25884193	0.15276976	-0.13841489	-0.0754556	-0.23653391	-0.33199129	0.3897731	-0.8884863	-0.034030423	-0.6480668	-0.2550935	-0.08844568	-0.743784	0.20385277	-0.3380291	-0.3533434	0.28175083	0.26362425	0.11578098	0.12908328	-0.08698205	0.14125696	-0.67997897	0.07374405	-0.3336394	-0.28876728	0.31714123	0.05896448	0.0856024	-0.40949908	0.67205393	0.055282	-0.4921655	0.41439	0.09624741	-0.47644338
0.12823492	0.17719357	-0.08692154	-0.16874531	0.21630234	0.09045802	0.15774183	0.20520037	0.15539224	-0.035835885	0.013068166	-0.09873177	0.07553736	-0.19118501	0.13057321	0.123896204	-0.05575976	-0.23112464	-0.08439033	-0.01751152	-0.053305667	-0.19644696	-0.0015175912	-0.15819982	-0.123369485	0.0038282499	-0.11264303	-0.33317587	-0.009701954	0.16355707	-0.1054118	-0.09315025	-0.07101606	0.17876971	-0.11105952	-0.06225939	-0.35124168	-0.21936634	0.012590021	0.040029775	-0.16970672	-0.11881946	-0.1605951	-0.10191447	0.24628456	-0.1707996	0.1415809	0.2339318	0.023866383	0.044319373	0.13931	-0.071267165	0.10456236	-0.21717793	-0.16782224	0.08224094	0.16222179	0.32205394	0.069245696	-0.07074717	-0.07407942	0.33484226	-0.44409972	0.081175186	0.17587459	-0.26282486	-0.21249849	0.057675824	-0.07062045	-0.05838638	-0.0597736	-0.0050672465	0.22096695	0.040939104	-0.029245399	-0.01628161	0.021371802	0.07964454	0.098970346	-0.022368949	0.19261281	-0.19281726	-0.0052201157	-0.05578865	0.056515746	-0.31855673	0.06543657	0.032396298	0.105805114	-0.023113009	-0.11547561	-0.01787704	-0.13414098	-0.0043331785	-0.35531572	-0.008991071	0.07092908	-0.14855479	0.07117686	-0.25821757	-0.3488967	-0.38157323	0.0151047055	-0.1230685	-0.2280928	-0.045031447	-0.10572261	-0.024173949	0.22876684	0.20761783	0.13293946	0.12840514	-0.015082237	0.018160654	-0.07256231	0.0768415	-0.18839067	-0.13600804	0.024612298	0.19127424	-0.20338076	0.105111875	0.18826723	0.25104478	-0.09210302	0.083862275	0.1736578	0.024202598
-0.120088294	0.30492252	0.14549352	0.52161944	1.0949132	0.46326363	-0.20272756	0.4387152	0.28133214	0.2815597	0.40286723	0.7893699	-0.1182703	-0.22347942	-0.25016862	0.3300543	0.12610336	-0.042198434	-0.044314187	0.01774887	-0.123006314	0.110700175	-0.5842761	-0.03248166	-0.5905084	0.86907756	-0.47842082	0.012869021	-0.00084688544	0.23041819	0.12917979	0.12426075	-0.3130758	0.19882758	0.5895984	-0.42722854	-0.15410267	0.06343559	0.46403992	-0.0038505779	-0.8572629	0.33793867	-0.5497876	0.23903139	0.77537346	-0.6324018	0.22064184	0.47913405	-0.3261329	0.06628659	-0.081957184	0.3837049	-0.09503596	-0.349774	-0.18001656	0.13818458	0.3095398	0.6738464	0.19617988	-0.087191954	-0.07823554	-0.043026175	0.53018576	0.15964043	0.34611613	-0.3214389	0.4586745	0.23174186	0.1490582	0.07628597	0.55082625	-0.45407802	0.46935904	-0.14025591	-0.034752462	-0.34701258	0.7997184	0.32765847	-0.26587272	0.3738686	-0.6454731	-0.48977455	0.07354223	-0.2956135	0.023425689	0.13689129	-0.118701845	-0.11967938	0.20908517	-0.29767865	0.11360457	0.35832405	-0.35977715	-0.11465893	0.13619106	-0.39179635	-0.09571525	0.3447578	-0.10652419	-0.25930983	-0.25479212	-1.1390339	0.059665777	0.31963104	0.19344348	-0.1855314	-0.18061697	-0.08714448	1.133173	0.21701816	-0.4191966	0.49314803	0.2769846	-0.1757899	-0.8558746	-0.30658218	-0.1108372	-0.14187464	0.715726	0.19916292	0.49414438	0.57328135	0.38319886	0.5634308	-0.1554058	0.51285684	-0.33669233	0.045728862
-0.16513021	0.24180788	0.35838193	0.12853992	0.14602025	0.5726679	-0.0113781085	0.24008997	0.72009706	0.061760243	-0.25530165	0.20768715	-0.017744074	0.1074685	-0.17443505	0.10643619	-0.0048979437	-0.08373576	-0.5925228	0.17236544	-0.08574673	-0.33320582	-0.09990344	-0.07540967	-0.40876573	0.08021729	0.035960704	0.063514754	-0.14575987	0.05675481	0.026466105	0.0044262283	0.0980938	-0.11118788	-0.110410094	0.05501034	-0.0997075	0.15206338	0.39778572	-0.096622355	-0.27949432	-0.14886239	-0.15062737	-0.0022663285	-0.22075991	0.15417118	-0.11678434	0.31991404	0.069950365	0.28415847	-0.031379856	0.15059455	-0.08869232	-0.28071913	-0.28727347	-0.011623487	0.057394385	0.60060084	0.09716027	-0.057007983	-0.26627138	0.43130186	0.12945335	0.15432145	0.5711392	0.1364013	-0.18228547	0.30218947	-0.11768645	0.16342637	-0.07849194	0.071452014	-0.09419562	0.34838343	-0.12985985	-0.20548615	0.16708228	0.47181386	0.27525344	0.23708482	-0.3110074	-0.063430384	0.07625193	-0.08966633	-0.05837279	-0.14150114	-0.28727704	0.10448762	0.18430714	-0.062079877	-0.4870041	0.011923632	-0.534747	-0.2997618	-0.1822205	0.29500604	-0.06602655	-0.10581543	-0.13892438	-0.33225104	-0.021665707	-0.6510956	-0.26570198	0.1792113	-0.10175716	0.44891405	-0.41099244	-0.071071565	0.23392826	0.40860516	0.041298844	0.037769232	0.074389584	-0.15335517	-0.6603572	0.1921748	-0.44084615	-0.53853446	0.51073307	0.18749374	0.0025950829	0.09549352	0.49992508	0.027754268	-0.21611919	-0.14833549	-0.14441185	-0.15726352
-0.019339388	0.23424534	0.027663123	0.10001801	0.15275906	0.15471826	0.017920084	0.11147547	0.15061727	0.14939663	-0.08415608	-0.11400473	0.14257258	0.21351619	0.0025853398	0.10934428	-0.070792586	-0.020954506	-0.20915732	0.31506315	-0.036084343	-0.19242503	-0.24170144	-0.05175584	-0.09742393	-0.13243414	0.14407186	-0.12829351	-0.07476221	0.28462332	0.23890398	-0.21448897	0.247772	0.031050652	0.027599823	0.10636157	-0.17119808	0.35044843	0.10872734	0.11530506	-0.18160558	-0.07380645	-0.045190044	0.08319096	-0.11485392	-0.16479215	-0.020564288	0.28162366	-0.015709272	0.14106989	0.1171914	0.23413938	0.23024963	-0.02315165	0.048555832	-0.3435552	-0.12930937	0.22683176	0.04983033	-0.2533953	-0.028479248	0.14892197	-0.113944866	0.07367201	0.28005025	0.05088482	-0.15255864	0.32986063	0.012657324	-0.2028275	0.19565275	-0.14911008	0.022318095	0.1271231	0.032787036	0.18465206	0.109872654	0.23630515	-0.052756686	0.37215975	-0.33592498	-0.31673205	0.02054978	0.1218414	-0.16714898	-0.18183671	-0.046243213	-0.15121947	0.25838548	0.060321394	-0.20373413	-0.10622852	-0.53417647	-0.20711997	-0.12419218	-0.23847102	-0.05632141	-0.043365628	-0.02587854	-0.4063252	-0.23545407	-0.33045208	-0.17688665	0.107186496	-0.017609714	-0.018250786	-0.0038333249	-0.2928074	0.26662466	0.18626359	-0.0095820995	0.07571097	0.023509916	-0.10025761	-0.133925	0.11285756	-0.3365493	-0.102523796	0.2839083	-0.06683294	0.0067444365	0.08929953	0.15469775	0.14070721	-0.24080962	-0.029229052	-0.0016683945	0.13325304
-0.0068957317	0.3351944	0.21742024	0.38860992	1.0214337	0.54687846	-0.021967342	0.39520052	0.25080553	0.28815356	0.29543427	0.7492395	-0.028009042	0.02223883	-0.32588547	0.2800531	0.26869684	0.13625637	-0.16276856	0.07298102	0.040194962	-0.08708158	-0.58828294	-0.03220387	-0.70479643	0.7470356	-0.40612647	-0.052258786	0.1847199	0.19654997	0.07616196	0.05468044	-0.36196002	0.23567647	0.552957	-0.40194637	0.08280634	0.11380092	0.3772235	0.044046395	-0.6770373	0.2747034	-0.59322405	0.3422603	0.8401897	-0.6439505	-0.072965935	0.5078105	-0.4739252	0.042954564	-0.069075674	0.35640606	0.15112925	-0.28724253	0.15344949	0.1319221	0.20125884	0.6131971	0.3041679	-0.26057634	-0.33248234	0.11377008	0.50794786	0.22482838	0.3694877	-0.34571955	0.5130709	0.20224822	0.21143322	0.3034874	0.6073958	-0.4890981	0.3609238	0.07198272	-0.14299478	-0.23429611	0.8704195	0.40369335	-0.3176039	0.451494	-0.51322705	-0.5185401	-0.12279262	-0.25648412	0.06607223	0.07219936	-0.1949865	-0.080007546	0.15543589	-0.29277277	0.11448096	0.37375343	-0.38795698	-0.10767181	0.058840852	-0.34507284	0.059827205	0.30251282	-0.03506216	-0.205114	-0.18315232	-0.874154	-0.119573005	0.014512734	0.10908165	-0.20385951	-0.15005696	0.18235107	1.1255213	0.1263032	-0.39881507	0.50061506	0.32677588	-0.2681745	-0.7980566	-0.04768427	-0.14528926	-0.13229565	0.7687805	0.27014008	0.51783115	0.475454	0.5044309	0.4724939	-0.14743981	0.3156788	-0.16861816	0.04482959
-0.033026703	0.44518158	-0.17238277	-0.20011933	0.23697302	0.025503187	-0.02144405	1.0483308	0.49617705	0.5952761	0.30245876	0.19198649	0.122843884	0.789043	0.17996138	0.5000607	0.14663304	0.27611318	-0.0038708746	0.57796645	-0.06237377	-0.169291	-0.29390576	-0.046651576	-0.34770063	0.48885864	-0.5830701	-0.16226292	0.26050556	-0.07232403	-0.38080204	-0.4641086	-0.17463557	0.19096753	0.1416141	-0.29683805	-0.3997166	0.17431451	0.020389836	-0.3255843	-0.61412966	0.49751097	-0.0116183255	0.116086856	-0.008154648	-0.4724513	-0.10130104	0.3806951	0.04996117	-0.3038156	0.38186535	0.1383837	0.28279322	-0.5769353	0.31698537	-0.31256282	0.7816203	0.5463893	0.20413044	-0.2650469	-0.40944025	0.05488361	-0.53641087	0.6353878	0.064060874	-0.39622012	-0.087034464	0.41550773	-0.22517796	0.36428833	0.32386383	0.04466663	0.23726337	-0.41022688	0.2547615	-0.31935355	-0.1088921	0.52349496	-0.35485336	0.14206223	-0.74295634	-0.21883936	0.28166017	-0.056593936	0.46026006	-0.3032128	-0.019406307	-0.025992284	0.6072441	0.25236958	0.12153591	-0.22828068	-0.36438307	0.14208582	0.09346656	-0.5088525	-0.3924985	0.18365774	0.21339186	-0.462868	0.25757495	-0.46209517	-0.5233025	0.059988044	-0.1866706	0.016125992	0.45079306	0.30668348	0.52511626	0.3412488	-0.25568438	-0.047672015	-0.064894885	0.013489473	-0.03820021	0.32826403	0.13263613	0.4063466	0.06862896	-0.29910892	0.16871497	0.21622382	0.7877219	0.08677375	0.23921828	0.039646614	0.6079129	0.083522804
-0.39070895	-0.52322173	0.07505367	-0.06639418	0.60376704	-0.012597299	0.16648771	-0.050587755	0.1847758	-0.45486218	0.55683815	0.53454864	-0.42944774	-0.12462364	0.09754516	0.63332856	-0.22327612	-0.39042482	-0.1377021	-0.18275721	0.4681403	-0.017816175	-0.87194073	-0.93584895	-0.8709511	0.11045615	0.06892516	-0.75834537	0.03533869	-0.034262944	-0.5376197	-0.44748697	-0.14895356	0.40466064	0.41570958	0.15666479	-0.17958514	0.21042615	0.7221516	0.34970817	0.10861762	0.20934741	0.03244942	0.46299216	0.4359556	-0.48132578	0.38242835	0.050904535	-0.5524372	0.18852597	0.21102738	0.25766575	0.23630919	-0.34681416	0.19148539	0.47411078	-0.21656962	0.8718951	-0.28919214	-0.303547	-0.40742284	0.39911756	-0.2939836	0.5837274	0.56408817	0.011043787	0.12047342	0.42514598	-0.19105384	0.13036896	-0.31842256	0.10538843	-0.19269699	0.49368316	-0.049191706	-0.021393506	0.4041941	0.3864457	0.21078633	-0.103254326	-0.44342816	-0.632009	0.9414874	0.019205937	-0.014440288	-0.41570812	0.21847036	-0.50857073	0.20922688	-0.32385218	0.18694152	-0.593807	-0.172108	-0.008241486	0.30814806	0.6283797	0.0663263	0.1705331	-0.14348692	-0.66154563	0.21249822	-0.58416235	-0.26410395	0.31607547	0.07956412	0.054400377	-0.05629086	-0.27791318	0.4413246	-0.24702974	0.1717988	0.63021594	0.6825907	-0.5913333	-0.6787872	0.3100808	0.053483758	-0.12977958	-0.01196024	0.096308954	0.02957782	-0.041834217	0.55980945	0.3601438	0.21581991	0.03924966	0.5264061	-0.24031667
-0.3595192	-0.35741916	-0.60032696	-0.14652972	0.10704721	0.6279036	0.4334296	0.57248837	0.60819113	0.77657545	0.0337953	0.62663186	0.25130087	-0.073504284	-0.456979	0.17511947	0.1059954	-0.64162415	0.028214542	0.7998331	-0.837869	-0.72602946	-1.327916	0.2604892	-1.5756179	0.6682753	-0.11180839	-0.34768125	0.5856413	0.009091349	-0.4737083	-0.1749252	-0.6003305	0.3158652	-0.563323	-0.18846643	-0.74460703	-0.7434726	0.27307665	0.0807792	-1.0108408	0.2664363	-0.5290309	0.006153581	0.5914801	0.9506102	-0.46757483	0.6946637	-0.7343611	0.62491083	-0.0031882338	0.047130074	0.8389833	-0.13547774	-0.5745119	-0.52504313	-0.92813647	0.7240247	0.075764485	-0.0067055095	0.013418052	0.13274743	-0.5754179	0.46986276	0.7593055	0.022082383	0.029356785	-0.82426757	-0.08361095	-0.63292587	0.45853993	0.14269127	0.18134065	-0.44466683	1.3609908	-0.34966174	1.1166598	-0.7921079	0.14489928	0.6234935	-0.14252985	-0.90669405	0.47435966	0.43586826	0.008960083	-0.5285526	-0.5850737	0.06883574	-0.24470183	-1.0681028	-0.7904075	-0.82412076	-0.2599858	-0.79283553	0.07393962	-0.5284963	0.48942477	-0.44907925	0.053986024	-0.8449624	-0.5332716	0.67550606	-0.79901093	-0.16736497	-0.411603	0.11730585	-0.042484123	-0.10763924	1.3468387	-0.20752837	0.49770197	0.0426684	0.6807943	0.34527677	-0.75822705	0.767818	-1.1580869	0.019288301	-0.1639717	0.5460104	0.074683465	0.19793282	-0.12876178	0.118982404	-0.4666888	-0.35928735	0.11034423	-0.924291
0.13975939	0.0028504422	0.044113178	-0.015662968	0.011372904	0.043720514	-0.13609275	0.05246393	0.22764124	0.23146164	-0.12073736	0.10746454	0.13379878	0.0017109367	-0.17726628	0.1131035	0.12150565	0.019878913	-0.101463914	0.05523682	-0.08899614	-0.1288718	-0.1461697	0.11878806	-0.09158154	-0.0079744095	-0.0030222274	-0.11667716	-0.15000787	0.09694268	-0.11450518	0.011909347	-0.053480614	0.15770313	-0.08366553	-0.11763386	-0.19422045	-0.3364877	0.11217601	-0.10612358	-0.1358289	-0.15449111	-0.20444828	0.06919104	-0.11075173	-0.13241525	0.009324539	0.2758912	-0.1699244	0.04686089	-0.2104408	-0.22766533	0.3107005	-0.10415953	-0.19766515	0.082332104	0.37416366	0.083426215	0.08479485	-0.04485826	0.04746949	0.16323869	-0.18817377	0.10470956	0.15431443	-0.04048223	-0.15646157	-0.14471358	-0.116161376	-0.21710002	0.0016287228	0.07568232	0.098395646	-0.037671395	0.1514834	-0.17622928	0.030263722	0.04230053	0.12794349	-0.13727506	0.003787927	-0.28096065	4.1058764e-05	-0.19468378	-0.27699143	-0.17125465	0.23523688	0.01533628	-0.15226811	0.019236276	-0.068008	-0.23067304	-0.087690294	-0.17275047	0.106245756	-0.01369687	0.07870259	-0.23451082	0.24240504	-0.30949414	-0.3975769	-0.2777746	-0.022130612	0.023299612	-0.16295686	-0.07573966	-0.16992503	0.030056396	0.15527184	0.37878537	0.21333383	-0.017029345	0.07405219	0.18708704	-0.25915393	-0.03181327	-0.28793827	-0.064356685	0.08467315	-0.29424322	-0.17935574	0.13151301	0.1387869	-0.07613366	-0.089121625	-0.019505871	-0.013187249	0.021439355
-0.041124295	0.17796175	0.108417414	-0.11752127	0.030080967	0.15331359	-0.0038805096	-0.009172565	0.22318383	0.07621676	0.052457057	-0.010542943	0.19706462	0.038441163	-0.17677048	0.25963503	-0.022730151	-0.12929478	-0.15069467	-0.13215409	-0.08472949	-0.13346823	-0.100490585	0.06754808	-0.21975863	-0.12898	-0.005463895	-0.14142764	-0.08445704	0.14951022	0.020037182	-0.020007344	0.13430744	0.07983621	0.26199344	-0.11103621	-0.21933733	0.01999932	0.13130791	0.10318641	-0.025877751	0.14858362	-0.098863564	-0.024519946	-0.077614315	-0.08186074	0.1670484	0.013923474	-0.04456393	0.14618632	0.043752894	0.09242745	0.1853388	-0.16619022	-0.030597853	-0.19577952	-0.010370724	0.2957088	0.14275888	-0.03777449	-0.026112936	0.14038947	-0.1457346	0.27148685	0.36257386	-0.17283735	0.0038676118	-0.030788695	-0.11739259	-0.10090548	-0.047031995	-0.030165356	0.014268811	0.2155797	0.15357012	0.05022662	0.14486688	0.19054012	-0.2315576	0.19507751	-0.18787813	-0.062380634	0.07092875	-0.08399973	-0.24940737	0.102897204	-0.022493226	-0.10621051	0.041157704	-0.079594485	-0.13230392	-0.063535415	-0.13591978	-0.19468449	-0.051095016	-0.04889303	0.00038474952	0.041495528	-0.014133747	-0.33427396	-0.2207521	-0.19637229	-0.2178139	-0.0771308	-0.03881402	0.01946225	0.20469284	-0.18175827	0.14088632	0.18427326	0.045154978	0.035252657	0.06729915	-0.08205302	-0.3259552	0.09761893	-0.29524088	-0.10748443	0.37283736	0.017082889	0.059396487	0.038982343	0.07565239	0.09357368	-0.17764357	-0.0076951343	0.08399869	-0.06368646
-0.08169601	0.31198636	0.1535847	0.5214118	0.8193361	0.60358083	-0.12809439	0.39413884	0.28815773	0.24256214	0.32201105	0.71881056	-0.0220351	-0.12300399	-0.38633054	0.27190116	0.13622437	0.10817857	-0.1843159	-0.04925046	0.08137043	-0.07172013	-0.595251	-0.12868524	-0.7132694	0.72708434	-0.2828388	-0.16828018	0.098280504	0.25585714	-0.0009228483	0.0009325079	-0.3003192	0.26291904	0.52456564	-0.20962855	0.017078819	0.09221964	0.42592508	0.123377435	-0.75187063	0.3491087	-0.6438316	0.39857137	0.83046854	-0.66924906	-0.17269751	0.48893267	-0.5333672	0.04221464	-0.17440058	0.42624032	0.15810308	-0.3928246	0.059105285	0.17110278	0.32583725	0.7250087	0.4675137	-0.20052284	-0.24801125	0.076490775	0.49750602	0.24604386	0.43790665	-0.2729021	0.47570023	0.22916242	0.07965046	0.21036811	0.50164837	-0.47274005	0.37188914	0.052013945	-0.23057216	-0.30976936	0.9342137	0.55364937	-0.35721663	0.34070662	-0.6251132	-0.37637737	-0.02085481	-0.29190725	0.041479427	0.13100098	-0.3255155	-0.25100175	0.27942255	-0.35849026	0.015591283	0.32007334	-0.48222876	-0.011652195	0.07436542	-0.33432448	0.09826376	0.20680203	-0.10033163	-0.17330751	-0.2835419	-0.9351849	0.005107689	0.10492944	0.17321658	-0.17696613	-0.05990502	0.11604876	1.0310518	0.22766677	-0.5802288	0.495751	0.32960463	-0.27647492	-0.7632942	-0.15208907	-0.15569349	-0.09689728	0.65458876	0.13191743	0.48931926	0.469382	0.45444638	0.58190435	-0.080234215	0.3008817	-0.21341932	-0.08326254
0.13612933	0.009093282	0.043530762	0.0034630345	0.0056000254	0.028819961	-0.18285632	0.067668006	0.2704505	0.22545281	-0.13133404	0.04047471	0.10120616	-0.0004623015	-0.21644841	0.15891464	0.071506135	-0.007239326	-0.105430305	0.03601105	-0.085944206	-0.14818887	-0.11734447	0.10885203	-0.07736819	-0.019779155	-0.041128717	-0.10753564	-0.1462492	0.115612	-0.13851927	0.0053920466	-0.044216126	0.19051646	-0.026971072	-0.087947376	-0.22597454	-0.3643533	0.13060874	-0.12346956	-0.14140898	-0.14449762	-0.1834533	0.0687524	-0.112175286	-0.111966886	0.008231866	0.25833997	-0.152832	0.06441942	-0.22933616	-0.2297486	0.26996806	-0.10647965	-0.2180742	0.0595546	0.37194797	0.0771292	0.08068317	-0.04768319	0.044973623	0.17093177	-0.18466325	0.13553222	0.2085135	-0.033514	-0.14482425	-0.14360237	-0.10467217	-0.17733899	0.012628735	0.05172077	0.054685593	-0.0083911205	0.1582024	-0.18486305	0.030017922	0.023658011	0.117566705	-0.09626679	0.012566609	-0.33346248	0.0065634064	-0.23195723	-0.22669372	-0.14147796	0.2304228	0.021382002	-0.14550567	-0.021402944	-0.056990962	-0.30337986	-0.09991042	-0.15627246	0.11055791	-0.013721359	0.12723275	-0.20992853	0.20653908	-0.28114673	-0.39478174	-0.34029406	-0.035913367	-0.005235431	-0.13691552	-0.035334848	-0.17549947	0.0400121	0.17085868	0.34304538	0.23850745	-0.03588246	0.05513928	0.15375105	-0.23712143	-0.023052806	-0.26432332	-0.057946213	0.09214804	-0.28034124	-0.22443642	0.16805458	0.11565677	-0.11839556	-0.050720632	-0.04824222	-0.009004582	-0.00079488306
0.23082174	0.11298048	-0.03507912	-0.08581483	0.11194082	0.25203305	-0.121545926	0.43883902	0.21524867	-0.11317255	-0.12146457	0.116771325	-0.092375666	-0.28372282	0.044990897	0.2660374	-0.37172064	-0.23313265	0.16597266	0.1318096	0.01633246	0.025899317	-0.021758262	0.206099	-0.31093013	0.08438202	-0.1953933	-0.5734049	-0.15530445	0.050171	-0.10524855	-0.20343317	0.24422534	-0.17176272	0.08227374	0.058040768	-0.32092944	-0.4419988	-0.047926974	-0.20295325	-0.27066615	-0.2950308	-0.19266944	-0.05942257	0.34038472	-0.26603216	-0.18649201	0.101099685	0.17513134	-0.080418795	0.021177024	-0.45050353	0.037763067	-0.08658857	0.1454959	0.16305858	0.05473822	0.45255598	0.25756547	0.22032972	-0.22893512	0.1018772	-0.17187233	0.093496755	0.28640088	-0.17957218	-0.14766394	0.01789096	-0.21795622	-0.17040442	-0.009318474	0.03474233	0.2117421	0.098346755	0.17025128	0.37070563	0.13829574	-0.20782985	-0.058555752	0.027296178	-0.11578246	-0.53194284	-0.097390935	0.03838539	-0.10543885	-0.11792758	0.0849551	-0.07627151	0.35889438	-0.054097243	-0.021312088	-0.10105461	0.13831465	0.14116983	-0.28117266	-0.1296341	0.013952673	0.12618443	0.023988055	-0.2415533	-0.1885826	-0.48630142	-0.103791945	0.031086132	-0.12034041	-0.01084676	0.15138339	0.43214205	0.21884602	0.086830825	0.14847684	0.012987445	-0.10387967	0.029445656	-0.13959752	0.047159042	-0.087284006	0.024538642	0.23024921	0.065214016	0.062647365	-0.08507155	0.2048071	0.16149995	-0.2094212	0.08283058	0.11776249	-0.102629945
-0.10912791	0.7353593	-0.45142534	0.4979308	0.050333966	0.31903383	0.94556284	0.23587096	1.1173857	-0.6233329	0.011531939	0.51339483	0.23377953	0.1819883	-0.46156016	0.45030135	0.7431593	0.37375352	-0.5812651	0.29572698	0.24482828	0.9280702	-0.4306109	0.7431347	-0.3932037	0.18081892	-0.41073826	-0.08570589	-0.4704835	0.21897939	-0.77020484	-0.85423017	-0.83010185	0.2284379	-0.056254696	0.1031818	-1.0600019	-0.73511577	1.0485679	-0.7221718	-0.74526346	-0.48160043	-0.35544303	-0.12695622	0.012475979	0.22190721	0.64742285	0.23635513	0.78218484	0.33020613	0.22271648	1.0610664	-0.4652156	0.04681905	-0.21562013	-0.044336174	0.22908619	0.9988284	-0.3503349	0.017653272	0.22566415	1.0744348	-0.78298384	0.31462333	0.11441741	0.09057979	-0.836371	0.25941068	0.08992069	-0.08169671	0.5052858	1.2398553	0.8687247	-0.8058485	-0.64939666	-0.028138746	0.6495652	-0.036888987	0.041887425	0.4325616	0.5118508	-0.96633446	0.29556957	-0.11692143	0.025301581	-0.15611523	-0.5078881	0.21966541	0.5917575	0.042093556	-0.2906184	0.51808137	-0.41008207	0.52599835	-0.92034024	0.19953847	-0.047511954	0.45323437	-0.079722956	-0.20003591	-1.0479476	-0.64585835	-0.12618576	-0.14072466	0.2239008	0.59703934	-1.2905817	-0.7382414	0.6843087	0.5422622	0.6857093	0.21964754	-0.16705137	0.16958155	-0.39011228	-0.11030281	0.36155623	-0.1625609	0.27577135	0.18002331	0.32136422	0.6243876	0.5859177	0.07185541	-0.11271845	0.40124613	0.5019974	0.056495618
-0.36092153	-0.08780888	0.32591036	0.031241825	0.46174002	0.27904734	0.066986114	0.3394924	1.050628	0.1343659	-0.2106943	-0.06180924	-0.68546927	-0.30728352	0.073867604	0.0009358221	0.049767107	-0.22977738	-0.5449676	-0.25317264	0.4534903	0.13340892	-0.6232718	0.5601127	-0.6429359	0.41656482	-0.36310107	-0.63527226	0.11239685	0.2615885	-0.216232	-0.025865395	0.14655794	0.20873691	-0.06416138	-0.029901776	-1.0791824	-0.8291654	-0.18937023	0.091615014	-0.085302636	-0.17741656	-0.22122851	-0.047121722	-0.36342883	0.016864277	-0.76840204	1.2031169	-0.12823345	0.6628865	-0.06420941	0.074129105	-0.0034131706	-0.36707434	-0.5053598	0.246932	0.18941559	0.6835072	-0.104906544	0.6431013	-0.69339937	0.25789407	-0.5333852	0.1196973	0.67124486	0.058945533	-0.15344857	0.009422974	0.45424402	-0.3052938	-0.1473169	0.0961964	-0.12878451	0.48948434	0.38164416	0.5320783	0.34676915	-0.42535764	-0.42075324	0.10775399	0.7166796	-0.06791428	0.29627362	-0.16467366	0.21301642	0.23859043	0.24464014	-0.16307276	0.6120026	-0.058624256	0.058188297	-0.19533272	-1.0357949	-0.32718533	-0.32752612	0.21492861	0.48309788	0.27240455	0.3575223	0.15515192	-0.418744	-0.7648226	-0.78719014	-0.28230268	0.14193441	0.44828954	-0.18511848	0.06804925	-0.018862851	1.3361511	-0.032911796	-0.4634079	0.043651246	0.10399442	-0.5514267	0.7127962	-0.87851244	-0.20829675	0.18663439	0.18862434	0.772807	-0.62066156	0.12881215	-0.11014693	-0.6377998	0.43758607	0.6741953	-0.084635526
0.22146964	-0.117888786	0.4063641	0.2425339	0.073431805	-0.015196482	0.16483761	0.38594323	0.31008714	-0.03437517	-0.06136126	0.27813768	0.25468326	0.2705083	-0.1915873	0.20515291	0.33705336	-0.113703035	0.20042737	0.09855529	-0.04878028	-0.28862813	-0.4159779	0.07473446	-0.44994307	0.387934	-0.17684399	-0.035644807	-0.09602535	0.015930552	0.13594943	-0.15975308	-0.3173457	-0.08126207	0.18230583	-0.21270742	-0.23051922	0.20152025	0.37410602	0.06580266	-0.55531836	0.47767228	-0.3879079	-0.06286326	0.039272208	-0.3880947	-0.22744665	0.25592324	-0.22826225	-0.17784399	0.086420424	-0.3662435	0.067958325	0.25285795	0.1960509	-0.36550477	-0.0016879429	0.5638536	0.5148614	0.060409915	-0.18933633	0.2875047	-0.23304683	0.2627685	-0.03221586	-0.13710332	0.1333136	0.1621629	-0.3289156	0.19067973	-0.091547795	0.34894928	0.18700962	-0.33176172	0.17583859	-0.03841613	0.2840631	-0.083477624	-0.006514839	0.14293262	-0.1728838	-0.40470248	0.03804971	0.03952537	-0.088984884	-0.16613424	0.17502746	0.026114788	-0.059877284	0.17534526	-0.096323766	0.146837	-0.35977665	-0.12846094	0.025912544	-0.32837108	-0.102111295	0.13961726	0.07947699	-0.11556937	-0.17092313	-0.19927292	-0.40333784	-0.20478946	0.24810222	-0.041121706	0.08190809	-0.24125579	0.48466966	0.094840385	-0.14327721	0.19554235	0.006128723	0.08544874	-0.011215646	0.013114167	-0.1896283	0.18394536	0.2564842	0.31026545	0.1269714	-0.1027161	0.2270767	0.036721013	0.13996898	-0.05922976	-0.089156166	0.03580869
0.21321972	0.044206727	0.17388429	0.0011004523	0.2411841	0.11799511	0.26611882	0.04237948	0.32200795	-0.15131816	-0.10318038	-0.004100868	-0.09139165	-0.024977375	-0.06719837	-0.008887314	0.06953839	-0.27089012	-0.30536434	0.1752154	0.017157424	-0.3059785	0.1581941	-0.0012454314	-0.23473988	0.1994768	-0.27489358	-0.31820735	-0.24581012	-0.051872138	-0.13041309	-0.108288266	0.033474147	0.0957446	-0.011153175	-0.02318284	-0.3025341	-0.3083467	-0.025690187	0.021493526	-0.022307137	0.19479029	-0.2740572	0.018607471	0.20623572	-0.23008816	0.12370449	0.30214986	0.007595452	0.31993803	0.049004585	-0.026567714	0.17828457	-0.02299312	0.09658385	-0.034174472	0.30265096	0.12848018	0.05420576	0.029699765	0.026095469	0.16496442	-0.12126369	0.107909	0.02629574	-0.111655846	-0.18539414	-0.041166343	-0.056819923	0.032679535	0.0029223405	0.09379791	-0.09932859	-0.13525352	-0.03258873	0.19771498	0.1624364	0.07050954	0.0950303	0.114982896	0.18712227	-0.14970247	0.12763166	-0.057269856	-0.042249173	-0.18859223	0.027319232	-0.038224734	0.09075562	0.23484485	-0.19046357	-0.14464891	-0.0979099	0.16804501	-0.15125072	0.18134066	0.012697311	-0.14988278	-0.15053795	-0.060380403	-0.19565828	-0.2650953	-0.034065045	-0.09830986	0.16978244	-0.009770624	-0.17825924	0.07669081	0.113172576	0.34948924	0.2599273	0.07587071	0.011673427	-0.07767892	-0.32963845	-0.050287593	-0.25295365	-0.16366094	0.17399512	0.056326292	-0.02935638	-0.10548208	0.104342625	0.09346701	-0.083282925	-0.079468705	0.18566245	-0.111524954
-0.14933765	0.110727146	-0.16434906	0.013863434	0.119109996	0.03538853	0.12965786	0.06522652	0.23707218	0.047301903	-0.23472008	0.04624918	0.06399852	-0.0846915	-0.065066986	0.012337891	-0.105886415	-0.16010618	-0.07365989	-0.010473971	0.019110026	-0.3764165	-0.14707497	-0.036036823	-0.2588988	0.06380163	-0.05489987	-0.27838656	0.033005115	0.14774366	-0.10601862	-0.1536038	0.005590094	-0.02289425	-0.065891944	0.09548458	-0.3292535	-0.1943071	0.14501572	-0.028082669	-0.37016147	0.021841554	-0.23097926	-0.059274778	0.13217038	-0.12070947	0.12102406	0.18824573	-0.15390062	-0.027345909	-0.15450202	-0.018445482	0.30476567	-0.09894008	-0.14870223	-0.017130353	0.17756034	0.01938229	0.15488309	-0.12512052	0.15065323	0.13255084	-0.14293787	0.063338414	0.06659193	-0.09060795	-0.04130505	-0.014948037	0.020192415	-0.19780844	0.01032606	-0.079058684	0.14215676	-0.051850293	0.058228906	0.059248596	0.08181448	-0.0091065215	0.10200753	0.08604665	0.014778924	-0.19621603	0.0041539576	0.03548075	0.0112891095	-0.24292958	0.23476255	-0.06416706	0.19363137	-0.019187536	0.07730968	-0.16522771	-0.09896465	-0.15623137	-0.09282986	-0.13700794	0.08344993	0.0036502995	0.0032037755	-0.06307846	-0.19707952	-0.3558497	-0.14077282	-0.016147157	0.102081574	0.010071645	-0.27320153	0.07925764	0.22399148	0.12488423	0.03443468	0.016663123	0.022438204	0.045945823	0.018051293	-0.05053797	-0.04130457	0.03609356	0.21552649	0.07190176	-7.246524e-05	-0.037717942	0.11013091	-0.039438214	-0.23334366	-0.04763866	0.056202713	0.036834024
-0.01717639	0.21535687	0.31962857	-0.017662046	0.37433615	0.088206224	0.21000703	0.17525604	0.18622285	0.2756817	-0.07932635	0.005693344	0.023854936	0.30094427	0.03525034	0.14906998	0.14828615	-0.0029446294	-0.19327001	0.24011806	-0.19099407	-0.18015414	-0.23223716	-0.12657708	-0.22396177	-0.06859727	0.17628588	0.12136192	-0.06543074	0.06865135	0.23127608	-0.14856361	0.07994655	-0.0035541237	0.03532151	-0.053130273	-0.22341695	0.30622563	0.10953377	-0.028759502	-0.22121443	-0.08736403	-0.043224163	0.052741893	-0.20008816	-0.29968086	0.116078034	0.23413454	0.0046272455	0.11955095	0.14268419	0.08935587	0.21692207	0.08138718	0.27656773	-0.3131822	-0.33338284	0.0055264216	-0.07582229	-0.27850056	-0.011796397	0.20635653	-0.09226991	-0.11866986	0.24875702	0.0152906645	-0.28455096	0.5616787	-0.022771439	-0.12128484	0.09299643	-0.044754032	0.15967484	0.05969439	0.101383366	0.090841435	0.17717133	0.29988998	0.016360866	0.42208815	-0.15980251	-0.39281413	-0.18241666	0.3523341	-0.07797819	-0.38160765	0.12521946	-0.15646078	0.19385815	-0.031545922	-0.114744514	0.046577796	-0.4218153	-0.19038044	0.057570912	-0.17067523	-0.21672277	0.007122332	-0.15157795	-0.5181801	-0.14911084	-0.3338194	-0.25665495	0.106464274	0.21843004	0.06214873	-0.30373037	-0.30444404	0.3747168	0.077407494	0.11099188	0.03670127	0.1980158	-0.10745721	-0.18247943	0.13064261	-0.30123475	-0.14001752	0.43563637	-0.054016955	0.040508837	0.1527954	0.3881901	-0.06703635	-0.36951178	-0.0066377376	0.14978746	0.072839074
0.42410594	0.47322348	-0.056081027	-0.42247197	-0.5098758	0.66457015	0.2508137	0.21579112	-0.3198769	0.94991666	-0.37357768	0.34036937	0.15634723	0.26040596	-0.09816249	-0.31924745	0.20297247	0.122821376	0.4361646	0.461419	-0.13656998	0.47189817	-0.0036573308	0.985052	-0.4476257	-0.1682456	0.71862423	-0.7598664	-0.93431073	0.77401924	-0.25668246	-0.3170115	1.130374	0.39686686	0.033789057	-0.10593582	-0.9298241	-0.5642675	-0.32646856	-0.23099212	-1.0551674	-0.30658263	-0.77981585	0.8086221	0.23684373	0.6395983	-0.7775003	0.047671124	-0.05673842	0.84158784	-0.183381	0.73745924	-0.05877368	-0.48016742	-0.38380402	-0.1353721	-0.53882474	-0.2397329	0.06590504	0.88011295	0.4308423	-0.27739093	-0.88041764	-0.19622727	0.6539804	-0.5446876	-1.2669858	-0.0058892826	-0.7189087	0.012903674	0.426134	0.47786814	0.0053727343	-0.5814962	0.91071373	0.44417173	-0.3737478	0.6567447	0.7363051	0.3963965	0.72959137	-1.4034684	0.15856759	0.07371748	-0.11618352	0.043130618	0.47578207	-0.5158581	0.40124744	0.09872976	-0.99500245	-0.5130596	1.1262689	-0.32400367	-0.52531713	0.3324622	0.40326515	-0.6315811	-0.95317274	-0.57406175	-0.5282769	-0.22941568	-0.48364595	-0.14396998	0.20757566	-0.4655621	0.38986257	0.22840528	-0.5114605	0.9170823	0.40214732	0.46438995	0.46118864	-0.044035263	-0.12370194	0.19708511	-2.3036373	-1.2852057	0.20139241	-0.5982553	0.62400013	-0.383694	-0.23515625	0.6689681	-0.08124329	0.7298673	0.90539175	-0.08358012
-0.11909741	0.14934534	0.012879629	-0.015306399	0.26461405	0.15226482	0.021501219	0.04274796	0.22323716	0.049256492	-0.030627038	0.06089808	0.06517395	0.028823847	0.06080236	0.117625125	0.057690877	-0.13742146	0.13585457	0.20650792	-0.09261529	-0.14417146	-0.28419557	0.06937213	-0.2205471	0.07229742	-0.22141606	-0.1901566	-0.11075861	0.003142875	-0.18797183	-0.14419031	-0.01979443	0.042011775	0.110336296	-0.037273925	-0.29787418	-0.12758906	-0.069084175	-0.08388761	-0.24394925	0.124477394	0.03474692	0.10104945	0.2998699	-0.14699362	0.07488595	0.051777113	-0.06361534	0.11336085	-0.06810433	0.1301891	0.18636347	-0.04639064	0.109206796	0.11651855	0.15737	0.10131958	-0.045283347	0.0046905344	0.07158624	0.07569864	-0.09055783	0.09596951	0.027074898	-0.105952546	0.023602303	0.06936963	-0.01229828	-0.037276756	0.073313795	0.2063079	0.13842876	0.010278527	0.18655746	-0.014563717	-0.004687873	-0.1163212	0.0024882383	0.11501362	-0.11840509	-0.24323708	0.014638848	0.06696633	-0.10701323	-0.09014865	0.11135474	0.2034181	0.16969933	-0.13866697	0.083952926	-0.13669698	-0.081693575	-0.09637652	0.17731956	-0.024716439	-0.062105898	-0.06920473	0.046709415	-0.30863804	-0.17580889	-0.21024391	-0.058275405	0.025772607	0.013244281	-0.023042964	-0.18852846	-0.065914094	0.28279185	0.2444854	0.106214866	0.23517719	0.038420834	0.18526836	-0.13938463	-0.01921121	-0.24652946	0.003208443	0.16794737	-0.05414365	0.030623715	0.033275317	0.044170693	-0.08209743	-0.052982006	-0.23715857	-0.020613411	-0.12789673
-0.426901	-0.21624671	0.09697848	-0.956512	0.48684916	-0.11441556	0.8489149	0.19377354	0.44534162	-0.071116515	0.37662187	0.6720153	-0.33669537	0.06843636	-0.08569811	1.1622145	-0.18619265	-0.43663296	0.13402872	0.2880135	0.15234685	-0.3781538	-0.57746845	-0.7149028	-0.6826636	0.33882412	-0.02822227	0.007253446	0.33549634	-0.5473058	-0.23949502	-0.2734251	-0.42922884	0.40478423	0.1397845	-0.024044631	-0.42677194	-0.23867005	1.0790126	0.27496055	0.49595827	-0.0020337715	-0.492379	0.051116634	-0.020326272	0.14776944	0.6596944	0.48069546	0.22881633	0.34554842	0.25643387	0.007804424	-0.015238474	-0.20713073	0.019199245	-0.48996526	0.37010416	0.336487	-0.18026982	-0.54126316	0.44157043	0.91616744	-0.046960298	0.22676608	0.116877936	-0.48258123	-0.30721048	0.23303898	0.30834067	-0.7510947	-0.5071118	-0.09402934	0.017300814	0.03027593	0.54716235	0.37116662	0.3039017	0.60056186	0.15344812	0.056944236	-0.26053464	-0.19024852	0.68316734	-0.026819078	-0.35810786	-0.13279507	-0.22026761	-0.29115	0.19893742	-0.52269983	0.36587736	-1.0020596	-0.85095865	-0.22738032	-0.03392179	0.6006749	0.028024377	0.6125495	0.11634948	-1.1043268	0.18005663	-0.20222205	-0.35059947	0.06750423	-0.1079017	0.18818869	-0.068121605	0.11776805	0.07145922	-0.11372796	0.25606862	0.45530626	0.54552597	-0.29067126	-0.5884852	0.22309828	-0.19615643	-0.15946823	0.75689	-0.14261737	-0.33036047	-0.4699857	0.1741642	0.056636542	0.14014462	0.9410901	0.64908624	-0.56008106
-0.015839793	0.23680788	0.36296567	-0.001383646	0.42891163	0.03576234	0.24886523	0.16058318	0.15216152	0.24115144	-0.0901124	0.03320759	0.036144495	0.2858954	0.047236454	0.13139832	0.17194198	0.02226806	-0.18491693	0.21684666	-0.2006409	-0.22683573	-0.2232558	-0.097257234	-0.15412529	-0.05360885	0.19101214	0.12978381	-0.08415817	0.06077851	0.27929676	-0.10308196	0.116267696	-0.048611574	0.021230286	-0.059894443	-0.1968324	0.2945234	0.080886245	-0.010158404	-0.18222892	-0.0404354	-0.059990805	0.03252121	-0.18897408	-0.31006312	0.09654142	0.25740576	-0.015259932	0.122552745	0.1354179	0.062022455	0.21257377	0.07489652	0.23629586	-0.29976314	-0.26668465	0.015799658	-0.06752169	-0.27279952	-0.01646862	0.24753742	-0.06580504	-0.17043614	0.22869845	0.059283316	-0.29232454	0.5217852	-0.050121322	-0.03784614	0.07862903	-0.013541254	0.14758939	0.069854885	0.10337467	0.110929765	0.19059573	0.32455218	0.010122236	0.38079157	-0.11693392	-0.365948	-0.20212819	0.38087404	-0.074917875	-0.41147354	0.16096841	-0.16785358	0.16966131	0.017872155	-0.14997064	0.057562914	-0.4320188	-0.15099128	0.060477108	-0.1982907	-0.23929311	-0.017144458	-0.19958735	-0.54712033	-0.112106	-0.34324747	-0.26883823	0.1076451	0.1771133	0.061490253	-0.29925552	-0.33511457	0.3661329	0.09964584	0.110027604	0.015510195	0.22219269	-0.15529697	-0.20840369	0.112292975	-0.3497014	-0.17997172	0.47157004	-0.03200206	0.10400954	0.09709111	0.4163085	-0.060418546	-0.37978372	-0.043476496	0.1458403	0.046515074
-0.2823005	-0.12115661	0.40014228	0.048945654	0.39623088	0.26242092	0.07346435	0.384212	1.037317	0.027550189	-0.16359834	-0.07522956	-0.75986886	-0.23201366	0.10884947	0.036153283	0.04318082	-0.25769815	-0.5691367	-0.1941261	0.48766533	0.21300682	-0.5273535	0.47172302	-0.6508091	0.4745824	-0.4205225	-0.60172075	0.23383854	0.2778546	-0.28522062	-0.031966195	0.11739482	0.14984876	-0.024996452	0.010454159	-1.089218	-0.73855597	-0.20707878	0.059321042	-0.057227492	-0.10895934	-0.23630682	-0.08289486	-0.34709194	0.074138016	-0.80138206	1.0729239	-0.12726201	0.5795396	-0.041132536	0.049643606	-0.14326973	-0.3960233	-0.39714825	0.36760095	0.15054354	0.6866295	-0.2116502	0.63206846	-0.68907243	0.08286781	-0.419912	0.16231261	0.70699924	0.101919144	-0.17153648	0.06343514	0.34764034	-0.3560427	-0.1928381	0.15939692	-0.252257	0.5096351	0.34454182	0.4741905	0.19776674	-0.4999895	-0.40908214	0.12101321	0.7928708	-0.13777164	0.25008774	-0.13877973	0.29496697	0.14690013	0.21114753	-0.05273678	0.6790806	-0.012943111	0.05475484	-0.21055281	-1.0143045	-0.3303462	-0.35125583	0.17347385	0.46844104	0.28271312	0.3609917	0.17569716	-0.32412142	-0.75752175	-0.85017693	-0.1493522	-0.014141689	0.47493175	-0.025887161	0.028218906	0.07273069	1.3485413	-0.04595198	-0.35219303	0.04333184	0.042068716	-0.35126913	0.63411975	-0.88151044	-0.22990932	0.21740647	0.25227353	0.8146397	-0.56779796	0.009455057	-0.02048903	-0.6575814	0.34359905	0.63529825	-0.120268136
0.0050773337	-0.05264055	0.13784434	0.097964235	0.19010106	0.13622327	0.013766809	0.117743105	0.15207879	0.13148993	0.01768204	0.14006482	0.1321999	-0.012833039	-0.11428701	0.065387905	0.11058082	-0.040327203	-0.039458573	0.086134195	-0.06902597	-0.12889014	-0.11409737	0.02041188	-0.22605841	0.1395037	-0.046965264	-0.10065406	-0.06881175	0.045198422	-0.025785968	0.026984897	-0.0026889218	0.033261213	0.08109478	-0.0888053	-0.16802204	-0.09218735	0.01004289	-0.025064133	-0.2076344	0.072948515	-0.11888297	0.04218792	0.078482084	-0.08913023	-0.07287441	0.10800344	-0.069344275	0.037030358	-0.047150325	0.012350098	0.1798076	-0.073894925	-0.10536801	0.06595947	0.07982596	0.1942969	0.022323264	-0.0033718727	-0.0905228	0.018595858	-0.11768515	0.16115528	0.14091246	-0.014384937	0.07054376	0.04173194	-0.15672722	0.025330245	0.08929388	-0.0010529897	-0.051801134	0.018579938	-0.043105975	-0.11067903	0.057740226	0.046840835	-0.05828958	0.075570285	-0.011666359	-0.30808148	0.06968178	0.080340914	-0.09295185	-0.028973462	-0.02946955	-0.008344183	0.019103235	-0.020753918	-0.02479328	0.05710913	-0.014864083	-0.13185067	0.012826961	-0.15521723	0.04777812	-0.10592877	0.057440437	-0.11232453	-0.1342217	-0.19719255	-0.14252631	-0.052173637	-0.09722395	-0.13388366	-0.012990259	0.012014804	0.15702638	0.24080962	0.12137065	0.073638625	0.026137736	0.051552605	-0.21857761	0.041592088	-0.14500625	0.01007812	0.106478564	-0.014813335	0.05755876	-0.02838487	0.2231413	0.08130927	-0.11517661	0.060446404	0.0008953992	-0.0944387
-0.05476828	0.14171687	0.065934874	-0.14423087	0.1055075	0.105504826	0.016180867	0.00828147	0.20921125	0.053160924	0.09493288	8.667051e-05	0.1892929	0.0456381	-0.16102435	0.27090615	0.039906334	-0.09210855	-0.12819381	-0.09720885	-0.10979643	-0.1680493	-0.16348505	-0.023690548	-0.208544	-0.111096054	-0.002198718	-0.07926688	-0.046043966	0.095357664	0.004694115	-0.0006992602	0.12838025	0.042631626	0.32950088	-0.1502854	-0.18942627	0.01572479	0.14541645	0.15017967	-0.077112615	0.1754795	-0.10940347	-0.06884175	-0.040313058	-0.08666707	0.14739761	0.054079264	-0.10854377	0.12105864	0.07447216	0.14904685	0.28579688	-0.12646973	-0.02635133	-0.17452817	-0.0038631882	0.27666286	0.08103308	-0.07288027	-0.058279626	0.098046206	-0.09538667	0.21725091	0.31928617	-0.11678638	0.054128304	0.02770924	-0.16167945	-0.09832534	-0.047479387	-0.009852848	-0.014408162	0.21621461	0.08463488	0.05292549	0.07997934	0.22148384	-0.31375143	0.19367151	-0.14024077	-0.044953328	0.11636851	-0.06877866	-0.1941771	0.11765693	0.011965087	-0.10632176	0.04213065	-0.05667059	-0.1528182	-0.07858889	-0.088085726	-0.19721052	-0.051488444	-0.108670294	0.010128222	-0.0023179469	-0.0248738	-0.2768601	-0.1618519	-0.18026847	-0.19675417	-0.072574735	0.023927402	-0.031211236	0.21134612	-0.16683987	0.16764258	0.17111944	0.0053236615	0.016688213	0.07455378	-0.1185608	-0.2438461	0.09740149	-0.29573235	-0.12478705	0.3541187	-0.002042869	0.049173873	0.03769116	0.06469774	0.0918554	-0.16873091	0.01610227	0.06860284	-0.03299892
-0.4409306	-0.6635546	-0.6110718	0.26338348	0.5603234	0.80937284	0.6455791	-0.040351566	0.40031454	0.42136666	0.1384241	0.13829789	-0.07666232	0.19320086	-0.46124655	-0.08762164	-0.0033623718	-0.5653993	0.0010535625	1.054817	-0.71028364	-0.2883244	-1.0713649	0.17114459	-1.693518	0.25077364	0.22417133	-0.4797822	0.51778156	-0.2681102	-0.45942825	0.122384004	-0.60091764	-0.05326601	-0.41730443	-0.11708253	-0.87356746	-0.63307494	0.67772835	-0.023663828	-1.1044186	0.3606692	-0.47059187	0.04983104	0.85668427	0.47176364	0.13799936	-0.029988904	-1.2748172	0.618113	-0.18816383	0.047913	0.9835455	-0.288925	-0.58549565	-0.20661809	-0.8048807	0.8775419	-0.03362665	0.06358793	0.49506092	-0.2716408	-0.3000919	0.005204271	0.66813785	-0.3152034	-0.46779016	-0.4559232	-0.16076326	-0.57314503	0.45226252	0.141272	-0.09222756	-0.43368828	1.036588	0.5107871	0.84307164	-0.36464924	0.5617691	0.44584823	-0.09273856	-0.7615956	0.3089381	0.29499143	-0.66546446	0.044406116	-0.4915666	0.10665962	0.23594746	-1.1966981	-0.08473421	-0.21174489	-0.2822472	-0.77772707	0.53849787	0.35217917	0.30157486	-0.64803094	-0.14015695	-0.67811835	-0.589772	0.038056247	-0.4606899	0.1958966	-0.61963934	0.34704337	-0.3328869	-0.15135534	0.9522424	0.31261078	0.2517876	-0.3290509	0.989366	0.36926004	-0.9018195	0.43955928	-0.7890375	-0.03214477	0.3209861	0.63269025	-0.54636014	-0.43664205	0.018731868	0.47503403	-0.9019152	-0.70867664	0.110657275	-0.541993
-0.022083463	0.083173916	-0.26114398	0.06687991	-0.07142005	0.11554128	0.5910572	-0.084086984	0.34180534	0.21749705	-0.14284705	-0.043779172	-0.048704725	0.05682903	-0.52270496	0.4967025	-0.10048026	-0.34416217	-0.058576602	0.19767454	0.098433115	-0.34377664	0.3002273	0.3285296	-0.74223644	-0.07822225	-0.17105594	-0.20270391	-0.19705589	-0.09488864	-0.022775432	0.05108531	-0.43847883	-0.12687805	0.06892406	-0.38349578	-0.29417747	-0.16091236	0.024606489	-0.2519938	-0.7487139	-0.083526574	-0.2798778	-0.21257009	0.08850295	-0.47838846	0.2537806	0.0761705	-0.3439747	-0.10785803	-0.16631675	0.21339452	0.019405603	-0.37231833	0.240559	-0.030795014	0.7677728	0.6185678	0.27124327	0.18953852	-0.2704192	-0.028998308	-0.45917097	0.25858226	0.22298682	-0.251643	0.11221804	-0.266946	-0.047487408	0.14386661	-0.09585099	0.28681758	0.37588912	-0.20902337	0.11735125	-0.14250144	-0.05323436	0.0914196	-0.50958616	-0.03973642	-0.6375895	-0.18675907	0.35006425	-0.12703606	-0.053310264	-0.09507691	-0.43132415	0.291644	0.336002	-0.1600682	0.4799148	-0.31144902	0.021150675	-0.33612266	-0.09547314	0.2618456	-0.042805478	0.009014467	0.19975805	0.02759556	-0.13948262	-0.5408857	-0.39425597	-0.3602835	-0.10216498	0.019876586	-0.25079176	0.2616233	0.5965073	0.34294823	-0.30877003	-0.37264195	0.019240197	0.450715	-0.3734282	0.45766285	0.19323477	0.12290687	0.45428756	0.028434766	0.18759869	0.02106042	0.7136031	0.32067296	-0.24151665	-0.33194885	0.26327986	-0.21449402
0.027987398	0.46825007	-0.13361248	-0.13149507	0.0029654426	0.1915113	-0.27680844	-0.0019530421	0.45184264	0.14681676	-0.018810896	-0.09144246	0.04174437	0.15019944	-0.05679534	0.21112198	-0.18150032	-0.2468204	0.21823315	0.3042532	-0.26107952	-0.23873985	-0.21012624	0.28027782	-0.48886177	0.15573566	-0.37839448	-0.3721225	-0.19458874	0.16270007	-0.41031042	-0.19015636	0.12118472	0.169336	0.16389486	-0.000819764	-0.49897462	-0.48604783	-0.20474868	-0.4395131	-0.4726415	-0.008812224	0.0732507	0.10352056	0.2776103	-0.104962155	0.054365806	0.045708433	0.08189785	0.3065442	-0.15880388	0.24018978	0.17857131	-0.159291	0.035157584	0.18805434	0.44342232	0.16183954	-0.11421275	-0.108409025	0.17188817	0.18693343	-0.12149092	0.2800606	0.049701963	-0.20927003	-0.0025177733	0.054001853	0.16134033	0.022206943	0.17184128	0.2797967	0.13959566	0.10525674	0.3138617	-0.05906684	-0.07300207	-0.1835972	0.00678885	-0.0043076957	0.0076124826	-0.50069463	-0.060198184	-0.10166922	-0.24436799	-0.18170837	0.08547713	0.2244329	0.1688934	-0.45177722	0.007870584	-0.3373498	-0.23734349	-0.14186667	0.2922359	-0.047515426	-0.0761483	-0.25515467	-0.051818773	-0.45559537	-0.32216173	-0.21473965	0.018244985	-0.06639127	-0.16244231	-0.20881103	-0.20071223	-0.036950648	0.42984357	0.2717671	0.29557547	0.18453263	-0.0074674496	0.39110526	-0.17849669	0.14377761	-0.46147782	-0.1310026	0.23720086	0.035884194	0.07323891	0.17442988	-0.19284242	-0.24722551	0.10681123	-0.4589466	-0.12745622	-0.26818904
-0.048360534	0.024806818	-0.007374124	-0.08368396	0.11183498	0.3157295	-0.09193759	0.20151928	0.22404683	0.09447687	-0.007041439	0.06703314	-0.02264409	0.043427974	-0.0202995	0.19837841	-0.112350896	-0.22820365	0.08573377	0.21459594	-0.036917318	-0.045584697	-0.111979775	0.0884759	-0.23939513	0.07839786	-0.24463125	-0.18163727	0.035328794	-0.14401802	-0.14975934	-0.15820533	-0.08535351	0.031222166	0.110808015	-0.038158633	-0.28998554	-0.05527162	-0.0047591627	-0.03059784	-0.31269288	0.015482325	-0.13695215	0.124506064	0.08410934	-0.033629164	-0.045768365	0.18737605	-0.3310892	-0.034609217	-0.25032637	0.13957308	0.12723327	-0.04791312	-0.050667405	-0.104621686	0.3642468	0.17306833	-0.0243467	0.20516664	-0.07197186	-0.031930566	-0.042419054	0.085921414	-0.15693097	-0.08508733	0.0024622628	0.038376354	-0.043912202	-0.08848358	-0.13008352	0.022305021	0.18139657	-0.09301666	0.1487211	-0.093437836	-0.08024459	-0.13685706	0.14350377	-0.011651581	0.100256085	-0.16398996	-0.043868594	-0.09009395	0.023408508	0.09720931	0.043085475	0.16636805	0.21683095	0.04817804	0.09216542	-0.13678843	-0.116098605	-0.07030658	0.07228548	-0.123335145	-0.028531035	0.23306382	0.047529683	-0.15939112	0.032415353	-0.19922745	-0.33616972	0.048862636	5.5801986e-05	-0.132718	-0.06149371	0.033723656	0.06675578	0.23051012	-0.027211968	0.05419061	0.11681216	-0.18971135	-0.03412077	0.11615599	-0.13022651	0.047971364	0.16511674	-0.19138151	-0.15907955	-0.010381456	-0.013993641	-0.05877387	-0.16165015	0.028353766	-0.10178998	-0.1383129
0.25183615	0.59175104	-0.23308763	-0.0728304	-0.24946043	0.06752555	0.10226977	0.3971041	0.42721787	0.09429398	-0.045978274	0.054920953	-0.04191931	-0.07929514	-0.23033616	0.23573926	-0.17290457	-0.06543133	-0.18744628	0.21968603	0.06756981	-0.11531225	0.35127	0.06879471	-0.49717727	0.44238245	-0.27024117	-0.26427132	-0.064333975	-0.26716828	-0.037015032	-0.29418185	-0.44459942	0.18772435	-0.0773634	0.015076893	-0.38519317	-0.3642734	0.11127084	-0.2404616	-0.5925187	-0.19455998	0.006836927	0.06770021	0.13245799	-0.35653794	0.26470882	0.08539007	-0.29946023	0.077615276	-0.028808374	-0.13328232	-0.29668662	-0.2843639	0.24571162	-0.10575381	0.6231437	0.52178437	0.30568808	0.36672392	-0.23223208	-0.123968564	-0.003446741	0.3998377	0.21215728	0.06923492	-0.1244084	0.054252476	0.19632255	0.1065333	-0.08617054	0.29003897	0.5227893	-0.66934097	0.039176065	-0.016597414	-0.12571673	-0.09120465	-0.28028178	0.09441997	-0.30750096	-0.3279637	0.123926826	-0.4105306	0.20639302	-0.16522306	-0.2735931	0.23589489	0.20618653	-0.16299812	0.06562628	-0.33584073	-0.28880444	-0.08567615	-0.2003445	-0.29800236	-0.2094472	0.0243248	0.06986849	-0.3190817	0.026783964	-0.4936981	-0.4762632	-0.11527742	-0.2835316	0.22237828	-0.07167683	0.12088227	0.44857913	0.31342807	-0.13492781	0.16168147	0.12463583	0.24334745	-0.207842	0.34633642	0.13753314	0.13800831	0.5848334	-0.18548995	0.14739849	-0.078039415	0.3331526	0.3236084	-0.07049002	-0.05358396	0.16914177	-0.36873755
-0.01758367	0.21002999	-0.10206238	-0.0783698	0.040355388	0.29243687	0.20628005	0.17763682	0.23326164	-0.11599776	-0.25653097	-0.04047697	0.20331886	0.04491696	0.2115754	-0.13367708	-0.19270682	-0.26149675	-0.5370126	0.06735235	0.2541113	-0.3948619	-0.07394789	-0.026964327	-0.25271705	0.27417204	0.10731797	0.11598735	-0.18109988	0.31334454	-0.033432096	0.035049394	0.13285075	0.28468463	0.0043875626	0.22993127	-0.5119993	-0.29152486	-0.3415865	-0.12825583	-0.41689977	-0.1416644	-0.25890955	0.015401076	0.0019106134	0.050337132	-0.035827268	0.24541523	0.10755253	0.33609048	-0.2955321	0.28422377	0.214367	0.06298793	-0.26004213	-0.05492377	0.11515164	0.16814774	0.28115964	0.060178414	-0.025683468	0.28517312	-0.18633814	-0.041656796	0.09762913	0.16578996	-0.09185199	0.14533474	0.03586041	0.06664401	0.31928253	0.015786111	-0.15659739	0.2193819	0.04983906	0.17798223	-0.037703086	0.11988688	-0.13242932	-0.12176434	-0.047415324	-0.31151894	0.097889826	0.25428462	-0.18854529	-0.28482682	0.2120854	-0.08671168	0.059575163	0.0768837	0.044004932	-0.21659553	-0.36847818	-0.074235864	-0.3093627	-0.23488416	-0.013578034	-0.16013043	0.13756844	-0.2125814	0.18408032	-0.5320786	-0.19831824	-0.19549547	0.122852705	0.085881375	-0.2748249	-0.16036811	0.14096574	0.2513273	-0.20816107	-0.17898102	-0.54130214	0.095721215	-0.23159477	0.17271031	-0.18787137	-0.18519	0.1631498	0.17334265	0.0020472289	-0.05120245	0.33230627	-0.1461053	-0.15362513	0.07129473	0.45451352	-0.061157133
-0.015999002	0.44679028	-0.25576055	-0.27918586	0.37853104	0.03209866	-0.18028527	1.0527158	0.37067658	0.621265	0.29908752	0.22150752	0.018355867	0.72906744	0.18688941	0.52391505	0.031662513	0.19878428	0.10794635	0.46461722	-0.0784603	-0.25770834	-0.39659607	-0.088970765	-0.3237468	0.50058657	-0.6400599	-0.23895104	0.25801885	-0.10209481	-0.24869531	-0.5418222	-0.14520183	0.16389355	0.19271505	-0.32850695	-0.41174847	0.14245123	0.05503004	-0.29730043	-0.71313316	0.36215624	0.07261347	0.08583921	-0.11649315	-0.39670518	-0.17235981	0.5118912	0.1331276	-0.32348597	0.35742941	0.1565629	0.3533406	-0.64574826	0.30845284	-0.3106292	0.7250202	0.50952786	0.17668658	-0.28800097	-0.38991293	0.055424765	-0.5481501	0.5491838	0.06329262	-0.44592947	-0.06758004	0.41079712	-0.25212938	0.3822502	0.23577999	0.09618005	0.30973303	-0.3671035	0.34747407	-0.23234387	-0.025798481	0.619429	-0.3950855	0.08839938	-0.63464284	-0.16650233	0.08221192	-0.23682351	0.62622297	-0.22726092	-0.072542116	0.041767508	0.55261976	0.24739052	0.239813	-0.16297403	-0.22849546	0.09648764	-0.07721978	-0.57538944	-0.48773202	0.25562748	0.20163931	-0.4819979	0.18894178	-0.4065338	-0.4524823	-0.01909261	-0.24413486	-0.11478623	0.42383632	0.3569347	0.44683266	0.39218485	-0.20318258	-0.12639242	-0.060353275	-0.13237755	0.13602677	0.42581043	-0.011311147	0.31181794	-0.026786981	-0.39710584	0.16885026	0.12801443	0.6196572	0.026283601	0.2146237	0.08492495	0.50323105	0.12181804
0.5611833	0.21188629	-0.24568652	-0.33349243	-0.20938934	0.47101572	-0.23719664	0.26157475	0.45483485	-0.2941819	-0.055839986	0.2808481	-0.19355015	-0.27462056	-0.31239167	0.58465767	-0.20121017	-1.2676747	-0.20812775	-0.12544073	-0.60312104	-0.037383817	-0.031211868	0.16429852	-0.8308625	0.42575285	-0.085949846	-0.49902174	-0.24976581	0.06496015	-0.31749403	-0.18908824	0.03753986	0.19208054	-0.2997091	-0.32207638	-0.50986385	-0.78132474	-0.23055676	-0.30014735	-0.3915062	-0.08011301	-0.20737895	-0.06899382	0.07566929	-0.44705606	-0.03813522	0.3071142	-0.1377712	0.11608719	-0.4802987	-0.14222316	0.08778111	-0.14605692	-0.03808303	-0.2313182	0.5851162	0.39914808	0.07705801	0.104149245	-0.41984275	-0.2763947	-0.44420418	-0.24706423	-0.14271778	0.1371684	-0.12652528	-0.5227958	-0.43840897	-0.59502894	-0.3636465	-0.32245395	0.68194985	-0.028169803	0.7676366	-0.042124327	0.06363118	-0.55244374	-0.021941736	-0.47558647	-0.16321893	-0.6710294	0.19886053	-0.16879995	-0.20215042	0.030412344	0.1736348	0.13349754	0.32036605	-0.02239668	-0.18883778	-0.09651731	0.025927821	-0.2803161	-0.3998322	0.13050818	0.07037217	-0.2179105	-0.27414915	0.21801184	0.07741008	-0.38765898	-0.23336324	0.058243886	0.5167519	-0.115534656	-0.15826814	0.46054724	0.17695443	0.24259938	0.6037242	-0.14026403	-0.013088143	-0.30612868	0.048368864	0.345408	-0.77641696	-0.01904825	0.24537773	-0.037201673	-0.073392175	-0.3610544	-0.038999505	-0.06285906	-0.5821637	0.28652513	0.2941545	0.10566564
-0.13702373	0.15168674	0.14229345	0.124859504	0.4464228	0.124920286	0.18982972	0.24777345	0.63520485	0.27689868	0.026056904	0.17273207	0.3399312	-0.013896764	-0.12651126	0.27216184	0.1429517	0.033421796	0.09701871	0.18494646	0.07387967	-0.36718774	-0.3250765	0.093500994	-0.51865035	0.26254055	-0.36729497	-0.071592726	-0.17213362	0.25603405	-0.08926671	-0.08158358	0.028877834	-0.015587154	0.36666164	-0.07787583	-0.23714949	-0.34567484	-0.006038119	-0.10230697	-0.36612645	0.283602	-0.0641685	-0.085971	0.27133045	-0.22718404	0.010761723	-0.06943962	0.018031524	0.21003954	-0.16967443	0.11430012	0.3911622	-0.07044031	0.0076773707	0.088214755	-0.011755473	0.35455185	-0.07575844	-0.034052417	0.0015369083	0.1249575	-0.17249104	0.3107088	0.24269854	-0.07909598	0.24015841	0.23733504	-0.08284011	0.01928056	0.29588974	0.18252562	-0.08529369	0.24912468	-0.019832613	-0.14363883	0.08558066	-0.2812572	-0.13802794	0.25780272	-0.02201132	-0.48831972	-0.020893179	-0.03598754	-0.022186967	0.009056518	0.09417195	0.1151482	-0.13138807	-0.22854742	-0.002618873	-0.126619	-0.099188164	-0.18115246	0.18667644	-0.19676416	-0.042457577	-0.14127599	0.022382895	-0.3505747	-0.21325679	-0.42443147	-0.064046144	-0.21185689	-0.1719664	-0.1234732	-0.15151903	0.0040510776	0.23989196	0.5670788	0.12137924	0.38974786	-0.09014697	0.19454257	-0.39275056	0.0019290223	-0.40435365	-0.082762845	0.2901681	0.015485338	0.2192549	0.05536533	0.14761528	-0.032893904	-0.10801438	-0.47907737	-0.26677364	-0.21759774
0.21521582	0.14791675	0.03094091	-0.08881492	0.10617381	0.28238344	-0.14146918	0.44225243	0.23907249	-0.0679035	-0.09940518	0.06302013	-0.1426951	-0.2464477	0.010931301	0.25862554	-0.38233402	-0.19713862	0.14154665	0.113386944	-0.034635656	0.041701697	-0.014165559	0.16259927	-0.34477222	0.085676014	-0.16716489	-0.5196415	-0.15575498	0.029181538	-0.102449365	-0.22088893	0.23611964	-0.23199224	0.08733727	0.0902635	-0.30971545	-0.39823225	0.0036889077	-0.1917009	-0.3052883	-0.279349	-0.1693406	-0.059473258	0.2910008	-0.25303113	-0.19868985	0.06849965	0.204116	-0.07504045	0.096893504	-0.44324303	-0.010805387	-0.07504794	0.118962966	0.18449889	-0.006002005	0.45614913	0.2653762	0.16880047	-0.20972541	0.11590607	-0.1709055	0.093496084	0.3549928	-0.2288506	-0.21818034	0.010225927	-0.20530206	-0.17070943	0.0138666425	0.06848974	0.17708018	0.05107959	0.24328966	0.41101328	0.1106866	-0.17203991	-0.09710484	0.047782313	-0.11241117	-0.5381313	-0.11988077	0.045731723	-0.1710691	-0.139271	0.07590771	-0.11168862	0.34555367	-0.05847798	-0.05564537	-0.052969187	0.14134887	0.1680052	-0.25343597	-0.09035255	-0.002877112	0.14528564	-0.0005187528	-0.25214905	-0.21305282	-0.4534141	-0.118044056	0.014443594	-0.113559976	-0.03268613	0.20133178	0.40624076	0.24332	0.044556618	0.14881547	-0.04391323	-0.088827334	0.04489445	-0.14665146	0.07296231	-0.06590887	0.020444687	0.28005213	0.07890064	0.08771683	-0.09887099	0.21583848	0.15740965	-0.22399294	0.08428773	0.13061856	-0.121500544
-0.52394074	-0.29209456	0.35497233	-0.8650878	0.65830517	0.11808662	0.74338305	0.20594262	0.601451	0.1188576	0.5580274	0.7884573	-0.43890887	-0.0034795399	0.057421304	1.1066208	0.04842354	-0.30697325	-0.24635172	0.45602375	0.37117422	-0.2657069	-0.674112	-0.9543148	-0.8731972	0.40042835	0.14689517	-0.12451075	0.20225662	-0.82791597	-0.23928155	-0.47953308	-0.3749296	0.37251425	0.06905498	0.10669143	-0.06665888	0.12006108	0.87409705	0.27217942	0.15298739	-0.05652469	-0.21084289	0.036750864	0.11419166	0.1978442	0.608936	0.30904746	0.21355459	0.4282783	0.6668009	-0.020108847	-0.11177983	-0.19530302	0.23669328	-0.60752624	0.22425622	0.11354631	-0.082961485	-0.591352	0.30615354	0.93250865	-0.11512985	0.30385083	0.3916624	-0.34792116	-0.41074017	0.5024555	0.405112	-0.55153865	-0.7359263	-0.08788745	0.13960677	-0.08329834	0.58025634	0.4348155	0.45090076	0.8210901	0.15096559	0.07870846	-0.04255354	-0.46188107	0.5166151	0.1824615	-0.13973276	-0.33499	-0.3079442	-0.30822596	0.40340015	-0.37762237	0.09150275	-0.783325	-0.7845483	-0.342183	-0.035598554	0.47351682	-0.01604069	0.5845793	0.22365291	-1.0108311	0.07571984	0.025970332	-0.45964938	0.0022059379	0.07211943	0.47546363	-0.122108065	0.050311666	0.13541965	-9.534387e-05	0.35408893	0.43595335	0.5238658	-0.6196344	-0.53126657	0.3520008	-0.50605226	-0.22459204	0.55687535	0.06437091	-0.3582239	-0.30235478	0.29223144	-0.2393075	0.21697392	0.70412654	0.64366233	-0.49929813
0.13807225	0.0128620695	0.05151676	-0.02930159	-0.04169436	0.038560674	-0.1426809	0.0735356	0.25376743	0.22454374	-0.12315374	0.045205295	0.09143328	-0.0005409665	-0.2335715	0.11126386	0.07768411	0.041295018	-0.08640207	0.08537199	-0.09284372	-0.124533	-0.10901847	0.13621785	-0.14784865	-0.038270026	-0.018236823	-0.10085455	-0.17088582	0.079765	-0.121138915	0.02355273	-0.07251326	0.15334097	-0.027341418	-0.1111955	-0.19487782	-0.36402267	0.13132493	-0.111484095	-0.13126849	-0.13608657	-0.19124244	0.058362637	-0.09838718	-0.1094686	-0.020430297	0.28776494	-0.16812867	0.0694062	-0.19727275	-0.19989946	0.26063803	-0.12727576	-0.23922756	0.09612903	0.35890278	0.04378007	0.10477172	-0.038220298	0.07819626	0.14145774	-0.19902785	0.10796382	0.1900356	-0.046906285	-0.16418755	-0.13773511	-0.12434454	-0.18918239	0.04707818	0.072288565	0.11363068	-0.016311508	0.1476769	-0.17504852	0.023267837	0.08197299	0.11199274	-0.123923406	0.0049561625	-0.3202171	-0.010490172	-0.21946894	-0.23787346	-0.16501962	0.21163751	-0.010080984	-0.15726942	-0.023342097	-0.09255871	-0.26604712	-0.105782606	-0.16471508	0.11839832	-0.045539893	0.09270058	-0.259147	0.21475537	-0.28177932	-0.4590355	-0.25949565	-0.0124249235	0.0150483595	-0.14750867	-0.09307686	-0.19041125	-0.015588449	0.16391672	0.3711542	0.2402083	-0.06821461	0.07190258	0.16588466	-0.21008739	-0.02827014	-0.26121727	-0.08128432	0.077404596	-0.27184924	-0.16370612	0.12763329	0.07333172	-0.083292544	-0.090749905	-0.032731146	0.019787729	0.044395424
0.06720559	0.2970221	0.40099835	-0.40297264	0.33829394	-0.093260735	0.58524215	-0.4997606	0.30409154	0.28534877	0.31392688	0.3313904	-0.11707465	-0.39587954	0.1423711	0.5282464	0.8976221	-0.1470956	-0.43925077	0.4230921	-0.21287833	0.8992075	-0.4125656	0.33671308	-0.70255315	0.72182924	-0.3161866	-0.14297615	-0.53426194	0.113304615	-0.5238274	0.011203957	-0.50615865	-0.30490816	0.77110714	-0.095632754	0.3989947	-0.17778298	0.2878953	0.03201551	-0.38986993	0.45260006	-0.89070964	0.06850198	-0.1880038	0.018763794	-0.39475322	0.39663053	-0.5777945	-0.18795565	-0.5245762	1.1687303	0.25669742	0.06656807	-0.8905669	0.5517652	0.48057094	1.2199717	0.27984783	-0.2000567	0.024374213	-0.21426764	-0.15943585	0.41048723	0.13500296	-0.28705317	0.13347124	-0.34966734	-0.8147423	-0.00356649	-0.16518085	-0.26457104	0.32775563	-0.20202054	0.29812935	0.26825103	-0.09837289	0.09934358	-0.5100551	-0.07423355	-0.5410955	0.027511155	0.93918085	0.55209106	-0.2310157	0.0073880577	0.40980923	0.005377813	0.49248022	0.17573674	0.67303747	-0.5078534	0.08444451	-0.1952123	0.21774949	0.089286014	0.38197657	1.0304674	-0.33547974	0.053141486	-0.21272488	-0.33489686	-0.3520321	-0.7779894	1.2514261	0.44121072	-1.073454	-0.22384879	0.12895913	0.30522633	0.2949341	0.4992236	-0.3951578	-0.11622473	-1.294575	0.3900819	-0.7223549	-0.55091584	0.10712806	0.91585463	-0.73158145	-0.3198963	0.4099615	-0.04799457	-0.23638095	0.3555365	0.7974155	0.67775
-0.0406176	0.32070148	0.023148539	0.05230909	0.13720968	0.18240254	0.06207722	0.15716305	0.15567221	0.20521146	-0.15313405	-0.13429365	0.12848969	0.20404138	-0.0049083373	0.116358146	-0.08541162	0.0006931075	-0.24349399	0.31150815	-0.02894372	-0.1514272	-0.23715086	-0.015450776	-0.14091714	-0.15147316	0.18693323	-0.0962151	-0.061351024	0.25533628	0.18931307	-0.22293463	0.21779537	-0.012268243	0.03487238	0.06497561	-0.20842251	0.27957508	0.14536199	0.14221549	-0.14861655	-0.03908276	-0.0030096418	0.06345392	-0.15210807	-0.17526853	-0.007347778	0.26353705	0.029833103	0.15051782	0.12761535	0.24635974	0.20961699	-0.004717133	0.06351645	-0.26204175	-0.15240544	0.15952039	0.046196967	-0.22521178	-0.042621076	0.21417224	-0.15477797	0.096466884	0.29147536	0.029280888	-0.15705885	0.3479263	0.020056993	-0.15930615	0.2275292	-0.09776715	0.011079747	0.086901456	0.045638252	0.19060154	0.10120105	0.29174796	-0.09538558	0.4296329	-0.30738813	-0.33541462	-0.0027742356	0.1740665	-0.15914048	-0.16887552	-0.041134432	-0.20907128	0.22621162	0.056671996	-0.2387671	-0.06428278	-0.4826092	-0.17645201	-0.04702519	-0.2190803	-0.08754391	-0.06893606	-0.06327244	-0.40510467	-0.26805717	-0.34442067	-0.1749807	0.04731348	0.046224993	-0.032189965	-0.046743315	-0.31229627	0.22548024	0.13091266	0.057914946	0.007892538	0.022499863	-0.06693543	-0.14249663	0.12683445	-0.34149387	-0.08389911	0.35933006	-0.0674261	0.017411318	0.11422484	0.17561594	0.100616604	-0.22176452	-0.02948332	0.06362583	0.1169003
0.23735054	0.13566485	0.017096233	-0.08875653	0.11288291	0.2563197	-0.13852832	0.42019668	0.20422453	-0.08550139	-0.10026692	0.099320084	-0.11480093	-0.2565822	-0.008864025	0.23205383	-0.36022305	-0.18567814	0.1783801	0.09558875	-0.028735878	0.04362775	-0.01324799	0.23633723	-0.3272568	0.09416072	-0.18141665	-0.55525804	-0.20109165	0.033853527	-0.11841777	-0.2374042	0.25626114	-0.20435941	0.096965104	0.06124307	-0.3241693	-0.44320798	-0.05485527	-0.18428572	-0.29278082	-0.2892687	-0.14796072	-0.08068593	0.33661762	-0.24450111	-0.20426378	-0.0029139933	0.20710026	-0.048694197	0.057267543	-0.4554832	0.0061045596	-0.08931762	0.14615221	0.15629214	0.018695997	0.46059453	0.24742104	0.2168184	-0.2207242	0.11441023	-0.19505806	0.09881182	0.32415524	-0.2358905	-0.15570469	0.008914051	-0.19700176	-0.1296705	0.032901302	0.09851081	0.20326029	0.089434735	0.21729065	0.39552632	0.11177958	-0.17127167	-0.12180518	0.057700604	-0.09785895	-0.5214041	-0.12753163	0.04439188	-0.14481682	-0.14854664	0.08965321	-0.09174214	0.3592899	-0.07925795	-0.08008708	-0.07594644	0.1312673	0.06871945	-0.2470715	-0.09015141	-0.012317758	0.15174143	-0.035908952	-0.29148206	-0.2241388	-0.43539116	-0.07111652	0.022831831	-0.078735195	-0.025349308	0.21311495	0.36624023	0.2842424	0.042949483	0.15374672	-0.014642315	-0.113951795	0.049295574	-0.15716036	0.07135333	-0.11060825	0.0017886995	0.27147725	0.04884404	0.10903999	-0.07500132	0.19547752	0.1694615	-0.19049737	0.065181054	0.092474855	-0.09595607
-0.25876936	-0.08561156	0.17138526	-0.28615415	0.3657066	-0.39342806	-0.32947397	0.2363649	0.7092714	-0.062263697	-0.2506306	0.099346705	0.36950842	-0.078327686	0.031965118	0.11422546	0.54680747	-0.560957	-0.50990605	-0.34981337	0.25440645	-0.64416826	-0.37205246	-0.15338537	-0.42105094	0.40428728	-0.49107128	-0.6046315	0.13473941	0.1867329	-0.5883393	-0.4242121	0.3123377	0.26057237	0.04085436	0.2856512	-0.7211571	-0.39135092	-0.23597798	0.10957754	-0.24646752	0.07445859	-0.4207895	-0.14049813	-0.40891752	-0.14896415	0.19234526	0.46402848	0.06893239	-0.48317182	0.2452932	-0.31321883	0.8157844	0.10696606	-0.0568454	-0.2032656	0.5924805	0.7002623	-0.29301196	0.451635	-0.51228154	0.37388492	-0.59198385	0.59278244	0.5338351	0.45686856	0.0019884696	-0.19037823	-0.20389658	-0.19740652	-0.01023643	0.6210137	-0.04598193	-0.074404605	0.32096794	-0.34140587	-0.33274147	-0.011526348	-0.033255734	-0.1719438	-0.17816322	-0.10958968	-0.19929501	0.09285503	-0.63381916	0.24375382	0.05873115	0.114405744	-0.01374964	0.035526127	-0.24678104	0.1615829	-0.5892775	0.37267646	-0.11635599	-0.3185513	0.00515267	-0.21450186	0.30401543	-0.60284394	-0.66812897	-0.6291228	-0.36467534	-0.23848692	-0.4654202	-0.124905385	-0.29948786	-0.21415296	0.6112605	0.70220286	-0.0372162	-0.051017262	-0.50530005	0.43022206	-0.232839	0.37234566	-0.53189754	-0.24833658	0.11060977	-0.19958015	-0.065934695	-0.6984257	0.34203506	-0.5960932	0.04150351	0.46006805	-0.15413922	-0.4693174
0.04631228	0.01277698	0.010089013	-0.066129	0.02902732	0.037044555	-0.019045297	0.08080611	0.10349025	-0.023162395	0.042797722	0.042605866	0.014077113	0.014774025	-0.07059511	0.050963562	-0.028614365	-0.09075111	-0.059648927	0.10217775	0.010051636	-0.056760244	-0.079227544	0.021592041	-0.13845102	0.110864736	0.0248114	-0.107645474	-0.08053084	0.043690547	0.0030405426	-0.05549335	-0.016499978	0.09208346	-0.008862439	0.013337381	-0.11029012	-0.09544048	0.003687953	-0.06002414	-0.06613917	-0.04728237	-0.085691385	0.0010921835	0.043825388	-0.001149194	-0.04119283	0.05051729	-0.049013864	0.07660404	-0.030192703	-0.0024665133	0.040489405	-0.067849346	-0.049907714	-0.020870283	0.049025707	0.05648231	0.064845026	-0.03734505	-0.007969795	0.028651763	-0.08181693	-0.016054599	0.068096295	-0.052401647	-0.047149215	0.026567528	-0.09444066	-0.071971454	-9.82392e-05	-0.025250422	0.039350636	-0.016670564	0.078053996	0.030253256	-0.008505919	-0.0055423444	0.03248897	-0.058942776	0.030778049	-0.15339138	-0.0007918104	-0.0012514518	-0.060077976	-0.041803095	0.059110474	-0.020847185	0.030231467	0.00861373	-0.029312516	-0.07634467	-0.06969678	-0.04580839	-0.07124396	-0.058665466	0.0538791	-0.06711735	0.003256412	-0.08529293	-0.053499974	-0.050130438	-0.069154836	-0.005768075	0.0006901268	-0.0001382724	0.021589223	0.022068834	0.027653119	0.08863358	0.08177367	0.054993123	-0.008808258	-0.023581913	-0.033652756	0.032454357	-0.13650833	-0.024308879	0.029514883	0.02206592	0.0044328743	-0.02764409	-0.014270242	0.03720638	-0.06774692	0.0127902785	0.069155425	-0.026529245
0.2278036	0.3648533	0.12624975	0.14581293	0.36794263	-0.1832524	0.091672495	0.22930087	0.40490252	-0.24216163	-0.2181184	0.14107297	0.14655896	0.045264117	-0.07443428	0.52480346	0.19847694	0.10957311	0.29535478	0.04311347	-0.4287227	0.30620247	-0.007297735	-0.091241516	-0.2951258	0.18977931	0.07045119	0.053355213	-0.31908605	-0.28471848	-0.14548598	-0.17826381	-0.23354307	0.2299323	0.36787188	-0.2702426	-0.579942	-0.046825245	0.12635523	-0.019951152	-0.21201883	-0.013738038	-0.15445714	-0.12778933	-0.018955525	-0.12390984	0.012877742	-0.030793773	0.06768831	-0.228305	-0.20629026	0.22862849	-0.0689951	0.082014665	-0.27089876	-0.4016871	0.3858116	0.66241133	-0.0077501386	-0.18812624	0.34906343	0.12554276	-0.41999894	0.20706925	-0.38240305	-0.17096154	-0.32525647	0.18522188	-0.40062037	0.123219386	0.3430043	-0.015991975	0.44912532	-0.33290082	0.22121933	0.22567487	-0.4010877	0.2044068	-0.4993159	0.22385332	-0.053110156	-0.074726835	0.16461907	0.31676444	-0.08285725	-0.833628	0.13396844	0.039053116	0.019219914	0.35703894	-0.20777705	-0.14770693	-0.08141403	-0.17449583	0.033288307	-0.56409544	-0.2618778	0.090583615	0.10343279	-0.51140386	0.0653685	-0.3747026	-0.39345214	0.033156615	0.4929058	-0.14752965	0.09840282	-0.107541956	0.18090121	0.6765739	0.315269	0.22982003	-0.20448692	6.890108e-05	-0.089030534	-0.13915576	-0.15720978	-0.107934944	0.33268338	-0.103687465	-0.22697033	-0.056313664	0.32954833	-0.06718601	-0.5129032	0.018869307	0.104495816	0.036052372
0.14394207	0.21969077	0.52613384	-0.37707976	0.314174	-0.22890897	0.6284198	-0.46961898	0.30240878	0.35252446	0.38479623	0.23400503	-0.15064476	-0.27945173	0.11476324	0.49007758	1.0086839	-0.10611589	-0.5192786	0.28682277	-0.13902016	0.9897438	-0.46935937	0.10121734	-0.56831217	0.8908174	-0.47621462	9.6871205e-05	-0.5804997	0.24520543	-0.6813987	-0.0580476	-0.32336247	0.053908803	0.603576	-0.037012693	0.13760263	-0.2029476	0.2164786	-0.112424985	-0.5673825	0.49935284	-0.8789172	0.15743862	-0.06747635	-0.1967442	-0.40655744	0.39183915	-0.71735454	-0.21294604	-0.5603633	1.1511908	0.31106684	0.0527222	-0.5969142	0.49825397	0.38097295	0.9808716	0.15634435	-0.32625085	-0.21302816	-0.027127033	-0.26123115	0.33119908	0.31652978	-0.10745988	0.080473855	-0.24936411	-0.72699445	0.16528697	-0.37961307	-0.13841146	0.12874435	-0.0821877	0.055195138	0.31891784	0.09767263	0.08315597	-0.3430962	-0.090890266	-0.2861933	0.12351624	0.8623107	0.49458215	-0.13768993	0.28916734	0.28898337	-0.12036442	0.756613	0.16715205	0.37239218	-0.46912464	0.1406432	-0.2865793	-0.0200544	-0.029240638	0.4581024	0.9361218	-0.53762	-0.10772589	-0.28812587	-0.16529112	-0.42737746	-0.45142642	1.1838077	0.42813393	-0.9514017	-0.4562051	-0.17961761	0.4145916	0.1658496	0.47181872	-0.34698126	-0.10166688	-1.3583609	0.6057916	-0.5057817	-0.82135206	-0.056443855	0.9102456	-0.83414894	-0.37816152	0.6450875	0.07650924	-0.15120336	0.25432733	0.8958574	0.526392
