-0.119739056	-0.028770434	-0.07701007	0.12529095	0.51685643	0.6597407	-0.45065305	0.52234095	0.15988651	0.13585614	0.17229918	0.28638047	0.104331575	-0.15454286	0.032766696	-0.028728858	0.30585042	-0.12720314	0.054944854	-0.10666841	-0.08483463	-0.6237601	-0.29595292	0.0797392	-0.025965214	-0.07962496	-0.4732382	-0.5250017	-0.16397291	0.115477264	-0.30556017	-0.0062207785	-0.08188768	0.042458	0.33037886	-0.106174886	0.11744748	-0.28323755	0.009125587	0.06388345	-0.5701839	0.19012685	-0.45279792	-0.1508282	0.1838773	-0.35799518	-0.31884682	0.2704617	-0.06535018	-0.30622715	-0.28449914	-0.002036012	0.30909535	-0.35335425	-0.059359584	0.10560489	0.3666693	-0.03005114	0.12559092	0.022729661	-0.49012807	0.025910437	-0.19231553	-0.049970035	0.29428098	0.26782307	0.22659834	-0.13440222	0.27104247	0.11867907	0.0027072472	0.20067124	0.098970845	-0.0080848755	-0.113135986	0.08232529	0.35174567	0.18927372	-0.13488707	-0.1995677	-0.025525266	-0.3739395	0.104635544	0.03463355	0.28739753	-0.024619637	0.29948345	0.10021953	0.13866429	0.1616633	0.2685405	-0.3471002	-0.27872172	0.110358275	-0.2898543	-0.21805972	0.15422265	0.14227735	0.15986432	-0.45896032	-0.08742134	-0.8008228	-0.71967363	-0.24012583	-0.042674936	-0.07570316	-0.35779312	-0.094497345	0.39446667	0.287058	-0.100107774	0.3071932	0.117178276	0.028903987	-0.16827369	0.25692853	-0.45655873	-0.14764392	0.28368554	-0.17496815	-0.23220569	-0.43070891	0.3520222	0.04635319	-0.052493084	0.6607484	0.06817379	0.24522723
0.1228198	0.07536811	0.18175977	0.03091484	0.2992854	0.09849745	0.2019909	0.1429334	0.082978606	-0.19016853	-0.08191419	0.182094	-0.09871957	-0.008475984	0.039244466	-0.05995613	0.09908624	-0.045233313	-0.10867977	0.018168833	0.11717805	-0.142596	-0.24371727	-0.04377278	-0.13634785	0.15216061	0.01723135	-0.14904861	-0.0018314039	-0.088356644	-0.019503197	-0.06831799	0.09762389	-0.09839396	-0.009327939	0.14530082	-0.18122104	-0.03424102	0.13686779	0.0077868234	-0.027188433	-0.2602905	-0.13849905	-0.19137374	0.08673822	-0.035501238	-0.055093538	0.44099298	-0.3187892	0.14147064	-0.17809132	-0.13253045	0.2464736	0.011438275	-0.08040281	-0.13513729	-0.063909605	0.17816949	0.12168665	0.31314623	-0.056121238	0.20655717	-0.11390635	-0.15730861	0.058595456	-0.16176316	-0.15822402	-0.15731525	-0.16218533	0.006280897	0.23183806	-0.1049587	-0.02225376	-0.060998052	0.094337046	0.28005248	0.31438026	0.09900645	0.028114486	0.075112	0.081555456	-0.10892201	0.20814547	0.02233325	0.03775694	-0.065746665	-0.15423036	0.039451495	0.1040425	0.05734919	-0.3496028	-0.15219793	-0.391975	0.052425407	-0.051602077	-0.25870925	0.09568603	0.013844908	-0.09046312	-0.37829983	-0.16411693	0.06052426	-0.18806781	-0.115324974	0.007856104	-0.02740028	0.053377315	0.15046653	-0.13016209	-0.008240935	-0.07420268	0.21248591	0.21752627	-0.24361403	-0.3867127	0.06378916	-0.12234292	0.049651735	0.034155805	0.08063311	-0.00468004	0.0003271472	0.06559761	0.009374429	0.045896888	0.052105077	0.1857827	0.11785223
0.68373555	0.5087366	0.46231723	-0.61857444	0.8891744	0.14849481	-0.10822484	0.30615368	0.48942876	-0.14267534	0.45126578	-0.16509709	-0.06519664	-0.5791531	0.15372773	1.2823133	0.5715485	-0.46062985	-0.3982255	-0.119802274	0.028107686	-0.69140214	0.2170609	-0.35436615	-0.20074825	0.61690557	-0.3813736	-0.49418992	-0.34038493	-0.29826644	-0.3234156	-0.5709125	-0.3825571	0.52540666	0.21318565	0.20540026	-0.28775817	-0.30915415	-0.098362066	-0.28270268	-0.18005034	0.19452207	-0.49028596	-0.045889568	0.40732595	-0.6159551	0.21235459	0.056832723	0.15540944	0.17802663	-0.22921643	-0.4827924	-0.39229614	-0.13724723	0.12655498	-0.08282263	0.6938448	0.9308116	-0.11554947	0.2522032	-0.88688874	0.274332	-0.7531129	0.7730316	0.5349869	0.26387656	0.37812042	0.18852296	-0.3736874	-0.2953719	-0.42370445	-0.12838931	0.28847426	-0.37510398	0.47698453	-0.7635541	0.2035648	-0.07437846	-0.46895266	-0.5043433	-0.04973011	-0.19793054	0.6285425	0.5186622	0.020243363	0.173394	0.025922142	0.13539991	-0.12925225	0.0113955	-0.33281055	-0.6471334	-0.4699497	0.032823697	-0.3276206	0.47333106	0.38991812	0.3297341	0.43653482	-0.33353093	-0.12608714	-0.67307186	-0.30114123	0.49189445	0.08065126	-0.0047789305	0.10341945	0.03770896	0.12177509	-0.20386618	0.052392345	0.81964797	-0.50816715	-0.32051373	-0.5919675	0.22746006	-0.41072154	0.20705861	-0.19374207	0.071144946	-0.2790539	0.021307494	0.31495905	0.26935673	-0.08670052	0.48602682	0.40814862	-0.10042918
0.15667741	0.09650607	-0.02130541	0.016785229	-0.017474527	0.18428575	0.5807188	0.1792909	-0.07545635	-0.11639128	-0.10258455	0.059893746	-0.1105724	0.1176017	-0.3387477	-0.09429082	-0.09803555	-0.14591518	-0.26998717	-0.0011596447	0.021217799	-0.07373672	-0.18555182	-0.16138396	-0.40333617	0.21934064	0.15016416	0.06370369	0.003967581	0.16075645	-0.06639958	0.13046557	0.19073637	0.12467768	-0.40421453	0.06753548	-0.20782802	-0.10938395	-0.048080776	-0.23290747	0.14904745	-0.3504421	0.034160364	0.032625727	0.0701601	0.059437323	0.044384982	0.29849032	0.2396884	0.2542091	-0.1030579	0.11985049	0.0076739322	-0.029395474	0.1753792	0.07321854	-0.019680575	0.3048414	0.13857946	0.22196467	-0.063	0.07478326	-0.49928206	-0.0048893197	0.4416292	0.010613021	-0.3458394	0.23148924	-0.29099882	0.22868417	0.35158148	-0.02250661	0.16650186	-0.33645085	0.27111173	0.11811228	-0.17791355	0.0391886	-0.100478664	-0.056750607	-0.1949786	0.07390054	0.16458417	0.31772575	-0.15517204	0.13169657	0.27735654	-0.360869	0.104281686	0.038583685	-0.24250218	0.17416972	-0.018929815	0.0112673035	0.0025200187	0.031201158	-0.23024936	-0.23026401	0.017345253	-0.42579973	-0.5298909	-0.56716585	0.006612804	-0.15356453	-0.11647555	0.21223328	-0.06879079	0.32542384	0.21303974	0.5199641	0.1301538	0.102133416	0.23209438	0.24703719	-0.3921599	0.08526986	-0.26824713	0.06677134	0.31717452	-0.023626683	-0.047436636	-0.10686026	0.34229743	0.059042897	-0.24745403	0.044371784	0.36557275	-0.123284265
0.12924626	0.05775261	0.1456079	0.07918077	0.12291086	0.054902446	0.19776271	-0.017413173	0.13840264	0.03868656	0.10317095	0.24325982	0.03760669	0.10345653	-0.009755887	0.10671313	0.11676437	-0.027071374	-0.39365718	0.14354675	0.06932378	-0.06258588	-0.21078162	-0.072109945	-0.29660517	-0.0987085	0.07418434	-0.15895528	-0.0863135	0.22726068	-0.04089743	-0.078315035	0.12207943	0.001056362	-0.012737689	0.021508988	-0.18178804	-0.15680568	0.043437827	-0.068151355	-0.19590679	-0.08182298	-0.3868866	-0.28778127	0.12886073	-0.11574186	-0.008100792	0.12608655	-0.15721066	0.07461778	-0.09843965	0.0718116	0.2378417	0.056742053	0.017508704	-0.095640026	0.034724835	0.11645325	0.17095135	0.04097704	-0.20632719	0.22297259	-0.4299773	0.047975343	0.22340837	0.0037684606	-0.09949577	-0.062942356	-0.13880156	0.04069669	-0.03397345	0.13584659	0.070086524	-0.039165005	0.19209526	-0.024387073	0.06447984	0.03966335	-0.090077944	-0.1277348	-0.060597286	-0.06734707	0.07466919	0.26489866	-0.2148057	0.024473136	0.01745591	-0.049241424	0.009629892	0.20579077	0.012033275	-0.012177506	-0.23328155	0.0044235345	-0.114111945	-0.08135739	-0.038562827	-0.06781857	0.11678559	-0.038552262	-0.12118794	-0.034893118	-0.043067787	-0.25006613	-0.016337069	-0.01886491	-0.150558	0.036665138	0.20572774	0.14804089	0.017814705	0.028424518	-0.076296546	0.015191111	-0.17579907	0.07028713	-0.013665921	-0.09810105	0.040754408	0.18337381	-0.002951491	-0.05785593	0.2913578	0.006801455	-0.1697618	-0.072644606	0.0846797	0.027911292
0.0074390043	0.17973445	0.11326554	0.026804242	0.27354604	0.15425658	0.1669829	0.16564956	0.27276188	0.05176005	-0.0250078	0.14227362	0.060742237	0.114886284	0.0127036	0.05242366	0.067804955	0.02677121	-0.187288	0.03588397	0.053808957	-0.060844906	-0.10324828	-0.024385495	-0.23591766	0.0547191	-0.09826904	-0.16482913	-0.072281145	0.066394575	-0.118083335	0.041092154	-0.06844305	-0.008627276	0.05201106	0.066154286	-0.13543335	-0.049501125	-0.06663138	0.15763871	-0.20739205	0.060542163	-0.11806608	0.17207125	0.014171189	-0.1309336	-0.0029871082	0.21135157	-0.18884523	-0.036176234	-0.12556522	0.05151806	0.23733437	0.012451633	-0.023093522	-0.013138999	-0.026750032	0.14439541	0.12381187	0.050715685	0.029066168	0.050029527	-0.0026306454	0.09722658	0.13955894	-0.043126263	-7.908864e-06	0.049801905	-0.08397432	0.060851227	-0.03125099	0.06810509	0.037623446	-0.056981843	0.061150238	0.06295969	0.034932133	0.15134804	-0.111879036	0.07828188	0.085963264	-0.13901228	0.0744831	0.13685817	-0.08047446	-0.1974363	0.0024607514	-0.028081054	-0.0051421816	0.05737657	-0.024433976	0.008714797	-0.12412557	-0.040513646	-0.013208851	-0.10981963	-0.041499685	0.121519275	0.024349593	-0.17565751	-0.12603016	-0.170553	-0.18924813	-0.0016575179	0.06345968	0.0012329879	-0.109029934	0.015871858	0.17791203	0.06556687	0.010821173	-0.036929645	0.09612597	0.04408549	-0.14998314	0.050178807	-0.03871932	-0.022759687	0.15264316	0.08376058	-0.15702142	-0.09507333	0.2459586	0.02536615	-0.06328611	0.041536674	0.1958243	0.025864355
0.29099503	-0.011011705	0.079188146	0.0900661	0.24195103	0.23275876	-0.19839287	0.010058888	0.30883628	-0.19352712	-0.12921822	0.46151233	0.22191997	0.101629406	-0.12083822	0.61280084	0.51743734	-0.43821955	-0.22731191	0.15816382	-0.029293789	-0.37330654	-0.3037688	0.013529693	-0.03322201	0.67277694	-0.1090003	-0.49939376	0.11825978	0.199812	0.011896504	-0.2825539	-0.02747181	0.31366348	0.10658737	-0.14305294	-0.03930978	-0.061916884	0.16209053	-0.10678467	0.01678719	0.33386382	-0.2760674	-0.18501124	0.008679737	-0.31301114	0.081664115	-0.15470685	-0.20598209	-0.15616195	-0.3207771	0.094855785	-0.078253284	-0.06741204	0.15005308	-0.36550772	-0.21195622	0.045674827	0.040440723	-0.08291521	-0.58804405	0.21094307	-0.18767151	0.24581775	0.034440536	0.20903821	0.00983296	0.13468708	-0.24181388	-0.2917821	-0.12623768	-0.30410317	0.025790365	-0.27795982	0.257673	-0.054911613	0.26360083	-0.3198416	-0.0678201	0.09855166	-0.17012711	-0.57924545	0.29804823	0.12020375	-0.104124345	0.10786934	0.3298428	0.16451122	0.196683	0.2437505	-0.2662093	0.0015987456	-0.4338969	-0.317578	0.10603361	-0.60457724	0.4980028	0.7116097	0.28037915	-0.12298935	-0.12976149	-0.5660135	-0.7413194	0.11866631	0.19658989	0.09039543	-0.18434966	-0.21635985	0.22888748	0.030118981	-0.033876274	0.55464464	0.0300568	0.04957669	-0.20128271	-0.4211186	-0.39616445	-0.040772866	0.02682408	0.30294558	-0.16149317	-0.40254363	0.3848107	-0.21506275	0.04311484	0.13408785	0.42840335	-0.1005812
0.5857638	-0.30562174	-0.18813598	-0.061111905	0.47943565	0.18025674	0.76241875	0.19869466	0.041034754	-0.18604429	-1.1737447	-0.016158251	0.79120505	0.49068367	0.050698977	0.67589986	0.47357625	-0.44776	-0.41224593	0.81482756	0.243519	-0.7793773	-0.8709142	0.40301082	-0.5515322	0.60589653	-0.2397126	-0.7472934	-0.48703432	0.5742699	0.2800213	-0.45207256	0.21972616	0.28363454	-0.7259787	0.03238516	-1.0634643	-0.119431295	0.33070233	-0.6791499	-0.68174654	0.6133737	-1.4213586	-0.6267516	0.49526587	-0.23238264	-0.06992794	-0.22439392	-0.19841065	-0.4030196	-0.18893707	-0.3723077	-0.6908806	-0.5441397	0.38071173	0.36366448	0.580779	-0.20131618	-0.023489654	0.06464937	-0.32539368	-0.17484501	-0.37387106	0.8000494	0.23416676	0.23766656	-0.5942704	0.6044525	-0.048182108	-0.19915225	-0.34864923	0.18225501	-0.11739716	0.23537974	0.6359858	0.037413176	-0.41316158	0.6322667	-0.46328562	-0.54466355	-0.19408998	-0.25785872	0.75877243	0.6267574	-0.4467455	0.1703363	-0.86237067	0.4006024	1.0617983	-0.42460167	-0.16248868	-0.41104072	-0.8998415	-0.6121146	-0.3484176	-0.0863703	0.56800354	-0.4387443	0.23593724	-1.0367583	0.49411118	-0.19637103	-1.28977	-0.618953	0.151081	-0.06852764	0.38005015	0.8676535	0.20147581	0.4035376	-0.7355066	0.16419165	-0.26989412	-0.41514403	-0.15277879	0.48730543	-0.17660613	-0.39860275	0.38574034	0.73944455	-0.441827	-0.060852405	-0.08792009	0.2685746	-0.50315094	0.21128494	0.8623456	-0.12756172
0.0066741453	0.26346818	0.22585127	-0.4867951	0.47798762	0.3657287	-0.516553	0.40380988	0.3916537	0.21739204	0.18908095	0.2440727	0.078552365	-0.6566503	-0.40677908	0.29893723	0.3620979	0.12676144	-0.36883998	0.12073014	0.010744608	0.11061243	-1.2618212	-0.2841469	-0.5597635	0.3424111	0.003170323	-0.28941306	-0.14391491	0.30286145	-0.62576723	-0.10703193	-0.79570913	0.08696817	0.5626173	0.9879008	-0.46820486	-0.6946609	0.49253595	-0.32525158	0.13736561	-0.17992552	-1.1073163	-0.5536272	0.4632566	0.20045508	-0.059552282	-0.16987076	-0.38646775	-0.8379396	0.36259884	0.05046064	0.13221487	-0.455948	0.33067197	0.11724643	0.2533325	-0.4779639	0.17191415	-0.6614331	-0.26497293	0.8370944	-0.6305334	0.2014082	0.4104075	-0.31999603	-0.0020046183	-0.11075145	-0.080483854	-0.16243255	-0.6071233	0.0688196	0.73756486	-0.14800556	-0.4516248	-0.06675526	0.093506075	-0.26978528	-0.677192	-0.7510541	-0.47779334	-0.26230776	0.13385151	-0.152895	-0.42688933	0.31677377	-0.17373371	-0.9153283	0.14764836	-0.3195613	0.21111381	-0.4511775	-0.58751535	0.075892806	-0.22026806	-0.036739193	0.45846042	0.26790497	0.53419816	-1.1216307	-0.5019292	-0.84193134	-0.58375084	0.15963985	0.22902337	1.1873661	-0.2216319	-0.4964601	0.18090919	-0.088973224	-0.055992592	0.47934708	0.5939343	0.291715	-0.5042312	0.18724383	-0.7534312	0.08793051	0.43729696	0.3571011	0.54728717	0.9526538	0.45244443	0.25921497	-0.8648973	0.87953913	0.20740299	-0.71807283
-0.029827755	0.1391703	-0.011803209	0.08227106	0.5081357	0.24416941	0.16929549	0.3391835	0.4898404	0.12785365	0.005161918	0.2281309	0.065734565	0.15308766	-0.16404958	0.19150424	-0.17877178	-0.35316166	0.20444548	0.14467375	-0.012481353	-0.09224442	-0.3896802	-0.09434722	-0.012329171	0.7426309	-0.077413276	-0.56677324	-0.1339582	0.6267819	0.13884777	-0.46222788	-0.208792	0.13936915	0.18050016	-0.42818844	-0.5290506	-0.53388613	0.020851754	-0.4853852	-0.08448389	-0.10902916	0.20680378	0.47679567	0.13884749	0.0044988343	0.08805293	-0.087983035	0.033458002	-0.035373323	-0.33642668	0.8345307	0.58543617	0.4026819	0.11014293	-0.26049876	-0.056581672	0.2244828	0.23579748	0.039115075	0.21523732	0.09269902	-0.05196774	-0.4477509	-0.45177597	-0.39447817	-0.17734459	0.4495751	-0.11625524	-0.19859159	0.12525317	-0.21273948	0.00820841	0.0071096597	-0.0029536267	0.18663824	-0.36001113	-0.19086123	-0.09353974	0.28703764	-0.21932246	-1.165719	0.49522534	0.48876426	0.4490632	-0.35783744	0.8267108	-0.4139912	0.51245785	-0.16201772	0.12972075	-0.2166348	-0.4523927	-0.34157187	0.22160211	-0.3821169	0.23808587	0.3282458	0.08464645	-0.60956365	0.053287838	-0.910673	-0.46501908	-0.2045066	0.27586606	0.25518683	-0.057880245	0.29123637	0.17659798	0.64637196	-0.03220944	0.5863216	0.025696056	0.04456127	-0.3767596	-0.15449028	-0.25014704	0.26757598	-0.05702492	0.40913123	-0.08628238	0.046616	0.04044103	-0.19441867	-0.32250643	-0.32760918	0.5523642	-0.10285149
-0.08390622	0.16870846	0.008024384	0.053398307	0.059858516	0.12743294	0.043080095	0.09441551	0.12174041	0.045486767	-0.0179167	0.03444958	0.010867466	0.06937666	0.011096785	-0.014212066	0.034280173	-0.024734464	-0.0024594811	-0.022903606	0.092581	-0.09342555	-0.15776281	-0.0893206	-0.13070261	0.112236775	-0.086792916	-0.08725263	0.003032267	0.024072597	-0.1266751	-0.0765701	0.03248342	0.043003187	0.0122118965	-0.052549373	-0.14467974	-0.08010704	0.05714098	-0.043744937	-0.13150282	-0.004675248	-0.1177627	-0.009491258	0.037328545	-0.07444731	0.03467498	0.17378151	-0.028960012	0.0034184107	-0.070243075	0.13452667	0.08429744	0.027802605	-0.050001804	-0.098547384	0.118557714	0.11329429	0.09307679	-0.0013303692	-0.04243336	0.08784054	-0.14929132	0.05975953	0.045589034	-0.074153624	-0.04399641	0.07316063	-0.06521713	0.038115796	0.040946405	0.009688216	0.12671335	0.041571457	-0.030828949	-0.0011442185	0.053855874	0.04558609	-0.0008863136	0.050112788	0.08806557	-0.062230896	0.029451983	-0.0079129515	-0.08531708	0.00036226824	0.08958059	-0.0129756285	0.0053099673	-0.02531367	-0.11255534	-0.041169688	-0.18138783	-0.103720896	-0.03132291	-0.060512893	0.020190537	0.07172256	0.06749244	-0.14282855	-0.16662541	-0.24811067	-0.0727001	-0.047553606	0.031224143	-0.14500754	-0.12583676	-0.019023307	0.08273953	0.06563932	0.06313039	0.028753273	0.011808831	0.055444505	-0.06587556	-0.028411152	-0.17219941	-0.09708249	0.048621695	0.008510688	-0.004172595	-0.074893676	0.12943341	0.020965328	-0.12846859	0.081017315	0.09504135	0.005666789
0.0010920725	0.20151067	-0.022808723	0.032799024	0.14751153	0.1543729	0.21830043	0.081239656	0.19758902	0.12763621	0.015890373	0.21535267	0.11989535	-0.048104305	-0.017440157	0.024324764	-0.07206786	-0.19806004	0.0805203	0.111658774	-0.055444006	-0.114582516	-0.2860002	-0.011764594	-0.3743494	0.055125505	-0.09872936	-0.21468312	0.018163482	0.03535507	-0.2574978	-0.2150691	0.10550816	-0.015809882	0.11732156	0.023549486	-0.09828393	-0.16922916	0.035001542	-0.0014465702	-0.2586394	0.047846567	-0.021180015	0.15767053	0.08740543	-0.0168064	0.09242065	0.25095668	-0.03663884	0.074779004	-0.017439133	-0.018712115	0.021238996	-0.012933525	-0.027506437	-0.054498643	0.114067845	0.18467773	0.06323041	-0.023247967	0.038422946	0.06262568	-0.095164225	0.075152576	0.11329235	-0.121019356	-0.1383051	0.06183137	0.08221433	-0.18831375	-0.0079264995	0.1304922	-0.043282937	-0.059983574	0.2231936	0.12648943	-0.15887403	0.082857214	-0.03511048	0.14754933	-0.07153502	-0.35414505	0.040047396	0.17902337	-0.022259753	-0.117318384	0.038794436	0.08016075	0.12885	-0.10131981	-0.0063331854	-0.22886695	-0.1323145	-0.04045707	0.032127302	-0.053313266	0.18669684	0.10550306	-0.012458366	-0.08122858	-0.007395394	-0.17797558	-0.29115388	-0.087696455	-0.064581566	0.0416304	-0.05062537	0.06325132	0.18882048	-0.019663477	0.23732123	0.24732411	0.087803885	0.08881019	-0.01591088	-0.01825171	-0.19240004	-0.09040535	0.12963654	0.2057736	-0.19410615	0.048106357	0.106777765	-0.019105991	-0.22759487	-0.1006374	0.28658652	-0.15636155
-0.006555517	0.20515758	-0.05140856	-0.037393115	0.2380473	0.20901005	0.2702361	0.07729486	0.18316439	0.08725574	-0.042825576	0.18672311	0.049511075	-0.017127939	-0.045475088	0.013740467	-0.020696815	-0.22005913	-0.039241266	0.0980628	0.08270636	-0.10293107	-0.27836287	0.042798754	-0.35570338	-0.041659065	-0.1096695	-0.1926466	-0.0478898	0.04844992	-0.39080614	-0.15869397	0.048311986	0.0024994717	0.075088724	0.14328724	-0.11666962	-0.28480297	0.045693133	0.13194025	-0.27008897	0.042558856	0.03247922	0.27659252	0.022645688	-0.08128769	0.06179123	0.25714806	0.036755092	-0.04970607	-0.11409963	0.15116741	0.06373535	-0.0589164	-0.17013705	-0.06928136	0.14694507	0.14661655	0.02075081	0.033702977	0.05550753	0.11506277	-0.049195923	0.06633618	0.030485183	-0.14408855	-0.08146211	0.0561789	0.17144102	-0.23677056	-0.0643294	0.13745719	-0.06558046	0.028996903	0.12982993	0.11149589	-0.26541737	0.0925637	-0.04300074	0.20977966	0.0149985645	-0.33833444	-0.040625647	0.18822971	-0.06685258	-0.13410394	0.091258675	0.045852482	0.040442582	-0.071429424	-0.02812794	-0.09015554	-0.12698881	-0.1242336	-0.022355778	-0.10824115	0.22475299	0.20308827	-0.1051031	-0.17745012	0.01936786	-0.31683698	-0.27539942	-0.16377188	-0.11564641	-0.049877968	-0.06199458	0.0824137	0.26019368	-0.039734006	0.11425814	0.1594297	0.16890779	0.1690227	-0.109783284	-0.0922311	-0.10113808	-0.05495055	0.24537835	0.15549345	-0.21235551	-0.013365112	0.19345006	-0.057572346	-0.23652886	0.076331146	0.37534165	-0.22991492
0.06529191	0.099043906	0.030690772	0.17001927	0.4106701	0.16490428	-0.009819712	0.2793066	0.16324908	0.10120659	0.061180804	0.17988199	0.042655706	-0.17629915	-0.17728074	-0.011957924	0.0048873457	-0.28480262	0.07053683	-0.04321842	0.004278077	-0.109275855	-0.03583348	-0.095797576	-0.16163282	0.0043625203	-0.18074365	-0.30535245	-0.15607542	-0.0425214	-0.06213048	0.00838246	0.08396331	-0.039428037	0.024726508	0.066385105	-0.3853851	-0.4343309	-0.044641614	-0.20570861	-0.016979914	-0.08309348	0.047571015	-0.12825	0.022037322	0.16974945	-0.17065996	0.25291333	0.06066979	-0.04282402	0.069850035	-0.30327374	0.011242225	0.12693791	-0.06067789	0.15178141	0.16370407	0.2584613	0.38719225	0.427341	-0.20294744	-0.17874797	-0.4853981	-0.11401738	0.5997281	-0.011868657	-0.19558516	0.141188	-0.2652788	0.20719078	0.12715471	0.12174926	0.080789246	-0.14399557	0.28213355	0.08070217	-0.10388122	-0.17680544	-0.078385465	0.123951405	0.17282057	-0.39313307	-0.1895228	0.19207567	0.03970574	0.039053854	0.2902128	-0.14929488	0.25881726	0.3141636	-0.26647443	0.028790552	0.05271863	0.027749168	-0.12881799	-0.14271167	-0.032681867	-0.15943229	0.12566414	-0.076553576	-0.40171266	-0.4035554	-0.3719929	-0.17469946	-0.2064145	-0.015114315	-0.018348044	0.33182287	0.1774605	-0.00908727	-0.19536845	0.0064998018	-0.01113543	-0.15368076	-0.057730936	0.1154235	-0.35950842	0.0006428322	0.02073015	-0.0661566	-0.3197865	-0.08587531	0.2952227	0.25690758	-0.115420796	-0.096347615	0.43483436	-0.076650724
0.020544637	-0.00869858	-0.17461127	0.031952273	0.09901007	-0.2503153	0.26207125	0.4164421	0.15167837	0.24736904	-0.2838596	0.27554098	0.19601047	0.08541139	-0.13706301	0.30099005	0.0078342715	-0.5466583	0.0062596244	0.096141756	-0.250509	-0.2973704	-0.3634611	-0.25332358	-0.54918075	-0.08433495	-0.24620686	-0.10497317	0.032184932	0.18926276	-0.28851166	-0.26126504	0.2956755	0.07688545	-0.0671944	-0.15788266	-0.33897072	-0.45546257	0.31832588	0.02196784	-0.43022078	0.35812846	0.002078926	0.049060743	0.128861	-0.07318187	0.16735184	0.21294007	-0.09558709	-0.038754232	0.110384025	0.17700484	-0.18367584	0.015511194	0.2835703	0.15392233	0.32220343	0.35570765	0.30247754	0.08671986	-0.18558162	0.28227735	-0.16786182	0.17969257	0.16728316	-0.015767938	-0.32797787	-0.110282294	0.22346179	-0.2853758	0.064185515	0.12693928	-0.16022179	-0.22693732	0.3145738	-0.027843453	-0.09386916	0.18564083	0.17523496	0.3557894	-0.2345206	-0.24346364	0.07952888	0.32663888	0.18206921	-0.07771603	-0.42467424	0.11592645	0.33680585	-0.39667484	0.1890541	-0.40573868	0.0052191084	-0.37034762	0.022794662	0.057440884	0.43318108	0.124459386	0.28955102	-0.5134648	0.051239893	-0.4627561	-0.6997675	-0.16857715	-0.0937532	0.09832161	-0.043372545	0.33037475	0.1943283	0.2400747	0.16975178	0.27966452	0.18099512	0.24998112	-0.08957338	0.4440864	-0.13797903	-0.13872996	0.21139222	0.45044553	-0.25065398	0.15673068	0.39552954	0.018190267	-0.20663673	-0.05415526	0.78263474	-0.17324737
-0.00785703	0.1891738	0.0778754	0.018756012	0.25939164	0.11209677	0.1510786	0.1542573	0.23751071	0.030529233	-0.04014802	0.13703015	0.03064455	0.11575959	0.00032350858	0.08183151	0.059349976	0.008917155	-0.16365725	-0.010506813	0.057221383	0.0006276476	-0.13465574	0.019787287	-0.23170865	0.07115937	-0.07334009	-0.16959813	-0.0919263	0.053867176	-0.15625541	0.002842502	-0.09751665	0.004427281	0.06660627	0.11687641	-0.12063142	-0.040295683	-0.07338105	0.13759857	-0.24007446	0.09539208	-0.0830882	0.19333816	-0.056811832	-0.16270271	-0.004434878	0.2074385	-0.21910265	-0.020638186	-0.10587132	0.09241459	0.24164766	0.025260044	-0.048341412	-0.010891467	-0.02921699	0.12555534	0.08896629	0.04030539	0.04897587	0.050111048	0.049625974	0.06579395	0.11358985	-0.050105985	-0.016001368	0.07604671	-0.07760096	0.061997835	-0.03818369	0.072122134	0.0077780336	-0.051660847	0.07117237	0.074321255	-0.010011187	0.14401951	-0.11513715	0.06728381	0.098655	-0.102800965	0.044116575	0.1338662	-0.06310198	-0.15634285	0.008402941	-0.015051777	0.023956181	0.04247842	-0.048188757	-0.008371514	-0.11064516	-0.041870423	-0.0073062293	-0.088478	-0.0537108	0.12972263	0.05033214	-0.17387341	-0.12515232	-0.13265309	-0.17134133	-0.0020315584	0.051955927	0.024226151	-0.08769918	-0.0001308094	0.16726711	0.07189996	0.05111451	-0.052597743	0.09170197	0.050157797	-0.15872976	0.02834278	-0.06081494	-0.037574872	0.16118295	0.0694922	-0.15190823	-0.0917834	0.2313398	0.043108005	-0.06722802	0.039570287	0.18353336	0.054679204
-0.08773685	-0.089769594	-0.1878549	-0.10262408	0.7572358	0.21843229	0.084749036	0.19030759	0.77087337	0.14445807	0.09310816	0.3221855	-0.38206175	0.19385652	0.078996934	0.3339226	-0.13888633	-1.2917563	-0.23999901	-0.2665352	0.176249	-0.47510958	0.18753247	-0.12437395	-0.75665545	0.18117021	-0.60147744	-0.9037083	-0.428559	-0.0022650925	-0.036964256	0.27708688	-0.20712273	0.44753024	0.11098158	0.64457136	-1.2121238	-1.5383343	0.13682556	0.10270328	-0.45115137	-0.5795955	-0.5131283	-0.63581735	-0.2529328	-0.19609547	0.0720103	0.88364446	-0.11242094	0.50946224	-0.47280416	-0.70380276	0.44332626	0.42911738	-0.10972884	-0.15702456	1.1487838	1.0775965	0.61916876	0.9181758	-0.45033267	0.1721499	-0.35733107	0.25087774	0.8836871	0.052729733	0.35396928	-0.010028998	0.38815913	0.28415635	0.2604259	0.7216857	0.734352	0.3630749	0.46164587	0.03491546	0.5988143	-0.655979	0.19321857	-0.33033195	0.18643095	-0.9243476	0.03837388	0.3637489	0.033788484	-0.036697626	-0.17833486	0.6725942	0.41422418	-0.053916257	-0.16319986	-0.4650077	-0.49677673	0.07815795	-0.5287222	-0.5267258	0.43854493	0.101810515	0.73695844	-0.43632394	-0.57917804	-0.69937265	-0.34192804	-0.20005137	-0.0033670901	-0.8165065	-0.69065386	0.41702524	0.71268064	0.074143186	-0.5489401	0.60640216	-0.095717184	-0.21941274	0.40326986	0.4783375	-0.5431012	-0.07453897	0.23148546	0.52594465	0.18844791	-0.27768856	0.424915	0.20473672	-0.08297028	-0.46257344	0.38578966	-0.47114256
0.26579815	0.4790209	0.6499397	0.4283834	0.35722327	-0.029123398	0.29203266	0.03176438	0.93366164	-0.4115172	0.04429093	0.845854	0.2499402	0.6315369	-0.55596745	0.11527427	1.0558089	0.24593213	-1.0435557	0.7387523	0.37313128	-0.2940831	0.14271298	0.22696339	-0.73039275	-0.058264602	-0.24947716	-0.68661714	-0.18002933	-0.0021073034	-0.345244	-0.5753852	0.21248583	-0.14362554	-0.00039099017	0.505913	0.005540533	-0.5438515	-0.45520929	0.20708303	-0.30891606	0.12482471	-0.52299255	-0.07679661	0.16863288	0.20579344	0.52249247	0.15305328	-0.7281449	0.05284643	-0.064883664	0.15319492	0.17513405	-0.06651631	0.19385132	0.027357465	1.0745081	0.3181154	0.10449464	0.4210226	-0.065472685	0.12782833	-0.6577225	0.14737882	0.14471388	-0.32167208	-0.2520161	-0.5957852	-0.69042796	-0.18470019	-0.14886306	0.09972748	0.40149713	0.39424258	0.2602785	0.27709082	-0.039790172	0.00057961245	-0.6612022	0.93678176	0.07740851	0.16865054	0.40914932	-0.047025662	-0.16211505	0.26274714	-0.06045554	0.38867205	0.43243033	0.7368681	-0.6158247	-0.23253907	-0.8029656	0.05090946	0.5594985	-0.030610764	-0.5415317	-0.22346316	0.46838427	-0.39086008	-0.5228183	-0.6763458	-0.016938958	-0.42076522	1.2984233	0.0954311	-0.36316684	-0.089906424	0.9331665	0.2175352	-0.46770144	0.39146337	-0.0895865	0.5665649	-0.76129544	0.015957983	0.14332397	-0.118978314	0.100685686	-0.10219747	-0.26056612	-0.23434499	0.003303346	-0.34276274	-0.33938125	-0.36329728	-0.13059069	-0.39704943
0.68826944	0.13272077	0.18440236	-0.13248873	0.20092133	-0.5473845	0.24932162	-0.04735568	0.39468947	0.23491876	-0.30078912	0.044620097	0.0011870544	0.40471888	0.18400803	-0.46311414	0.7417045	0.56993455	-0.079413764	-0.09461602	0.103665225	-0.29358074	-0.099869	-0.456598	-0.17810026	0.30477223	0.1637154	-0.10130679	-0.25423917	-0.24576429	0.2940615	-0.19388968	-0.18235533	0.5464146	-0.48264918	-0.68127733	-0.66061974	-0.2799415	-0.3976252	0.146835	-0.6351927	-0.21062551	-0.3558817	0.33557427	-0.79792	-0.45322767	0.97841084	0.70661765	-0.5804944	-0.16478892	-0.36174732	-0.011825779	0.52283573	-0.06122973	0.44541335	0.23957616	0.24395826	-0.007852755	0.19819927	0.35221097	0.005447856	-0.145903	-0.058177013	0.40507662	0.37537688	0.6312471	-0.10343707	0.6163675	0.27260837	0.030745314	0.46680462	0.031445604	0.421675	-0.41045526	0.25945827	-0.29836518	-0.7628171	0.14758894	-0.8760653	0.1757133	-0.02472963	0.3310982	-0.58835334	0.9411291	-0.06995894	-0.5785243	0.41235766	0.121624485	0.70411485	0.4867731	0.22018863	-0.030505974	0.2348963	-0.0059462567	-0.4937333	-0.33378682	0.11869672	-0.48600927	0.887896	-0.95977056	-0.2525702	-1.1516666	0.4389993	-0.030486621	0.2884175	-0.19454817	0.14957365	-0.28177983	0.28391144	0.30392882	-0.24031012	0.6855217	-0.6905589	0.5146196	-0.8122731	0.51896495	-0.17522955	-0.545412	0.15567942	-0.0035990486	0.305637	-0.3849098	0.57295346	-0.2698752	-0.0030013446	-0.33538768	-0.20668213	0.22029234
-0.04518398	0.34254378	0.0073359264	0.055725873	0.34141928	0.20383443	0.21838906	0.20309854	0.39601517	0.20698331	-0.07528435	0.2712283	0.11591913	0.032626063	-0.059427932	0.08218448	-0.08146762	-0.14916585	0.028463153	0.022584783	0.0318733	-0.061938114	-0.2451839	-0.033689298	-0.4734308	0.04704744	-0.28207183	-0.29394853	-0.04663171	-0.031220568	-0.33959004	-0.17150468	0.050485525	-0.1069245	0.19332324	0.10558717	-0.1522001	-0.1294492	-0.05858731	0.18152297	-0.3861659	0.13748296	-0.026318945	0.38559562	-0.022543881	-0.083521344	0.12395172	0.34931415	-0.14548825	0.03121051	-0.17743427	0.18594499	0.11736713	0.027330693	-0.101252384	-0.09636476	-0.01674342	0.25852323	-0.0043869833	0.06356544	0.043065142	0.09316397	0.04944301	0.014556673	-0.012110033	-0.17842638	-0.14977139	0.037362248	0.10806303	-0.17635329	-0.178909	0.09185613	-0.14277536	-0.08881611	0.2188909	0.15269765	-0.18801953	0.21697667	-0.08354654	0.20024543	0.20347232	-0.36770558	-0.050278388	0.13697025	0.08606977	-0.21956627	0.08427613	0.07033264	0.11342357	0.029663133	0.15218319	-0.26266032	-0.08985285	-0.07816555	0.04758821	-0.09345021	0.14743263	0.24338803	-0.08040724	-0.07685394	0.005522875	-0.24815671	-0.4431821	-0.15514877	-0.0060654585	0.014038135	-0.10660772	0.17794982	0.25931153	0.09166566	0.22188626	0.053141337	0.21489017	0.14249393	-0.03675639	0.036113627	-0.10560022	-0.035600193	0.19918448	0.21881387	-0.34748054	-0.022359189	0.2908224	-0.053382132	-0.19159502	-0.04965945	0.3618548	-0.16968496
0.17270492	0.46986476	-0.1929573	-0.45027617	0.19809414	0.31141803	0.09362667	0.45988488	0.30678895	-0.0394258	0.02027107	0.13265397	0.15997204	-0.03196543	-0.35273227	0.117734395	0.15110072	-0.8794134	-0.5497937	0.0022190076	-0.28996578	-0.04875328	-0.8240566	-0.27166188	-0.6554271	0.42428657	0.66959256	-0.007837625	0.14165273	0.65874434	0.06725902	-0.065227725	-0.034448832	0.34611815	-0.5708399	-0.26405683	-0.59182096	-0.26135263	-0.026825193	-0.24605069	-0.15057282	-0.021317923	-0.20628865	0.112521596	0.05381899	-0.21340391	-0.32716963	0.5091069	-0.2849613	-0.08693886	-0.42678893	0.06277928	0.39701048	-0.090407364	-0.19245794	-0.16841881	-0.14347869	0.43933123	0.17428137	0.29632178	-0.44614437	0.15238543	-0.64409655	-0.34833714	-0.039486542	0.23020157	-0.2415246	-0.58654714	-0.22945146	-0.31365818	0.16403031	-0.30568284	0.58729136	-0.24726494	0.70888764	-0.09148427	0.005407811	-0.18174817	0.08549273	-0.24671355	0.05670576	-0.37658766	-0.02603948	0.09771327	-0.3707642	-0.3621566	0.6162048	-0.7316847	-0.33225542	-0.10058609	-0.21890932	0.3559888	-0.37743834	-0.29980868	-0.27663425	0.08092819	-0.18515597	-0.15527247	-0.046250947	-0.11190739	-0.34592602	-0.60107607	-0.08305241	0.036154464	0.0027226978	0.034447033	-0.45476407	0.4334491	-0.55825686	0.82885385	0.5281607	-0.044013787	-0.025130311	0.032674443	-0.46352372	0.1266257	-0.71497905	0.0067414157	0.42400426	-0.14257886	-0.23230053	-0.005390389	0.11731611	-0.08514277	-0.58988297	0.29538572	0.4218952	0.35668018
0.15595023	0.055912986	0.003114201	0.022635544	-0.0021709362	0.18213874	0.53473365	0.13581325	-0.11669413	-0.10856685	-0.11774198	0.10918003	-0.11699201	0.09507314	-0.3386971	-0.14820631	-0.073262885	-0.14211798	-0.28658453	0.015688844	0.010195054	-0.11033915	-0.17484869	-0.17429297	-0.3605295	0.23721708	0.16315211	0.034612443	-0.0117745055	0.11681014	-0.0952153	0.14311244	0.23377554	0.13159628	-0.38173544	0.076150574	-0.15442081	-0.14193913	-0.08492731	-0.21197681	0.13504565	-0.42389518	0.06694011	-0.013630463	0.043858442	0.022775587	0.054638173	0.3435618	0.18891142	0.27079424	-0.090443194	0.13802417	0.01917659	-0.06555799	0.15541008	0.072231345	-0.023205299	0.27877328	0.15173955	0.2409495	-0.05593296	0.032739315	-0.54305077	-0.02093615	0.3960642	-0.03371362	-0.32673794	0.22019517	-0.3065107	0.22441469	0.35496458	0.04028871	0.17547242	-0.2942734	0.22773057	0.1765705	-0.10399141	0.051035978	-0.07253008	-0.07793544	-0.18745165	0.06165915	0.122812286	0.29125932	-0.17442505	0.17188974	0.28528988	-0.32874647	0.07416187	0.1480537	-0.2658376	0.25587904	-0.07750033	0.016172562	0.0085012335	-0.020650802	-0.19355029	-0.2277666	0.037294183	-0.47979712	-0.5403286	-0.527224	0.039434966	-0.14977705	-0.19528069	0.16634794	-0.049014002	0.29546127	0.21731663	0.50549453	0.1349995	0.16819637	0.25038385	0.23200168	-0.42750016	0.101912096	-0.29405987	0.09567147	0.33372882	0.008353756	-0.09109411	-0.15912396	0.3714387	0.10136819	-0.2451261	0.06298131	0.3629096	-0.058706474
0.4197875	-0.1981621	-0.2029246	-0.42316478	0.1286446	-0.31820795	0.45078516	0.49873343	0.17199692	0.18295546	-0.18937	0.1745715	-0.07669657	0.26033822	0.17255491	0.6598687	0.18754311	-0.77413833	-0.20510226	0.17016405	-0.45382464	-0.30447412	-0.21139516	-0.3149381	-0.65162086	0.11080757	-0.21724248	0.15363503	-0.04052986	-0.03829847	0.010887997	-0.12275481	0.31438604	0.38537	-0.017922778	-0.19488154	-0.42079717	-0.56399685	0.32511082	0.009047694	-0.5513	0.1741217	-0.30337507	-0.01192458	0.40645266	0.09438072	0.21400039	-0.21014792	-0.11128352	-0.0085436	-0.054344073	0.17370807	-0.19982812	0.074107885	0.29834533	0.179393	0.3219333	0.5993501	0.26776683	0.11234586	-0.62649214	0.5301898	-0.25564492	0.11601563	0.51826257	-0.16095382	-0.10283497	-0.071570925	0.09662802	-0.2892476	-0.09040652	-0.10084469	-0.36242095	0.042594418	0.5261611	-0.00484084	0.056931496	0.030537158	0.10282166	0.0108411675	-0.35172608	-0.40735188	0.6871496	0.22586215	0.04039742	0.057484176	-0.44659224	-0.116872594	0.33849984	-0.2846852	-0.08007357	-0.61602944	0.17023645	-0.2265794	-0.12246918	0.18244304	0.4987573	-0.04189316	0.40216303	-0.5037061	0.31517154	-0.10890248	-0.81216085	-0.4718622	-0.015174967	0.32763365	-0.14363094	0.37164465	0.17777176	0.25963154	0.11804644	0.26356444	0.29959655	0.08572251	-0.49125218	0.7187165	0.04448845	-0.1900903	0.47276333	0.5528169	-0.47350052	0.19902493	0.50207084	-0.09344812	-0.3639266	0.0907162	1.1051115	-0.15342611
0.1870769	0.21121176	-0.0911037	0.116767265	0.47073266	0.26498	-0.5187197	0.6422781	0.11736607	0.052528474	0.15127924	0.34980512	0.2028392	0.2740045	-0.056364577	0.5671597	0.6838446	0.10892644	-0.19235678	-0.1544183	-0.4201887	-0.6381751	-0.18581142	-0.10996362	0.057957966	-0.05953199	-0.46788326	-0.22137411	-0.021177646	0.13731934	-0.012368841	-0.20724244	-0.11121659	0.31929725	0.41299686	-0.08886286	0.38898224	-0.15271902	0.498977	-0.20083873	-0.6323341	0.67984504	-0.3259296	0.24093235	-0.022339517	-0.66489094	-0.2810835	0.31011376	0.23825873	-0.18123198	0.122349545	0.051585592	-0.08249691	-0.13432172	0.13262784	0.3491497	0.49881244	0.52676934	0.2908964	-0.24391058	-0.45643288	0.53216887	-0.21701993	0.4230061	0.3310399	-0.07157303	-0.18073367	0.45972872	0.28708485	0.021999951	0.030491171	0.019196419	-0.31462377	-0.25908163	-0.2890568	-0.25924557	0.2767426	0.44688705	0.117873974	0.37686846	-0.6615538	-0.5967057	0.31945872	0.30376646	0.46803117	-0.5505698	-0.030990787	-0.21501908	0.7156263	0.16144949	0.4953201	-0.35861662	-0.26713416	-0.33800584	-0.08971404	-0.0039438247	0.597064	0.1478152	0.30587357	-0.26999378	0.008128217	-0.597596	-0.8369814	0.058458608	-0.3141078	0.1212275	-0.30029267	0.32009244	0.3818992	0.13019018	-0.23480725	0.22021703	0.020380514	-0.010149595	-0.21471247	0.21499045	0.06573185	-0.046065856	0.15974344	0.20334658	0.011157394	-0.05007333	0.60842365	0.1962724	-0.11834777	0.48734683	1.1089758	-0.3136775
0.39764237	0.010231676	-0.13078876	-0.2972321	-0.03981165	-0.46206102	0.32098398	0.27630773	0.3499996	0.14275043	-0.10952963	0.026105613	0.079049334	0.04312006	0.52505034	-0.39917767	0.6078598	0.009730672	-0.23237424	-0.16881824	0.16997145	-0.2544409	-0.19559321	-0.39419705	0.01549288	-0.08020963	0.21025428	-0.5678711	-0.2827216	-0.13917488	-0.01636812	0.05557121	0.14449646	0.40776512	-0.31995472	-0.8560204	-0.5292015	0.04618804	-0.42451316	0.27866015	-0.39806965	-0.21490756	-0.16183457	0.47335377	-0.62605524	-0.57090455	0.698496	0.59735	-1.054038	-0.13464232	-0.16072363	0.29960278	0.37502486	-0.07261872	0.6193629	0.1379831	0.6056446	0.4736804	0.2669264	0.2522106	-0.1800485	-0.3799767	-0.4904085	0.84439296	0.18196715	0.45583588	-0.34618503	0.5767784	0.28201762	-0.01848613	0.34451824	0.21345623	0.08830197	-0.49595985	0.1461839	-0.43171754	-0.57097644	0.1591049	-0.6568947	0.16612102	-0.02902414	0.25660506	-0.24882662	0.69018537	0.28308952	-0.27914977	0.43464458	0.20842709	0.91517127	0.48574746	0.09577592	0.17085487	0.301588	0.06875058	-0.5850663	-0.35116175	0.119260825	-0.44955623	0.72382724	-0.62295103	-0.37782592	-1.1363125	0.4943605	-0.1365602	0.2556751	-0.09656814	0.021377046	-0.40704733	0.58782357	-0.05463277	0.09385483	0.34159535	-0.48474032	0.4293191	-0.69145256	0.23013926	-0.07270265	-0.3002126	0.38346386	0.22239944	-0.041688077	-0.38722348	0.9883521	-0.43666968	0.10056592	-0.19090061	-0.17180642	0.061086122
0.07160699	0.059590407	0.0059260894	0.15194142	0.35925397	0.2181087	0.010434609	0.26758412	0.14060466	0.09406101	0.06052627	0.19471188	0.05710921	-0.1410784	-0.15554835	-0.017804712	0.0024547903	-0.23948513	0.077353865	-0.09738245	-0.011053612	-0.10347644	-0.08248023	-0.099026784	-0.16638447	-0.016550435	-0.15025228	-0.31086144	-0.19196661	-0.05077236	-0.04072814	0.044726837	0.10579674	-0.066203706	0.013549639	0.048987255	-0.38680336	-0.4429312	-0.05528749	-0.20276001	0.010911857	-0.06528586	0.088298604	-0.11372183	0.06581925	0.18971282	-0.12552346	0.2640886	0.0333789	0.018985221	0.101772666	-0.28137404	0.046249736	0.10737375	-0.045690063	0.14213312	0.14858118	0.23602906	0.355082	0.48117873	-0.12856854	-0.18694575	-0.52013427	-0.14383738	0.5918062	-0.010557932	-0.17632824	0.19645652	-0.25552958	0.22927035	0.19003375	0.1226612	0.10925393	-0.14314431	0.3136989	0.11905549	-0.0677366	-0.18029997	-0.041613664	0.11406865	0.19063462	-0.40363547	-0.19523507	0.21756124	0.025225144	0.04270432	0.3068173	-0.15707606	0.2501522	0.26661757	-0.28962237	0.05169223	0.058150552	0.045284707	-0.12634072	-0.12043241	-0.050078876	-0.18067966	0.14667973	-0.13960224	-0.42891136	-0.3965568	-0.36966282	-0.1678828	-0.17363313	-0.06643923	0.008685046	0.33727455	0.14874777	0.016874146	-0.19115287	0.010851766	0.043308236	-0.13012595	-0.10194925	0.09170894	-0.37611187	0.00868064	0.018691838	-0.059308082	-0.30605096	-0.09693086	0.32364443	0.28162867	-0.11609849	-0.08065245	0.44206363	-0.039071023
-0.2583347	0.2713169	-0.3244928	0.7406661	1.2192097	0.8197738	-0.07533689	0.5845092	1.1320745	0.69327766	0.16994289	0.17762034	0.3290062	0.15093386	0.00073391985	0.15367363	-0.7644156	-0.5367404	-0.35925147	0.63166654	-0.3371094	-0.22455157	-1.6109532	-0.13764414	-0.22003998	1.3109471	0.18392049	-0.16918348	-0.3015164	1.1885798	-0.580434	-0.8547512	0.26331946	-0.7778904	0.1564756	-1.1877655	0.17375226	-0.31123883	0.5202721	-0.0040887166	-0.8046236	0.13821635	0.14412875	-0.13053851	0.6359529	-0.30482805	-0.13334449	0.11017915	-0.49785268	-0.80733097	-0.76301384	0.71745837	0.08868021	0.13542643	-1.0239856	-0.43048394	0.07751473	-0.23327225	0.0060656057	-0.40327904	-0.12514938	0.5649236	-0.051136304	-0.3200618	-0.08663442	-0.044788074	0.05388281	-0.17924568	-0.17954849	-0.6813488	0.37005827	-0.04963212	0.3046507	-0.6036172	0.46581998	-0.5564944	0.32458937	0.114879824	0.27847096	-0.46299568	-0.63525885	-1.4613938	0.0057366746	0.12629138	0.008275906	-0.118469775	0.6534652	-0.13598184	-0.14392143	0.112200506	0.059885822	-1.2762736	-1.2460465	-0.71586996	-0.028030323	-0.62988627	0.5098206	-0.0061694146	0.66058743	-0.16088584	-0.21978684	-0.99229616	-0.99634534	-0.23564722	-0.15418954	0.76954794	-0.3919562	0.60184985	0.35441366	0.78423184	0.52200985	0.50080216	0.29773393	0.38872498	-0.88984305	0.019871	-0.6752514	0.14676298	0.5839681	0.053715073	-0.40679178	-0.24928296	0.8851332	-0.04539907	-1.0847625	-0.4445811	0.5403172	-0.013978747
0.08346883	0.10702097	0.019144446	0.026462365	0.014113306	0.2278565	0.5233793	0.16189091	-0.06254273	-0.06354144	-0.10496096	0.07326625	-0.080043696	0.10743455	-0.30831152	-0.15470318	-0.07138277	-0.11743332	-0.30383787	0.037821285	-0.012239886	-0.13132381	-0.21155171	-0.16585022	-0.38956943	0.22014289	0.15070707	-0.004172804	-0.044112686	0.1419527	-0.1020319	0.13574196	0.21042165	0.084361106	-0.38239726	0.0651647	-0.23004545	-0.17415771	-0.061028834	-0.165313	0.14665984	-0.36549824	0.055781163	-0.04194103	0.05598982	0.050698694	0.03664306	0.29431435	0.15763639	0.2473831	-0.07974232	0.0726076	0.0007681572	-0.07316311	0.13306439	0.10533225	-0.016478289	0.19280453	0.15656151	0.22844818	-0.020622185	0.043655287	-0.5107426	0.032097213	0.40221277	-0.037272025	-0.3083749	0.20157175	-0.2996402	0.2284241	0.34770134	-0.0007041859	0.18745431	-0.32922843	0.27615568	0.12332168	-0.09858713	0.0070477217	-0.09642134	-0.06545724	-0.115196384	0.026392553	0.1395332	0.26393467	-0.16477293	0.096251264	0.27571893	-0.34782562	0.06338339	0.09518119	-0.27974916	0.23596121	-0.12500866	-0.03045566	0.015723938	-0.015456659	-0.22927846	-0.20176002	0.033583876	-0.4817506	-0.5431337	-0.5873236	0.010169795	-0.17096604	-0.15480945	0.15483914	-0.09381889	0.3018335	0.15148935	0.49129906	0.1240149	0.13518418	0.24100555	0.22135402	-0.4534619	0.11857281	-0.32387614	0.090949625	0.28858343	-0.021973735	-0.11213423	-0.12246221	0.36439234	0.097394794	-0.22351536	0.07189421	0.3360344	-0.053003665
0.15857637	0.2925616	0.3898278	-0.19460903	0.39433935	0.33629063	-0.027221303	0.1233031	0.14542326	-0.20800793	0.08803482	0.19027291	0.118131936	0.16838063	-0.12492789	0.11025971	0.20559227	0.0091829235	-0.48347166	0.09569953	0.34164488	-0.57994866	-0.12631957	0.31555942	-0.20485662	0.47199905	0.036540832	-0.3034599	-0.2842678	-0.022902194	-0.15527046	0.048175402	0.107415624	-0.18902554	0.23968226	0.08240618	-0.03595556	-0.010900985	0.115953974	-0.120431535	-0.22352603	0.002121313	-0.19456536	-0.28974262	0.15456952	-0.27336544	-0.01116309	-0.005471492	0.16204736	0.2548336	-0.14217809	-0.16686386	-0.001161	0.17862874	0.2526818	0.10026098	0.14746332	0.03677061	0.1798308	-0.17329763	-0.06232207	0.0737935	0.017289808	0.28094545	0.108421005	0.07438286	-0.096380465	0.04321137	-0.3431733	-0.09691489	0.2866369	-0.059647243	-0.14187823	0.21796818	0.24835323	-0.11919578	0.32356504	0.36863154	0.013173183	-0.21488862	-0.05720355	-0.2240576	0.34067234	0.21480067	-0.1819236	0.14435306	-0.32644954	-0.05034445	-0.055743877	-0.1055341	-0.315462	0.019244477	-0.3675431	-0.2222264	-0.28811952	-0.25052908	-0.049977254	-0.022873178	0.028183226	-0.37808052	-0.1735578	-0.18348765	-0.22069374	-0.19786112	0.09211123	0.02270029	-0.017804893	0.172558	0.20585424	0.113049686	0.09519649	0.36841515	-0.1961445	-0.29597247	-0.16120747	0.31252962	-0.06420629	-0.2957647	0.32955444	0.07240811	-0.09003279	-0.14799646	0.211527	0.032900527	-0.05169703	0.11751266	0.13835423	0.0794106
0.007259755	0.14431542	-0.015617474	0.022717318	0.20464021	0.107483305	0.22689381	0.08295278	0.14651597	0.15322512	-0.0019391208	0.1979275	0.12300459	-0.0569118	-0.013822897	0.026398798	-0.07521983	-0.20394358	0.049104184	0.15269542	-0.028866746	-0.19362837	-0.26360962	-0.04079442	-0.3515608	0.06623289	-0.115081966	-0.24783553	0.05014845	-0.014373854	-0.2583213	-0.21957237	0.079183325	0.010513823	0.09060554	-0.01590343	-0.12374165	-0.16509554	0.01653264	-0.009924222	-0.2516277	0.054931328	-0.012300162	0.19102193	0.084823415	-0.0064524654	0.1174345	0.27267107	-0.015926618	0.119270325	-0.012381407	-0.0068650413	0.081233114	0.019773168	0.006596078	-0.013645731	0.14658849	0.17520575	0.050380323	-0.013657626	0.0698322	0.028204663	-0.066984355	0.048044987	0.09427204	-0.096122354	-0.14321545	0.12018408	0.052709028	-0.2141186	-0.0064829173	0.08616647	-0.037850637	-0.10017551	0.1776064	0.045983963	-0.20242809	0.066455744	-0.052467894	0.15740605	-0.06867971	-0.32844782	-0.007584207	0.2163809	-0.032025125	-0.15332395	0.08610343	0.10773233	0.14664106	-0.08053976	-0.00084820937	-0.22696586	-0.10984091	-0.037535217	0.032583587	-0.034379035	0.1744012	0.10362287	-0.00388934	-0.044999413	0.027148379	-0.21454598	-0.29215527	-0.08713715	-0.063461736	0.014518036	-0.055100065	0.07676379	0.18499479	0.04349623	0.19272988	0.20832749	0.053560354	0.08424242	-0.0022587224	-0.016497917	-0.21816432	-0.07629683	0.13677625	0.17719775	-0.16452634	0.036591582	0.157976	0.0072911335	-0.2403248	-0.117472	0.2718994	-0.13167746
0.040824085	0.3774495	-0.13804331	-0.31277776	0.33965403	0.26979744	-0.03257745	0.31027532	0.300942	-0.09452892	0.08824967	-0.08513295	0.19577532	0.07605623	-0.2816755	-0.036224473	0.571033	-0.43633416	-0.37993714	-0.022311376	0.014275107	-0.6232505	-0.13798052	0.34252614	-0.6383719	0.08060814	-0.399944	-0.45964584	-0.42723292	-0.051417343	-0.14520863	0.100981705	0.15986851	0.2436578	0.40444356	0.030455962	-0.5408907	-0.57962537	-0.52482134	-0.21997046	-0.34110767	0.1139221	-0.6159976	0.19988304	-0.3465123	-0.38408062	-0.00033785254	0.21679763	0.27412567	0.24374178	-0.19659	-0.3296446	-0.05398747	-0.088252656	-0.12748826	-0.49276075	0.14809789	1.1021874	-0.26633564	0.5503117	-0.51485276	0.71526945	-0.51615435	0.39363867	-0.056551367	-0.20449428	0.29535523	0.1019696	-0.09443798	0.14456697	0.008037955	0.26634604	0.44114548	0.04556485	0.34445822	-0.23497115	0.46423158	0.24232173	0.06310729	0.19735658	0.030886319	-0.10830208	0.621637	-0.09303416	-0.06534144	0.042547997	0.12312769	-0.20489907	-0.017942825	0.27537054	-0.3808477	-0.2155989	-0.48451966	-0.24263476	-0.2801114	-0.20787305	0.3296332	0.12920853	0.2941186	-0.7277449	-0.38398436	-0.42759848	-0.25712225	-0.4449383	-0.02114078	-0.46021768	-0.09968846	0.08277913	0.31425646	0.0780045	-0.11686762	0.51036525	0.12432236	-0.3132822	-0.24732192	0.04626647	-0.071264304	0.28217837	-0.08856402	0.30946174	0.07444471	-0.22172074	-0.07080492	-0.2662512	-0.2924702	0.119673125	-0.037816916	-0.06997928
-0.5922741	-0.46168125	-0.29909196	-0.5845081	1.3582635	0.22263493	-0.5766301	0.17195971	0.6682942	-0.12529814	1.9326876	0.25053507	-0.17263448	1.1150385	0.29101983	0.557528	0.21269326	-0.4362773	-0.90094566	1.2625663	0.06397882	-0.6076149	-0.9971254	-0.3030217	-0.4809241	0.35819218	-0.3910204	0.37573186	-0.3532227	0.70092076	0.37293926	0.010248086	-0.2982904	0.24689856	-0.23414104	-0.5910444	-0.08281636	0.07556398	-0.10690378	0.23997605	-0.6731617	0.57003963	-0.9485268	0.24100266	-0.021466175	0.12421674	-0.90346104	0.77744365	-0.8371677	0.5993203	-0.7111497	0.6483408	1.1951547	-0.48255435	-0.8012508	-0.83934426	0.21107638	0.030592738	0.95562077	0.44204476	0.18285419	0.5582887	-0.4329328	0.31235513	0.31962824	0.3484996	0.6935793	1.0769364	-0.04186551	0.8268764	-0.37439346	-0.5222948	0.15184683	-0.3391966	0.41305974	0.3095712	0.07264181	-0.46980926	1.2940694	-0.63110447	0.21289979	-1.2324082	-0.119137935	0.36937812	0.42708573	0.83893466	0.43902975	0.26958704	-0.31192395	-0.38368443	-0.42788178	-0.85955256	-0.44515616	0.22586991	-0.36248243	-0.13961391	0.99925375	0.6623558	0.8270922	-0.76853293	-1.7550694	0.49183014	-1.0702282	-0.015904162	-0.23955573	0.12800615	-0.35444584	0.13324474	-0.63374466	0.75271165	-0.658658	1.0761131	0.2757266	0.113672085	-1.1736747	-0.63556355	-1.0599351	0.8665582	-0.16745646	0.48791382	0.488601	-0.020951116	-0.17809762	0.06185739	-0.10844793	-1.0747479	0.13468403	-0.045541737
0.08901321	0.27606437	0.27758038	-0.10732013	0.3889542	0.24385346	0.04688261	0.11006592	0.10770217	-0.15245225	0.033892456	0.12304638	0.058522303	0.12405279	-0.0022446376	0.09647644	0.10065502	-0.05714329	-0.46922866	0.101702586	0.34473374	-0.5333207	-0.12476726	0.21870618	-0.17259228	0.30277508	-0.09310368	-0.35731137	-0.14262038	-0.04777626	-0.2153251	0.08119615	0.13852201	-0.14099704	0.17156267	0.12178964	-0.0519766	-0.07437983	0.10072946	-0.052228708	-0.24585383	-0.04267175	-0.08049869	-0.19454245	0.17280576	-0.20154457	0.07292271	0.10323612	0.106313996	0.18941002	-0.10846699	-0.15421596	0.024026971	0.20380625	0.14321613	-0.08338103	0.09291375	-0.088442765	0.12776475	-0.069125675	-0.063641116	0.21014181	0.086293824	0.19042706	0.12077398	0.21597517	-0.0019150919	0.06832065	-0.19928086	-0.036649883	0.23410149	-0.031004222	-0.065626964	0.1768447	0.18079887	-0.12366745	0.3151729	0.26313624	0.05301149	-0.12639165	-0.087984264	-0.15514834	0.2179024	0.23554194	-0.113935225	0.11713928	-0.27495822	-0.01704189	0.050044704	-0.10634861	-0.19430023	-0.015477093	-0.32780015	-0.24795604	-0.3763358	-0.24516714	0.10490246	0.116530284	0.080006935	-0.4316697	-0.13610746	-0.32692274	-0.19197874	-0.1991053	0.026332822	-0.01118383	-0.024912171	0.19770278	0.16071185	0.16768423	0.08431429	0.2966006	-0.106900394	-0.16454197	-0.13632225	0.22544268	0.04645411	-0.2202294	0.3190684	0.08287343	-0.067001514	-0.057449784	0.087523	0.11079304	-0.08668071	0.1219452	0.19420418	0.07260525
0.096484534	0.106324375	0.05380552	0.06313572	-0.3824811	0.03962328	0.38383693	0.07469821	0.15602253	0.022702148	-0.086146966	0.013367989	-0.37103766	0.60221857	-0.35296628	0.2642615	-0.24345212	-0.19189595	-0.28551996	0.168806	0.37984553	-0.55116594	-0.40622175	-0.009764894	-1.0389667	-0.10569138	-0.5086137	-0.95815617	-0.04289217	0.23432544	-0.693092	-0.60404223	0.50931484	-0.056025036	0.0042580045	0.36418822	-0.35789397	-0.3402146	0.14036806	0.18564384	0.3975466	0.04491904	0.14927393	-0.62239367	0.40698066	-0.054981858	0.8626493	-0.11463445	-0.7994466	-0.20649141	-0.34680322	0.22570972	0.2688658	-0.22000943	0.016782776	-0.428401	0.007218888	0.14606737	-0.19902235	0.1446592	-0.6958804	0.6287073	-0.7914105	-0.2691831	0.16969393	-0.078528	0.21449506	-0.013571933	-0.3512076	-0.5095612	-0.20744263	0.25955567	0.30377513	0.0064339954	-0.030042572	0.08895427	0.11748036	0.050352246	-0.5716193	-0.3062181	-0.44088545	-0.84777474	0.68284416	-0.28393662	-0.38139126	-0.18119282	0.32567617	-0.22152114	0.21902871	0.4694818	-0.67431456	-0.169436	-0.63519746	-0.8403549	-0.49835068	-0.1669034	0.17329231	0.32315788	-0.04505609	-0.42948323	-0.4324432	-1.053867	-0.08966554	0.36190078	-0.07983993	0.69762516	-0.57615936	-0.2808594	1.0990256	0.014409384	-0.10049107	0.020207003	0.6849404	0.34403196	-0.5248026	-0.14548843	-0.56300783	-0.029324327	-0.5133686	0.12979835	-0.6054751	-0.30826315	0.4514371	0.16888128	-0.10547202	-0.22523217	0.11779051	-0.37463537
0.3614235	-0.058696922	0.01772716	0.32663482	1.0017798	0.8118129	-0.08445045	1.0540909	0.008433461	0.27182987	-0.1609763	1.089989	0.025903111	0.20645519	0.763678	0.7507282	0.6215877	0.040950853	0.09227023	0.6591185	0.09161192	-1.533706	-0.5885373	-0.41474754	-0.55876094	0.21131691	-0.5967919	-0.65449995	-0.5776768	0.28946865	0.23434353	-0.009360967	-0.023404343	0.040909797	0.23911142	-0.4095552	0.031126132	-0.30172744	0.1605459	-0.004067215	-1.4262327	1.1062641	-0.84143907	0.35568878	0.36018077	-0.20070876	0.18423145	0.28435522	0.14805439	-0.15337001	-0.3180518	-0.49270383	-0.39463666	0.007890888	0.19719414	0.24268168	0.32684615	0.40456617	0.14468957	-0.3042629	-0.5880261	0.6883643	-0.6043721	0.14368738	-0.03203567	-0.29854688	0.05370759	0.2890544	-0.15485117	-0.8840796	-0.13813394	-1.2322764	0.17802708	-0.017124815	-0.63940793	-0.15266976	0.74069154	0.4631902	0.9395901	0.12869231	-0.56968826	-0.9728715	-0.018038286	0.14473554	0.04462369	-0.5962044	-1.0252123	0.21860905	0.50728357	0.011246914	0.26879576	-1.1025957	-0.46373087	-0.6616418	-0.6586623	-0.9087707	0.7685859	-0.09562356	0.18004961	-0.43045747	0.23955	-0.3164118	-1.0680321	0.74031216	-0.22148722	-0.6999604	-0.61600024	0.15958846	0.51065695	0.050423753	0.09307607	0.13785966	-0.38173532	0.17136846	-0.06266839	0.61496866	-0.11965647	-0.2690532	-0.09985777	0.1416026	-0.40501785	-1.2440331	0.75036365	0.18848567	-0.4153661	0.4540866	0.6114004	-0.67933
0.053218164	0.13656993	-0.10767057	-0.022869406	0.1454592	0.19744892	0.25278097	-0.026966484	0.2543579	-0.03140912	0.022846969	0.15210027	0.012107993	0.0011827016	-0.15819329	0.14072764	0.14623863	-0.12575355	-0.3915061	0.07475361	0.07839616	-0.19392297	-0.0029977635	-0.020610102	-0.26257265	-0.06246743	0.14967658	-0.22091289	-0.15586528	0.15740511	-0.13365069	-0.07047145	0.16305971	0.025635734	0.059289694	0.12878597	-0.042754255	-0.09706121	0.03735462	0.060104705	-0.11892172	-0.03185261	-0.12594786	-0.12498381	0.29682574	-0.09794529	0.20566578	0.0012130257	-0.22323345	0.02585787	-0.17103139	-0.021235364	0.089622706	-0.08105649	-0.054558493	-0.14812718	0.026012795	0.09529417	0.13558784	0.15449913	-0.15640259	0.120494165	-0.3875153	0.033031203	0.20918784	-0.06729839	-0.089649975	0.0021527868	-0.13583724	0.067484304	0.1345106	0.16878477	0.016952647	-0.033172693	-0.0067263646	0.054305512	0.109808594	0.20797773	-0.062425606	-0.07872681	-0.075459674	-0.07272951	0.1225912	0.1947788	-0.05489183	-0.11826788	-0.037011363	0.07351372	0.016478932	-0.064269654	-0.103175245	-0.1284824	0.011359075	-0.09301831	-0.035853095	-0.05132504	0.0672036	-0.10368313	0.08294363	-0.222074	-0.28701577	-0.12154148	-0.06752139	-0.064358994	-0.015789347	0.03387791	-0.0916714	0.06874448	0.08511933	0.09940072	0.054852635	0.05942637	-0.03402004	0.0095193535	-0.16048379	0.028477225	0.047468822	-0.025030714	-0.01572454	0.15001626	-0.16553192	0.0092362	0.24563538	0.070067614	-0.13943547	0.08101847	0.22715876	0.054103114
0.044961102	0.22188735	-0.17614831	0.14545593	0.29425964	0.84239936	-0.052500773	0.50757223	0.51530594	0.57181704	0.19756806	0.2241139	0.50568783	0.09984724	0.45570254	0.6965356	-0.5428383	-0.17396036	0.018170435	-0.4835728	-0.59574395	-0.11193036	-0.8745402	-0.11782016	-0.6012899	0.5874237	-0.19962041	-0.09693518	-0.056806304	0.6852185	-0.4472061	-0.49802288	-0.018740442	-0.12765132	0.3811815	-0.31072325	0.025033336	-0.3089907	0.4986823	-0.44985598	-0.44588768	0.30024406	0.2164348	0.016373727	0.44324508	-0.17867269	-0.09790931	-0.14115337	0.18272816	0.03792235	-0.2379577	0.53377926	0.1508563	0.070782244	0.11891546	-0.14739665	0.015221714	0.49607486	0.26796642	-0.22777346	-0.03597323	0.5135296	0.4258648	-0.07327323	0.16541418	-0.011329545	0.4660623	0.8858665	0.38656023	-0.26521742	0.27370805	0.46402094	0.6135981	0.16218072	0.47776544	-0.63066196	0.3763143	0.18520737	-0.55460775	0.04009046	-0.49777377	-1.1114581	0.37784278	0.6648102	-0.02608085	-0.6365062	0.104097344	-0.1754155	0.06364128	-0.1910009	0.081148945	-0.49541485	-1.0580188	-0.2172186	-0.4871672	-0.3304938	0.3665171	0.49139297	0.27900028	-0.6077644	0.36385053	-0.9754203	-0.40993494	0.25704545	-0.33920678	0.4429807	-0.043380458	0.43804994	0.40756246	0.02831582	0.3699837	0.5905365	-0.04057576	-0.120318964	-0.5072572	0.4359997	-0.81582934	0.24100389	0.7974203	0.54299843	-0.15432593	0.24532863	0.52787745	0.019186517	-0.46918896	-0.21092017	1.0140748	0.008919131
0.17011681	0.046718426	0.024085222	0.016110782	0.05367214	0.17235582	0.53586656	0.16663608	-0.100456424	-0.112190396	-0.10085065	0.115932934	-0.12189604	0.101030745	-0.31898782	-0.11463094	-0.11839579	-0.08495112	-0.3170952	0.0016959199	0.044605542	-0.056853816	-0.22570802	-0.16454794	-0.3970329	0.2574451	0.15956648	0.0035646262	-0.043292753	0.17061046	-0.05406067	0.13491108	0.2123113	0.14508793	-0.4226399	0.09247415	-0.20724528	-0.09322292	-0.071054265	-0.23740967	0.18702815	-0.3841912	0.083662055	0.027338674	0.017072976	0.03214559	-0.017586133	0.3680996	0.1739796	0.28999427	-0.12712353	0.16097431	0.04112274	-0.06937232	0.15051374	0.121595636	-0.008863126	0.2436347	0.11466304	0.21250282	0.0013618758	0.03674312	-0.4717615	-0.00947552	0.41737652	-0.022981629	-0.34604278	0.2832816	-0.30415198	0.27247545	0.3807191	0.0062322714	0.17034118	-0.325092	0.24740222	0.15827785	-0.14033788	0.07066498	-0.098554105	-0.046316244	-0.14540689	0.0993187	0.10749183	0.28072998	-0.11991889	0.17464027	0.26581895	-0.34477997	0.096610844	0.101402916	-0.2627569	0.23763697	-0.069783956	0.028666044	0.01246993	-0.044466432	-0.22610958	-0.24611974	0.0077184383	-0.44693926	-0.5599928	-0.56257284	0.017648082	-0.18239465	-0.14593832	0.21456328	-0.0894963	0.28711882	0.18078518	0.52333075	0.12855026	0.13038516	0.22998741	0.20524916	-0.4131905	0.100893974	-0.3256185	0.04003421	0.3541592	-0.059236746	-0.03912173	-0.10587316	0.33561897	0.08683503	-0.22003353	0.037717793	0.36474034	-0.039736096
0.10380064	0.02573673	0.055486247	-0.026903505	0.17697449	0.26740974	0.086701795	0.17346711	0.06715945	0.18216333	0.0045949225	0.10899376	0.08409448	0.08622877	-0.006807123	0.047751304	-0.04112936	-0.13379006	-0.019302117	0.15208279	-0.05795632	-0.010852166	-0.08030655	-0.19289306	-0.2491505	-0.014099789	-0.14559375	-0.024392422	0.021793297	-0.019445049	-0.097571164	-0.060230277	-0.01795072	0.06512066	-0.078559704	-0.10920591	-0.27739334	-0.0637945	0.08075723	-0.004933311	-0.20255892	0.10451453	-0.16102536	0.11900281	0.13799049	0.0045834016	0.074787855	0.10612557	-0.061654914	-0.14900182	-0.017745448	0.12693441	0.04181075	0.05095564	-0.13133591	0.030737026	0.08956563	0.110866725	0.06950863	0.007089943	-0.1870439	0.052071862	-0.109107755	0.10380705	0.030790605	-0.047045495	-0.014898993	-0.03462245	-0.09572897	-0.08906125	-0.07717222	-0.0051454436	-0.016085664	-0.06940351	-0.0057742214	-0.050643686	0.021411454	0.012762668	0.0494398	0.06644857	0.09564243	-0.23547806	0.03318475	0.029393682	0.019104442	0.02229827	0.0714518	-0.04852772	-0.054613262	-0.08086493	-0.03612702	-0.12132	0.0017922573	-0.010886145	0.03053519	-0.100795954	0.019989353	-0.003784882	0.031070715	-0.072533645	0.043088213	-0.2261184	-0.20932476	-0.12469411	0.058840208	-0.14134556	-0.12086151	-0.0033060387	0.12051606	0.07616695	0.04419956	0.020018017	0.057682324	-0.04211906	-0.060635325	0.17563173	-0.19621444	0.075041056	0.05143397	-0.02138041	-0.12444626	-0.0009632663	0.106150016	0.026224334	-0.17471233	0.120136224	0.12656394	-0.11022532
0.09982782	-0.04685344	-0.15099667	0.23056993	0.20395756	-0.034550674	0.2800948	0.41742468	0.14795016	0.2992648	-0.21667612	0.07934251	0.15013562	-0.11926713	-0.13757218	0.5357393	-0.12849745	-0.43783557	0.139496	0.095788464	-0.1069227	0.15882385	-0.2304974	-0.5223312	-0.36498338	-0.21674708	-0.20088944	-0.17933415	-0.00673571	0.15054852	-0.056123078	-0.10834787	-0.041888274	-0.31244212	0.04035303	0.1649893	-0.5964476	-0.32854667	0.37899122	-0.1658504	-0.6176968	0.35150617	-0.55497485	-0.3382771	0.11233602	0.13215172	-0.15531	0.09251516	0.17764066	-0.116957456	-0.13850693	0.074349664	0.09797475	0.09219474	-0.12308008	-0.031229792	0.14573607	0.3966066	0.37140098	0.12127881	-0.27762705	0.09446022	-0.56448394	0.06925323	0.4860721	0.12049312	-0.25172365	-0.13434932	-0.1647314	-0.08572591	0.18624128	0.3146123	-0.24406825	-0.14382872	0.19536287	-0.19040744	-0.12263936	-0.22841248	0.0050901156	-0.032219872	-0.0922653	-0.35382447	0.11751339	0.5760274	0.19352305	0.09541878	-0.08017718	-0.15897095	0.14402665	-0.27809155	-0.15758714	-0.3824733	0.11205245	-0.11022568	-0.24179915	-0.06988323	0.16137676	-0.04269365	0.32371962	-0.24430501	0.06428529	-0.5515707	-0.49834588	-0.41612944	-0.024612483	0.28614333	0.20046008	0.6219883	0.28144222	0.20732519	-0.052710947	0.09769601	-0.09282265	-0.23316067	-0.14220996	0.64317524	-0.25086477	-0.13100976	-0.013495458	0.1829596	-0.42582864	0.009783819	0.43937406	-0.014036883	-0.0057175546	0.019396672	0.32180086	-0.24862678
0.8680976	-0.025143318	0.14065123	-0.5682877	0.6491739	0.696456	-0.017155055	0.6671576	0.5007742	-0.3164323	-0.35912815	0.32138377	-0.0006460129	-0.0088790385	-0.2751669	0.32017052	0.34545982	-1.0473331	-0.47981116	0.35827047	-0.016287815	-0.3934586	-0.65654314	-0.06150803	-1.159587	1.1185646	0.19220206	-0.43307638	-0.5248801	0.091845214	0.06273045	-0.39700168	-0.374265	0.5680651	-0.79531974	-0.42159542	-1.1136656	-0.5727689	-0.21756297	-0.437315	-0.26716453	0.20135212	-0.8857871	0.39541242	-0.007188122	-0.08501699	-0.2852222	0.37405702	-0.21129407	0.027972206	-0.5563764	-0.30491593	-0.23763314	-0.41708598	-0.20990641	0.21502551	0.58121705	0.18162073	0.29731318	0.15859064	-0.4478817	-0.22212978	-0.68307227	0.181211	-0.036315624	0.039577134	-0.5333724	-0.49511835	-0.32331932	-0.31177318	-0.89412427	-0.3144402	0.47644487	-0.08944556	0.8829138	-0.41242376	0.031590708	-0.45721734	-0.054572783	-1.008099	0.43153745	-0.23159242	0.12001854	-0.15860935	-0.13671105	0.17245401	-0.122483216	-0.15393917	0.03142322	0.16198385	-0.55597186	-0.01604669	-0.11785141	-0.47478977	-0.87115633	-0.06883908	0.22485308	-0.39951342	-0.2571428	-0.25526023	0.49222013	-0.5742742	-0.12685108	-0.3144221	-0.19646354	0.032239053	-0.50113934	0.59856945	-0.06674693	0.38854477	0.3432238	0.02010583	-0.26821175	-0.4941688	-0.41616726	0.8993908	-1.0857902	-0.08371806	0.36012042	-0.090467945	-0.05636647	-0.050737474	0.23040974	0.12038184	-0.60404176	0.18430153	0.6890321	-0.2464461
0.011686011	0.020940926	0.0025119723	-0.04263881	0.12016052	0.019769821	0.026898144	0.03677638	-0.0002750389	0.023328286	0.03670894	0.059422217	-0.012646772	0.030253435	-0.02016922	0.009768781	0.05270117	-0.08287966	-0.08414027	0.06477565	-0.016026564	-0.033547312	-0.08145375	-0.02838929	-0.11952573	0.091666274	0.04402732	-0.03614342	-0.016767992	0.018571986	-0.04144522	-0.012585936	-0.040193193	0.11526074	0.024511244	0.016920839	-0.10790841	-0.041356668	0.026421685	-0.04870109	-0.05101564	-0.01336666	-0.10741505	0.053215493	0.064467415	-0.005022264	0.0022958077	0.07767883	-0.10710699	0.018826256	-0.007884638	0.020327065	0.099547945	-0.006465132	-0.019201003	-0.010471989	0.037536588	0.09244465	0.066957735	-0.016599957	-0.023433626	-0.0035176158	-0.06712638	-0.011710484	0.09141285	-0.027067311	-0.072523065	0.00043959764	-0.08381611	0.0018780607	0.052369583	-0.004023189	0.0055661364	-0.050988883	0.06143584	0.03271797	-0.01451794	0.011914798	0.052391484	-0.020405982	0.023615394	-0.09220695	-0.008868233	0.084475584	-0.027677445	-0.07165402	0.07022365	-0.066535234	0.028420666	0.019449595	-0.056253668	-0.01621412	-0.020475715	-0.033939164	-0.044950046	-0.03083486	0.040868033	-0.017421508	-0.0020131818	-0.08490132	-0.05358127	-0.035446376	-0.09001236	0.00018160514	-0.03142005	0.036997695	-0.0335471	0.038661107	0.0143576255	0.020087445	0.035625096	0.061459027	0.029988762	-0.07664718	-0.058215443	0.026194548	-0.1279394	-0.031610012	0.040853485	0.036667034	-0.019001633	-0.0141440965	0.04178663	0.04817305	-0.059110984	0.044427734	0.08658114	0.050273
0.18954659	-0.103810236	0.15474881	0.082603365	0.10881018	0.08359451	-0.2015904	0.2504077	0.06387866	-0.11219147	-0.12880638	0.31186277	0.072100505	0.11881455	-0.024037058	0.2364304	0.42235935	-0.35856855	0.24599604	0.12736303	-0.09915701	-0.49787474	-0.26673612	-0.10542239	-0.20420323	0.36494488	-0.15133879	-0.17403468	0.08088332	0.061288014	-0.0018135683	-0.18141726	0.025209112	0.11367443	-0.011332146	-0.40529174	-0.14688106	-0.253358	0.1604791	0.14318453	-0.030925648	0.28774923	-0.045809176	0.041809876	-0.024248756	-0.21339794	0.12574247	0.29317796	-0.038585313	-0.10664761	-0.13048832	0.1949672	-0.18470165	-0.01611149	-0.018630046	-0.22356647	0.06843726	0.13988644	0.13178357	-0.13414784	-0.3821976	-0.017827652	-0.13696219	0.059913035	-0.30410776	0.013661172	-0.12506361	-0.21886818	0.08519273	-0.27782354	0.030772977	-0.38625035	-0.06646302	-0.09416453	0.27318722	0.19066341	0.06704915	0.11305652	0.11786804	-0.09198791	0.015308101	-0.37294695	0.026387714	0.13128078	-0.10027299	0.010088983	-0.0016702256	0.16331421	0.080418244	0.11206557	-0.09771532	-0.12838204	-0.10527721	-0.47059226	-0.034127742	-0.26234683	0.33253917	0.17913528	0.23672652	-0.5289341	-0.104708284	-0.30217695	-0.43286508	0.11377201	-0.058650557	-0.26445428	-0.2947504	0.055663418	0.21141315	0.080784895	-0.030704891	0.3191237	0.25384152	0.17077193	-0.05332472	-0.09292352	-0.38848513	0.19894263	-0.02834104	0.16287589	-0.19249974	-0.33702382	0.3820292	-0.12397622	-0.0073792115	0.09389945	0.44289047	-0.09046212
0.008625799	0.22770049	0.08752509	0.02873081	0.2642624	0.12867132	0.13982686	0.18654354	0.23539639	0.04298214	-0.0401925	0.157151	0.07146662	0.12031779	0.01503532	0.016318992	0.051792014	-0.022815797	-0.120278075	0.08628871	0.0944509	-0.061499	-0.091747224	0.009848327	-0.22501862	0.006922862	-0.09735167	-0.15816271	-0.1120849	0.051847495	-0.16796473	-0.00442386	-0.042735364	-0.0341807	0.053780466	0.07942525	-0.08254816	-0.042271998	-0.12325194	0.14771113	-0.28143913	0.10206633	-0.06237185	0.19963552	-0.044834442	-0.150136	0.006746306	0.21271804	-0.18016814	-0.09122709	-0.094363034	0.049479265	0.25979125	0.021910641	-0.10179872	-0.060311165	-0.036780637	0.13522719	0.07363942	0.033866066	0.012831901	-0.010644929	0.060093068	0.051630124	0.073393665	-0.05519603	-0.007847982	0.04258295	-0.07415476	0.038705215	-0.034605876	0.06135509	0.05355692	-0.021381669	0.03674576	0.05737856	-0.0048412634	0.16439034	-0.11609006	0.0813603	0.11224785	-0.14889431	0.015531954	0.08473144	-0.10969966	-0.17760208	0.060680002	0.04239241	-0.008440754	0.052590907	-0.044036288	0.005459402	-0.098560944	-0.03591682	-0.02662039	-0.13424382	-0.041915257	0.119059615	0.004402687	-0.13792115	-0.119417794	-0.14297393	-0.18077777	-0.028730834	0.026713606	-0.048717037	-0.059634298	0.015300597	0.23873651	0.06846076	0.06424335	-0.05755541	0.10614442	0.045222964	-0.11917515	0.060139544	-0.003483037	0.005557761	0.15335119	0.07128898	-0.1759337	-0.17767571	0.223036	0.05288088	-0.074623674	0.06587095	0.17956427	0.07321607
0.26448342	0.5341089	0.1210323	0.20434614	0.49922785	0.10880723	0.5375647	0.5537896	0.62596834	0.6304035	-0.6949555	0.5075738	0.29017767	0.2229947	-0.031282157	0.4554577	0.1823685	-0.52740586	-0.54186404	0.12086239	-0.2866324	0.025326885	-0.33985522	-0.43987364	-0.57365805	-0.22651957	-0.40185097	-0.2182576	-0.15235513	0.16314757	-0.5560881	0.14402251	-0.050392065	-0.094967835	0.034172196	0.18547602	-0.15898891	-0.5017634	-0.066783905	0.21856476	-0.7921987	0.55642694	0.016248453	0.28035796	-0.21500094	0.19580851	0.31904253	0.2577501	-0.44707683	-0.4176984	-0.3393526	0.2103346	-0.077392474	0.1992281	0.06517741	0.21021082	0.22032058	0.44129932	0.39060137	0.04275153	-0.2579494	0.20109257	0.045105428	0.5347832	0.09532584	0.2665121	-0.5397515	-0.303602	0.071239345	-0.027268149	0.039841518	-0.23813023	0.0066931355	-0.15098971	0.329936	0.25910437	-0.0122669935	0.320451	0.08784403	0.51966715	-0.07647428	-0.391411	0.23604128	0.04259946	-0.26242366	0.064232156	-0.11601692	0.2772885	0.06885217	-0.015677018	0.05904379	0.11609336	0.29498562	0.022249961	0.0004948522	-0.13525367	0.16530809	0.2866737	0.16606648	-0.33429298	-0.011599382	-0.49602553	-0.9408004	-0.2744373	0.19323996	-0.33328545	-0.1595574	0.25424638	0.45862323	0.22341642	0.18325874	-0.40145227	-0.15067652	0.099467844	-0.2105132	0.5404192	0.24828874	-0.19483912	0.486182	0.21575378	-0.6748785	0.21396665	0.76796955	0.09150283	-0.08537437	0.11555161	0.7470377	-0.45725372
-0.13757002	-0.28232098	1.1721973	-0.6322058	0.23765218	-0.15457292	0.82885104	0.85811436	0.94776607	0.0043465216	0.09560929	0.14690693	-0.015444943	-0.5303816	-0.2125324	0.37208793	0.7882627	0.11915673	-0.57026744	-0.09094469	-0.5985241	-0.3068853	-0.87468535	0.009787803	-0.7583078	-0.18829422	-0.0126360925	-0.24292827	-0.14726895	0.3610179	0.0037728297	-0.32640585	-0.55622786	-0.5107823	0.10449331	0.5025627	-0.503967	-0.06886854	0.23000805	-0.1951218	0.5017158	0.3768377	-1.0485114	0.13801561	-0.06023861	-0.09611891	-0.4713303	-0.32874742	-0.67093736	-0.6381713	-0.06361357	0.94410115	2.0791836	0.36598897	-0.093209915	-0.069883056	0.41948	-0.6541291	0.4869718	-0.2092034	0.1290799	-0.6746542	-0.7195639	0.64287317	0.41233626	0.4228088	0.62628263	-1.4841003	-0.49413806	-0.6962947	-0.4594062	0.12968694	-0.49932274	-0.35332698	0.6231939	0.00854456	-0.7609184	-0.13052177	-0.007604529	0.7854812	-0.15133531	-0.47449988	0.91552234	0.5570426	0.10503683	-0.11276161	0.32944572	0.3262978	0.037780467	0.5363825	0.027232826	-0.68177974	-0.4476003	0.11121136	0.22040053	-0.032515824	-0.004860516	0.4475647	-0.01861415	-0.18955688	0.3022667	-0.9172691	-0.15715484	-0.0967056	0.9599516	0.9477295	0.06035391	-0.39365888	0.31069973	1.0683393	0.17213267	0.24798635	0.37320137	-0.146199	-1.0285492	0.40919918	-0.824295	-0.07374901	0.23867415	0.2311471	-0.13756242	-0.58914274	1.1802167	-0.6586812	-0.94454867	0.123587936	0.012577948	-0.03163756
0.047069874	0.066563495	-0.0030779678	0.11647588	0.41022906	0.22530273	0.043179087	0.20235354	0.15839306	0.09537461	0.08523351	0.19179219	0.027360464	-0.10756931	-0.14563647	0.017018178	0.019325802	-0.25493947	0.06387155	-0.071556464	0.027079988	-0.09087335	-0.063525654	-0.093577124	-0.17254035	0.0121177705	-0.12456748	-0.31179613	-0.22288536	-0.048151385	-0.0077606663	0.027436174	0.14021002	-0.017259143	0.017590806	0.06339881	-0.36985245	-0.45409882	-0.03502957	-0.22783111	-0.017112508	-0.08111313	0.08396515	-0.14333928	0.053538077	0.18205257	-0.17371523	0.27591938	0.02925488	0.079087056	0.08387696	-0.26198593	0.06681481	0.124028996	-0.08964119	0.13673724	0.15605621	0.22360428	0.37374476	0.47448593	-0.14118727	-0.22317165	-0.5295581	-0.14047742	0.60762596	-0.04594157	-0.1825647	0.20355833	-0.22643623	0.20210724	0.16812533	0.13203005	0.06516593	-0.11021261	0.31889245	0.09349559	-0.066994324	-0.19023228	-0.0352978	0.049192637	0.20592102	-0.37471527	-0.23660317	0.21345873	-0.010924403	0.045802075	0.32557976	-0.15972607	0.25417978	0.30169684	-0.26437855	0.032878924	0.058991477	0.01990023	-0.13681939	-0.1031037	-0.055484474	-0.17397544	0.15902923	-0.116639584	-0.4050609	-0.36430022	-0.3590274	-0.21667247	-0.17974532	-0.035526507	0.07330325	0.34652826	0.12127949	-0.0012929036	-0.2274496	-0.013900758	0.0043026134	-0.15391488	-0.08420686	0.109038986	-0.37749103	-0.005764944	0.045318987	-0.08956469	-0.3024331	-0.09241408	0.30132902	0.3096504	-0.12327329	-0.08341006	0.47054878	-0.01647344
0.34608972	-0.701504	0.27189988	-0.07629042	0.043104894	-0.27225718	0.50210077	0.0045060315	1.0791309	0.07920412	0.33343825	-0.014786535	-0.68014914	-0.7813439	-0.007644152	0.3402818	0.31383157	-0.07016265	-0.4062588	-0.35140884	0.49344897	-0.30373672	-1.0940717	-0.20897354	-0.7282705	0.25359574	-0.02253231	0.2294003	-0.70562	0.74544	-0.50244427	0.055707037	-0.7145804	-0.3362068	0.23128037	-0.1520231	-0.56906205	0.4881409	0.287236	-0.2764681	0.3614995	0.66265666	-0.6023101	-0.15325175	0.73862267	-0.41730466	-0.92463493	-1.1288663	-0.51821786	-0.21829511	0.40498734	0.10782636	0.93751585	0.19288772	-0.09313599	0.013967192	1.0034252	-0.6304523	0.33289307	-0.7725422	0.015978158	-0.037182793	-0.08922499	0.0995449	0.026571516	-0.21697615	0.12258925	-0.61982197	-0.50179833	-1.0945278	-0.47700465	-0.06817956	0.32512835	-0.31767878	-0.42991775	-0.67232543	-1.0922722	0.07906895	-0.26194412	-0.5013575	-0.9161539	-0.8427569	0.61364305	0.01833484	0.28341314	0.4583316	0.56868094	-0.32736388	0.087537475	0.4487178	-0.7840867	-0.68077344	-0.7845216	-0.3760081	0.10802141	-0.4068314	1.0691906	0.15324691	-0.24692772	-0.104113445	0.11940097	-0.9499729	-0.27068335	0.17736858	0.26771024	0.65450555	-0.021471178	-0.3012063	0.40731817	0.0066027446	0.2193778	0.4861274	0.35539618	0.15421861	-0.3805225	0.72248256	-0.75438476	0.20724104	0.28715795	0.15315415	-0.079936184	-0.65741223	-0.018214663	-0.32023454	-0.2299801	0.5267779	0.7664794	-0.9196115
0.37788332	-0.6099368	0.464225	0.25999898	0.03716516	0.27398378	0.25368956	0.42973533	1.2820634	0.07403216	-0.27241692	0.123044536	-0.44572836	0.14659269	0.48459747	0.6084179	0.24864192	-0.007928336	-0.5850921	-0.1532838	0.22815616	-0.6117517	-0.29479855	-0.53645027	-1.085834	0.32979077	-0.08505013	-0.116935164	-0.5032693	0.27478272	-0.5976357	0.36595044	-0.446369	-0.3435761	-0.33858094	-0.0006481151	-0.9700209	-0.0037976461	0.23614782	-0.100068346	0.16659537	0.060820058	-0.7929746	-0.17475688	-0.32928818	-0.44727293	-0.25586525	-0.26336676	-0.52924585	-0.5750945	-0.14894947	1.1750752	0.299175	0.3788611	0.44463155	0.25517312	0.76915365	-0.2919536	0.66860086	-0.19998842	0.332471	-0.17738399	0.06525316	-0.0515861	0.2230348	0.26676047	0.23036668	-0.04927584	-0.61681	-0.22877419	-0.35066476	0.16954857	-0.22973011	0.4313198	0.0075436737	-0.44526368	-0.6176473	0.07724898	-0.44825926	-0.40379503	-0.13475654	-0.6268742	1.0198333	0.73400927	0.1032464	0.42323118	-0.33609816	-0.055268914	0.4375131	1.2084656	0.07352811	0.10953525	-0.20359391	-0.0006011557	-0.20392661	-0.5629546	0.027734797	-0.0050914865	-0.5249278	-0.27133873	0.49534038	-1.360751	0.042891677	0.56976235	0.08104456	0.19805834	-0.36541703	0.0072872965	0.50115144	-0.16263594	0.5634604	1.0896717	-0.048700154	-0.25076675	-0.7899293	0.3664653	-1.0800825	0.43466026	0.35519883	-0.14408024	0.2577045	-0.6685064	0.921505	-0.3255513	-0.4185263	0.6222644	0.28071615	-0.26074082
-0.10433912	0.14258641	0.00025901888	-0.0542026	0.2638649	0.31329072	-0.040881857	0.01483783	-0.014923279	0.13147995	0.12312749	0.24169622	-0.061628047	0.2673288	0.022299394	0.09583366	0.05735422	-0.1221677	-0.077670515	0.15577684	0.070390195	-0.069245726	-0.551157	-0.030792797	-0.12241477	0.3712813	-0.0761097	-0.23554635	0.00018954344	0.14986108	-0.23445426	-0.17880045	0.12237947	-0.11873184	0.22227097	-0.12708868	-0.03454252	-0.1006472	0.21285594	-0.14762014	-0.16263257	-0.04438699	0.09660435	-0.13414711	0.076907255	-0.23954085	0.06788173	0.19058597	-0.15769064	0.028262684	-0.19682813	0.13728625	0.2157581	-0.09684411	-0.055567857	-0.15063256	0.010481959	0.049110163	0.00800263	0.22513093	0.06893633	0.2563551	-0.31594715	-0.19175108	-0.10824503	-0.08496254	-0.0644959	0.26588923	-0.010449789	0.08381129	0.10237086	0.02483936	0.5010462	0.060934674	0.010634577	-0.049783774	0.09792498	0.02310226	-0.093222685	-0.030877542	-0.13715632	-0.26473483	0.05075691	0.067622945	0.012239419	-0.27317235	0.14852381	0.079703905	-0.027106097	-0.16373938	0.05687473	-0.16787866	-0.35940516	-0.16743517	0.024391068	-0.037654195	0.052398644	0.096133366	0.16125815	-0.11068784	-0.15944667	-0.3051936	0.020002214	0.16725098	0.011397447	0.31500947	0.031210596	0.10603679	0.23371501	-0.031107241	0.07875195	0.20763204	0.0061350027	-0.038317744	-0.05688108	0.039267275	-0.25877202	-0.14312239	0.043793313	0.15503393	-0.07378921	0.2036136	0.12795743	0.020335937	-0.23528504	-0.0378363	0.5433558	0.2303679
-0.102125704	0.37165314	0.03652794	-0.01726273	0.289577	0.2693065	0.16545913	0.29313818	0.49924356	0.15693466	0.04214312	0.22697265	0.19294699	0.086795524	-0.054943796	0.05574801	0.0567492	-0.14026627	0.014169469	0.17778067	-0.12554035	-0.15858272	-0.26277456	0.06540283	-0.4448815	-0.00015145837	-0.26409072	-0.48817033	-0.120878436	0.010626889	-0.31648293	-0.1961506	-0.047858983	-0.017185748	0.22868676	0.19352393	-0.09724632	-0.30703852	-0.10477952	0.12844892	-0.48515972	0.12547617	-0.0016443918	0.3696308	0.0584554	-0.039855983	-0.08294461	0.26946667	-0.042392276	0.09479258	-0.22338472	0.052368395	0.13142954	-0.05091191	0.02957256	0.035372254	0.08790432	0.17867011	-0.010403453	-0.004411076	0.18867348	0.13714224	0.023871915	0.2326164	0.16550012	0.006213862	-0.10210015	0.10362052	0.23363076	-0.14526293	-0.051552862	0.33757922	-0.029741548	0.11571561	0.31826535	-0.017870951	-0.14735322	0.1765201	-0.21353203	0.26265463	0.03283841	-0.3363404	0.06367885	0.33653867	-0.053071328	-0.1742095	0.05759706	0.25655526	-0.077582486	-0.051931743	0.18153854	-0.16387835	-0.163504	-0.037388302	0.1405982	-0.11428211	0.1874151	0.22919007	0.028214304	-0.17483012	-0.088337995	-0.24287477	-0.36676517	-0.100924075	-0.102859646	0.08417442	-0.00042816572	0.10608611	0.39400542	-0.03882086	0.11570079	0.25922117	0.11399708	0.18171269	-0.1227474	0.032250743	-0.14536318	0.05826497	0.2392169	0.22192265	-0.14352053	0.031877916	0.2547618	0.042366955	-0.198472	-0.00028526355	0.48485473	-0.07969504
0.06677333	0.03248138	-0.046799693	0.089918084	0.42304692	0.21629906	0.06170726	0.18886594	0.104274414	0.04076466	0.08597248	0.225356	-0.009826936	-0.15293188	-0.12694705	0.016782401	0.022598958	-0.3044604	0.082719766	-0.048789904	0.02300586	-0.057786684	-0.06661492	-0.07406742	-0.19488856	0.030520305	-0.17765434	-0.32769623	-0.202455	-0.07846592	-0.013189707	-0.023780586	0.11771575	-0.021124952	-0.021597533	0.030897195	-0.41385683	-0.45719913	-0.026934542	-0.21797347	0.006470949	-0.061096154	0.09706316	-0.09793807	0.0907822	0.2370243	-0.1734948	0.28218928	0.027429836	0.06529647	0.02229339	-0.24504751	0.045183614	0.08770934	-0.11946098	0.18895033	0.18797445	0.23229781	0.35539317	0.46375033	-0.13977271	-0.21338773	-0.51478684	-0.19485894	0.61087704	-0.046491038	-0.18140018	0.1887636	-0.19798604	0.19368434	0.16458544	0.13611108	0.088822685	-0.10105479	0.32810923	0.1018779	-0.08868062	-0.18434374	-0.034824044	0.023523122	0.17695436	-0.4218592	-0.2622487	0.1992134	0.048905972	0.044003375	0.31562537	-0.1737755	0.29872307	0.29536194	-0.25963375	-0.018990885	0.07045709	0.027472505	-0.19298796	-0.13101009	-0.03293941	-0.23460914	0.106201425	-0.10782036	-0.39518765	-0.32787293	-0.29006618	-0.17018577	-0.21673045	-0.017013537	0.020912208	0.31123766	0.149955	-0.022813685	-0.21306212	0.007875993	-0.014142444	-0.19301564	-0.096429974	0.07738644	-0.41237694	-0.001118058	0.05477681	-0.07832389	-0.27390522	-0.09695313	0.32034314	0.33613452	-0.16828543	-0.052885674	0.47489926	0.018850721
0.18302335	0.43471277	0.05105648	0.25247368	0.63779706	0.8438781	0.19457151	0.4941371	0.121018805	0.21026365	0.15414107	-0.23363863	-0.2959614	0.057475448	0.6239405	-0.13337077	-0.02521675	-0.6163685	-0.61951464	0.07034151	0.19549572	-0.83397007	-0.20082578	0.49072838	-0.7094752	0.90849197	-0.5569043	-0.57562494	0.16166835	-0.34013915	-1.1597643	-0.28167936	0.6668871	-0.47809255	-0.017243749	-0.3782828	-0.534212	-0.29707012	0.48189828	-0.017993972	-0.7199724	-0.058160245	0.24146222	-0.32486454	0.4297711	-0.2546526	0.27127898	0.39497516	-0.6006845	0.081790745	-0.59254336	0.1645414	0.21308799	0.21996236	-0.122682914	0.37075943	0.22456078	0.21036255	0.36657512	0.2206714	-0.07338787	-0.0022341863	0.76104516	0.008812053	0.048677765	0.098220125	-0.32833877	-0.46033648	-0.0833627	0.33872458	0.53864694	-0.7502159	0.18823853	-0.15282176	0.7443738	0.5610336	0.753968	0.77749574	-0.048539348	0.11830504	-0.09313085	0.07757916	0.09708997	0.26184347	0.0018371112	-0.27418914	-0.2810831	-0.15045926	0.74086493	-0.25114912	-0.31826586	-0.18648659	-0.86974335	-0.11686681	-0.5917487	-1.0530016	-0.28223205	-0.43341222	0.36673424	-0.8105977	-0.50870514	-0.29419187	-0.11255194	0.031919338	0.17714614	0.39342967	-0.029262139	0.0057238257	0.8807894	-0.118986495	-0.30318442	0.17213061	0.26580054	-0.23739734	-0.4990395	0.22428834	-0.7417997	-0.34790644	0.96768945	0.36014578	-0.12092692	-0.0046810657	0.5941374	0.28298908	-0.5522513	0.23700237	0.8243898	0.6148656
0.22532895	0.20713668	-0.039785624	0.20721868	0.44238156	-0.053226665	-0.3734556	0.5739076	0.07101674	-0.012826049	0.08440782	0.40867996	0.33645985	0.25238323	0.044789057	0.59831345	0.66900307	0.18945357	-0.25171342	0.09651308	-0.32527816	-0.5442286	-0.08522433	-0.07843383	0.04872441	-0.15054315	-0.55593705	-0.24778278	-0.030114686	0.09213714	0.12171523	-0.4778326	-0.22609226	0.45029205	0.32178015	-0.121920966	0.22163351	-0.28662097	0.5067342	-0.15227221	-0.673539	0.5299774	-0.37583593	0.40074202	0.024939237	-0.44576713	-0.20895472	0.34659815	0.077655226	-0.06787516	0.22305249	0.07974366	-0.029383851	-0.1515543	0.25332475	0.3724935	0.6205499	0.7608867	0.28523245	0.013450411	-0.4410392	0.44637147	-0.26457274	0.3785283	0.07077569	-0.11876355	-0.3008858	0.47130996	0.26613837	-0.035833	-0.01860917	-0.029580334	-0.2587686	-0.3517861	-0.29525423	-0.1464661	0.1127235	0.44123608	-0.12108113	0.49916565	-0.5825344	-0.53325737	0.3296148	0.2017015	0.43668905	-0.5803779	0.005061373	-0.023464492	0.68980384	0.04659652	0.48763204	-0.39815056	-0.25839692	-0.24444091	-0.11072143	0.0056946324	0.63344127	-0.02037758	0.22664239	-0.1723104	0.063465506	-0.5565779	-0.7640041	0.13061233	-0.30757892	0.09225723	-0.27906355	0.25143754	0.27486363	0.16575767	-0.33960605	0.16923323	-0.13197903	0.074237876	-0.3589824	0.2611962	0.19855748	0.10535307	0.020665247	-0.0014484363	0.08066489	0.122836255	0.63489515	0.31184733	-0.19159755	0.42152354	1.2095643	-0.36100593
0.12545428	-0.2686005	-0.6898025	0.55231833	0.94469064	0.4167288	0.78845996	0.7409445	0.028445553	-0.100246005	0.12131357	0.49624744	-0.33223554	0.26845312	0.046379928	-0.38718256	0.3465005	-0.4772149	-0.7638331	0.5644049	0.9675038	-0.50941855	-0.43089044	0.18697315	-0.9397229	-0.3225723	-0.15262082	-0.52997506	-0.5760239	0.35100842	0.17224273	-0.22689354	0.52759	0.041668225	-0.40789157	0.29918715	0.41551554	0.3467515	0.041365657	-0.04342847	-1.04534	-0.6282478	0.20640329	0.07703381	0.036486555	-0.40983474	0.15619156	0.6587353	-0.4077681	0.030485444	-0.32039198	-0.084949814	0.10694094	-0.3815625	-0.5452543	-0.623778	0.88463986	0.42088464	0.627238	0.4716959	-0.5194987	0.43287024	0.3007065	0.17138213	0.7594229	-0.1493561	-0.036117993	0.018567048	-0.46116126	0.8260844	-0.3017314	0.2813801	0.8830245	-0.045590427	0.057941355	0.21536204	0.16000415	0.91307205	-0.32111764	0.167871	0.13897887	-0.15442766	0.35298264	0.335334	-0.124701165	-0.53838325	-0.08531225	0.37998602	0.91117054	0.9883153	0.13575394	-0.52537745	-1.4360667	-0.32923064	-0.4428442	-0.6390895	0.11454553	0.12962148	-0.06855212	-0.64338744	-1.0584055	-0.19986647	-0.91160727	-0.061073624	-0.7319144	-0.03194453	-0.39275575	0.27982962	0.89033824	0.36028874	-0.3084552	0.44601795	0.05553026	0.0077163735	-0.36252514	-0.115503654	0.116121575	0.46855336	0.21843202	-0.3955489	-0.37754878	-0.72417325	0.36894345	0.5029789	-0.5099744	-0.30900812	0.5003543	0.04437267
0.121329136	0.22508113	0.25374535	-0.093699455	0.3652324	0.16466594	0.060267724	0.17174274	0.14062785	-0.113195494	0.005468287	0.13205568	0.0336944	0.1402387	-0.0038284478	0.20142207	0.15964109	0.026384974	-0.5345936	0.08537512	0.29046646	-0.53172714	-0.19641063	0.2465712	-0.19950321	0.24206226	-0.051103678	-0.30613545	-0.1403438	-0.016085654	-0.24684195	0.010752636	0.11295242	-0.2495255	0.12903182	0.08695973	-0.089721486	-0.11683545	0.10270826	0.037421327	-0.18740965	0.022503775	-0.13365231	-0.19588412	0.11848829	-0.16574351	-0.0003692856	0.08574028	0.06899705	0.18277173	-0.06738772	-0.08582927	0.054451983	0.146562	0.2496709	-0.011706373	0.037533544	0.04320615	0.17554359	-0.0058520036	-0.06842762	0.20923011	-0.0064285924	0.19960831	0.1254273	0.18595815	-0.06432876	-0.006647886	-0.17738631	-0.07789604	0.18710683	-0.023911325	-0.0788991	0.14265649	0.133054	-0.106886245	0.2728911	0.23643893	0.042300217	-0.082618855	-0.1092631	-0.13087738	0.20718655	0.23870027	-0.0034140619	0.04691083	-0.2812837	-0.06074409	0.1033774	-0.14500324	-0.22035241	-0.062577486	-0.36331475	-0.16689003	-0.29521185	-0.24938154	0.1738813	0.11764222	0.12757498	-0.39988387	-0.10605581	-0.24855842	-0.16850577	-0.06419592	-0.035047483	0.036043882	-0.017909879	0.16506281	0.21700783	0.12674503	0.17904314	0.3481049	-0.14901155	-0.1693893	-0.1488255	0.30498075	-0.06633704	-0.23247585	0.27181154	0.1311242	-0.05571664	-0.10594911	0.17247565	0.07165095	-0.09071443	0.08860416	0.21074708	-0.02051331
-0.3963761	0.64440197	-0.13030283	0.5339135	0.33165288	0.27107868	-0.09524561	0.4595764	0.7515101	0.31517833	0.19195232	-0.029483013	0.4651936	0.19777982	-0.6100141	0.05234919	-0.026196836	-0.22825332	-0.07425271	0.09605114	0.068434194	0.020008616	-0.49085367	0.14713559	0.10568846	0.2727141	-0.16698663	-0.40525734	-0.26825383	0.655674	-0.1841868	-0.31918436	-0.123023905	-0.3276958	0.31540382	-0.19882911	-0.05541499	-0.53817827	0.14984903	0.093779154	-0.22061929	-0.104624346	0.08642063	0.41291377	0.3566467	-0.055436805	-0.24878879	-0.15100218	0.12780987	-0.28165096	-0.4443841	0.5301605	0.134606	0.15794104	-0.36969572	-0.49224034	-0.15696023	0.70864606	0.17047791	0.0627505	-0.21024483	0.5693325	-0.19944613	0.1198085	-0.06946126	-0.14115967	-0.048074793	0.203814	0.1639813	-0.59733063	0.13741449	-0.0074565597	0.1350098	-0.092006624	0.32181904	-0.34889314	-0.014831951	-0.16780058	0.12192055	-0.15243353	-0.21547431	-1.1166029	0.094740756	0.23048191	0.21714175	-0.14434668	0.93881947	-0.4038854	-0.018094573	0.20255412	0.27886662	-0.2051061	-0.9169221	-0.37250894	0.04332647	-0.55448717	0.41761166	0.70015824	0.7538594	-0.32396042	-0.11395194	-1.1920882	-0.44041765	-0.489352	-0.08053895	0.2972615	0.085819244	0.35702747	-0.06946688	0.95944357	0.23523526	0.5031376	-0.17109928	0.22154883	-0.5899555	-0.052978694	0.18084863	0.09922813	0.19417247	-0.14044505	0.12313739	-0.11575439	0.41516855	-0.21547017	-0.2880646	-0.23771697	0.6500785	-0.45238963
0.22420949	0.14907132	0.08310243	0.099074155	0.2331041	0.16684356	-0.23084152	0.018027743	0.2995625	-0.16926019	0.020700332	0.46775576	0.3022953	0.17191567	-0.0989475	0.52034295	0.5917997	-0.38499868	-0.28210914	0.3705637	-0.21414287	-0.29275215	-0.17547716	-0.06884458	-0.0076644397	0.5855036	-0.10901832	-0.48552278	-0.0073718913	0.13775723	0.05440627	-0.33105424	-0.10998583	0.33205655	0.08836849	-0.2546274	0.06968814	0.014307392	0.026781676	0.009315833	0.031103624	0.1463961	-0.29074246	0.08963655	-0.051392626	-0.27785665	0.022866767	-0.046204098	-0.25589368	-0.21181345	-0.41748	0.10252809	0.0008321906	-0.11275632	0.076871425	-0.3308934	-0.094329655	0.21514563	0.029951002	-0.053872444	-0.62392205	0.34372813	-0.28084794	0.20749657	0.026926003	0.13703603	-0.12826122	0.09145402	-0.2702101	-0.32713836	-0.039174747	-0.42817143	-0.11653017	-0.2954106	0.18857208	-0.08528043	0.22091949	-0.23802085	-0.05005476	0.044551693	-0.2386831	-0.50073814	0.22574048	0.07608043	-0.10884531	-0.014087216	0.36034873	0.24952544	0.08426928	0.25385836	-0.03509925	0.032889273	-0.36463067	-0.2566195	0.08673876	-0.5819101	0.54909337	0.50664353	0.3488851	-0.04948863	-0.21157959	-0.37360537	-0.64057064	0.13760866	0.0084066335	0.049777217	-0.31416532	-0.38968125	0.46405333	0.16578303	0.26175427	0.49522054	0.0060515557	0.04483412	-0.35503915	-0.2783321	-0.325516	-0.104741655	0.030587487	0.19351241	-0.12982711	-0.4052126	0.46491075	-0.26273534	-0.11299812	0.02656285	0.47374916	-0.2800262
0.21262448	0.33777785	0.058949627	0.23427206	0.72472805	0.8064959	0.16014737	0.42865834	0.28811577	0.101039514	0.057421073	-0.14308324	-0.31050724	0.20800892	0.54676706	-0.2502105	-0.0439538	-0.60755986	-0.5892848	0.0064932667	0.21669498	-0.95393676	-0.3956308	0.46743435	-0.7899587	1.0291344	-0.55958253	-0.6133993	0.060317192	-0.34134758	-0.98390037	-0.2677512	0.53047216	-0.57714736	-0.07116465	-0.3919685	-0.6204405	-0.39692906	0.5258714	-0.06613092	-0.6286527	-0.02714318	0.16008583	-0.5357358	0.4300197	-0.41429615	0.27186096	0.53476924	-0.5118107	0.16969275	-0.5848738	0.033058655	0.14277594	0.22436021	-0.10043805	0.29345977	0.243053	0.122224726	0.46221155	0.32618177	0.10140573	0.00078627426	0.67121196	0.09334623	0.049478646	0.13206151	-0.37791252	-0.43439862	-0.050754268	0.3379876	0.6205375	-0.7334075	0.13534772	0.07325436	0.7800657	0.5770752	0.7129508	0.75002927	0.11651896	0.083898835	0.007540371	-0.060765475	0.15790239	0.32947722	-0.011677901	-0.20581377	-0.2422015	-0.049133234	0.7417366	-0.2024067	-0.25981197	-0.016542565	-0.8796237	-0.2163217	-0.34563527	-0.873761	-0.27637765	-0.48330593	0.38002586	-1.0307982	-0.36665732	-0.44433522	-0.124539584	0.09447274	0.29424596	0.28034952	-0.053363863	0.03317127	0.8464859	-0.114867084	-0.33439144	0.20046918	0.39479768	-0.16300562	-0.45404434	0.08406799	-0.72834164	-0.39401188	0.853183	0.4413186	-0.06172522	-0.1849258	0.5746636	0.13240139	-0.6135633	0.18176024	0.83142877	0.56551415
8.029774e-05	0.13245636	0.21521248	0.012539753	-0.0018222049	0.07670916	0.23969874	0.20198125	0.07282841	0.080386624	0.13509806	0.25566262	0.25838786	0.21495272	-0.037688762	0.01106319	0.13396643	-0.11385633	-0.36043638	0.053450134	-0.09446773	-0.3454404	-0.18235677	-0.05004531	-0.27878705	-0.08283705	0.14131969	-0.19644633	-0.07962249	0.055812076	-0.14767717	-0.03625855	0.04986412	0.15479839	0.1058479	0.015979236	-0.28679806	-0.11185414	0.017945161	0.032040488	-0.29081517	0.012635479	-0.43253988	-0.26827455	0.1275035	0.129343	0.07330526	0.037524752	-0.09054573	0.05391057	0.030063508	0.042319078	0.18723439	0.052865162	0.07011005	-0.061073508	0.008739326	0.19762701	0.16514923	0.0013282618	-0.2174638	0.2527806	-0.19526316	0.12430263	0.2623086	0.053431336	-0.19833277	-0.07994386	-0.08784692	-0.112805456	0.028160427	0.13347101	-0.10144806	-0.045663226	0.23914267	-0.036011122	0.24307361	-0.01936889	0.013055112	-0.19678837	0.03796154	-0.07137396	-0.027324274	0.07966223	-0.19588372	-0.15499505	0.082690164	-0.12872347	-0.054788936	0.121617876	-0.09508989	0.087103285	-0.22014059	-0.09666708	-0.18625578	0.013734872	0.02080614	0.08610299	0.054027256	-0.1869275	0.11675434	-0.10121812	0.02937232	-0.044230152	-0.24053018	-0.02432331	-0.03773413	0.23027624	0.05362444	0.13967448	0.05333109	-0.006409041	-0.044372857	-0.27106413	-0.001975787	0.32850483	-0.10983618	-0.20333289	0.0096943	0.43693465	-0.07616978	-0.0651521	0.18203531	-0.124478236	0.09741073	0.19968769	0.04673651	0.031958833
0.1798367	0.16535263	-0.11786342	-0.044958055	0.557647	0.4486659	0.2794482	0.14616863	0.3446255	0.045118194	-0.0041332026	0.10981218	0.099865995	-0.3465624	-0.17404851	0.4244005	0.3438162	-0.3208823	-0.8422864	0.20526712	0.26308954	0.23462027	-1.1697572	-0.5732085	-0.7115429	-0.10786143	0.2397791	-0.07207318	-0.38623497	0.14044783	-0.5939449	0.24757229	0.010440198	0.65379846	0.29025716	0.6297693	-0.24589272	0.17723975	1.002665	-0.1608946	0.19930367	-0.021103596	-0.6047589	0.01448105	0.4152797	0.1395376	0.39871758	0.2812957	-0.5088911	-1.0028931	0.4231252	-0.15936166	-0.2143009	0.017240422	0.09625053	0.2796893	0.47408888	-0.3716185	0.093738005	-0.3836684	-0.07698101	1.0590204	-0.3257229	0.23927616	0.104106925	-0.33243105	-0.06664011	0.050161272	-0.5970026	-0.39075646	-0.2788395	0.040439863	0.41429195	-0.25904438	-0.69213474	-0.41532385	-0.2470028	0.010635156	0.08006549	-0.20417763	-0.011068383	-0.023093985	0.29718232	-0.06361631	-0.5007843	0.19821334	0.2657362	-0.36653578	-0.07997547	-0.035895165	-0.3142309	-0.012866065	-0.59539825	-0.15349717	0.011385358	0.22505146	0.6650639	0.81352204	0.33935595	-1.1770115	-0.3006357	-0.4521032	-0.5099097	0.39828086	-0.3871272	0.8144674	-0.006189253	-0.2515416	0.07469868	-0.0969044	0.08345422	0.72163737	0.7778245	-0.13142061	-0.25292405	0.31570622	-0.5136537	0.46765444	-0.17656717	0.043802045	0.10730883	0.50725	0.13120046	0.49818352	-0.3015649	0.94326377	0.6125115	-0.6545222
0.22801615	0.34331453	0.19971071	-0.028149828	0.31364727	0.45972422	0.14676933	-0.069708675	0.29172075	0.072373874	-0.2982452	0.24406128	-0.030077454	-0.30307293	-0.043909613	0.23235941	0.52449244	-0.339716	-0.14367722	-0.25795993	0.05261029	-0.39496008	0.16737202	-0.3585931	-0.38399413	0.3649069	0.3416097	-0.38001445	-0.32525125	0.2029948	-0.24275441	0.063522354	-0.3314697	0.23914583	-0.08663638	0.13857028	-0.1327914	0.0120794	-0.11842695	0.07134662	-0.025151987	0.11207712	-0.43761688	0.16617629	0.18954545	-0.1496936	-0.18244582	0.23525874	-0.2032706	0.17299065	-0.36497384	0.12508018	-0.08292577	0.019229647	-0.05693041	0.08662633	0.07410619	0.40066794	0.25562674	0.16211583	0.3156829	0.0073835542	-0.36014912	0.22602075	0.39577043	0.016253429	-0.21609516	0.16474812	-0.07282032	-0.15113322	0.1980576	0.024260512	-0.07451326	-0.012560449	0.18709126	-0.2642659	0.2693699	0.008501507	0.15908545	-0.21748176	0.0147894025	0.010929668	0.022700371	0.33109388	-0.084199995	-0.14434953	-0.056625314	0.11665477	-0.084928185	0.36824137	-0.025509138	0.23488802	-0.32696643	-0.16326581	-0.050200175	-0.17024311	0.15649222	0.15267636	0.4072923	-0.16936426	-0.181307	-0.51728094	0.008542705	0.0792766	-0.31777564	-0.2931133	0.016860265	0.07681678	0.37664846	0.048002195	0.43594792	0.16765535	0.14978011	-0.37015015	-0.14149985	0.059049487	-0.18424344	-0.08118001	-0.10672108	0.027941443	-0.033157155	0.061883245	0.23431979	0.13221884	-0.24065873	-0.109938815	0.19561504	0.025947522
0.1836673	-0.15093774	-0.08130425	0.10220692	0.15715848	0.09689252	0.346473	0.37704152	0.2154716	0.36824626	-0.1473338	0.14273585	0.22458217	-0.04483487	-0.033272356	0.4598773	-0.14345255	-0.40109646	-0.060645718	0.123784594	-0.14784825	0.02036996	-0.21212986	-0.4259112	-0.4555217	-0.21318172	-0.28473946	-0.043567307	0.028110115	0.11993585	-0.027154738	-0.03203325	0.02286272	-0.09247179	-0.17701033	-0.110103756	-0.6670208	-0.28116807	0.16454737	-0.04264143	-0.47554943	0.26242387	-0.37261385	-0.115412295	0.04828701	0.107384205	0.19110985	0.095844954	-0.03435321	-0.17087863	-0.03574793	0.13354951	0.062122915	0.021592468	-0.10810849	0.032493953	0.12703113	0.21960507	0.30497828	0.17169417	-0.27541146	0.12381123	-0.320903	0.14329566	0.2679001	0.09627044	-0.19793366	-0.10648654	-0.11707959	-0.05852978	0.034904554	0.1277519	-0.045364883	-0.07404058	0.11121942	-0.24811015	0.05976735	-0.11612654	0.031926993	0.0515399	-0.037228998	-0.28196543	0.19767898	0.20830855	0.06881311	0.20549402	-0.11415598	-0.12104154	0.09188166	-0.18650396	-0.1355739	-0.2977527	0.14166042	-0.08082583	-0.10023182	-0.09593338	0.2995076	0.061490353	0.16353264	-0.24857724	0.13122432	-0.34059688	-0.4251708	-0.276066	0.098793276	0.007584699	-0.00077324355	0.3940643	0.15288554	0.16718663	0.1050373	0.17156625	-0.0052946126	-0.10924276	-0.111177884	0.56617117	-0.18499067	-0.09840126	0.18157007	0.100239605	-0.34131294	0.0545997	0.37906358	0.014905872	-0.13946314	0.15873516	0.32224342	-0.28454277
0.3041046	-0.097684115	0.48569074	-0.169012	0.34148902	0.4060739	0.4683099	0.27965778	0.64826053	-0.026516855	0.12060249	0.014758828	-0.3499037	0.161704	-0.007887562	0.17047207	0.28285825	-0.037344526	-0.71101034	0.5579751	0.40184978	-0.330193	-0.41712764	0.3028125	-0.43797767	0.23073894	-0.04878342	-0.50959843	-0.33607993	-0.12406667	-0.23155618	-0.29394767	0.4665457	0.07771393	-0.054865617	0.65229756	-0.276282	-0.5678494	0.028863342	0.22766314	0.050323043	-0.2141453	-0.35481447	0.039456766	0.049516983	-0.28940925	-0.13512246	0.35869274	-0.58997834	0.2722434	-0.5957132	0.3826656	0.20486328	0.40820143	0.014242205	0.26904032	-0.12915888	0.36807612	0.093633726	0.32700798	-0.5119229	0.43346608	-0.5742905	-0.0087174885	0.05681862	0.14386342	0.30979604	-0.5252985	-0.041456547	-0.38647354	-0.26711234	0.23597838	-0.02370388	0.082226865	0.06520771	0.24492408	0.48414385	-0.15025719	-0.06855881	0.15747286	-0.27833226	-0.1930284	0.2732829	-0.02160642	-0.056459337	0.10094931	0.3018472	0.055330347	0.12771846	0.49435708	-0.3428565	-0.38573563	-0.23617652	-0.13179432	-0.061766226	0.11194148	0.019020582	0.28138572	-0.17672612	-0.11721923	-0.27528018	-0.28391773	-0.025318919	0.124060385	0.31966844	-0.030630648	-0.336375	-0.09967065	0.23762539	0.24206343	0.19543646	-0.016996397	-0.006174804	0.30381584	-0.48297158	0.31645897	-0.07585744	0.13807334	0.055617932	0.43408075	-0.13419448	-0.28849515	0.6228707	0.010249285	-0.06329998	-0.19912879	0.33682024	-0.39796653
0.23195682	0.24203466	0.03178997	0.054627195	0.5449944	0.040705822	-0.43527746	0.5912414	0.059137262	0.026229938	0.17398012	0.45141453	0.37241024	0.18155931	0.011383047	0.5311653	0.7106965	0.22894245	-0.20916192	-0.009331319	-0.33065236	-0.548492	-0.13601679	-0.22105433	0.014242267	-0.00438098	-0.60365665	-0.27803132	-0.04417733	0.019276202	0.14316887	-0.38687837	-0.18359984	0.44342855	0.4710199	-0.121421106	0.33968645	-0.2832344	0.3970378	-0.1823045	-0.6239462	0.4920582	-0.2873879	0.31896037	0.021612488	-0.5237408	-0.2416132	0.3392913	0.15118654	-0.10669941	0.12104861	0.07043989	0.026722748	-0.08303721	0.16044421	0.3375602	0.6250443	0.6815983	0.35161188	-0.090455726	-0.41656405	0.46518785	-0.3559636	0.3955175	0.1747011	-0.2571156	-0.12596136	0.44136205	0.2583885	-0.10888229	0.026495457	-0.022909286	-0.17349161	-0.39850405	-0.37632114	-0.15602478	0.18404318	0.3548658	0.029655369	0.39617246	-0.53377277	-0.57100624	0.37933776	0.23313986	0.49080807	-0.5223103	0.033235177	-0.024455717	0.7584177	0.15554644	0.45404193	-0.4210942	-0.28636917	-0.29484564	-0.23068692	0.09950977	0.5828478	-0.032499403	0.36502206	-0.18791637	0.09568835	-0.7082189	-0.7105828	0.12769051	-0.30885807	0.03790874	-0.12724644	0.36337125	0.34394917	0.10632693	-0.28799367	0.12892175	-0.070621476	0.09295299	-0.3569776	0.21564302	0.06386841	0.06618318	-0.0033629572	0.11046226	0.026000533	0.11735954	0.69663703	0.30144364	-0.064693145	0.45268402	1.1775504	-0.3844004
0.020318175	0.42547965	-0.18819627	-0.46095994	0.2685557	0.34005857	-0.4676998	0.52816665	0.27161735	0.022860583	0.23428367	0.3723966	-0.17455912	-0.28342962	-0.27578667	0.6447849	0.172586	-0.025100948	-0.10251435	-0.37375513	0.03595136	0.0714587	-0.89962757	-0.49619958	-0.45685118	0.10463491	0.38311562	-0.31775427	-0.25440794	0.18283057	-0.37673593	-0.034138773	-0.5341357	-0.059354905	0.288389	0.5964244	-0.33678266	-0.7300887	0.73361516	-0.28622	0.17550065	-0.19399412	-0.96359044	-0.35763586	0.08240242	0.05067428	-0.04973941	0.2549636	-0.16450489	-0.7231427	0.32829586	-0.018863942	0.013796509	-0.43843874	0.43949875	0.17992613	0.6353794	-0.39342758	0.2960721	-0.38189906	-0.17166972	1.007779	-0.9245792	0.4731361	0.05545776	-0.19242792	-0.28855667	0.019792253	-0.3942349	0.165679	-0.5341461	0.018583413	0.8751665	-0.39264232	-0.3694829	0.057689067	-0.045249417	-0.49062276	-0.51438004	-0.5497382	-0.18827313	0.030201185	0.06140743	-0.057764243	-0.34029043	0.05803844	-0.11830408	-0.65982884	0.2769372	-0.33176973	0.18333226	-0.21937175	-0.5264918	0.04183876	-0.48330712	0.0072831246	0.4387656	0.444912	0.63492227	-1.3133795	-0.49923533	-0.7368228	-0.58878374	-0.07732396	0.35841012	0.7930385	0.015154182	-0.3787981	0.22243509	0.08996551	0.045079455	0.34262195	0.62713677	-0.029045712	-0.12554994	0.453195	-0.43071577	0.38262713	-0.13591313	0.4154073	0.43795156	0.8456241	0.022269	0.4826321	-0.6317463	0.5139457	0.23410265	-0.2954089
0.16266203	-0.19315071	-0.1561149	0.56051886	0.772156	-0.23681441	0.29187834	0.90676624	0.10868657	-0.37863874	-0.5939487	0.31062898	-0.0288531	0.29046047	0.007164188	0.53011316	0.5122281	-0.4703486	-0.17158769	0.09326006	0.15814877	-0.78049856	-0.6048672	0.14888649	-0.88032234	-0.46441534	-0.5657595	-0.81167984	-0.18390214	0.08913156	-0.2669819	0.11609676	-0.2329845	-0.47854084	-0.6712964	-0.87265503	-0.85699344	-1.0301265	0.70631874	-0.68258613	-0.29372954	0.47147068	0.050364602	-0.5155033	0.28172424	-0.0364427	0.7459226	0.19377923	-0.33608046	-0.101417445	-0.4044026	0.4669543	0.87368745	-0.67117023	-0.17359036	-0.08859519	0.44367114	-0.22834934	0.31138328	0.18042597	0.3213458	0.04523895	-0.109592296	0.42001367	0.54592645	0.63888067	-0.5491909	-0.04135932	-0.41566533	0.07748971	0.60207814	-0.23019043	0.04000558	-0.06294571	0.2943774	0.009697102	0.21813029	0.53691804	-0.3016242	0.017181512	-0.01968503	0.1469401	0.9646828	0.6328998	0.27731445	0.14205663	-0.2113101	-0.40819386	0.8159903	-0.15518272	-0.7128559	-0.30142435	-0.7323496	-0.26937896	0.08753323	-0.08504312	-0.010940207	0.38402325	0.3247747	-0.16673036	-0.944464	-0.61496556	-1.1173209	-0.2729661	-0.20551868	0.6717086	0.9035255	0.042371262	0.4973646	-0.26472864	0.61280215	0.25718942	0.0815616	-0.24275114	-0.026131643	-0.2777131	-0.110372595	-0.20565857	-0.14148581	0.0025828737	-0.84196526	-0.39658874	0.08569554	0.25601837	-0.11470589	-0.031153504	1.362171	-0.025057545
0.08569519	0.012290415	-0.04720944	-0.050216116	0.2543896	0.26724663	0.04729371	0.2604653	0.16768178	0.20275268	-0.047595922	0.16118152	0.08865256	0.060941033	-0.03010721	0.11104608	-0.029097779	-0.2194674	0.0055931592	0.039623607	-0.0083880555	0.014900374	-0.11828446	-0.2564662	-0.2813688	0.09312647	-0.36561078	-0.09360805	-0.018056951	-0.059131805	-0.11542995	-0.13771057	0.0062892167	0.029863035	0.006665283	-0.13056172	-0.29132	-0.04864156	0.12393316	0.014556081	-0.24336745	0.111871906	-0.17296362	0.14971037	0.09562479	-0.02215466	0.114260964	0.12451847	-0.046173904	-0.12380633	-0.08638	0.24484256	0.0025204464	0.050432723	-0.10039817	-0.047240946	0.03997729	0.19068265	0.06409677	0.12738504	-0.17321742	0.08393727	-0.11361464	0.035624787	-0.05336087	-0.1076183	-0.14202847	-0.093236364	-0.06383319	-0.104845464	-0.17191426	-0.063017584	-0.12796286	-0.12229179	0.06562679	0.020798378	-0.029182034	-0.01236119	0.11419801	0.061763566	0.17715988	-0.26851332	0.0010965725	-0.00052018435	0.17491712	0.038037777	0.092912324	-0.027208898	0.1269925	-0.024961863	0.12498103	-0.26098633	-0.027450452	-0.013553499	0.007080743	-0.13350466	0.06328131	0.0567421	0.0022975926	-0.08743798	0.107273035	-0.26928872	-0.37024003	-0.17155121	0.08900814	-0.11077105	-0.1803503	0.015757922	0.12450524	0.100976355	-0.0148852	0.09096605	0.085599676	-0.07601784	-0.015696457	0.21248446	-0.3084548	0.02523021	0.07023352	-0.029575232	-0.1582709	-0.018806588	0.18611734	-0.033497684	-0.15008973	0.12101123	0.18527472	-0.22493023
-0.05235517	0.30592182	0.019128488	-0.27440324	0.55631727	0.5949744	-0.08186991	0.7486987	0.29667267	-0.2438884	0.09987602	-0.030370591	0.061136395	0.23667698	-0.060496777	0.44445077	-0.51955914	-0.76482636	-0.6244403	0.022477036	-0.03608428	-0.3496555	-0.44139537	-0.0082995575	-0.29150683	0.324519	0.1047648	-0.70058227	-0.10988131	0.6395138	-0.8619598	0.5858337	0.17131309	0.29265323	0.16368522	0.34175435	-0.72589093	-0.9024529	0.5233284	-0.28956997	-0.007249864	0.044646706	0.010001919	-0.22882637	0.014575686	-0.060253426	0.12588635	0.60349774	0.3355585	0.39854458	-0.33751184	-0.6589585	0.25217068	0.124692135	0.06896379	-0.7882694	0.29354048	0.30992037	0.12801236	0.5309406	0.4621534	0.4212311	0.18158717	-0.03509891	0.23888725	-0.09932394	-0.09263077	0.3165863	0.1925076	0.63495594	-0.07843578	0.04473668	1.0650116	0.5165209	0.08967876	-0.19028357	0.452271	0.15663981	0.12925881	-0.31633362	-0.18690097	-0.35129753	0.07775892	0.08050743	-0.056044497	-0.94212985	-0.023949677	0.28110594	0.46896031	-0.44110772	0.549748	-0.100925535	-0.7352477	0.048793085	-0.60433805	-0.44002068	0.36146384	0.29291192	0.59939164	-0.63674355	0.25057405	-0.85985583	-0.19094734	-0.4246989	-0.07868112	0.30935177	-0.4105674	0.35714236	0.6053483	-0.17068352	-0.27008224	0.4275932	-0.0023173506	-0.21675897	-0.12704179	-0.21716705	-0.43253928	0.30861574	0.13096683	0.83963704	0.54824257	-0.041223112	0.11285379	0.5076105	-0.6269123	0.15905316	0.25951582	-0.23831774
-0.18299705	0.097946875	0.21735315	0.09718578	0.19042133	0.17721213	-0.029730422	0.39258888	0.067305945	-0.1111163	-0.29391637	0.4775578	0.15760767	0.30146682	-0.12713756	-0.017151149	0.1535851	-0.12952083	0.19555335	-0.055530064	-0.03699689	-0.67958707	-0.36508638	-0.3863826	-0.25311127	-0.11521929	-0.23730537	0.05989032	-0.06882753	-0.1548858	-0.10479488	-0.1677598	0.09651848	0.051736034	-0.017841782	-0.1112643	-0.37754717	-0.20614979	-0.009950008	0.27269006	-0.011095358	-0.08257751	0.0076670107	-0.07268826	0.05695886	0.16009665	0.12186871	0.61159176	-0.041815538	-0.11688818	0.14242513	0.1430495	-0.22798805	-0.34352487	-0.29902524	0.29871142	0.14587398	0.45631358	0.08126547	-0.034377746	-0.23574226	0.15880793	-0.29995835	0.04527853	-0.13203879	-0.16731597	-0.25561893	-0.31163302	0.07783895	-0.25977138	0.027479285	-0.06172219	0.14750764	-0.17668957	0.04499832	0.10527472	0.21323939	0.02413403	0.35029486	-0.04006501	0.23551054	-0.2439575	-0.31409782	0.020169836	-0.10192305	-0.17346507	0.100566424	0.16380243	0.0527449	0.03624329	-0.24409628	-0.23009245	0.0012777126	-0.23293132	-0.034736883	0.036041003	0.32998097	-0.043256056	0.073665164	-0.61955506	-0.17096096	-0.3193	-0.20798157	-0.03738268	-0.21119343	-0.35929048	0.10524913	-0.08525646	0.20408393	0.13510627	0.24852522	0.24205878	0.48184866	0.20264815	-0.23891227	0.22812141	-0.5155883	0.1550923	0.06985994	0.11970068	-0.38958675	-0.2718517	0.43905383	0.068533644	0.116032116	0.0939579	0.3360771	-0.060162716
-0.07541597	0.41071406	0.13458113	-0.20340306	0.84436864	0.18603507	0.14435971	0.6133882	0.51762074	-0.25600395	0.1386589	-0.115804605	0.35195014	-0.34799483	-0.14485526	-0.021326656	0.03574712	-0.4462157	-0.67609215	-0.13274778	0.15646802	-0.24981086	-0.39064562	-0.20704895	-0.39171508	0.16342877	-0.171368	-0.4002224	-0.13915522	0.49692333	-0.035954915	0.2789961	-0.122866705	-0.07388424	0.35999835	-0.2122413	-0.7897997	-0.54190767	0.20084052	0.080977835	-0.11540951	-0.24472518	-0.49095473	-0.3172491	0.31354576	0.2186216	0.12208704	0.30463085	-0.32869303	0.10917882	-0.083794065	-0.30915996	0.57299757	0.15201364	-0.20419838	-0.21337262	0.3279289	0.235882	0.24106646	0.63496286	0.28611422	0.31626412	-0.2401842	0.0005251113	0.23003668	-0.035634365	-0.44287455	-0.35350707	-0.2657628	0.113919325	0.08232954	-0.15528989	0.1110589	0.07580316	-0.016499395	0.24483764	0.047733176	0.089311026	0.104787804	-0.3087873	0.50746644	-0.09629536	0.3540279	0.0023998173	0.65603	-0.3026127	-0.079820916	-0.24858266	0.6660227	-0.09621834	0.5328266	-0.1928811	-0.2985645	0.14905632	-0.25955355	0.19759241	0.1126739	0.097043745	0.26346487	-0.4859026	0.15617238	-0.7827926	-0.6509737	-0.77921224	0.090802	-0.082223356	-0.07901303	0.4859158	0.13083188	0.8485521	-0.24335371	-0.040527362	0.178063	-0.35100845	-0.5565341	0.11963416	0.13683438	-0.19753575	-0.3266901	0.67172825	0.2009581	0.11618468	0.001917793	-0.011410453	-0.43735394	0.4372137	0.6369677	-0.23365808
0.047243766	0.093077905	-0.002756519	0.1234771	0.38491178	0.2363527	0.024473652	0.24952224	0.1668775	0.09528362	0.07813085	0.19277841	0.036249354	-0.14771307	-0.18167236	0.02141682	0.041468445	-0.2747525	0.056191545	-0.057502165	0.018050568	-0.08418451	-0.0816684	-0.038295366	-0.17768906	-0.0012854529	-0.1771423	-0.29421592	-0.21205388	-0.087973945	-0.0049041347	0.084425464	0.097561	-0.06886053	0.026872648	0.09755384	-0.3746147	-0.4570954	-0.050044976	-0.21068913	-0.03705966	-0.109261535	0.065597616	-0.11612003	0.060472477	0.18517464	-0.14834617	0.27396268	0.042205174	0.01850957	0.057582624	-0.28554565	-0.0017326053	0.09239786	-0.08940281	0.1372745	0.14690742	0.22031012	0.3783627	0.49486387	-0.15239538	-0.16405472	-0.50341076	-0.14664419	0.61747396	-0.059684955	-0.20584075	0.15471148	-0.23091805	0.22488175	0.12885617	0.12931055	0.1013535	-0.06930063	0.39161357	0.09490856	-0.026905162	-0.16401787	-0.043559443	0.06830717	0.22541274	-0.43070513	-0.23350954	0.1662564	0.037443206	0.024146222	0.26120302	-0.16816442	0.26322362	0.2919002	-0.24558851	0.0047225584	0.035252046	0.0314226	-0.133217	-0.13025524	-0.058036212	-0.18067184	0.14049672	-0.13780095	-0.4306295	-0.37621427	-0.37014034	-0.19818433	-0.23512265	-0.00091590086	0.014967376	0.31473896	0.1806463	0.009366166	-0.21680748	-0.005425579	0.010039031	-0.14556174	-0.120383985	0.11653181	-0.36664268	-0.0012216616	0.08647419	-0.0713	-0.31523412	-0.089791164	0.32995814	0.26819712	-0.14863554	-0.08379079	0.48208755	-0.045935657
0.26560584	0.2665635	0.016273461	0.078631334	0.5585096	0.1520204	-0.43182802	0.6060267	0.15112701	0.044702955	0.105627224	0.35253388	0.40947723	0.21503259	0.05933499	0.5843356	0.72362393	0.12311316	-0.21135896	-0.08676903	-0.37759838	-0.64761347	-0.09293024	-0.1115123	0.015084564	0.051555336	-0.57866126	-0.35069975	-0.05778715	0.13715568	0.10144305	-0.4127617	-0.20493801	0.46419638	0.39902234	-0.093289666	0.2024	-0.29968938	0.41967088	-0.16459963	-0.6070973	0.5591052	-0.3823972	0.3158611	-0.046514202	-0.61658835	-0.21322861	0.4243761	0.17194317	-0.105312295	0.13828446	0.13910745	0.06560635	-0.06835683	0.23980571	0.35251093	0.6193484	0.6283957	0.36144176	-0.03231607	-0.30600828	0.3881286	-0.28940624	0.503312	0.19246642	-0.18012214	-0.18584974	0.558523	0.2715759	-0.10669902	-0.009334171	0.046779603	-0.12819526	-0.33631998	-0.36160097	-0.17631972	0.15836386	0.35492602	0.062066793	0.38615966	-0.46076572	-0.49602363	0.38891435	0.29291052	0.47744694	-0.5091797	0.025360504	-0.008192228	0.70575905	0.09360555	0.43902397	-0.4213534	-0.2555502	-0.27205575	-0.11479402	0.20859484	0.57074636	0.070386395	0.30386966	-0.15970458	0.138036	-0.59567326	-0.7925423	0.16371423	-0.2752584	0.04009591	-0.1576397	0.39702561	0.25892243	0.16615969	-0.3565634	0.13710144	-0.064206496	0.029475147	-0.37149027	0.16875713	0.028648434	0.051594317	0.024524229	0.06823656	0.09074605	0.13803108	0.57389843	0.23321454	-0.08458207	0.4903513	1.1306858	-0.30024102
-0.5475395	1.3511367	0.14484815	0.5862984	1.2967227	0.8061501	0.42091653	0.7011732	0.18961069	0.42086262	-0.6213402	0.41254568	0.26342985	0.07588559	0.16982216	0.28950003	0.7235167	-0.067671664	-0.1536566	-0.46443897	-0.033367187	-0.29874456	0.078987256	-1.0312402	-0.65966594	-0.058770016	-0.2101196	-0.5758523	-0.2527109	-0.8591303	-0.12000162	-0.23991582	-0.3250174	-0.43643147	0.22127004	0.70936406	0.42294347	0.6450895	-0.80749357	0.33870718	-0.404058	-0.23326801	-0.26536337	0.71731865	-0.5310264	1.0751207	-0.52900374	1.1642938	0.28640074	-0.25849086	-0.32313442	0.22381368	-0.94022655	0.41823897	-0.019616581	0.46594313	-0.2529341	1.3165358	-0.1284057	-0.41633362	0.14913888	0.36564714	-1.1671543	-0.5806139	0.60280293	-0.07066254	-0.69916546	-0.6447041	-0.52380455	-0.28017017	-0.3319169	0.03515501	0.010601801	-0.31639114	0.22388072	0.35222152	0.6556261	0.15957265	1.0354996	0.4418831	0.061407026	-0.43672705	-1.3613695	0.580091	0.1553908	-0.85240287	-0.3265022	-0.3946181	1.0097502	1.162433	-0.75156575	0.12715085	0.07425466	-0.12382497	-0.32168898	-0.6145559	0.56316423	-0.13489175	0.73988956	-0.75189775	-0.3328081	-1.4198705	1.1387842	0.60007954	-0.19462733	-1.1943699	0.014716539	0.19723804	0.4360349	0.2693996	-0.318576	-0.07711304	0.33217248	-0.17566279	-0.49372154	0.4824289	-1.2273839	-0.16548562	0.17465317	-0.847998	-0.38862815	-0.46434683	1.1525344	0.25737122	-0.9881529	-0.42623228	0.3206011	-0.041668072
0.26820108	0.27007183	-0.0063604205	0.10389728	0.5547573	0.13216272	-0.42202252	0.5199338	0.12740572	0.03566472	0.061476108	0.46596655	0.37558073	0.13765253	0.059105303	0.55322546	0.69901854	0.18329343	-0.30406597	-0.14809592	-0.35242653	-0.7110317	-0.05558484	-0.13777578	-0.0014692525	0.066680714	-0.58816785	-0.3042585	-0.023381617	0.085861124	0.07059926	-0.38310137	-0.1990466	0.4114156	0.47754753	-0.21557307	0.16605936	-0.19218186	0.40095216	-0.15897466	-0.63109106	0.5585074	-0.41084772	0.26465112	0.0065577324	-0.5648826	-0.15869421	0.4735108	0.125985	-0.18263315	0.24141358	0.15608068	0.16326018	-0.09185948	0.2151095	0.26638836	0.6258534	0.6226944	0.4315784	-0.022983063	-0.26693654	0.43734983	-0.34498838	0.5181519	0.14434825	-0.12003819	-0.21494192	0.59098476	0.14137632	-0.12111755	-0.05306642	0.051580396	-0.093746714	-0.39232492	-0.35572737	-0.25390103	0.13340944	0.40135136	0.07516362	0.33035588	-0.4978737	-0.50845534	0.40432933	0.33668578	0.4592702	-0.41938967	0.021002153	0.021875031	0.65959847	0.047075033	0.46290585	-0.39813825	-0.21260108	-0.21719436	-0.091631904	0.17080474	0.55713016	0.11613543	0.37023506	-0.22180039	0.16324174	-0.7139579	-0.81135905	0.12447237	-0.2970836	0.06026528	-0.12907258	0.4125739	0.32958463	0.20252472	-0.3069124	0.15954	-0.094155274	-0.0018152181	-0.33445403	0.10923583	0.043093603	0.0027103785	0.0051085	0.04340822	0.007551644	0.17900124	0.5607411	0.24064158	-0.02194532	0.5206317	1.0657368	-0.32730845
0.19275196	0.597206	0.22331916	-0.40386215	0.45013657	-0.12935339	-0.36129534	0.27586615	0.37503958	0.09810034	-0.23901905	0.34737524	0.31424737	-0.08985233	-0.306143	0.46352485	0.4847357	-0.3793687	-0.29331464	0.46767175	-0.043806326	-0.4109723	-0.42473298	0.21457162	-0.389148	0.2822305	-0.13880248	-0.31540948	-0.3209843	-0.026178593	-0.09435025	0.1576462	-0.14695719	0.06472777	0.42426237	-0.1710526	0.21481855	0.13875724	-0.34597966	0.34263974	-0.6251014	-0.007804573	-0.531593	-0.40585664	0.11233096	-0.24664934	0.45982274	0.14542808	-0.19869164	-0.46525657	0.24310781	-0.46471995	0.30140734	-0.08731416	0.102540664	-0.72110367	0.2909471	0.49946985	-0.089716695	-0.052991625	-0.3137741	0.14199962	0.09301031	0.56372434	0.10392701	0.0050176424	0.10928616	-0.30018157	-0.20658688	-0.043145157	-0.36402225	0.012644183	0.18146467	0.055411734	-0.21926768	-0.17810261	-0.019910613	0.3001009	0.05100803	0.10222762	-0.093472205	-0.25739762	0.09088682	-0.018049821	-0.46030122	-0.24625954	-0.08189251	0.31307745	0.15856948	0.305668	0.07251465	-0.31227046	-0.1371491	-0.046771597	-0.36031297	-0.5788162	0.45398733	-0.02708272	0.28008682	0.024192004	-0.3566896	-0.010550789	-0.37319252	-0.17229396	0.052075427	-0.12550874	0.06549012	-0.37444708	0.24656515	0.023267174	0.2187566	0.61454934	-0.12808155	-0.35615826	-0.42669097	0.4185323	-0.20675375	-0.28450528	0.3647976	0.112548865	-0.17018913	-0.40107688	0.2671601	-0.06766741	-0.30211395	0.47344488	0.117425	-0.109128
0.10317133	0.4808663	0.13818434	0.3190835	0.57763356	1.0456159	0.107160494	0.4760584	0.42230624	0.15450259	0.028525218	-0.38667843	-0.4100724	0.054414164	0.54813004	-0.33929136	-0.17522347	-0.5345109	-0.42663702	-0.06833922	0.28821117	-0.89101803	-0.23335671	0.4264855	-0.66965365	0.9641565	-0.72093624	-0.7545913	0.15541211	-0.2810594	-0.9559577	-0.2578449	0.54346627	-0.4885728	0.03672648	-0.33343726	-0.6174363	-0.19098444	0.43210748	0.13538451	-0.65211576	-0.32989714	0.1525237	-0.1674549	0.29617396	-0.50136244	0.14563641	0.7325638	-0.6349451	0.2101444	-0.5051893	-0.03747377	-0.1522382	0.28480467	-0.04460224	0.3562207	0.17832321	0.36021188	0.39126486	0.2410153	-0.0827393	0.09062564	0.6843717	0.09177388	0.14354575	0.008104631	-0.23340376	-0.52421737	0.006415803	0.19479017	0.5281615	-0.6814661	0.070443265	-0.14600572	0.7256943	0.76046205	0.8551957	0.7722884	0.1582283	0.30837607	0.0767641	-0.04156719	-0.047362905	0.29877087	-0.023798842	-0.44942588	0.009011117	0.03978624	0.58811	-0.10369569	-0.23869008	-0.24593772	-0.8206938	-0.20207494	-0.42500082	-0.87038994	-0.2774592	-0.40284032	0.21137965	-1.0522121	-0.32947415	-0.57085896	-0.14295651	0.0853141	0.52681	0.11106929	-0.17303294	-0.07106712	0.9745931	0.25309297	-0.7287973	0.15932547	0.3428794	-0.10286143	-0.5368124	0.13192503	-0.73890465	-0.31759962	0.9595284	0.33911008	0.07181851	-0.31216934	0.5672688	0.14346643	-0.47593513	0.033626683	0.4043704	0.49296963
0.13750516	0.04488321	0.06486905	0.09336283	0.36477292	0.23357135	-0.46497923	0.32773295	0.13016838	-0.04438621	0.07644978	0.19795258	0.36447155	0.13547336	-0.012041338	0.17957866	0.37074155	0.22702982	0.024028994	-0.06639471	-0.24401806	-0.34537464	-0.025045676	-0.08063243	0.24457583	0.11583347	-0.47063103	-0.30426094	0.0014343997	0.06429201	0.1177498	-0.41593373	-0.26182026	0.23824348	0.09789081	-0.085647605	0.018473668	-0.17162558	0.22547117	-0.08070644	-0.22209033	0.36448202	-0.28711176	0.27615556	-0.121507406	-0.53059316	-0.31515205	0.5022434	0.1560183	-0.1452039	-0.030193364	0.134664	0.2191679	-0.09587639	0.0320718	0.144393	0.4067303	0.43926603	0.25431105	-0.052077536	-0.14866617	0.1647034	-0.25789034	0.1943038	0.06958227	-0.09506237	-0.123997666	0.37258282	0.26585782	-0.057698768	0.042623833	-0.023817835	-0.12544316	-0.26128307	-0.34056237	-0.014753855	0.0980386	0.20091283	-0.20112553	0.40681878	-0.29368728	-0.46394798	0.23956406	0.23984164	0.20834742	-0.507231	0.4158969	0.029359253	0.3294003	0.16654603	0.28325513	-0.22236893	-0.2562382	-0.31195965	0.0041090655	0.081700325	0.2485164	0.09102275	0.023221932	-0.090657905	0.01891183	-0.41605574	-0.5113887	0.08080412	-0.21589261	0.0030879467	-0.27427733	0.28409392	0.016551573	0.25967377	-0.23327862	0.14686336	-0.035435572	0.06451731	-0.24533723	-0.15188341	-0.098641925	0.1079613	-0.027466513	-0.07564292	0.10015896	0.043117274	0.50763315	0.09814012	0.1012717	0.25180715	0.72276664	-0.12795329
-0.021600079	0.045351412	0.055207014	-0.05553827	0.30123365	0.21252601	-0.07802072	0.24801892	0.17146881	0.024273308	0.10998276	0.02791234	0.116607346	-0.0030333085	-0.031090748	0.013365277	0.064576365	-0.010891693	-0.10392754	0.083645105	0.05377659	-0.10386435	-0.23205069	0.12270168	-0.17911486	0.058386706	-0.074429445	-0.15500404	-0.12424972	0.1104168	-0.07048412	0.021215951	-0.041991305	0.09278697	-0.0021196445	-0.10965531	-0.04081081	-0.022272151	0.08646712	-0.09566248	-0.17482883	0.08642158	-0.18995632	0.024374042	0.07405059	-0.11839144	-0.11543644	0.08945795	-0.19623518	-0.10407305	0.066463515	0.017859343	0.102194555	-0.1350514	-0.049099524	0.016385315	0.0912344	0.022364104	0.06305781	0.02067548	-0.06609216	0.08299772	-0.1065334	0.0272336	0.24100135	-0.07267439	0.07017507	-0.0054959436	-0.040156826	-0.0031456286	-0.07936908	0.030714508	0.08126651	0.0824017	0.0020457597	0.15325198	0.117310606	0.16091399	-0.06995156	0.03322442	0.004227172	-0.08113891	0.07593929	0.079059504	0.04639549	-0.16007073	0.10109579	-0.05127351	0.119200505	-0.034044083	-0.005942962	-0.15328811	-0.2297379	-0.010154571	-0.068768725	0.012094554	0.016494874	-0.011502649	0.04715669	-0.30078825	-0.116829775	-0.24166715	-0.21098116	-0.008952172	-0.074275635	-0.0037172944	-0.078343526	-0.07444188	0.21478617	0.111681886	0.058242347	0.105165124	0.11864874	-0.02397379	-0.14146651	-0.0125326235	-0.121364884	-0.04399533	-0.015727773	-0.049499016	-0.058876622	-0.07563332	0.17644018	0.06554272	-0.1510285	0.14243709	0.11854595	0.034775738
0.5935858	-0.27321362	0.12454114	0.3860718	0.40861094	0.20292428	0.5015015	0.2683015	0.80318767	-0.2771755	0.007787069	0.7382701	-0.2195319	-0.1469881	0.39502183	-0.3155601	0.13544846	-0.8128722	-0.40152347	0.61069995	0.0929666	-0.37566313	-0.31897834	0.567286	-1.1157656	0.6846519	-0.33406246	-0.1581856	-0.2884317	-0.1020404	0.014246746	0.14234386	-0.04828363	-0.384305	-0.4753198	-0.42023358	-0.78417164	-0.60496014	-0.12514639	0.17681375	-0.78462136	-0.36575407	-0.4835548	-0.35934925	-0.008075166	-0.7174437	-0.10136737	0.545075	-0.31700367	0.031474937	-0.5234059	-0.15608506	-0.26109457	-0.34660897	0.22679423	-0.15887392	0.3543006	0.5020433	0.19503254	-0.17533267	-0.1163841	-0.5674453	0.35742396	0.1664684	0.33577457	0.0022201936	-0.4608093	-0.21751268	-0.23346943	-0.039066736	-0.19352187	0.277217	0.25631654	0.008626082	0.207185	0.30821127	0.31652042	0.19780171	0.058626894	-0.17862906	-0.018526506	-0.4426053	0.19328804	0.32280204	-0.27556038	0.017407436	-0.16059959	0.14932315	0.47026858	0.24261773	-0.3184502	-0.08576194	-0.38495225	-0.451755	0.018259833	-0.79065204	-0.14811537	-0.42579705	0.12352399	-0.11107298	0.28088942	-0.627977	-0.7279322	-0.16050045	0.0748921	-0.124995664	-0.16945203	0.44321117	0.23177522	0.16549465	0.052362114	0.331947	0.07080458	-0.32626462	-0.5832153	0.0177164	-0.4710901	0.20369561	0.8696971	0.0032000903	-0.041972715	-0.40175423	0.10737242	-0.10400562	-0.59630245	0.16259094	0.63217103	0.021980636
0.07873196	0.02095539	0.052055765	0.1449943	0.39960238	0.23302484	0.07486889	0.24128938	0.15015632	0.07213126	0.058057852	0.22325072	0.032412555	-0.12671429	-0.1597278	-0.015573437	-0.008819196	-0.27634203	0.020792406	-0.08344991	0.041504133	-0.118984655	-0.07088521	-0.079030305	-0.177777	0.025647013	-0.18619378	-0.31699333	-0.18814069	-0.06402875	-0.04980722	0.05655935	0.12672326	-0.045713685	0.0046670674	0.048063487	-0.369479	-0.4299739	-0.07262831	-0.18773498	0.04266325	-0.07386724	0.045620836	-0.108676225	0.049279865	0.22135665	-0.1586294	0.27873638	0.0088523	0.0305802	0.06539639	-0.26938727	0.03361831	0.15389775	-0.038320966	0.15309538	0.1839541	0.183219	0.398184	0.49380264	-0.13051713	-0.24003565	-0.4930609	-0.15745139	0.61413234	-0.048007466	-0.19259766	0.1635154	-0.26452932	0.1912483	0.17658484	0.07590006	0.10952987	-0.13266508	0.3411919	0.116638094	-0.10331405	-0.16405314	-0.03662226	0.0836143	0.24049465	-0.37266436	-0.20936584	0.19264404	0.01255983	0.046995115	0.30949345	-0.15102378	0.25298157	0.32991916	-0.28906322	0.057965714	0.068055704	0.06387634	-0.13901749	-0.1106635	-0.06529527	-0.20554562	0.14327239	-0.10172567	-0.43133757	-0.35146245	-0.34181198	-0.1535227	-0.15781869	-0.056359187	0.031993233	0.3278362	0.12327345	-0.0159336	-0.1978641	-0.017868707	0.030069655	-0.1566593	-0.074737824	0.08870121	-0.3917008	-0.04286701	0.06439336	-0.09591719	-0.26200095	-0.05499183	0.2951097	0.30445156	-0.10488123	-0.09105984	0.4517385	-0.04029875
0.24645653	0.67234015	0.18068853	-0.30795705	0.6153181	0.5106091	-0.27272767	0.16844769	0.10740627	0.24178897	0.28141287	0.1008203	0.0027805904	-0.06948543	-0.52999353	0.7790039	0.55341405	0.0013526761	-0.06001859	0.12756705	-0.12026366	0.2493496	-0.5732946	-0.076789	-0.22594097	0.50843567	0.093980774	-0.37984058	-0.0789815	-0.20250896	-0.26066056	-0.1945726	-0.56758887	0.23139432	0.2600108	0.55759126	-0.46620467	-0.19721407	0.8184469	-0.4316726	0.40154842	0.041406207	-1.0122607	0.019089028	0.286974	-0.401952	-0.5333646	-0.07030179	-0.11368788	-0.89300877	0.3026899	0.11432222	-0.278455	-0.9232355	0.34861794	0.26642883	0.30458	-0.25232366	0.4074912	-0.5238294	-0.108599685	0.9603866	-0.6585211	0.46935347	-0.016127229	-0.76264817	-0.16873112	6.613719e-05	-0.15702644	-0.10399752	-0.5578672	-0.13943192	0.37561578	-0.19044647	-0.40282035	0.059924383	0.118469	-0.30084386	-0.21790747	-0.23141484	-0.5306892	-0.22745147	0.3951523	0.16867945	-0.20380223	-0.3391859	0.25997725	-0.70459753	0.30709192	-0.31191373	0.20835672	-0.06839298	-0.5753414	-0.1635314	-0.0643607	-0.007602962	0.23163222	0.6859308	0.52587676	-0.84946316	-0.5184435	-0.40415588	-0.66449547	0.3986407	-0.17048891	1.260875	0.0073155817	-0.4553479	0.55377734	0.04452284	0.16731688	0.7826856	0.7266396	0.1382365	-0.4425436	0.14943922	-0.66176784	0.341386	0.12337832	0.16188984	0.45699915	1.028802	0.27235836	0.26871568	-0.75200915	0.3710389	0.76440895	-0.42941886
-0.44572935	-0.24054746	0.07676438	-0.12761694	0.93561983	1.0637922	0.29348227	0.8320988	0.11749713	-0.07765732	0.40858135	0.27661282	0.48403826	0.46232325	-0.41795588	0.24656457	-0.4663719	-0.22835143	-0.615365	0.3091133	0.42611155	-0.16525185	-0.5243787	0.082383245	-0.28769335	0.19030546	0.010724493	-0.57947415	-0.03248661	0.30964607	-0.061660673	0.37326568	0.14800209	-0.44039494	0.1402222	-0.1530196	-0.495794	-0.3273332	0.46327305	-0.15894061	-0.38579354	-0.28310168	-0.3125384	-0.23918518	0.5152397	0.076906696	0.11527458	0.33729056	0.12299446	0.5286642	0.0681313	0.019434161	0.3225643	0.6756079	0.18717071	-0.82382137	0.08451343	-0.111577794	0.47881123	0.11015107	0.0712968	0.37784466	0.12993369	0.2571648	-0.03827955	0.11741134	-0.040915668	0.9204612	-0.4881551	0.673883	0.9684067	0.4024408	0.33945924	0.56867605	-0.26925078	-0.11998106	0.36244738	-0.3900628	0.3415207	-0.3789829	-0.14518802	-0.8711226	0.17932448	1.1965669	0.19882749	-0.6929463	0.26662397	-0.40236196	0.2822347	0.027980916	0.15733942	-0.021998974	-1.2036867	-0.32742363	-0.4314389	-0.14846009	0.43079436	0.3058705	0.3542912	-0.5475387	-0.20684986	-0.9423108	-0.1517072	-0.74036914	0.20805761	-0.05068155	0.01025269	1.0540901	0.055551495	0.75695044	-0.2640996	0.20070012	-0.35617244	-0.10216535	-0.3149544	0.0636152	0.29115635	0.74440324	0.2969466	0.38321868	-0.055007115	0.060800076	-0.20244816	0.17060193	-0.7669131	0.4386409	0.3359421	-0.18471526
0.084462546	0.39479318	0.78285056	0.6646943	0.23426095	0.09050596	0.38960686	0.034915026	0.839504	-0.15109462	-0.04549556	0.5889664	0.23758389	0.19343491	-0.5684524	0.040799644	0.84666026	0.3776429	-0.8190996	0.70327383	0.3383239	-0.31707358	0.14767893	0.15634222	-0.7549281	-0.030698886	-0.2581928	-0.76166385	-0.21705168	0.07253109	-0.32984996	-0.5604446	0.14416008	-0.23723872	0.17389561	0.80768234	0.053656798	-0.2854608	-0.41946608	0.19275904	-0.4150998	0.0624559	-0.418867	0.033545565	-0.05696683	0.1292625	0.39639837	0.19255069	-0.77789295	0.12300913	-0.063904695	0.118460484	0.12838194	-0.0042597973	0.1830243	-0.22631013	1.1154243	0.4031563	0.1976715	0.44678566	-0.10274547	0.03425183	-0.5652722	0.30272123	0.33045167	-0.05824723	-0.17638548	-0.61968935	-0.57677865	-0.038718242	-0.13853042	0.43353152	0.23871702	0.36567235	0.2586126	0.29909834	-0.2291752	0.18189827	-0.51489276	0.5633984	0.21465151	0.07980252	0.48082274	-0.061789893	0.061958887	0.20080759	-0.089796074	0.36569387	0.65404326	0.9767061	-0.5197139	-0.18105648	-0.9665185	0.10743881	0.66468734	0.18147005	-0.53121	-0.24448988	0.3443411	-0.2871062	-0.37963137	-0.67819065	-0.19191678	-0.24993055	1.3099217	-0.0016548422	-0.49028677	-0.079801604	0.69768685	0.35228133	-0.2247343	0.6115497	-0.29267773	0.54285854	-0.8519864	0.008443014	0.0720961	-0.039107926	0.039088823	-0.008713533	-0.35726568	-0.23950733	-0.039177235	-0.40191543	-0.27283692	-0.43988928	-0.037927292	-0.5007658
0.05002178	0.80058205	-0.034150187	-0.3869148	0.40446043	0.60664356	-0.1909011	0.14377743	0.19491047	0.10116214	0.3110958	0.24473254	0.024115618	-0.077610254	-0.5264054	0.67235583	0.36444768	-0.068300106	-0.06781522	0.07132423	-0.19912246	0.15834151	-0.6408419	-0.14757685	-0.1790327	0.40201402	0.23636058	-0.28381103	0.039652392	-0.09801757	-0.08124784	-0.21555871	-0.5697381	0.20228875	0.17886285	0.47787258	-0.43840405	-0.16556343	0.9330242	-0.23469375	0.17809235	0.21947974	-0.9134145	-0.042276483	0.30900592	-0.4252885	-0.43842506	-0.13224599	-0.09566347	-0.8395219	0.25459057	0.18063267	-0.2644909	-0.9015703	0.42111692	0.057055272	0.23527429	-0.4071262	0.35630223	-0.6959019	-0.12029995	1.0260781	-0.90536356	0.4053497	0.21551524	-0.68047595	-0.2751329	-0.11716505	-0.074974336	-0.23378687	-0.4373393	-0.14403543	0.3756726	-0.19679989	-0.39464328	-0.13226289	-0.15494774	-0.4117658	-0.27753273	-0.2577938	-0.54602855	-0.20198971	0.33549577	0.21284181	-0.1806729	-0.3751768	0.23695494	-0.79407674	0.24302764	-0.3428912	0.26855564	0.049303085	-0.6475844	-0.20152318	-0.13998716	-0.054028425	0.18906334	0.6082465	0.52959067	-0.9142894	-0.5463039	-0.6278976	-0.63721514	0.47587067	-0.3117093	1.0739077	-0.08923233	-0.35010767	0.3776176	0.11245937	0.12984638	0.7241424	0.86869884	0.21212111	-0.28031975	0.33535832	-0.76788485	0.34955716	0.11444093	-0.033909902	0.39771616	0.8186433	0.0820888	0.15712994	-0.596762	0.35150018	0.8576705	-0.53940225
-0.022632666	0.20502907	0.09798881	0.081372336	0.28534967	0.10301178	0.13900055	0.18625191	0.27118772	0.07490313	-0.0655384	0.04543302	0.059481114	0.051837076	0.037972897	0.037867203	0.007326338	-0.005101181	-0.15513217	0.097681075	0.057347726	-0.01931813	-0.08978827	-0.009882331	-0.22848725	0.05987668	-0.1756436	-0.18822509	-0.07936598	0.023890892	-0.14350381	-0.0066459626	-0.06686149	-0.014267939	0.069569536	0.07583612	-0.11538166	-0.034088224	-0.07927985	0.13321844	-0.24437088	0.05538633	-0.10639941	0.17002943	-0.021935567	-0.14687245	0.009018035	0.21147868	-0.2163891	-0.07973106	-0.102736674	0.049683053	0.22869553	0.04130915	-0.008869279	-0.01652479	-0.010859656	0.13707794	0.077793606	0.06063493	0.09388454	0.058133572	0.03469025	0.12354346	0.092242464	-0.043432012	0.048438307	0.026635831	-0.08939672	0.08059383	-0.010417315	0.10222681	0.0155342	-0.062726974	0.047920946	0.010409987	-0.043068327	0.17485842	-0.16448526	0.10745854	0.04606067	-0.12573442	0.0747338	0.12617931	-0.063595235	-0.24997523	0.054627147	0.01494575	0.0056246556	0.05125651	-0.028523108	-0.040217012	-0.1545077	-0.053919982	-0.01595968	-0.0980703	-0.111555584	0.07469197	0.020845568	-0.16310982	-0.102812774	-0.19284049	-0.183175	0.0054322784	0.06615056	0.01734964	-0.10778262	0.030902296	0.21700749	0.0672564	-0.02174254	-0.038923413	0.07290566	0.08172036	-0.14358912	0.024428777	-0.041639026	0.039722603	0.12617166	0.070848785	-0.15221816	-0.13200045	0.19988978	0.0068570655	-0.057878964	0.017957246	0.17841098	0.053911794
0.24961221	0.10084641	0.07736449	0.03197306	0.36060178	0.22680278	-0.53440344	0.31351984	0.10634476	-0.044004798	0.092829406	0.1543607	0.41105396	0.1114962	0.044131868	0.26183736	0.44346172	0.2123454	0.026084645	-0.06780388	-0.2847593	-0.24953306	-0.017623866	-0.035360187	0.26056737	0.25628522	-0.4175496	-0.27294394	-0.011950566	0.016804744	0.108911484	-0.38135204	-0.31223285	0.38024732	0.07871012	-0.13992642	-0.053174697	-0.10501002	0.17067903	-0.08848715	-0.25043693	0.37401372	-0.29446343	0.38509312	-0.14710231	-0.60986644	-0.340906	0.4249337	0.100763306	-0.12507798	0.002113418	0.06905739	0.21477164	-0.19430594	0.018792847	0.08510753	0.43058679	0.493412	0.28978667	-0.08986656	-0.18830052	0.14617184	-0.25079507	0.24090636	0.005392128	-0.16790383	-0.105709955	0.38745248	0.21795572	-0.0407358	-0.03089578	-0.06464718	-0.09498613	-0.2764149	-0.267883	-0.0649277	0.09847483	0.18959121	-0.2145029	0.3043312	-0.2423497	-0.5149924	0.21161693	0.20917466	0.19003427	-0.49501708	0.37621486	0.053325016	0.43249202	0.086744875	0.27361965	-0.24141885	-0.23847063	-0.2434979	-0.10950281	0.06407508	0.21739495	0.09274013	0.06139112	-0.06895091	0.11395477	-0.43660557	-0.5883675	0.05527242	-0.29442632	-0.009125125	-0.24781166	0.20715438	0.052311726	0.21792674	-0.22153072	0.16535915	-0.06379063	-0.02466562	-0.2740638	-0.08063841	-0.1465466	0.08167978	-0.016599685	-0.067351215	0.07053355	0.058719475	0.47130632	0.12269876	0.06810618	0.2743055	0.7273536	-0.14362223
0.061215784	0.061267838	0.041110046	0.1263749	0.42182654	0.2552076	0.01901541	0.23852554	0.1444369	0.09185543	0.049702454	0.20198257	0.07325082	-0.11831043	-0.1934114	-0.010822884	0.035110075	-0.27459255	0.03459926	-0.097609356	-0.0074473075	-0.115283646	-0.07605598	-0.086687535	-0.18395726	0.028225163	-0.16607864	-0.3129032	-0.18026449	-0.039373625	-0.05718207	0.0490213	0.10768953	-0.049238477	0.026579546	0.047385592	-0.40029535	-0.42940184	-0.051751528	-0.19529408	0.03625403	-0.062261358	0.06973497	-0.11142086	0.035273142	0.18972681	-0.1573909	0.26703978	0.032538865	0.02121273	0.100452125	-0.26530397	0.0049809525	0.12654378	-0.030155778	0.14014523	0.1389667	0.16926533	0.3836918	0.48158222	-0.13056706	-0.1956198	-0.52544	-0.13846573	0.59214157	-0.027505452	-0.23538218	0.169919	-0.26495454	0.1932793	0.14583147	0.075522944	0.060765967	-0.14342083	0.36592808	0.09777966	-0.0814045	-0.14647578	-0.014829729	0.089573324	0.22342607	-0.4174246	-0.2208929	0.2009895	0.021644924	0.031378977	0.28792706	-0.1738284	0.25228328	0.30067492	-0.245075	0.060052413	0.053653583	0.052503567	-0.13059944	-0.08971833	-0.050252542	-0.18440133	0.10261624	-0.11552	-0.43355644	-0.39052397	-0.36663228	-0.19756837	-0.15179029	-0.035567265	0.015626544	0.32879812	0.16617095	-0.004820498	-0.19799104	-0.050543256	0.032840837	-0.1925387	-0.08690394	0.10318945	-0.38665432	-0.030934993	0.052997246	-0.076487295	-0.29031113	-0.06589424	0.3176799	0.2843052	-0.11484278	-0.05978069	0.4569241	-0.04749492
0.18614143	0.43709433	0.7184622	0.64499766	0.36190182	0.09639903	0.39952952	-0.0026441594	0.8445496	-0.12350208	-0.109668866	0.6413514	0.20443931	0.38401672	-0.40616587	-0.002314106	0.9851264	0.2763875	-0.88600004	0.7779999	0.3042874	-0.31530395	0.14162959	0.20823993	-0.7921179	-0.08518554	-0.27352428	-0.82265055	-0.396071	0.08007485	-0.41123596	-0.6154693	0.3528882	-0.2787323	0.18487073	0.6758154	0.095203616	-0.5158822	-0.47066054	0.23594274	-0.39148027	0.03121063	-0.45271522	0.027556393	-0.10634277	0.12130047	0.5136258	0.16577762	-0.6600403	0.20909794	-0.24654986	0.055958346	-0.012633373	-0.09815047	0.086196214	-0.10073805	1.0028107	0.60813254	0.094503365	0.50538385	-0.2171331	0.016449023	-0.50491	0.2925064	0.36168867	0.06276077	-0.23722276	-0.5051274	-0.63294053	-0.10603397	-0.046625182	0.4233518	0.22893886	0.2516651	0.26106587	0.4156593	-0.12818436	0.060995266	-0.44622374	0.7009842	0.02739786	0.057763513	0.42969072	0.019735303	-0.0108782435	0.1378367	-0.04409158	0.37819418	0.7643605	0.88191473	-0.603573	-0.3786616	-0.7499681	0.013088849	0.5261934	0.12873699	-0.4543076	-0.34394625	0.5061537	-0.41523892	-0.44017425	-0.69344527	0.0015122029	-0.1868611	1.3311901	0.11858707	-0.21936996	-0.16331126	0.8086407	0.225921	-0.18151502	0.617301	-0.31112948	0.5828823	-0.9885078	-0.06565577	0.15991496	-0.1190624	0.09706947	-0.03617751	-0.38845015	-0.28424916	-0.053725455	-0.43713138	-0.2594959	-0.3330632	-0.12068571	-0.35408235
0.77722365	-0.7489606	-0.16730198	-0.17358255	0.90261054	0.72058034	0.119006746	0.21657139	0.5424901	-0.31208402	-0.56055874	0.5496412	0.4125933	-0.4797412	0.47533488	-0.06471218	0.32060406	-0.55922514	-0.32190418	0.46291015	0.5256833	-0.77360356	-0.88087606	0.4402645	-0.5535871	1.3654535	-0.2789529	-0.8807719	-0.5987375	0.47072095	-0.21302547	-0.5065417	0.023704724	-0.35205117	-0.3980296	-0.2347975	-1.3290653	-0.124683335	-0.18320559	0.128692	-0.2850789	-0.00031646184	-1.399319	-0.42074826	0.111831166	-1.140689	-0.36732194	0.46948615	0.03638548	-0.023620214	-0.44045848	-0.21838525	-0.68778986	-0.3579608	0.4966548	0.23519577	0.67519385	-0.088000156	0.1477976	0.060671765	-0.34850132	-0.59707755	0.051091515	0.6383517	0.0010847672	0.022246074	-0.31007525	0.25549245	-0.517813	-0.24373376	-0.7430754	0.16474903	-0.11368558	-0.024332162	-0.25132173	0.09714876	-0.23800124	0.5319407	-0.30900487	-0.5526026	0.3705083	-0.36364204	0.4814636	0.2593	0.4045583	0.28193417	-0.36045945	0.6145642	1.3928623	0.13041183	-0.22390065	-0.16271044	-0.42285278	-0.30378336	-0.3740743	-0.4086431	0.53357834	-0.41070825	0.17870377	-0.6000688	1.0673681	-0.5963488	-1.0013063	-0.22189839	0.23872459	-0.14109614	0.02971338	0.18832362	0.14630143	0.29087287	-0.60822564	0.3491419	-0.1361578	-0.66753775	-0.5293459	0.06765778	-0.5602416	-0.56630296	0.72048473	-0.10664786	0.24131526	-0.41458312	-0.0058197035	0.33257666	-0.48882526	0.5322689	0.9857809	-0.47085798
0.43391454	-0.39656988	0.15765402	0.19698048	0.45979083	0.6600742	0.4811012	0.41457042	1.077397	0.564916	-0.13984828	0.51977205	-0.5494467	-0.21050297	0.6939994	0.365586	0.67022425	0.4340356	0.1874859	0.21713276	-0.30869395	-0.49207392	-0.5559398	0.36908555	-0.54466283	0.13297075	-0.58273417	-0.68631405	-0.6144902	-0.08413948	0.18256706	0.20533808	-0.035949394	-0.203735	0.04475597	0.07923304	-0.7305209	-0.90735686	-0.53357005	0.013349633	0.4393904	0.048036132	-0.49576488	-0.248852	0.38095486	-0.59320176	-0.06845188	0.12812677	-1.0757004	0.3038816	-0.93651885	0.799274	0.64380175	-0.39951798	0.02703374	0.76781034	-0.12890191	0.07019655	0.35337517	0.18567556	-0.024837809	-0.15341747	-0.4416221	0.036606982	0.14626618	-0.1241771	-0.030412782	-0.269756	0.19963914	-0.6541194	-0.44799906	0.061267424	0.043050967	0.0481096	-0.05821899	-0.08967237	0.96675354	-0.42392895	0.08197123	-0.092267424	-0.11833793	-0.30475986	0.65810144	0.27774626	-0.16943172	0.80468994	-0.08806349	-0.09362361	0.5589651	0.9426235	-0.14324354	-0.19648251	-0.42786863	-0.51199436	0.19478415	-0.18764418	0.41027775	0.3160984	0.0128906425	-0.012372349	0.28874403	-0.91199654	0.29345572	0.48102623	0.105134666	0.38177466	0.19709958	-0.44757932	0.36667562	0.24862935	0.084690414	0.25569338	0.18773955	0.21233535	-1.2457886	0.6581894	-0.7784248	-0.13332191	0.016234586	0.2494027	-0.12252963	-0.31577817	1.0444204	-0.16801171	-0.8008041	0.2236328	0.83629966	-0.5035182
0.20157264	-0.050053112	0.037557025	-0.17974092	0.32045665	-0.018779308	0.25386906	0.12534949	0.092587546	0.009721118	-0.22802986	0.30367658	0.05123007	-0.0480894	0.0023522666	-0.08345334	0.33994335	-0.16769886	-0.20768535	0.0034561018	0.1654308	-0.19577639	-0.14902748	-0.10190833	-0.34707782	0.32221514	-0.008408117	-0.050558195	-0.12149498	-0.029907113	0.18431647	-0.018929603	-0.113670714	-0.028567296	-0.21269168	0.004102456	-0.07864382	0.010021591	0.08297517	-0.041237943	-0.16451205	-0.09534254	-0.16256058	-0.17233329	0.109363504	-0.2943387	0.06976602	0.18771555	-0.18083034	0.05191997	-0.2601238	-0.033459757	0.19443035	-0.124769546	-0.12890735	-0.13269503	0.23026103	0.2537962	0.30281833	0.1281138	-0.28013813	-0.0065836045	-0.06432366	0.03384867	0.2119824	-0.08072299	-0.14890504	-0.082540855	-0.06683183	0.13574587	0.047150087	0.087957546	0.23616295	-0.010790282	0.15652741	0.080087654	-0.019051604	0.08469481	0.11538167	-0.110647485	0.11168314	-0.12345113	0.008058475	0.12764423	-0.051019233	-0.16762193	0.11325752	-0.12827322	-0.037417796	0.28561732	-0.16062997	-0.1142045	-0.16142944	-0.15947129	-0.21379362	-0.015385442	-0.05088139	0.028114196	0.11473031	-0.07516889	-0.18512276	-0.34343266	-0.17572643	-0.08671766	-0.3026345	-0.085321374	-0.11994402	-0.055565674	0.047344882	0.12779632	0.13228919	0.13640392	0.037031565	-0.015131004	-0.24016048	0.0933529	-0.12864722	-0.030623266	0.16161752	-0.10244351	-0.1565167	-0.20560297	0.2560977	-0.022113128	0.085076705	-0.029558284	0.32603627	0.31872317
-0.08487399	0.43039656	0.065573595	0.19712578	0.36203817	0.10052647	0.14383359	0.38995573	0.4193411	0.16917118	-0.17761195	0.15324338	0.15480943	0.045590315	-0.048010778	-0.05649171	0.051601097	-0.032895263	-0.17809848	0.15567717	0.103497796	-0.15514973	-0.32420146	0.013980555	-0.3800856	-0.014661056	-0.1502113	-0.3317559	-0.16317306	0.015999984	-0.14304651	0.03238089	-0.13283789	0.057072658	0.009960122	0.23012564	-0.18497631	-0.11281021	-0.08689245	0.17672412	-0.24434596	0.12521242	-0.17960128	0.2732833	-0.18711491	-0.06923342	-0.07047215	0.3846395	-0.22462952	-0.2413688	-0.12815222	-0.1517591	0.27191958	-0.017085984	-0.0918766	0.078838125	-0.107421815	0.043054968	0.000503915	0.1648392	0.13403423	0.20742291	0.07344582	0.23819767	-0.00044976696	-0.09716567	0.10596762	-0.019046694	-0.0776256	0.014595678	0.051068045	0.1411761	0.010499615	-0.0897655	0.08416147	0.06457851	-0.09563018	0.24242347	-0.03966347	0.20602743	0.2523916	-0.138948	0.04722137	0.08582933	0.000112842696	-0.45383525	0.08049192	0.03062212	-0.093449034	0.029055655	-0.033647954	-0.08991667	-0.037886195	-0.12350316	-0.03115905	-0.00921629	-0.09505619	0.1192593	0.03328023	-0.16072339	-0.18556547	-0.2003277	-0.26924807	0.0028960446	-0.0033817277	-0.1856611	-0.10903189	0.14471719	0.024423929	0.08693019	0.108516194	0.0034259215	0.093083344	0.086510345	-0.062473487	0.0034722977	-0.03419761	-0.022350281	0.0834898	-0.009222964	-0.21234423	-0.122149035	-0.016042968	-0.117339455	-0.025804266	-0.035017297	0.1419208	-0.00048289704
0.23409425	0.7829521	0.068754725	-0.37273797	0.46185926	0.47921145	-0.14441524	0.18540083	0.031483714	0.16251534	0.270663	0.19019179	-0.10700953	-0.13603401	-0.6518206	0.86436796	0.24898219	-0.15862563	0.038154397	0.16315629	-0.16042933	0.2557227	-0.6747201	-0.15637392	-0.17450167	0.5563411	0.14784558	-0.19231965	-0.14407177	-0.06854967	-0.232589	-0.19903646	-0.5823239	0.22387302	0.39525717	0.4016941	-0.52084154	-0.17778942	0.8090261	-0.3871446	0.4106899	0.16859186	-1.029299	-0.16480123	0.2584164	-0.39676827	-0.39142337	-0.14533503	-0.042243525	-0.84519696	0.25437194	0.15928522	-0.28996822	-0.8378987	0.4679112	0.22254	0.16674465	-0.21239015	0.32760563	-0.6146084	-0.06810541	1.041561	-0.8833103	0.2990876	0.21757157	-0.75234175	-0.28382105	0.0713907	-0.016703945	-0.14433777	-0.5527854	-0.11653011	0.43578202	-0.28032026	-0.38057297	0.03307252	-0.08723382	-0.4097633	-0.29719767	-0.21072042	-0.4614844	-0.34027854	0.48009014	0.15189329	-0.22914802	-0.4116508	0.37796375	-0.69388914	0.19615829	-0.3645016	0.21388514	0.20893916	-0.71934116	-0.10773819	-0.2133337	0.008565766	0.25527528	0.617498	0.7110474	-1.0491747	-0.47321123	-0.44487727	-0.6326536	0.39774653	-0.26701403	1.0389128	0.013181853	-0.43221232	0.51686114	0.031035995	0.18570048	0.6983767	0.86252004	0.2160975	-0.2745938	0.22412677	-0.6584798	0.37378183	0.17505372	-0.044086248	0.52702653	0.7007433	0.22651611	0.20161113	-0.65008056	0.4179544	0.8101912	-0.5675284
-0.06408652	0.2954203	-0.02869019	0.11550188	0.2037649	0.25964686	0.07872499	0.18889353	0.15632485	0.23223999	-0.039834205	0.24215524	0.13990858	-0.050205104	-0.17618738	0.21535833	0.3627567	-0.23791896	0.08721325	0.007898735	-0.11128422	-0.0020552417	-0.16567118	-0.13600773	-0.26389894	-0.026075326	-0.0822268	-0.07375119	-0.16497663	-0.060854543	0.006298815	0.12779708	-0.13909116	-0.032814592	0.27455872	0.091525815	-0.087059654	-0.019185074	-0.13274524	0.018507019	-0.34980077	0.136384	-0.19831407	0.029851146	0.031188516	0.22392651	-0.19689949	0.2220826	-0.047102835	0.04645148	0.03063038	0.04465632	-0.043749806	-0.0314012	-0.023787737	0.059549514	0.01356136	0.21170202	0.13154978	0.11995465	-0.11758775	-0.002259396	-0.3958943	-0.07380817	0.37469816	-0.14332917	-0.31981468	-0.102131695	-0.037598144	0.0072983685	-0.06454486	-0.12300132	-0.020613093	-0.103318684	0.22078446	-0.028123198	0.11516109	0.1276035	0.20387207	0.072275475	0.18265979	-0.2796928	-0.12411734	0.0039488277	0.025142016	0.020358324	-0.0022360221	-0.090475686	0.09139222	0.20490925	0.033653118	0.016159687	0.15055741	0.14072922	-0.12480057	-0.10262969	0.13807768	0.04097382	0.29327998	-0.16635798	-0.25950372	-0.16897064	-0.22251841	-0.11332648	-0.12919374	-0.15473843	0.1282161	0.05909867	0.23730306	-0.015908843	0.09992704	-0.15269549	0.04146059	-0.2775437	-0.13898937	0.21387143	-0.18908113	-0.09386743	0.0005226562	-0.12563169	-0.2362822	0.046180524	0.33146808	0.17393278	-0.20221879	-0.024514874	0.2376356	-0.18204829
-0.31822783	-0.55270547	0.70587903	-0.43691817	0.4606007	-0.1680673	1.0845188	0.12048978	0.9050324	0.10511501	0.31766075	0.16527933	-0.42460838	-0.15196422	-0.15650007	0.36878797	0.681277	0.12754984	-0.29426834	0.25619057	-0.13072366	0.22034721	-0.797253	-0.19719346	-0.4311702	0.34676814	0.053067587	-0.15289387	0.24142857	-0.046308786	0.112639464	-0.07526388	-0.26935503	-0.46923232	-0.5357977	0.20308293	-0.52336127	-0.3257751	0.31976488	0.18783695	0.43860295	-0.025223317	-0.4325702	-0.122397624	0.2334313	-0.6345517	-0.25070456	-0.04478314	-1.0752126	0.030624209	-0.39404327	0.64247954	1.0630357	0.14320625	-0.07903091	0.44404915	0.20027083	-0.27460998	0.407965	0.13392332	-0.024076356	-0.2932735	-0.48425436	0.7913215	0.43241823	0.029965254	0.092643194	-1.4130312	-0.34483534	-0.22553691	-0.45256153	0.3326167	-0.53526783	-0.47879514	0.12029642	-0.6148326	-0.47077924	-0.021871364	-0.099687666	0.51306003	-0.87524664	-0.26868314	1.0686305	0.29688197	0.13603513	0.2549308	0.6590901	0.23313768	0.43098938	0.41730922	0.43326223	-0.5492333	-0.8702075	-0.1851991	0.26005536	0.13755114	0.04557359	0.1249475	0.044500027	-0.035821684	-0.02104908	-0.9265698	-0.57598865	-0.054833405	0.8523637	0.6151266	-0.17988905	-0.9354382	0.59014714	0.48743257	0.2939877	0.4854205	0.46745405	0.1316867	-0.7746084	1.1218653	-0.90123296	-0.090614885	-0.15750003	0.23910664	-0.18191527	-0.39395216	0.9222011	-0.4077155	-0.40597227	0.27045658	0.44856066	-0.08985236
-0.021457253	0.3671644	0.2400738	0.40357968	0.79404444	0.5856117	-0.33959782	0.82217044	0.48020068	0.09713873	0.14362805	-0.30662152	0.29306424	0.19089514	0.32598546	-0.2529603	-0.2406824	0.20078881	-0.10257048	0.15496258	0.20187576	-0.25047207	-0.6214044	0.26765043	0.09251149	0.36851406	-0.08012367	-0.59433556	-0.028751453	0.47677153	-0.25309816	-0.40352848	0.21328257	-0.1459617	0.28654787	0.201373	-0.21795358	-0.16089556	0.29565722	0.1099549	-0.42556638	-0.055242486	-0.0011117309	0.08770279	0.34463435	-0.50746846	-0.26875392	0.7547088	-0.09010506	-0.42890182	-0.12791885	-0.37831435	0.4608703	0.25870863	0.07198878	-0.31384373	0.2833166	0.22954613	0.32676	0.26620942	0.33518556	0.43164614	-0.3492359	0.12433628	-0.0438435	0.23052165	-0.15553929	0.074782535	0.17945457	0.15258507	-0.30555546	0.37725604	0.64846873	0.15472335	0.400618	0.42798093	0.22673383	0.45678076	-0.45718825	0.46896335	-0.4395124	-0.732049	0.73687345	0.24970476	0.4383326	-0.97757214	0.8191212	0.188291	0.5058725	0.46338725	0.41244748	-0.38178766	-1.063373	-0.22603199	0.16370994	0.11953794	0.07047005	0.3025888	0.16459103	-0.24484113	-0.34979185	-0.67912275	-0.6347569	0.042369623	0.004314661	0.34297416	-0.08748252	0.010385922	0.3647807	0.15666248	-0.22250645	-0.13001773	-0.021397628	0.39795777	-0.14249787	0.07895765	0.39719698	0.26030645	-0.39630353	0.20318657	-0.21579356	0.21167788	0.32007736	-0.116185285	-0.106583156	0.08835568	0.7948764	0.030858938
0.10924363	0.14939015	0.054295342	0.075178236	0.32083192	0.08312112	0.1286849	0.41927132	0.24833244	0.13372546	-0.13376264	0.22958568	0.025187328	0.15542217	0.08938771	-0.055201538	0.05815438	-0.15732718	-0.13214676	0.35468948	-0.01637434	-0.3085157	-0.2986655	0.09032194	-0.38298422	-0.06178157	-0.07531486	-0.2579602	-0.26015696	-0.00036234557	-0.05131178	-0.09074252	-0.059365034	0.20142941	-0.108160794	0.101123974	-0.099813774	-0.23850907	-0.09842174	0.18093887	-0.3089248	0.026372442	-0.25370014	0.17100185	-0.094071865	-0.03197782	-0.0313328	0.36065936	-0.24808173	-0.13902016	-0.19548029	-0.07662643	0.3295996	-0.1187584	0.09682806	0.02842998	-0.07094814	0.1939274	0.1173006	0.10658366	-0.13234067	0.019655442	-0.056877043	0.17716257	0.052273016	0.055245884	0.096985735	-0.16216372	-0.05499566	0.062130213	0.050952177	-0.05264323	0.17891331	-0.09057526	0.2807917	0.23749018	0.029053595	0.020526864	0.05454286	0.16150582	0.24093431	-0.019345265	-0.054581746	0.0036721244	-0.175124	-0.32685694	0.13128164	0.080154315	-0.004715119	-0.0034367861	-0.078483626	0.023147773	-0.06403766	-0.06894511	0.0055810497	-0.08618938	-0.18786187	0.07938827	0.0355174	-0.12245476	-0.27196586	0.016032694	-0.124442264	0.07786629	-0.17503434	-0.14869289	-0.020969039	0.12729749	0.051892873	-0.019026607	0.14033602	-0.048672106	0.08007697	-0.05058121	0.040784914	0.056705218	-0.158745	0.049265586	0.08156632	-0.096756436	-0.10666181	-0.17501073	-0.07781195	-0.121690914	0.013250362	-0.17731555	0.12175506	0.17000902
0.18799797	0.121739104	0.086923346	0.08751086	0.39832643	0.20481451	-0.53554195	0.31066328	0.116019264	-0.049889695	0.10393742	0.2217799	0.386226	0.10084917	0.001993187	0.21725821	0.40781125	0.2637335	-0.017592588	-0.09149167	-0.28051242	-0.23051175	-0.0009842244	-0.0759971	0.17906319	0.21786945	-0.45864072	-0.30359092	0.07707715	0.066667184	0.07625006	-0.45837268	-0.27989522	0.27033007	0.12986629	-0.026351871	0.04382081	-0.14039803	0.20010635	-0.10611909	-0.15803142	0.31427473	-0.31526217	0.30566007	-0.11855959	-0.5805461	-0.37206027	0.54711497	0.16131862	-0.1500616	0.015225609	0.050241936	0.22863916	-0.14659823	0.03195481	0.15210307	0.4367327	0.49081108	0.29783776	-0.058633555	-0.1250742	0.18128084	-0.29776508	0.29054517	0.026029482	-0.08072682	-0.17264855	0.35889107	0.17759416	-0.052557543	0.0011876674	-0.04381516	-0.16156565	-0.2861065	-0.30408502	-0.02564666	0.08384874	0.23988184	-0.22511786	0.2757335	-0.33407754	-0.4851557	0.18570603	0.24484162	0.24565162	-0.53912336	0.37539887	0.048956096	0.48051712	0.13259175	0.2668183	-0.24592419	-0.2194581	-0.24527273	-0.07806115	0.11265777	0.2876468	0.053491674	0.056259643	-0.044943515	0.09846845	-0.47191778	-0.47259358	0.056444798	-0.20102374	0.022128498	-0.2179932	0.26227072	0.06730893	0.25726402	-0.20690426	0.088453606	-0.06775445	0.03505707	-0.25282127	-0.14740027	-0.17324646	0.08038077	-0.004648717	-0.07867498	0.092889965	0.03864583	0.45006084	0.108677246	0.056001667	0.30817237	0.71066827	-0.15541893
-0.06486364	0.07282011	-0.008611206	-0.0681663	0.26062605	0.011363492	0.09040106	0.1645985	0.10205386	-0.055775177	0.30797437	0.034989893	-0.05349606	0.08063282	0.06757592	-0.013868116	0.15905105	-0.11183847	-0.208796	0.17549938	0.13480064	-0.05768888	-0.29266813	-0.20164615	-0.09309305	0.095399044	-0.05622593	-0.11367079	-0.028848771	0.059074998	-0.037296712	-0.009224193	-0.06469054	0.09209403	-0.04357277	0.0073687225	-0.21421325	-0.11253329	0.110316895	0.09154371	-0.06351003	-0.02844152	-0.07519775	-0.024925403	0.19867906	0.037716087	-0.05217237	0.15542437	-0.24933708	0.021183668	-0.25509775	0.058075752	0.42625877	0.09940666	-0.095243916	-0.037084177	0.027201788	0.17625864	0.16357425	0.1806849	0.1572613	0.08560727	-0.1429465	0.053446174	0.10166668	-0.050615367	0.06631878	-0.048847895	-0.14057963	0.2242232	0.10847684	-0.049401715	0.09721093	-0.077506624	0.07997692	0.0074716904	0.023292545	-0.018434068	0.0065557873	-0.10343922	0.16289577	0.027857566	0.14065212	0.06818609	0.080497734	-0.077840306	0.015161622	0.04703252	0.05125827	-0.09862198	-0.10000205	-0.16022705	-0.15807128	-0.11530556	-0.12907983	-0.10691298	0.11473588	0.040139288	0.24138549	-0.29600114	-0.20427306	0.051858265	-0.08220724	-0.0066937264	0.022063486	0.10965513	-0.103444874	0.040459998	0.062380433	0.011644859	-0.23331806	0.28503066	-0.013487084	-0.13762757	-0.09696562	0.13225901	-0.15810464	0.069021925	-0.1492025	0.17303456	0.0063964725	0.13063067	0.08502709	-0.039618988	-0.054142743	-0.032741554	0.3191716	0.028635956
0.17497075	0.23628286	0.15735409	0.08358597	0.48473	0.19733484	0.032927487	0.46343398	0.3702393	0.063413754	-0.12961514	0.1806203	0.052650202	0.037733268	0.040770248	0.29688382	0.119378775	0.018322192	-0.2074514	0.42535725	0.12969373	-0.35813516	-0.2807231	0.2205142	-0.34004927	0.029802572	-0.38185424	-0.25620723	-0.36787087	0.07325347	-0.12979484	-0.070152864	-0.13290568	-0.04476379	0.24848147	0.033487424	0.120236024	-0.114570454	-0.036871556	0.20722058	-0.55659306	0.24144347	-0.2252517	0.31176764	0.11978642	-0.13822109	0.09791753	0.14356442	-0.06950804	-0.20001286	-0.14078619	-0.20109774	0.01213574	-0.09977137	-0.07180394	-0.21114449	0.09562493	0.18903542	-0.0754889	0.010062445	-0.25127846	0.26730603	0.086948656	0.20223987	0.071271636	0.018005898	0.12098177	0.055812333	0.14357571	-0.15420997	-0.2182781	-0.14910088	0.023857241	0.2798638	0.038146228	0.13931803	0.052998364	0.32427576	-0.009356532	-0.034168866	0.12642382	-0.18656574	0.17239816	-0.05707949	0.027350035	-0.3953679	-0.15175684	0.0702413	0.201527	0.25535983	-0.11138541	-0.11393344	-0.045805823	-0.050119773	-0.3067859	-0.09286058	0.039992955	0.14892244	0.008723759	-0.40721446	0.071434036	-0.371239	-0.4452594	-0.1359735	-0.2107565	0.05208871	-0.15319534	-0.14263375	0.2606169	0.056847963	-0.02905656	0.026345752	-0.0023780004	0.08681287	-0.53698266	0.12937969	0.077325284	0.029903373	0.2657642	-0.039902944	-0.41313928	-0.36257833	0.3899698	-0.03901158	-0.07836065	0.13789724	0.42678425	-0.14795265
-0.24512649	0.040762436	0.06478871	-0.06768253	0.413983	0.2296078	-0.057932887	0.21221317	0.21148653	0.09519883	0.15351972	0.00058460305	0.043306656	-0.0594363	-0.1426104	-0.15581727	0.16037321	-0.19493015	-0.060457677	0.13206284	0.008620125	-0.17131151	-0.3208586	0.0022768835	-0.2492094	0.123854116	0.02421918	-0.17046219	0.14856659	0.28121206	-0.2369197	0.12049477	-0.13705869	0.22388478	0.24847211	-0.20226431	-0.37538052	0.022629416	0.02887941	0.009510443	-0.27092385	-0.07063077	-0.16957377	-0.11564452	0.35506132	-0.05240281	0.33368462	0.15042335	-0.20791781	-0.10368435	0.096685775	0.03528105	0.19032782	0.11619637	-0.031226741	-0.24523227	-0.1298767	0.13049054	0.3007555	0.014685032	-0.09301052	0.09273343	0.16139735	0.44161525	0.28934526	-0.01596535	0.039393485	0.26455042	-0.038532905	0.028619455	0.30273414	-0.020417355	-0.013147314	0.056986965	-0.19204342	0.047520984	0.22442618	-0.08869024	0.0782498	0.12053437	0.052445203	-0.076996535	0.03504795	0.27318034	-0.31262338	-0.27359167	0.33391178	0.089505255	0.020440396	0.12194113	-0.14702865	0.20836489	-0.2859493	-0.24508686	-0.18024266	-0.063272916	0.20752905	0.12510252	0.0684315	-0.38345453	-0.14301388	-0.4064982	-0.28155178	-0.25420988	-0.14361067	-0.05591669	0.06550767	0.12102458	0.37177137	0.33996674	0.06858821	-0.07411006	0.04341649	0.0014741223	-0.37934935	-0.0290424	-0.0712931	0.20372428	-0.00570759	0.2679302	-0.009303194	0.043320436	0.13555431	-0.07681009	-0.19931483	0.041910186	0.30613166	0.026785642
0.14436924	-0.18119502	-0.20776379	0.14265716	0.15816852	-0.008909879	0.41264814	0.41182816	0.073004484	0.25954062	-0.25539815	0.2525257	0.19661288	0.0029688196	-0.27053457	0.55983126	-0.040501412	-0.48828247	0.07667208	0.12502326	-0.12128723	0.062172778	-0.21322547	-0.50872517	-0.4968144	-0.35409072	-0.26443854	-0.23251294	-0.07556203	0.13962904	0.07561209	-0.09698856	0.08561559	-0.22780596	-0.029689187	0.09332218	-0.5943175	-0.2948188	0.2403043	-0.17286003	-0.6877694	0.33823678	-0.48863268	-0.24999844	0.12802617	0.16355471	0.040684495	0.12948842	0.19036508	-0.11535164	-0.06496365	0.024078073	0.09475479	-0.037103813	-0.15077311	-0.11163525	0.20833461	0.30836377	0.336171	0.33396024	-0.42790666	0.051076178	-0.6182371	0.026161198	0.47505045	0.15442282	-0.24419305	-0.09809	-0.05296883	-0.17362848	0.2356572	0.31782138	-0.24060786	-0.20265435	0.2299351	-0.31025276	-0.05589024	-0.2685545	-0.009140352	-0.091482006	-0.12244234	-0.3388749	0.056403305	0.6029084	0.15229352	0.06912825	-0.07158215	-0.17708838	0.12518305	-0.23992051	-0.21901318	-0.39144412	0.17809664	-0.18414187	-0.20330735	-0.036000974	0.270478	-0.019345878	0.20295188	-0.19357197	0.0055335076	-0.4735661	-0.43121985	-0.43981665	-0.09831677	0.22362995	0.24328688	0.6047549	0.2722995	0.3758684	0.056882262	0.118983075	-0.015059897	-0.22319454	-0.15561049	0.65938157	-0.082178734	-0.110563226	0.006642104	0.10244695	-0.41523686	-0.027099472	0.46450683	0.07138064	-0.0340404	0.029048538	0.3324526	-0.20622468
-0.20514387	-0.51783985	0.67619854	-0.29246432	0.5148754	-0.18429624	1.0915078	-0.034816254	1.0026746	0.233168	0.19981848	0.15755408	-0.3291177	-0.23430562	-0.03075166	0.19087024	0.67457724	0.14608318	-0.49303982	0.0661219	-0.19868599	0.26293388	-0.6293227	-0.36674795	-0.54793113	0.23824014	0.079104155	-0.055074777	0.04323997	-0.1565233	-0.097316176	0.036030084	-0.20248564	-0.43082502	-0.45650315	0.40389565	-0.6366039	-0.42186216	0.22929753	0.19710022	0.42150682	-0.055396184	-0.54410523	-0.2021371	0.45416543	-0.62606376	-0.31928575	-0.15399332	-1.030683	0.008022237	-0.4656391	0.7072586	0.85948265	0.1486718	-0.20747326	0.46897402	0.38815758	-0.3175913	0.245108	0.30874297	0.058841646	-0.289438	-0.35346344	0.58718216	0.5254478	0.13679492	0.07369377	-1.2821465	-0.21896553	-0.14298451	-0.58042955	0.44859776	-0.34449747	-0.31959254	0.23280817	-0.6551549	-0.45227864	-0.1273495	-0.09384784	0.39203253	-0.7888486	-0.3712578	0.95795053	0.33409956	0.106209174	0.24932842	0.70848954	0.11582772	0.4755753	0.4703615	0.46534124	-0.55378246	-0.81676275	-0.29255688	0.2889784	0.22922985	-0.21483691	0.06581951	0.22122672	-0.15723799	0.07795255	-1.1329179	-0.5943257	0.07362826	0.9486225	0.69155806	-0.16701142	-0.8269376	0.5483173	0.5996785	0.521908	0.4053234	0.32289574	0.023480013	-1.0131414	1.0163192	-0.7608104	-0.22279294	-0.16367513	0.05037272	-0.3370951	-0.3011729	1.0525502	-0.5430916	-0.5332187	0.298032	0.53759503	-0.0364542
0.30965707	0.31459102	-0.029747477	0.27048367	0.34740677	0.89043367	0.20881194	0.41252047	0.50033176	0.39575702	0.011589995	0.4376122	0.26226315	0.3810423	0.7268547	0.9192687	-0.41746384	-0.19130014	-0.107987955	-0.22006395	-0.55211693	-0.24205221	-0.7338368	-0.004046774	-0.49586937	0.8651639	-0.12867346	-0.32402888	-0.3400676	0.5822045	-0.20380116	-0.49148712	0.13974047	0.108041786	0.3347581	0.00041999412	-0.22044325	-0.33261713	0.37176365	-0.34657177	-0.13495472	0.38653192	0.040035617	0.09426808	0.4224586	-0.31977707	-0.3066216	0.02747001	-0.17853637	0.061180536	-0.57478297	0.7397887	-0.17085971	0.28243375	-0.078682534	0.010289513	0.06828271	0.5575787	0.5064219	0.026297348	0.084291644	0.6359785	0.44832122	-0.17969587	0.13623932	-0.013377651	-0.22842483	0.6962882	0.4393407	-0.44083148	0.28606153	0.11218483	0.4028072	0.19467309	0.4940597	-0.5010737	0.48419663	0.08766413	-0.3619747	-0.27679557	-0.72425437	-1.1802201	0.41741216	0.6622684	0.17429817	-0.5433117	-0.034237098	-0.23252055	0.01788893	-0.019045897	-0.080023296	-0.43777388	-0.94653916	-0.20166919	-0.4696883	-0.2705082	0.4503695	0.51829016	0.058673352	-0.24420103	0.5890165	-0.8752274	-0.3380241	0.127547	-0.37826046	0.90622485	0.14768729	0.7603876	0.572485	-0.026796268	0.49368712	0.5542374	-0.25179762	0.03271315	-0.58260053	0.39943138	-0.8058389	0.18658994	0.6524884	0.6752691	-0.14977638	0.26876816	0.78436315	-0.09214556	-0.5991293	-0.27818066	1.142917	0.14177626
0.2075632	0.34216985	-0.23241685	-0.32621852	0.30603582	0.17384462	0.04398065	0.27656472	0.32154992	-0.14781752	0.048437543	-0.033820193	0.13672774	0.11070817	-0.28598017	0.054755352	0.49023393	-0.62099004	-0.48175263	0.12466179	0.042206354	-0.59903	-0.0799751	0.3636417	-0.72618073	0.045884077	-0.38109943	-0.44608563	-0.35097903	-0.052544698	-0.23159224	0.16255973	0.23803702	0.30631113	0.3027266	0.07423358	-0.58884424	-0.5858657	-0.6336925	-0.18228576	-0.25303304	0.089961894	-0.64415586	0.24983542	-0.33953324	-0.24192262	-0.05579569	0.32292494	0.25023338	0.26711613	-0.23182063	-0.27494857	-0.031259213	-0.018861206	-0.15866289	-0.5359526	0.16675045	1.1435933	-0.2874267	0.6917692	-0.589689	0.71781784	-0.44148353	0.39209542	-0.043555703	-0.08608407	0.32598075	-0.019147778	-0.21372838	0.12837082	0.03072189	0.27387103	0.42883143	-0.091246784	0.43736973	-0.3061938	0.39066383	0.17398782	0.06604051	0.14190629	0.006035752	0.01001535	0.5237516	-0.09026887	-0.05742085	0.091762595	0.042905815	-0.20231353	0.017892847	0.3632817	-0.42724952	-0.20035236	-0.45743322	-0.1743102	-0.4533287	-0.14556772	0.3679416	0.01280248	0.34289804	-0.688783	-0.39452827	-0.40349382	-0.35298082	-0.50021255	-0.050796535	-0.3884164	-0.09525269	0.13363242	0.39504918	0.050325558	-0.14272529	0.548066	0.15383029	-0.327913	-0.2893682	0.038678113	-0.108205825	0.31455442	-0.072629996	0.37853417	-0.00941127	-0.20176616	-0.074085206	-0.2925583	-0.30642438	0.13239452	0.053623576	-0.052266333
0.22812092	0.18440482	-0.0868589	0.1154176	0.56734896	0.14831461	-0.469032	0.54180217	0.047406975	0.033533197	0.09235141	0.45628393	0.33055624	0.19088842	0.023160614	0.5456527	0.74601966	0.1260044	-0.143604	-0.051064707	-0.32355142	-0.583269	0.029545847	-0.24835147	0.11744818	0.050678547	-0.6300277	-0.26642084	-0.074346416	0.11663601	0.11251105	-0.40107486	-0.19467078	0.39167905	0.40611723	-5.6516597e-05	0.31470874	-0.15114823	0.3535972	-0.05164426	-0.5855584	0.5444484	-0.35401526	0.23468226	0.053311836	-0.50751233	-0.2596351	0.5426533	0.29059196	-0.15760498	0.15849999	0.16152306	0.13121593	-0.0131847365	0.16449529	0.334365	0.6190985	0.73397887	0.44276917	0.017462226	-0.28531078	0.3186972	-0.41713592	0.387838	0.24336602	-0.066435724	-0.25728154	0.48498273	0.18395814	-0.13167562	-0.029826555	-0.05308793	-0.25957385	-0.38513857	-0.39912346	-0.1432611	0.09206484	0.5008435	0.005640332	0.34314823	-0.5808982	-0.569411	0.35206935	0.40823564	0.60360783	-0.5765209	0.09756184	0.052405898	0.6817984	0.084837385	0.4620575	-0.5076803	-0.20552664	-0.21717642	-0.15461966	0.1458917	0.6274498	0.009068315	0.30579928	-0.13097602	0.03827615	-0.63066196	-0.8537962	0.14846215	-0.3767462	0.14354445	-0.10293739	0.40661263	0.36367944	0.12791328	-0.33496204	0.20038061	-0.13293324	0.010072479	-0.32695758	0.24191292	0.036021296	0.02519051	-0.022325793	0.001824561	-0.09366028	0.25489885	0.7055261	0.31870896	-0.051307894	0.3762541	1.1876241	-0.36714193
0.12674709	0.2085575	0.011541708	-0.12670033	0.12703997	0.00255935	0.06410057	0.11971941	0.21278107	-0.006382399	-0.060074862	0.1215855	0.1930472	0.04513955	-0.09538064	0.10632716	0.12964353	-0.0073356885	-0.11491155	0.25621194	0.22153135	-0.27348146	-0.3798197	0.09072176	-0.26276952	0.34457734	0.052751247	-0.13751332	-0.078455135	0.10973891	-0.12492411	-0.023985723	-0.07703603	0.059713513	0.14818464	0.14925866	-0.23163633	-0.044383172	-0.08088025	0.11651308	-0.08318257	-0.12916489	-0.3004235	-0.2680825	0.017327925	-0.21457548	-0.033248007	0.033829853	0.0070221853	0.13632719	-0.03989538	-0.050677456	0.10175826	-0.18284804	-0.014737382	-0.1675089	0.054604433	0.0779617	-0.14594844	-0.16315575	-0.11496879	-0.033546668	-0.22248243	0.027478479	0.011534728	-0.15960607	-0.024271363	0.08939065	-0.086461335	0.045777664	0.009428199	0.06434085	-0.04622997	0.18514891	0.049617954	0.1142709	0.045864496	0.11419317	0.08444713	-0.1759337	0.1234627	-0.21214242	0.20575912	0.08171677	-0.0108609805	-0.18249254	0.013860895	-0.08574619	0.3377818	0.106542595	-0.1853392	0.05404016	-0.037885755	-0.16624413	-0.17142124	-0.064230375	0.17653657	-0.023657886	0.1433021	-0.3181769	0.010900331	-0.22789744	-0.16966906	-0.045299772	-0.13540448	0.13709371	-0.12296349	0.048749786	0.025952939	0.06097699	-0.07349079	0.15959577	0.0777109	0.07154427	-0.290123	-0.027217813	0.011973443	0.0054715727	0.11146229	0.17474297	-0.1057719	-0.2175393	0.07997965	-0.10705575	-0.02005679	0.13313067	0.1481922	-0.1414615
-0.5278758	0.7618291	0.13488024	0.1655484	1.395536	1.0305355	-0.0051600924	0.3508421	-0.6353185	0.6836224	-0.27364162	0.74382913	0.42161596	0.8440649	-0.86459845	-0.27558097	0.25023636	-0.24666435	0.32327163	0.091328725	-0.2938626	-0.062258273	-0.94948673	-0.766936	-1.1800659	0.4793203	0.13944788	0.22092329	-0.17057206	-0.8307589	0.087096564	-0.4215851	-0.015962994	0.051539794	0.69134027	0.68053514	0.60465556	0.6247443	-1.2139275	0.099094175	-0.31299287	0.25536355	-0.5410691	1.8143753	0.044992596	1.1156305	-1.016235	0.94341594	0.22199677	-0.13665655	-0.7159224	0.5810622	-0.9504948	1.1309404	-0.9377239	0.48655674	-0.6567669	1.2308782	-0.18674715	-0.42959806	-0.05782351	-0.086203	-1.3756069	-0.5487428	0.092206314	0.27458254	-1.4034332	-1.0085864	-1.236486	-0.170634	0.16702028	0.66794634	-0.16615537	-0.54116744	1.1515515	0.38700357	0.56456745	0.052539296	1.1118833	0.4839646	0.19725296	-0.42551	-1.5303758	0.19652005	-0.4539847	-0.6216905	-0.24073307	-0.53389066	0.8461853	0.45943373	-0.51675236	0.32708403	-0.45357764	-0.2216779	0.010712653	-0.36758462	0.51359975	0.06644646	1.2868459	-0.7866982	-0.037173007	-0.9747779	0.83193064	0.57490104	-0.627322	-0.7905359	0.6991756	0.16184577	0.106655695	0.644396	-0.040103924	-0.1420053	1.4982148	0.07729546	-0.77582514	0.773366	-1.0695616	-0.06953593	-0.33101487	-1.4471186	-0.7318691	-0.5477036	0.5856307	0.67818207	-0.4488115	0.33099863	0.6542981	0.47090673
0.13772991	0.16603455	0.07004944	0.27312982	0.7616906	0.82510877	0.2594663	0.48670834	0.2954557	0.07358244	-0.111199714	-0.19403511	-0.49218652	0.12516427	0.59076947	-0.2252587	-0.2817171	-0.7857989	-0.4919551	0.038583655	0.33060575	-0.92371607	-0.1676906	0.39333054	-0.60767996	0.75761735	-0.75537777	-0.65597606	0.045293067	-0.28064504	-0.9211499	-0.15508416	0.5275657	-0.4446594	0.03190845	-0.20057242	-0.77965474	-0.33833194	0.4051239	0.252845	-0.6654817	-0.33123213	0.15399192	-0.32472426	0.2984142	-0.386997	0.1400762	0.648283	-0.51609486	0.34251657	-0.5074187	0.10906016	-0.14813823	0.3871651	-0.1069959	0.2127027	0.16812316	0.33816934	0.44928423	0.29926226	-0.08208784	0.06199768	0.7227014	0.23138748	0.21880622	0.25213018	-0.36518887	-0.49296004	-0.026034124	0.33076602	0.5055974	-0.50436574	-0.148259	-0.057284728	0.76908475	0.60341007	0.5096212	0.69396645	0.22452681	0.02711531	-0.13879187	-0.12124457	0.10777559	0.44465017	0.08217146	-0.48032787	-0.1765085	0.09741463	0.7356655	-0.14287545	-0.06474806	-0.1373795	-0.7837602	-0.15155812	-0.5256718	-0.7599661	-0.3151719	-0.30614886	0.3090217	-1.0706913	-0.26979604	-0.63830614	-0.21249755	0.056242876	0.25441694	0.13600428	-0.22934958	0.0315982	0.84057575	0.13946354	-0.48457098	0.13010369	0.30747756	-0.11894244	-0.553652	0.21933138	-0.5675305	-0.27755347	1.0279102	0.39243102	-0.25353295	-0.33122694	0.647953	0.24637492	-0.397414	0.19769867	0.797029	0.4866951
0.24587668	0.1863969	0.037237007	0.42537582	0.8800376	0.8631895	0.31642595	0.43087503	0.30637974	0.09882031	-0.11970481	-0.25252944	-0.54754823	0.052839592	0.5770132	-0.26531902	-0.14697891	-0.8593182	-0.4210304	0.04619661	0.22112216	-0.83842206	-0.25209057	0.4001214	-0.46700004	0.8534197	-0.6923146	-0.7050428	0.059548177	-0.33964193	-0.9294219	-0.15311769	0.576166	-0.3979387	-0.024829114	-0.19699761	-0.7507836	-0.34627783	0.47880355	0.24734797	-0.642655	-0.4032064	0.18198648	-0.24986985	0.28445882	-0.321537	0.15555637	0.5803991	-0.44089812	0.3004125	-0.6045157	0.09477335	-0.0785017	0.3886643	-0.13728562	0.1765674	0.12468909	0.4300245	0.39489824	0.35284305	-0.0008520057	0.090373546	0.7244386	0.118720666	0.3127162	0.28652576	-0.3577835	-0.32928917	-0.06560475	0.32829356	0.5179694	-0.521651	0.0770396	-0.101201974	0.65641016	0.6964816	0.5358208	0.6680542	0.23925926	-0.056550093	-0.19570312	-0.16677545	0.074845225	0.46540004	0.11862502	-0.453083	-0.28130832	0.079390466	0.8102042	0.013572864	-0.05731852	-0.2652845	-0.83369666	-0.23698932	-0.5795456	-0.7277097	-0.21446292	-0.41603565	0.5410336	-0.94266903	-0.1705101	-0.5202556	-0.3615262	-0.03728867	0.2526011	0.17171077	-0.20718212	-0.048949424	0.9181599	-0.013417328	-0.5113905	0.2142057	0.28601938	-0.16501759	-0.5092836	0.20821509	-0.59037477	-0.25875363	0.8556334	0.43251413	-0.07726671	-0.3993308	0.6845847	0.1126377	-0.5503815	0.09840657	0.6265951	0.5211396
-0.15403426	0.32080302	0.11459743	0.43424022	0.59068924	0.23600343	0.052400783	0.25154164	0.7218739	0.18039207	0.034680612	0.11701467	0.29141524	0.21090706	-0.23310341	-0.08149964	-0.24749951	-0.27330068	-0.026819123	0.10666529	0.13912798	-0.17713192	-0.21642916	-0.15633394	-0.1599703	0.44818777	-0.055981968	-0.43179974	0.022633161	0.76297635	0.0134851625	-0.26508498	-0.16920212	-0.07380918	0.25087175	-0.3640326	-0.35955423	-0.4886118	-0.052881423	-0.33633125	0.12248296	-0.28765428	-0.06707432	0.21652599	0.10918935	0.08941452	-0.06536569	0.097518064	-0.00013453778	-0.04183999	-0.491855	0.5691221	0.58959013	0.45118278	0.014591833	-0.363688	-0.024875954	0.2845997	0.14563623	0.05498791	0.09566383	0.24329442	-0.3925413	-0.3160492	-0.25888273	-0.0972531	-0.05209294	0.40909007	-0.2732124	-0.20337717	0.26513118	-0.10374035	0.21930747	-0.12012491	0.13401736	0.22280763	-0.31279206	-0.060402017	-0.14834568	0.23544912	-0.32558402	-1.2308192	0.47023502	0.5876759	0.1614029	-0.6998186	0.78559905	-0.35954252	0.43738794	0.23626317	0.3121162	0.017991014	-0.60907406	-0.2556983	0.2777588	-0.09750255	0.108165644	0.4449491	0.32727265	-0.5849527	-0.07373668	-1.4280322	-0.27706444	-0.22074902	0.276588	-0.054925863	-0.060956404	0.10479349	0.20769326	0.85961556	-0.035004508	0.22822967	0.021579145	0.21234286	-0.2759327	-0.265755	0.065766975	0.2178353	0.02236677	0.28840652	0.041523516	0.10008984	0.31034434	-0.14219676	-0.26661536	-0.33819664	0.5210683	-0.18992247
0.1184789	-0.46179348	0.12844093	0.06656203	0.25378954	0.276305	0.020095259	0.19027771	0.37883475	-0.1614236	-0.09772205	0.31150782	-0.342164	-0.21689913	0.40102428	-0.20999978	0.06641001	-0.59370273	0.09505559	-0.11183526	-0.32228327	-0.38678145	-0.16787997	0.03429995	-0.46554565	0.50404495	-0.26889327	-0.0902118	0.0048404713	-0.027045574	-0.21669836	0.24671468	0.04562193	-0.017438816	0.124012925	-0.34861934	-0.49549612	-0.63145775	-0.1367865	0.06934155	-0.17960131	-0.099319346	-0.39624777	0.049224336	-0.045579605	-0.32059142	-0.14108425	0.31756884	-0.31558642	0.050067537	-0.5588584	0.083617166	0.3061841	0.42955762	-0.2586544	0.17205548	0.08082822	0.48102057	0.06617575	0.06196835	-0.050707914	-0.306763	0.38290387	-0.012049602	-0.1411159	0.16788594	0.035384916	-0.2659591	-0.05719265	0.031214472	0.27092984	-0.1097037	0.10317829	-0.25088242	0.14180605	0.47424772	0.260257	-0.12868436	0.3260487	0.17019077	0.17950884	-0.20533888	-0.04391602	-0.12828073	-0.2926886	-0.07156338	0.04795033	-0.13726547	0.21698128	0.24017063	-0.22741944	0.026434483	-0.24059096	-0.050917443	0.04745452	-0.40983644	-0.092804156	-0.14065732	0.10337829	-0.2575491	0.096303634	-0.32642806	-0.24830608	-0.13606893	0.17530362	0.049799506	-0.047733016	-0.0707514	0.1332337	-0.02145929	-0.20424628	0.12161426	0.37063813	-0.0722581	-0.457694	0.10792655	-0.8103043	0.074995436	0.45473453	0.14012732	0.12737066	-0.5111628	0.27334714	-0.18720002	-0.30087733	0.102239154	0.24891923	-0.07297061
-0.13873409	0.2831193	0.37011606	0.17132962	0.48655623	-0.073609665	-0.1197314	0.6170248	0.5101694	0.12522109	-0.18788344	0.493245	0.27387527	0.02767372	-0.2077084	0.048372224	0.1859498	0.040139608	-0.04795065	0.08447179	0.14731301	-0.68439656	-0.57231855	-0.16362889	-0.3438641	-0.033200335	-0.5681068	-0.20218615	-0.04868135	0.018316502	-0.010742311	0.13561334	-0.074335665	-0.14229193	0.014030136	-0.16265805	-0.30889142	-0.20684355	0.06151425	0.40179226	-0.40322822	0.1897059	-0.058100257	-0.0851812	-0.2777153	-0.12047433	0.09184769	0.67214495	-0.27225307	-0.33587474	0.25866085	-0.10871779	0.15140611	-0.32620254	-0.27656612	0.14760758	0.055036716	0.37250674	0.018384313	0.14607552	-0.18479006	0.11156777	-0.08300171	0.41424453	-0.03999433	-0.09914535	-0.10195453	-0.39301965	0.0581486	-0.14586383	-0.1474936	0.37511054	0.008835325	-0.12887596	0.12819791	0.21461283	0.0834273	0.39054224	0.010641027	0.06251783	0.4097731	-0.1024183	0.026089856	-0.07541053	0.22491056	-0.40186885	0.13595177	0.12966321	0.20243226	0.20885539	-0.016324485	-0.39657572	-0.13503829	-0.20101433	0.0154863	0.18571562	0.06310993	0.24099107	0.2921182	-0.6422126	-0.12630217	-0.47275853	-0.76957774	0.039363228	-0.2612466	-0.28707176	-0.23684175	-0.0016653964	0.3852951	0.28175852	0.1390277	0.2712365	0.41768423	0.398972	-0.26039103	0.10613044	-0.101472646	0.13664244	0.12519808	0.26295102	-0.38082284	-0.40260154	0.4438818	-0.17147113	0.16685249	0.27943057	0.4473375	0.021873366
0.117611565	-0.1077131	0.07355942	-0.18044673	0.37434825	0.19413778	0.22903089	0.12743899	0.34363103	0.32592076	0.06118014	0.9204069	-0.29280314	0.12150879	0.6934681	0.16754597	-0.625398	-0.04192495	0.14505745	-0.3001254	-0.09089047	0.37401462	0.19515832	-0.4387413	-0.6635698	0.83765006	-0.43790737	-0.054804254	-0.6038935	0.61138844	-0.9130883	-0.25543275	0.29009196	0.022049043	-0.0812002	-0.19364557	-0.6939653	-0.40178853	-0.042862423	-0.024977384	-0.9293761	0.011912134	-0.1764406	0.7872226	0.12142375	0.18831876	0.22286077	-0.36874193	-0.6384525	0.6392365	-0.5644127	0.29740766	0.52792835	-0.11132025	0.017200654	-0.3898274	1.2266712	0.7743947	0.3884915	0.5012483	-0.45552546	-0.58305526	0.19086848	-0.57312125	0.36705044	0.08515628	-0.29827222	0.12950306	-0.5730578	0.45032656	0.19935817	0.73888624	0.91618276	-0.259862	0.34874135	0.46509194	-0.03893675	0.24034484	0.15291055	0.116721585	-0.54630035	0.39064205	-0.31931585	0.77835214	-0.15296641	0.015199599	-0.077618845	-0.5565468	0.75235564	-0.0005207766	-0.35893548	0.041925877	-0.2526097	-0.29880574	-0.13541615	-0.7315948	0.40863034	0.502734	-0.15862702	-0.14824855	0.3281718	-0.63757867	0.53055257	0.324658	-0.41817158	0.51168376	0.1895881	-0.22673288	0.5558744	0.66888434	0.16550073	0.27713013	-0.34220883	-0.92866725	-0.44062814	-0.8106445	0.24020451	-0.8974347	0.0113392705	-0.07535407	0.9586716	0.39090678	0.36289692	-0.21655686	-0.1754383	0.3553471	1.1956618	0.17734538
0.07004823	-0.013674781	0.09910638	0.07563676	0.17530607	0.08539695	0.06754995	0.3083318	0.051886875	0.0464722	-0.115089566	0.2551846	0.11487106	0.067153834	-0.0046247416	0.05389973	0.07067286	-0.19100867	0.034615565	0.120961756	-0.1236192	-0.05906271	-0.16425656	-0.18285547	-0.30048537	0.03415294	-0.24548887	-0.08383463	0.08615567	-0.02819678	-0.03244654	-0.0036276877	-0.018497385	0.08989964	-0.06351788	-0.20273426	-0.3890064	-0.14489368	0.051678654	0.030539868	-0.22232994	0.09790218	-0.14987028	-0.032731526	0.074027896	0.03625114	0.13624619	0.26838848	-0.08468964	-0.16590004	0.08369585	0.09046949	-0.054905705	-0.020028928	-0.050062366	-0.043098375	0.16830249	0.23790206	0.045980908	0.026262037	-0.20290032	0.011031854	-0.19508289	0.09125314	0.023705186	0.073148124	-0.08036955	-0.114227444	0.04445918	-0.06893227	-0.07545579	-0.016284218	-0.05838338	-0.113601096	0.09731888	-0.055689726	-0.022942735	0.026627405	0.14913207	0.0061928034	0.120065615	-0.2867593	-0.043918017	0.0359619	0.09001866	-0.009754987	0.11441278	0.040792476	0.028571472	-0.03388206	0.019099277	-0.25590983	0.003541037	-0.1025162	-0.03546272	-0.08932244	0.12124229	-0.046544798	0.08576465	-0.1345235	0.10314115	-0.30070645	-0.37583637	-0.14871162	-0.018099139	-0.25982744	-0.17376564	0.004236124	0.17697887	0.11604739	0.10786101	0.10005142	0.05624547	0.015624237	-0.055553474	0.19584262	-0.21852197	0.12185592	0.03603712	-0.018975636	-0.22289217	-0.014158155	0.16290174	-0.03639626	-0.026499249	0.06433697	0.12296095	-0.050049763
0.69647443	-0.26058662	0.122666374	0.48075965	0.27364382	0.09860027	0.60078824	0.25302523	0.7529452	-0.291063	-0.12649216	0.71445227	-0.11562071	-0.15423289	0.21221794	-0.56422085	0.17546202	-0.9305009	-0.36518943	0.5163552	0.08683826	-0.1916555	-0.21557413	0.59114444	-0.99360055	0.7054522	-0.23051251	-0.12429227	-0.30784935	-0.31169584	-0.05323264	0.17216727	0.024231393	-0.40201616	-0.60303736	-0.2770455	-0.8229786	-0.44212267	-0.22873628	0.12370719	-0.61703926	-0.39677966	-0.48406348	-0.4188877	-0.16378292	-0.681447	-0.27220646	0.48813665	-0.30440664	0.013296956	-0.37396792	-0.12976728	-0.16581132	-0.31199777	0.18788967	0.037892587	0.18054938	0.4290071	0.28727058	-0.040234298	-0.17613345	-0.5954682	0.41654107	0.15798955	0.30859235	-0.081761554	-0.39703038	-0.4134056	-0.35823795	-0.1074656	0.0351383	0.25180253	0.05239576	-0.15139985	0.41859818	0.35693842	0.31103262	0.04576023	0.0096810525	-0.03952994	-0.005503442	-0.51061064	0.23014115	0.37131116	-0.54084057	0.17676689	0.022382535	0.1593348	0.33195472	0.20439914	-0.35585868	0.0023243725	-0.58494157	-0.43540448	0.21856068	-0.81588036	-0.111858115	-0.57877743	0.10042232	-0.09390206	0.17353088	-0.4118739	-0.92138225	-0.1708874	-0.008619792	-0.19655687	0.03224039	0.5646056	-0.12730391	0.070261955	0.3471174	0.4693393	0.22683223	-0.44211504	-0.7476208	-0.14672633	-0.5084835	0.24496774	0.78028625	-0.08545993	-0.20218886	-0.41801164	0.14204483	-0.10847952	-0.48858184	0.1823322	0.6056926	0.14373842
-0.21236908	-0.5027366	0.8645502	-0.056620944	0.23959352	-0.20050214	1.1461779	0.10199339	1.2445083	0.04438506	0.17502499	-0.11057371	-0.33692005	-0.26436624	-0.14101583	0.13456978	0.8176692	0.2786321	-0.42075682	0.06763921	-0.2077268	0.1364345	-0.78585917	-0.29781955	-0.87552714	0.3200091	0.3701311	-0.22688027	-0.07171882	0.025848199	0.20469922	-0.14331535	-0.33623517	-0.37582144	-0.42467666	0.7237725	-0.61023706	-0.40857357	0.25679603	0.01615212	0.6853704	-0.22629857	-0.534941	-0.57708436	0.24750708	-0.6649142	-0.30475324	-0.12710857	-1.2474848	-0.003637182	-0.36993545	0.7633849	0.85448647	0.15100668	-0.31013858	0.62712973	0.35105804	-0.42920816	0.3269957	0.103738986	0.17027904	-0.26650077	-0.483378	0.552762	0.6959031	0.12820348	0.17946306	-1.3160396	-0.24241373	-0.44470486	-0.4095382	0.2775094	-0.3946173	-0.5903006	0.04193933	-0.5695456	-0.23036824	-0.19210684	-0.027177587	0.53117853	-0.71062255	-0.60195404	0.853496	0.33186838	0.015308166	0.30757633	0.5355345	0.19986908	0.49575013	0.62683547	0.31209508	-0.51462203	-0.78789485	-0.363457	0.26304883	0.1141182	-0.115823686	-0.011394392	-0.10363857	-0.07870654	0.2162212	-0.96201426	-0.57266605	0.082274124	0.899029	0.593698	-0.022494316	-0.71264535	0.38227558	0.6744655	0.31313527	0.6108105	0.34680414	0.2285081	-1.104073	0.7515089	-0.7503345	-0.20639746	-0.0514568	0.1668182	-0.096746095	-0.62202007	0.9126016	-0.5932279	-0.55154973	0.38164446	0.33782506	-0.16516669
0.1752252	0.12121796	0.9678712	0.3562445	1.2806604	0.45057675	0.4708208	-0.26836553	0.6623479	-0.10477541	-0.56065637	0.06373289	-0.39962304	0.037992697	0.17817096	-0.31767067	0.33946472	0.04639724	-0.59727126	0.43612057	0.85608584	-0.3437776	-0.8218344	-0.75280434	-0.41122177	0.7122816	-0.16047218	-0.57034427	-0.44435725	0.021514352	-0.38515604	0.1807115	-0.21893382	0.58670664	0.014203819	0.30099797	-0.44317684	-0.1840092	0.6344108	0.630578	0.8258061	-0.26913762	-0.79531217	-0.32820895	0.59898746	0.15346934	0.44048557	0.37358266	-0.8281737	-0.45613363	-0.22877973	-0.2706766	-0.17614573	0.6448273	0.23587354	0.62184274	0.5880837	0.5233747	0.50063336	0.45525762	-0.021755107	0.2040471	-0.18786433	0.09663513	-0.22505866	0.18457611	0.21019183	-0.55993676	-0.4075708	-0.08086563	0.17782016	-0.2109573	0.19111948	0.21035859	-0.60244685	0.28120244	-0.2380111	-0.33213145	-0.45067245	0.072779395	-0.04074407	-0.036401812	-0.27916598	0.058172464	-0.2740766	-0.37944013	0.09556491	-0.27854493	-0.43347266	0.6841176	-0.79133207	-0.048539136	-0.6071987	0.1305362	0.0011918527	0.80407614	0.2876021	0.6889381	-0.27384052	-0.5208211	0.15288644	-0.24642447	0.36362004	0.122520864	0.9444731	0.6488177	-0.41410953	0.24590598	0.7072756	0.46245864	0.16104914	0.37610593	0.2250337	0.043321464	-0.11772652	0.15208763	0.08730443	0.0030183198	0.57099235	0.34953845	0.17550005	0.7991633	0.29676944	0.98031414	0.16254829	-0.20627327	0.04573647	-1.2711681
0.24493076	0.21928774	-0.048501212	0.1366549	0.43716177	0.20184222	-0.46588543	0.6103159	0.13194795	0.11950041	0.004534251	0.4983329	0.3398921	0.36668396	0.044613574	0.6277338	0.8097582	0.1701708	-0.2306191	-0.015338452	-0.4462597	-0.58103776	-0.15536699	-0.24484064	0.050714016	0.085069396	-0.4803128	-0.21675242	0.026927907	0.17336571	0.1513455	-0.29938215	-0.14737548	0.41764608	0.3769152	-0.016175758	0.2554867	-0.15008152	0.34295654	-0.28816065	-0.5855581	0.54813415	-0.3912495	0.26870337	-0.0032991557	-0.57253796	-0.32933682	0.4224432	0.19527255	-0.26115236	0.20615527	0.18146484	0.13643609	-0.13944843	0.1830371	0.2298928	0.5475617	0.6812023	0.37394795	-0.032461148	-0.38569546	0.35286626	-0.34737298	0.39585334	0.13180491	-0.21544956	-0.16656859	0.5987523	0.20668352	-0.1903298	0.035745904	-0.05743227	-0.2122128	-0.38810456	-0.32887992	-0.122632906	0.21217139	0.32856885	0.18354759	0.33837655	-0.58420986	-0.61777145	0.43526644	0.3363256	0.4876426	-0.44786885	0.093404725	-0.027039258	0.6326825	-0.011141764	0.3355842	-0.36563632	-0.26090991	-0.2703261	-0.019062521	0.08993049	0.6409525	0.12880628	0.30182314	-0.24201709	0.037051145	-0.61064357	-0.85173863	0.097841464	-0.29317722	0.055366796	-0.097796135	0.50340056	0.24741045	0.27527577	-0.28867623	0.12573692	-0.10310106	0.068304546	-0.24841836	0.2206726	0.05539307	0.1274732	0.09821251	-0.00011372866	-0.02578378	0.05516689	0.6386728	0.17505798	-0.13985948	0.3970718	1.0031257	-0.35740605
0.14801052	0.15882035	0.034218613	0.0006711693	0.30354106	0.33980528	-0.4525584	0.2801888	0.16746502	-0.115631014	0.052648693	0.3063031	0.39276394	0.19846582	0.005690717	0.31209514	0.3883828	0.23664497	-0.07706306	-0.055451583	-0.28451544	-0.24145293	-0.19899035	-0.086435474	0.028401673	0.2650614	-0.33243656	-0.2997082	-0.048844226	0.11638386	0.1754749	-0.3712028	-0.20318036	0.25479954	0.17188382	0.07913734	0.060266014	-0.1277134	0.23174751	-0.14028868	-0.20753013	0.35297826	-0.29953036	0.25930777	-0.13105242	-0.6655083	-0.33449444	0.5650831	0.06872505	-0.09959815	-0.0031975822	0.12292184	0.23723972	-0.11513332	0.10222655	0.10006052	0.34303716	0.3408246	0.18974838	-0.07623625	-0.13371265	0.12868874	-0.31939024	0.20598435	-0.10501382	-0.09974309	-0.07116029	0.38079894	0.20589757	0.030332662	0.05995206	-0.048581	-0.082093745	-0.18632063	-0.35724935	0.03046648	0.20990975	0.26414603	-0.21119131	0.3801517	-0.36776257	-0.50697213	0.29967168	0.20519342	0.2601532	-0.5605592	0.38223043	-0.03217217	0.39930418	0.13099554	0.2681797	-0.19902459	-0.31761056	-0.3034276	-0.06491087	0.092378415	0.13194649	0.14216681	-0.03506393	-0.05083561	-0.02323895	-0.39824098	-0.48770547	0.020626342	-0.054536134	0.105293386	-0.18833621	0.30973127	-0.057805907	0.25706485	-0.2062997	0.104302295	-0.057721768	0.15011862	-0.19572304	-0.15451726	-0.021404825	0.10758502	0.07129236	0.018086655	0.08544193	0.1056672	0.441902	0.09384864	-0.014470727	0.24049063	0.6659429	-0.0683274
0.15376835	-0.12270045	0.1393708	-0.215316	0.5541562	-0.38954976	0.09716991	0.41379994	-0.0069324207	0.23805475	-0.28819183	0.28923008	0.036731455	-0.14066301	-0.08369658	0.4148126	0.5753903	-0.15508112	-0.1466886	0.21654812	-0.2471695	-0.24022219	-0.34032813	-0.27000436	-0.45753205	0.10337108	-0.37971044	-0.023663206	-0.14335625	-0.17265657	-0.16246924	0.061159223	-0.24625249	0.23907042	-0.08300501	-0.063940555	-0.14603728	-0.048309296	0.10247544	0.2696461	-0.48918915	0.040730953	-0.43413097	-0.23949799	-0.18507792	-0.2598912	0.30004418	-0.0073316963	-0.16827473	-0.22321224	0.046802282	0.11656844	-0.07120013	0.02388702	0.37169123	0.11399888	0.052656777	0.54833186	-0.20800175	0.10589601	-0.34979945	0.15621787	-0.5400561	0.16895823	0.16018169	-0.10979367	-0.018321393	-0.3305309	0.08318808	-0.2343905	-0.055363268	0.05052948	-0.33286428	-0.34959477	0.18953474	-0.33210206	-0.21538138	0.23461132	0.23238727	0.05867256	-0.4122419	-0.10182603	0.45180562	0.31107867	-0.03785839	-0.054179724	-0.21256174	0.15670225	0.41185045	-0.12373551	-0.0596872	-0.39311802	0.046899613	-0.25300327	0.042825144	0.12037215	0.17165864	-0.22990005	0.42942423	-0.29818603	-0.08171966	-0.49208075	-0.28109157	0.2875178	-0.14678153	-0.00074154756	-0.044867996	0.19751756	0.37015054	0.32120702	0.09005947	0.011757424	0.15388815	0.23124728	-0.3579344	0.23975675	0.2712239	0.11933648	0.1622174	-0.04258816	-0.3940833	0.07309764	0.56521213	0.00037200784	0.05595666	0.46581122	0.4874021	-0.34446278
0.19561726	0.12162607	-0.07004529	-0.027791103	0.112892926	-0.22478122	0.30424848	0.35030833	0.10632666	0.22814123	-0.2823041	0.23931964	0.2307208	0.02514282	-0.15568447	0.41072258	0.05946901	-0.46344656	-0.018367125	0.15711549	-0.21853805	-0.4087172	-0.3249633	-0.26936218	-0.49616095	-0.13340661	-0.21963327	-0.03662371	0.043381356	0.08965302	-0.19611411	-0.21370889	0.20222461	0.15779203	0.1774061	-0.07233239	-0.23256509	-0.31582376	0.17315498	-0.026946213	-0.41993034	0.3489183	-0.07119714	0.0566943	0.18050362	-0.06558161	0.22978626	0.28057438	-0.032180294	-0.059969846	0.16134024	0.10658051	-0.20970114	0.09836739	0.19681159	0.21338598	0.3052089	0.3740587	0.22332352	0.043347955	-0.15941606	0.31110942	-0.22810037	0.18186429	0.20816587	-0.06883053	-0.3013027	-0.079216115	0.17100166	-0.35304704	0.08173912	0.04230473	-0.26676747	-0.18498883	0.34321684	-0.14372428	-0.2343166	0.15989102	0.10574032	0.24754249	-0.27460077	-0.25342846	0.21067889	0.45410126	0.13340034	-0.047498394	-0.26728526	0.0023068492	0.16952178	-0.2999798	0.10185324	-0.4386578	0.006013025	-0.28654185	-0.0055455505	0.1531276	0.5029606	0.06933022	0.28938943	-0.43856418	0.096463166	-0.44771332	-0.67470545	-0.06500648	-0.1411432	0.13909186	0.06515275	0.43155852	0.22439815	0.22609335	0.14266773	0.30894697	0.15111697	0.29055768	-0.17969203	0.41761094	-0.04096796	-0.22861488	0.14095438	0.3900985	-0.34783196	0.23009056	0.49396494	-0.051250044	-0.244202	-0.008799782	0.7448409	-0.17745277
-0.23543836	0.19318846	0.20414424	0.18600863	0.22520864	0.16265915	-0.041834243	0.31206322	0.16768926	-0.04631441	-0.3290883	0.4306041	0.13096865	0.10935514	-0.09699106	0.092130795	0.11532073	-0.024891088	0.23601314	-0.1847977	-0.008872899	-0.6657234	-0.3392782	-0.3966461	-0.27375412	-0.13219862	-0.34219247	0.018537397	0.041194204	-0.18313242	-0.089413926	-0.29419482	0.06379752	-0.09339939	0.094486766	-0.030953199	-0.29770967	-0.29262352	0.16007078	0.26958728	-0.05551867	-0.04812404	-0.0028549568	-0.25407463	-0.01672068	0.08815463	0.1031819	0.5899617	-0.06842645	-0.16217469	0.055191524	0.112893365	-0.23029216	-0.23632133	-0.21408619	0.3044249	0.06896318	0.42985964	0.10552091	-0.04147241	-0.2309836	0.11359879	-0.46273193	0.11954123	-0.10066433	-0.12455813	-0.20734002	-0.23619376	0.13858725	-0.18350948	0.05648351	0.017391983	0.080831096	-0.13220969	0.030521367	0.16781165	0.270575	0.07938371	0.28294116	0.083341375	0.20619397	-0.3926939	-0.19412367	0.018128179	0.052814897	-0.17586462	0.087739736	0.1488936	0.12752709	0.13868554	-0.2553158	-0.25594237	-0.056087703	-0.24851324	0.016397828	-0.093957774	0.19553801	0.014422929	0.039506916	-0.5573317	-0.16508548	-0.40412623	-0.25238046	-0.018245013	-0.044953104	-0.3678492	-0.04528127	-0.09486537	0.22018513	0.09787476	0.11522549	0.19975445	0.26554385	0.20341095	-0.22601393	0.1496581	-0.48458523	0.13604467	0.07946146	0.13102345	-0.41467825	-0.28249985	0.46411988	0.032556884	0.13404216	0.14200762	0.25529626	-0.044865523
0.1562916	0.3502631	-0.0859088	0.24832405	0.34877032	0.9680376	0.036953818	0.47974357	0.6024002	0.478541	0.013229643	0.442922	0.20673269	0.28830975	0.45664236	1.0028672	-0.41483992	-0.23219131	-0.15595952	-0.31357005	-0.67936325	0.002053678	-1.0767981	0.03762357	-0.5083597	0.6912594	0.12677546	-0.31783912	-0.40783778	0.7265161	-0.18806683	-0.5789952	0.13971685	0.05113553	0.4801833	-0.1110423	0.057930917	-0.16956507	0.53017205	-0.6531038	-0.10381346	0.35720935	0.04270787	-0.04761348	0.35699144	-0.37998796	-0.2848788	0.04061163	-0.25751662	-0.1001551	-0.31624022	0.6820857	-0.03822046	0.21487767	-0.101059236	-0.03980911	-0.02470271	0.22550559	0.46061006	-0.19874123	0.25164443	0.5238628	0.42324015	-0.19861196	0.12913801	-0.045349877	-0.22681822	0.8626618	0.21687517	-0.52346194	0.4070412	-0.1305798	0.5689024	0.13488553	0.40939534	-0.68464583	0.48917118	0.07267355	-0.40518606	-0.11899626	-0.7225	-1.2694544	0.3604538	0.59638655	0.12071531	-0.30062246	0.118323624	-0.20347431	-0.008391402	-0.18626979	-0.00788677	-0.3680585	-0.96669567	-0.23050244	-0.3738727	-0.18777597	0.5123255	0.5130678	0.004514337	-0.319171	0.5909224	-1.0220647	-0.39691415	0.09855069	-0.1615924	0.7779507	0.17739919	0.7526241	0.53340757	-0.03577298	0.48683763	0.6880178	-0.3719662	-0.04040766	-0.522081	0.40564778	-0.897078	0.062192664	0.68407834	0.54375225	-0.09852342	0.04854307	0.6745966	-0.03209668	-0.6828381	-0.4420324	1.1532979	0.24342959
0.096826494	0.04593043	0.14801392	0.0710833	0.12725183	0.07311436	0.17222308	-0.028246712	0.14314073	0.068199076	0.099941835	0.19064794	0.0030671624	0.097577706	-0.0119853495	0.122552	0.13311858	-0.014203295	-0.37741792	0.089094184	0.07613708	-0.09488914	-0.2045288	-0.029335964	-0.29163274	-0.09377612	0.077909335	-0.15612309	-0.08597975	0.26047167	-0.055990666	-0.08588548	0.15448175	-0.062106952	0.0044176932	-0.001667712	-0.21652159	-0.1635364	0.071038105	-0.0560601	-0.1681022	-0.047237404	-0.350655	-0.25410014	0.13909249	-0.122179516	0.006939777	0.13251138	-0.1561399	0.081604004	-0.15342395	0.078157395	0.24890846	0.027983086	-0.021714997	-0.09294968	0.047786504	0.11612238	0.16973397	0.016832074	-0.16551778	0.22937323	-0.3967702	0.03771527	0.20465094	-0.0008139677	-0.115265615	-0.020871207	-0.14689735	0.038431954	-0.011729279	0.1275683	0.1332639	-0.024276657	0.1693765	-0.01278693	0.06849646	0.07978157	-0.08883732	-0.14348479	-0.033157736	-0.04978959	0.05604883	0.25921187	-0.22639161	0.027291715	0.0044847527	-0.052049298	0.033685647	0.20745781	0.03650963	-0.0128263235	-0.21491376	0.011703307	-0.11192482	-0.060891174	-0.04216943	-0.037588958	0.079569824	-0.041603662	-0.109062016	-0.08201521	-0.020531405	-0.24856177	-0.0044933823	0.0126966145	-0.13239796	0.028873064	0.22909722	0.20038237	0.018706135	0.03722577	-0.11697937	-0.02043702	-0.18360747	0.076976195	-0.013817354	-0.09206176	0.064396925	0.14006099	0.017771922	-0.0677535	0.2716219	0.011619208	-0.15232202	-0.057990402	0.10055828	0.062099684
0.049239635	0.032898176	0.09304775	0.012564723	0.485817	0.34852597	-0.015179135	0.39509225	0.4106126	-0.11719738	0.010060458	0.21473974	0.28896007	0.23505186	0.15645105	0.07985701	-0.01116433	0.086571835	-0.15121903	0.15949911	0.12050353	-0.2997473	-0.22789428	0.15260862	-0.1458571	0.20254229	-0.23517138	-0.19708462	-0.0010304033	0.20407043	-0.03151462	-0.059998985	0.018458536	-0.046883736	-0.20933132	-0.17433923	-0.226794	0.04052347	0.053370304	0.009713175	-0.25937364	0.027888393	-0.46740738	0.06868751	0.10255844	-0.15992051	-0.18979791	0.22018546	-0.17049098	-0.14166433	0.12308942	-0.07324058	0.02657087	-0.32297456	-0.090426244	0.08092716	0.015042708	0.030151142	0.15949437	0.15615578	-0.0891396	0.1844046	-0.21382815	0.12089856	0.37745717	-0.04388376	0.07836585	0.119946934	-0.03390142	-0.008550812	-0.102472946	0.042180933	0.1151136	-0.060363688	0.06738163	0.21986598	0.22550248	0.23071092	0.0022873397	0.06487916	-0.037164878	0.033914324	0.10705688	0.23936228	0.024716292	-0.05851899	0.09169556	0.02630827	0.10262302	-0.19048442	0.06492757	-0.22358894	-0.20022684	0.12479111	-0.07253542	0.051638205	0.051109828	0.07733202	0.12887803	-0.32937816	-0.2065809	-0.29672536	-0.42440996	-0.07021841	-0.031096127	-0.0039424077	-0.20611377	0.014991153	0.2572628	0.21900211	0.1339732	0.020489374	0.17132677	0.18707767	-0.10206487	0.17729661	-0.066295005	-0.09424166	0.17932214	0.043819353	-0.035184123	-0.10690448	0.21639527	0.014236875	-0.11184317	0.29313448	0.1642093	0.025162926
0.22346611	0.3878768	0.40907001	0.49164727	0.43458202	-0.20754264	0.42800826	0.040634025	0.90252835	-0.21791154	-0.024865784	0.59521484	0.115567155	0.34899506	-0.3683659	0.19610271	1.0764838	0.1068106	-0.9585799	0.7975989	0.22528422	-0.20602289	0.26284567	0.31338346	-0.8630973	-0.3308528	-0.20989595	-0.8435401	-0.36379358	0.16688989	-0.3950727	-0.5517203	0.4823863	-0.21448418	0.27711767	0.62145686	0.17250031	-0.53507733	-0.5668364	0.118193515	-0.43016353	0.10390153	-0.6273765	-0.05512275	-0.017732564	0.2959949	0.4475424	0.037931282	-0.7768504	0.03529205	-0.1513948	0.036031958	0.24948063	0.049174752	-0.04519289	-0.06371213	1.3633645	0.34730673	0.1379158	0.43557715	-0.09392293	0.011921823	-0.5741893	0.07137316	0.30474257	-0.017959796	-0.25028598	-0.6266698	-0.7310861	-0.034872722	-0.1687886	0.28101996	0.28068095	0.31474313	0.030759623	0.49807802	-0.21657573	-0.06165781	-0.54459214	0.7998111	0.12866299	0.038493842	0.3356063	0.034791455	0.023500822	0.1695041	-0.081930295	0.30113542	0.6177811	0.7139438	-0.42865288	-0.07235594	-0.82923037	0.046072662	0.5931111	-0.16708949	-0.72737813	-0.1636646	0.6647745	-0.20143655	-0.70013976	-0.52534133	-0.11344344	-0.23305872	1.0930583	0.15996404	-0.13969488	0.003023272	0.74532044	0.11103105	-0.36290184	0.49612218	-0.23628436	0.37553686	-0.70021677	-0.108500026	-0.21553373	-0.39878073	-0.019900614	0.026113648	-0.312464	-0.4084002	0.027806142	-0.43934107	-0.43641764	-0.29495168	-0.15133546	-0.6116168
0.6807595	0.18991734	-0.25285846	-0.4023232	-0.0009600927	-0.20879664	0.48609468	0.21040182	0.8087649	0.38525155	0.28000727	-0.07212671	0.058118314	0.115677916	0.49035394	-0.49967638	0.29965803	0.06562548	-0.19945177	-0.051017	0.12637377	-0.26711392	0.015738672	-0.5532748	-0.01787268	0.31287214	0.26631203	-0.7938458	-0.49386013	-0.27714062	0.04235954	-0.025603544	-0.1865906	0.65359515	-0.5007257	-0.794132	-0.8640117	0.24152525	-0.28645328	0.1561125	-0.5491336	-0.273869	-0.38896742	0.5767585	-0.87906927	-0.28164518	0.9489425	0.52235156	-0.30251938	-0.31395647	-0.34296364	-0.02512039	0.3865734	0.23994842	0.33224416	0.17197587	0.44968292	0.22235096	0.13147235	0.5552136	-0.14369234	-0.41619137	-0.5985646	0.6855892	0.19574776	0.4898295	-0.21957597	0.35394308	0.62833107	-0.119865	0.16283028	0.008189114	0.17632127	-0.7107249	0.3286416	0.0456016	-0.6547637	0.06970386	-0.80607575	0.17033887	0.05944758	0.10255575	-0.15505205	0.9816318	-0.05091188	-0.2918617	0.24367946	-0.02705493	0.90241903	0.5153045	0.27175653	0.002910696	0.2529802	-0.09545256	-0.6699826	-0.24906203	0.10697899	-0.1631339	0.86188364	-0.5494181	-0.15684073	-1.2884979	0.45785245	-0.028642872	-0.029508077	0.34809843	0.2037965	-0.17293316	0.36129323	-0.020993825	-0.41667148	0.578893	-0.8142961	0.7518824	-0.70272005	0.44873503	-0.10887194	-0.30912837	0.14982562	-0.17906132	0.18284918	-0.35703647	0.6975361	-0.45037147	-0.29036087	0.1574081	-0.12511143	0.44883695
0.21819311	0.11479499	-0.09396943	0.01957672	0.4870154	0.07081238	-0.5084986	0.6709698	-0.0039842017	0.12134158	0.08694788	0.4517711	0.3071588	0.2576605	0.011468118	0.62161577	0.76320094	0.18669005	-0.22854441	-0.079410136	-0.41168222	-0.60241413	-0.16501436	-0.21100478	0.074355066	-0.017589223	-0.5486329	-0.171421	-0.024745502	0.17691256	0.16046141	-0.30313447	-0.14679992	0.5242562	0.41089803	-0.07603399	0.3280769	-0.14764063	0.512271	-0.23338929	-0.5473683	0.5898779	-0.33153957	0.17109205	0.022875	-0.51990724	-0.37475505	0.3130136	0.1810147	-0.16341369	0.15977927	0.1439551	0.008180825	-0.094151616	0.23127677	0.3561333	0.5817893	0.72906774	0.53383666	-0.0931028	-0.37950742	0.3249733	-0.3713398	0.35663864	0.17398348	-0.15953511	-0.13888414	0.49911433	0.15054342	-0.1885698	0.005487241	-0.12466358	-0.30588388	-0.32373214	-0.38664812	-0.14474145	0.2313696	0.32920465	0.17118205	0.25518522	-0.5963725	-0.5912999	0.370821	0.25938877	0.60058683	-0.43941033	0.09728885	-0.1055104	0.62214065	0.064756215	0.36327058	-0.386824	-0.13408294	-0.32929945	-0.22217761	0.055740446	0.7325397	-0.015760066	0.28238618	-0.24719112	-0.02052198	-0.51097614	-0.81266606	0.08964171	-0.34820756	0.006374574	-0.13824086	0.39275682	0.2888272	0.15068424	-0.31593382	0.067437254	-0.062301856	0.05097562	-0.34199658	0.23938076	0.012023556	0.0763952	0.03797588	0.10241833	-0.055199068	0.056312703	0.66238785	0.2968825	-0.10534088	0.41930577	1.0997783	-0.29868788
0.060204	0.18900764	0.06379322	0.10366984	0.35301688	0.2634299	0.088957444	0.49840766	0.4830218	0.14523275	-0.09044457	0.21325803	0.046234455	0.028415905	0.045630045	0.28810096	0.20271875	0.07852328	-0.14964007	0.4276613	0.15527984	-0.41953635	-0.28859192	0.24352315	-0.38292587	-0.0031997082	-0.32913712	-0.20626493	-0.3843152	0.057210892	-0.1535317	-0.090937555	-0.10873881	-0.010324543	0.25075987	0.10085246	0.080201276	-0.22649704	-0.091644295	0.19727564	-0.6053334	0.2724094	-0.31479573	0.24128209	0.17661473	-0.067733	0.1562629	0.10604967	-0.13522042	-0.1894862	-0.18834887	-0.228206	0.04571562	-0.09227638	-0.12696093	-0.14608751	-0.013041179	0.14603116	-0.04693967	0.055023067	-0.21252634	0.25140488	-0.035384815	0.21691798	0.10869525	0.03135072	0.15302524	0.055386398	0.1242387	-0.15266432	-0.035018057	-0.08429325	-0.01004401	0.28662884	0.04814527	0.23041473	0.10169524	0.2935673	-0.03059372	0.002454915	0.16918436	-0.12536189	0.19644769	-0.049558017	0.069330044	-0.29310754	-0.19057316	-0.0128033105	0.12548082	0.20662627	-0.08860044	-0.045939088	-0.0011059952	-0.050811414	-0.26809266	-0.03463798	0.0850236	0.15350868	0.059720643	-0.43438655	-0.020556852	-0.30140004	-0.52291167	-0.1875822	-0.25920135	0.061353616	-0.06604999	-0.12309306	0.30495903	0.029049369	0.069617	-0.022450052	-0.025221435	0.06594552	-0.642418	0.13434516	0.025314217	-0.0746081	0.1905706	-0.090640746	-0.42687878	-0.29913443	0.4246774	-0.07911968	-0.09097914	0.11755052	0.387656	-0.14708334
0.004974031	-0.0484735	0.07402648	-0.12325269	0.63998806	-0.034072615	0.09433737	0.06740204	-0.23717418	0.19348247	0.3429581	-0.05708753	-0.01859068	-0.21752574	-0.15425253	-0.07552426	0.21095115	-0.08119796	-0.33888182	0.11365481	0.25352946	-0.02683746	-0.34855142	-0.026379336	-0.14137806	0.4047228	0.0851894	-0.12164357	-0.014857643	0.25529873	-0.37614018	-0.19085635	-0.2342235	0.12608829	0.21987757	0.041149113	0.019086719	0.1402521	0.01222817	0.071029104	0.03805964	-0.04647206	-0.009189624	-0.12126426	0.11517615	-0.0883171	0.25247097	-0.19058473	-0.17307737	-0.11688361	0.11789321	0.03434047	0.28122535	0.24639103	0.14440398	-0.15309066	-0.122692004	0.10570999	0.049599238	-0.11616553	0.013379796	0.021158043	0.13139561	0.2374255	0.04680115	-0.10942505	-0.13716547	-0.040680815	-0.2590256	0.029048827	0.16609663	-0.1856126	-0.0805325	-0.17667526	-0.20472197	-0.13165167	-0.046310805	0.25947705	-0.009367916	-0.09231874	-0.08508195	0.12108143	0.043359853	0.2617918	0.035152905	-0.18204817	0.03240345	0.025918307	0.06970944	0.10904993	-0.241698	-0.03921465	-0.056529414	-0.021883195	-0.38572732	-0.228244	0.10907071	-0.08772782	0.08689177	-0.4055575	-0.05996462	-0.32506424	-0.16275977	0.020232849	-0.041655555	0.020532096	0.124815226	0.13573729	0.10086532	0.34054375	-0.060854297	0.17529325	-0.14782731	-0.1939776	-0.32839468	0.044406198	-0.36531562	-0.18311219	-0.03089213	0.15928216	-0.13101943	0.05793564	-0.25348794	-0.0646012	0.039538056	0.32818732	0.39233994	0.168467
0.036011375	0.0937926	0.0042331014	0.1859102	0.40963504	0.19134581	0.027619857	0.24612626	0.14190264	0.10916056	0.07381054	0.19004242	0.0502643	-0.15377255	-0.21376237	-0.023460446	0.0032407157	-0.26062888	0.08092549	-0.097039774	0.058249325	-0.09999765	-0.104786515	-0.15066876	-0.14525755	-0.025764098	-0.1437106	-0.32393366	-0.17629911	-0.046297435	-0.07098162	0.0092639	0.097847976	-0.09085656	0.0242998	0.07473282	-0.37672636	-0.41081288	-0.025503317	-0.21511604	0.00161119	-0.044704854	0.12720665	-0.11316829	0.06501269	0.18756588	-0.16298388	0.26556602	0.05434702	0.0063716755	0.09584331	-0.2544997	0.06373983	0.10831037	-0.08977447	0.118825175	0.13478225	0.18794507	0.35839835	0.47035393	-0.14226094	-0.1749243	-0.51523566	-0.1905475	0.6262763	-0.045729462	-0.17604333	0.22911161	-0.2554034	0.23986845	0.16057566	0.10789969	0.085861936	-0.121065944	0.3319666	0.07355474	-0.14196156	-0.16397433	-0.04353589	0.13180207	0.20922606	-0.39014912	-0.23158567	0.17745218	0.025917843	0.035891715	0.40529484	-0.17836004	0.25964814	0.3016791	-0.26102787	0.03138397	0.04191578	0.0063676434	-0.11342148	-0.13052224	-0.07601464	-0.1761736	0.1372687	-0.12326736	-0.4548251	-0.3816956	-0.3615593	-0.18132506	-0.2103822	-0.049109466	0.030765614	0.30342463	0.17133683	0.034386653	-0.19962771	-0.026612697	-0.01620634	-0.09752723	-0.1009249	0.07121009	-0.36335814	0.0020131127	0.028390368	-0.101277955	-0.3360887	-0.10876999	0.30588254	0.24816711	-0.11546796	-0.08296388	0.42683655	7.6258126e-05
0.16170241	-0.07207914	0.10208836	-0.12525047	0.3751329	-0.024279913	0.26264238	0.07271804	0.07614233	0.035025425	-0.26576534	0.2804295	0.03666637	-0.13648294	-0.018489001	-0.12629865	0.35848317	-0.11759957	-0.18154794	-0.033183817	0.1633881	-0.18422434	-0.13656612	-0.099519074	-0.30925107	0.3487956	0.009947586	-0.12693709	-0.12864143	-0.07657993	0.10580205	-0.06333304	-0.15460745	-0.039249253	-0.12720145	0.014827285	-0.082874745	0.047493447	0.09635719	-0.043271434	-0.09590352	-0.13785377	-0.1356234	-0.18671063	0.09909809	-0.31263727	0.03507031	0.16490713	-0.21262571	0.091975756	-0.18533236	-0.009119848	0.19708431	-0.13165621	-0.122179456	-0.05710376	0.21917278	0.1626814	0.33205837	0.07388163	-0.21251637	-0.03056223	-0.075552106	0.027647767	0.2137985	-0.06427087	-0.19009334	-0.0611632	-0.07969645	0.16102295	0.12682481	0.088065095	0.20990127	-0.049113862	0.12257575	0.062398445	-0.06392419	0.11773557	0.07274962	-0.0872491	0.03519167	-0.15842848	0.046675727	0.12881292	-0.08872673	-0.11632114	0.16524997	-0.1312589	0.017997045	0.29608145	-0.07548251	-0.10325012	-0.13695799	-0.14793041	-0.1974459	-0.011797757	-0.0418972	0.0030467263	0.09653447	-0.10514495	-0.18462497	-0.33834547	-0.24184868	-0.11818563	-0.28760326	-0.06506368	-0.1200668	-0.077094145	0.008960459	0.12597103	0.14126436	0.142997	0.027262704	-0.027298568	-0.28108355	0.08038884	-0.18098569	-0.031455074	0.17655359	-0.07734331	-0.1473032	-0.22819409	0.29628915	0.00067203416	0.12335568	0.006009978	0.33547887	0.36266875
0.15943709	0.31053698	0.11886566	0.2627793	0.79846376	0.9618489	0.18266506	0.56694067	0.15513772	0.32140693	0.15103744	-0.16849579	-0.29225975	0.2122374	0.5469485	-0.23174895	-0.14274928	-0.4873163	-0.553585	-0.02879373	0.23263626	-0.9256742	-0.23004577	0.43753973	-0.52222234	0.79296666	-0.5076645	-0.7189681	0.06192324	-0.20192073	-0.8845817	-0.116204366	0.4460702	-0.38880613	0.13593197	-0.1856438	-0.6587557	-0.33442894	0.4021667	-0.07336691	-0.6167319	-0.09466462	0.12941502	-0.16102749	0.29055148	-0.30122325	0.109432496	0.69376284	-0.5549506	0.26580638	-0.58695596	0.053910382	0.0058096033	0.38759705	-0.14540821	0.3115341	0.18200612	0.073861	0.51477975	0.09632556	0.058087785	0.044648778	0.59262705	-0.012659335	0.23358591	0.029298253	-0.14713879	-0.43664575	-0.26293334	0.31260037	0.6413217	-0.8253394	-0.01648713	-0.07062852	0.75474185	0.64946574	0.6560497	0.71913713	0.27171126	0.30092397	0.056416187	-0.1755944	0.08715624	0.27045956	0.22062849	-0.32623526	-0.10329904	0.05502866	0.48089573	-0.33899483	-0.17149714	-0.04022991	-0.8202908	-0.2233235	-0.47227553	-0.9992928	-0.34575665	-0.1938819	0.32517153	-0.8762024	-0.5232624	-0.47394022	-0.077632144	0.0074773817	0.33580658	0.31356245	0.034521457	-0.0054299114	0.8734135	-0.17200951	-0.42667934	0.09463513	0.1375397	-0.3832908	-0.34316888	0.06877537	-0.78741	-0.36495793	0.88414496	0.39903563	-0.017256638	-0.026258564	0.58475477	0.13634686	-0.52457476	-0.099474214	0.7577226	0.4101782
-0.11236765	0.14446716	-0.37107652	0.13576108	0.780569	0.09704599	-0.058269687	0.40424705	0.7268209	0.064799875	-0.8457187	0.5106356	0.6777814	-0.068756856	-0.37700483	0.33912277	0.31011257	-0.19459105	-0.11536559	0.23721129	0.41326302	-0.50803113	-0.42434195	0.6237505	-0.5738124	-0.1726974	0.16090658	-0.93681186	-0.74338794	0.16992109	-0.22492562	-0.06121365	0.27132538	-0.30217394	-0.039554648	-0.17497785	-0.381025	-0.40559793	-0.5193154	-0.0674064	-0.7490908	0.25867033	-0.50545335	0.12041783	-0.17827441	0.16749854	-0.2561573	0.19879378	-0.2676184	0.08958918	-0.09767495	-0.46025023	0.22669771	-0.49615142	-0.015277971	-0.28206375	0.20219533	-0.17198588	-0.29050168	0.29925194	0.48184943	-0.22514388	-0.8218768	0.45584014	0.1213023	-0.06650504	0.17592204	0.036694102	0.023225518	0.01501454	-0.34854043	0.69604206	-0.07993886	0.4132374	0.07299889	0.13630918	-0.26335365	0.30349404	0.057400994	-0.26440936	0.028043145	-0.3026539	-0.036002394	0.5742713	0.14394513	-0.20974311	-0.14818706	0.106679834	0.57824147	-0.038957775	0.19673505	-0.65819293	-0.6351436	-0.66842645	-0.4589488	-0.2710023	0.3008946	0.08274297	0.55773145	-0.7815637	-0.19535622	-0.71162045	-0.57814837	-0.74160707	-0.5969577	-0.49662885	0.7522537	0.25006235	0.03587189	0.6403296	-0.035462007	0.25738674	-0.0894105	0.25738174	-0.66867673	-0.118170984	-0.15923871	-0.30691665	-0.121953785	-0.20014298	-0.4844311	-0.4308155	-0.15863325	0.0604865	-0.6609821	-0.18099953	-0.121783875	-0.02361442
0.11860629	0.21948127	0.34052384	-0.062864006	0.4137154	0.2585108	0.01870649	0.16703819	0.1439893	-0.08882677	0.06149962	0.27542868	0.04101816	0.21091853	-0.010488069	0.14732313	0.19035761	-0.07148793	-0.59458536	0.1258508	0.26369658	-0.59678745	-0.14270358	0.23809575	-0.25908867	0.32450503	-0.016895212	-0.34563407	-0.2722783	0.08224543	-0.21942727	0.05255462	-0.0156677	-0.2224971	0.32672277	0.079670765	-0.08675443	-0.11801898	-0.024308516	-0.023288207	-0.18171297	-0.05795865	-0.21656787	-0.3265955	0.24331582	-0.14524205	0.09072049	-0.05687179	0.000257221	0.14670274	-0.09721882	-0.11374875	0.028200539	0.1886794	0.22766785	0.06541783	0.06315173	0.09710309	0.23251046	-0.08861745	-0.006177625	0.071974285	0.049252227	0.2545277	0.21496104	0.12435092	-0.11108315	-0.015813353	-0.37586713	-0.09955978	0.30379567	-0.16092217	-0.11171429	0.16410546	0.15693408	-0.07139034	0.26873016	0.25702876	-0.03685562	-0.30255786	-0.097591706	-0.17534588	0.24199542	0.31902722	-0.13621998	0.11849169	-0.37751982	0.01556581	-0.011808494	-0.11847545	-0.35430282	0.039831694	-0.35171655	-0.25533444	-0.35106432	-0.26096395	0.031942185	-0.033416804	0.11727859	-0.3798172	-0.12071417	-0.1155137	-0.10895135	-0.06864409	0.10218202	0.109255865	0.070265956	0.15686151	0.25972512	0.107171446	0.021644007	0.3577471	-0.2328511	-0.36409357	-0.08252411	0.32472107	-0.089068174	-0.2727925	0.24526015	0.105712935	-0.091978334	-0.16924247	0.11486883	0.03338773	-0.037946366	0.07281915	0.10581167	-0.013983099
-0.0070341304	0.17758521	0.06330823	0.061314475	0.30525017	0.11176849	0.14194743	0.17843674	0.23867226	0.06442006	-0.030751988	0.10601187	0.056692224	0.07336357	0.015029145	0.057781566	0.08101545	-0.012114009	-0.12980708	0.060669363	0.024649296	-0.044819422	-0.10727507	-0.019810408	-0.2401139	0.06468508	-0.12726656	-0.16567637	-0.08148511	0.043986645	-0.13150395	0.032337252	-0.046309274	0.044337735	0.05911467	0.10039347	-0.12644751	-0.027805934	-0.062169824	0.14997125	-0.27585158	0.05956211	-0.06056322	0.2030893	-0.032834537	-0.1317341	0.04868985	0.23149805	-0.25472158	-0.06293212	-0.099081844	0.028398355	0.2565386	0.019989269	-0.08768601	-0.056255847	-0.014016905	0.13740817	0.072147876	0.028954584	0.03146113	0.10400211	0.08325687	0.106286936	0.06710643	-0.05355977	0.035033677	0.051008426	-0.14595827	0.0729171	-0.0067484933	0.08275544	0.04277048	-0.076746844	0.039843287	0.027625943	-0.03454311	0.15399678	-0.12796155	0.112093575	0.13435385	-0.09792345	0.058005486	0.12033836	-0.057306603	-0.25155464	0.050586488	-0.05501937	-0.02212185	0.0978554	-0.05382302	-0.015729813	-0.095291734	-0.033546187	-0.018680062	-0.09359891	-0.070500605	0.06418058	-0.004938118	-0.19265972	-0.16308373	-0.18883105	-0.19949174	-0.015459141	0.080849804	0.0054089264	-0.07230312	0.06119939	0.22702684	0.035017017	-0.010957003	-0.016161913	0.07113628	0.051574558	-0.1295483	0.042453144	-0.002132613	0.04649389	0.11204838	0.081454426	-0.162506	-0.107836895	0.19496918	0.02200936	-0.05981658	0.036147173	0.17637506	0.04929331
0.15391557	0.10094003	-0.033940613	-0.020303259	-0.014062944	0.16783996	0.50438136	0.12161186	-0.13767962	-0.06691373	-0.08477854	-0.012819551	-0.12798436	0.09440953	-0.38657773	-0.078264736	-0.09707751	-0.11693866	-0.2608377	0.04896893	0.017857768	0.0016281107	-0.1737661	-0.1756448	-0.36195126	0.22015125	0.18119775	0.034692876	-0.03281746	0.18002908	-0.07695915	0.072725795	0.22513765	0.14594667	-0.39519754	0.06496041	-0.21351895	-0.0723381	-0.035629146	-0.18363573	0.15666859	-0.38388985	0.07529126	0.0032591922	0.09975771	0.053139683	0.00011829524	0.32627833	0.20014045	0.26816145	-0.062077582	0.11591112	0.007839636	-0.082247116	0.15985028	0.08114088	0.034283333	0.29377726	0.11735521	0.23179005	-0.070822604	0.037742555	-0.56164396	-0.0486638	0.40515262	-0.011823063	-0.30723956	0.21433134	-0.3139417	0.2178854	0.41825563	-0.038416848	0.17313795	-0.37806356	0.26062587	0.099194504	-0.19653128	0.06182053	-0.14024746	-0.09085389	-0.19259481	-0.0042586704	0.12636028	0.33705857	-0.14397709	0.1499849	0.3540256	-0.35543883	0.08408516	0.07585215	-0.20989388	0.17967106	-0.05893892	0.011707624	-0.04708433	0.028647467	-0.17257224	-0.2464199	0.042314652	-0.44552714	-0.49387947	-0.5596918	0.0112959845	-0.17396352	-0.18643135	0.18167318	-0.025059465	0.31488907	0.23835762	0.5574273	0.14945719	0.1483265	0.2424396	0.24996574	-0.44660282	0.13014816	-0.27348986	0.116563246	0.2762649	-0.056841567	-0.07944495	-0.107233725	0.3739528	0.1153005	-0.25583103	0.1120708	0.38103655	-0.07638184
0.23044343	0.3802084	0.38771597	0.6185657	0.34411007	-0.096408695	0.35098657	0.09320539	0.88217956	-0.2998773	0.0410862	0.7802574	0.10295113	0.42524272	-0.32602876	0.14848667	1.1638803	0.10825757	-0.9926157	0.80402446	0.3980029	-0.2556953	0.131828	0.33051458	-0.8624405	-0.201921	-0.2710736	-0.6774418	-0.4756672	0.12118078	-0.42200664	-0.49427283	0.25752828	-0.12406488	0.1063505	0.8082937	0.020116417	-0.63521963	-0.5010796	0.1568347	-0.36047944	0.031108228	-0.43076676	-0.13356657	0.041060895	0.19209029	0.52276134	-0.00064430636	-0.6504279	0.1888162	-0.19424212	0.22740519	0.07635156	-0.06560067	0.06244107	-0.17455044	1.0963125	0.46029365	0.12739015	0.5025448	-0.20617393	0.14323726	-0.5672493	0.26195556	0.33440712	0.072708875	-0.2725995	-0.6669445	-0.7323578	-0.17935705	-0.23325384	0.30525762	0.2454636	0.39942774	0.29950917	0.46454152	-0.18543805	0.12698597	-0.5323577	0.6988279	0.05471198	0.14168249	0.32999793	0.00044004412	0.043122657	0.14052139	-0.024288215	0.24646822	0.58110607	0.66664165	-0.63879955	-0.1104865	-0.6261711	0.19909668	0.5853373	-0.15667035	-0.4967559	-0.24749485	0.45371643	-0.38209316	-0.6212455	-0.57827544	0.016944746	-0.28519538	1.2684783	0.15897426	-0.29474732	-0.14960174	0.8075332	0.16453372	-0.21114722	0.4275947	-0.18964674	0.49233082	-0.9298919	-0.0011244833	-0.03748356	-0.16359147	-0.013306907	0.07294198	-0.41464964	-0.35232666	-0.090969734	-0.6081019	-0.36463535	-0.36896452	0.048112467	-0.3016501
0.11105618	0.22820775	-0.044782218	0.25757134	0.84526116	0.9784378	0.24424312	0.3536558	0.046531796	0.3906365	0.07955575	-0.14695904	-0.51815826	0.08686661	0.64510536	-0.107491404	-0.15417078	-0.66495126	-0.5124437	-0.041289397	0.23544937	-0.76844144	-0.22795717	0.57514596	-0.65382487	0.9139051	-0.4381916	-0.6316414	-0.028822614	-0.30673867	-0.9477137	-0.040777635	0.3860408	-0.454869	0.21816528	-0.18993327	-0.6549099	-0.28947234	0.5191519	-0.026263572	-0.67297745	-0.111619405	0.20094797	-0.26794344	0.447057	-0.28826955	0.29832184	0.49863714	-0.5254332	0.41990936	-0.7251168	0.13261294	-0.05453675	0.27058706	-0.10136833	0.223445	0.11565235	0.09778793	0.4784348	0.15897845	0.10449496	-0.059797686	0.63951886	-0.033039007	0.34652254	0.028118638	-0.29528326	-0.39543468	-0.19516706	0.3544836	0.64210767	-0.6020015	0.056279127	-0.054745954	0.89336944	0.78706366	0.58780307	0.7446949	0.26170522	0.06830056	0.058156643	-0.17910102	0.030027479	0.4986235	0.038476128	-0.45385638	-0.27785477	-0.08829159	0.62276435	-0.17171279	-0.059151065	-0.03788558	-0.7706367	-0.20518832	-0.6102663	-0.98765945	-0.26856977	-0.27073383	0.37467438	-0.9394292	-0.39820284	-0.45591733	-0.23955525	0.09357938	0.3094681	0.27472478	-0.07509131	-0.014230698	0.8381689	-0.1275297	-0.35567364	0.20367318	0.2165448	-0.2328721	-0.4846696	0.13602243	-0.7010972	-0.44282383	0.9703717	0.4219726	-0.11031355	-0.11416457	0.52668315	0.22482114	-0.67273325	0.0065450883	0.79373676	0.46744043
0.10069664	0.12156618	0.20957856	0.53718483	0.4648367	0.63186795	0.47986454	0.3954681	0.03923622	0.0012424781	-0.09001011	0.4807596	0.69489324	-0.02278296	0.6330429	-0.040199064	-0.12850136	-0.1840487	0.16693303	0.39642793	-1.0680859	-0.398228	-1.3561802	0.16240768	-1.3258668	-0.81153876	1.215674	-0.9661579	-0.38987562	0.027637118	-0.15232933	-0.08393701	0.41445866	0.53114873	-0.19238141	0.41667235	-0.07584039	0.7501802	-0.17149572	0.016564462	-0.45994633	0.904526	-1.076118	0.23067835	0.07544264	0.7760827	0.22479129	0.18918262	-1.2009586	-0.6092809	0.6273938	-0.61195964	0.41233596	0.19640142	-0.14323746	-0.90213156	-0.392129	-0.44216165	-0.18212993	-0.55376035	-0.22313872	0.26524284	-0.326256	0.24534287	0.5715438	-0.10669779	-0.07697093	0.07955429	-0.72729737	-0.50012654	0.34415442	0.40333503	-0.0015356796	-0.80222934	0.85464877	0.91249573	0.12774086	0.18900561	0.32359794	0.34978244	0.024492469	-0.54790735	0.14988331	0.6069266	-0.88050514	-0.60440797	-0.5690935	-0.31344315	0.69230014	0.018653017	-0.9260148	-0.11880138	-0.41448098	-0.54846007	-0.5863315	-0.8520133	-0.03063226	-0.06796935	-0.17490672	-1.5839901	-0.3848692	0.13494998	-1.2846473	-0.27041245	-0.28213876	-0.09608214	0.6458792	-0.51540405	0.26766244	0.09652387	0.043769028	0.051584523	0.56544405	-0.46025229	-0.22578688	0.5775923	-0.65144444	-0.5488648	0.34484908	0.45196798	-0.3967179	-0.3441537	0.44688433	0.41129184	-1.2051444	0.02436902	-0.17075264	0.3572303
0.15223071	-0.23783007	-0.17751162	0.025207205	0.14546002	0.05455767	0.3904738	0.35059476	0.018734176	0.3878582	-0.13279499	0.12134406	0.1118977	0.06770083	-0.10787277	0.45322078	-0.21555413	-0.41716853	-0.03772807	0.19985798	-0.2237162	0.008258023	-0.2123635	-0.44610807	-0.45584738	-0.1923083	-0.266632	0.03059263	0.11136056	0.15271048	-0.062141217	0.051970214	0.04210151	-0.064919814	-0.15212613	-0.1121832	-0.64753854	-0.26811677	0.16483115	-0.059908792	-0.43639582	0.26016784	-0.37991816	-0.16326256	0.12329439	0.10572899	0.17875211	0.057138767	-0.028716344	-0.14954217	-0.033828676	0.15869479	0.08303251	-0.057291415	-0.047992386	-0.019428203	0.23380604	0.19513069	0.34932086	0.14064616	-0.23768228	0.11716016	-0.30399674	0.14374201	0.31791943	0.07557623	-0.17436658	-0.07462852	-0.15824342	-0.083019644	0.18070687	0.19332877	-0.079528056	-0.15509693	0.12269386	-0.22973682	-0.052452024	-0.1064042	0.07288893	0.041988246	-0.16255027	-0.25530797	0.28526706	0.2758151	0.08270744	0.07239443	-0.13439141	-0.15053383	0.07064706	-0.3419287	-0.16243881	-0.23094869	0.22752285	-0.14501059	-0.17074709	0.00301683	0.35942218	-0.019675633	0.13617952	-0.29294783	0.13137014	-0.30989522	-0.3867791	-0.3126228	0.058136225	0.05264537	-0.0599562	0.43519074	0.16875836	0.2552391	0.043008264	0.15415896	0.047412798	-0.06115178	-0.109416544	0.6971677	-0.09149293	-0.031487755	0.16476068	0.16233963	-0.38656247	0.08278803	0.3317167	0.07841914	-0.1260806	0.18622795	0.35398975	-0.26663288
0.50800407	0.26289192	-0.3487507	0.6775453	0.708254	0.5763193	-0.08580292	0.44862324	0.26120576	-0.29285824	-0.52955973	1.0967505	-0.2578235	0.31095064	-0.2547098	-0.079872325	0.18998012	0.13903019	-0.6605262	0.17038928	0.7075902	-0.9143722	-0.6194287	0.13427024	-1.4014091	-0.4069174	-0.3419392	-0.4478217	-0.54642224	0.2530588	-0.29336414	-0.03005948	-0.10290431	-0.07201273	0.038877565	1.1886997	-0.47169855	-0.3977289	0.09493872	0.36288583	-0.43325838	-0.17654221	0.29937428	0.2023277	0.19405042	-0.24727146	-0.047960784	0.31906596	-0.8615103	-0.6267013	-0.44858247	0.92265105	-0.45869312	-0.3540219	0.19250096	0.29692966	-0.28078488	0.80522764	-0.056127347	0.29674795	0.06158478	0.16515283	-0.5754601	-0.2649925	0.484637	0.6180838	-0.7207065	0.30122817	0.13053904	-0.43974516	0.38526782	-0.2352495	0.25662404	0.11470593	0.44023752	-0.13206561	1.1501261	0.89525646	0.4474824	-0.09042485	-0.3263927	0.19342801	-0.39231887	-0.14565958	-0.0026390394	-0.25806224	-0.036293313	0.14204334	0.3798415	0.6059324	-0.37177062	0.12770985	-0.3172282	-1.3991503	-0.2599559	-0.67126673	-0.19562735	0.8208231	-0.5469479	-0.3878134	-1.1643971	-0.62459064	-0.30587825	-0.25529242	-0.032856416	0.12414824	-1.01271	-0.2939899	0.26013488	0.40333968	0.2144179	-0.4276328	-0.26410338	0.25673926	-0.52301645	-0.113376796	-0.54055846	0.0835614	0.56655705	-0.2052278	-0.6019254	-0.76816547	0.0076427497	-0.040168356	0.049201574	0.21564941	0.15432642	0.4551948
0.27299964	0.72523	0.38625064	-0.4937015	0.32464856	0.0857214	-0.5707042	0.2650328	0.6186154	-0.010292763	0.11643044	0.06774031	-0.038563292	-0.03839904	-0.56342435	0.84395075	0.35966656	-0.056392137	-0.18781877	0.1829637	-0.0053666225	0.41456816	-0.82019204	0.0050851176	-0.25593895	0.6721981	-0.02967861	-0.17233087	-0.30167025	-0.045711264	-0.11726277	-0.14959486	-0.685509	0.1809094	0.14899594	0.8161315	-0.19143064	0.16901445	0.49477458	-0.52026814	0.40556392	0.25064278	-1.0255903	-0.04580314	0.117428035	-0.5563261	-0.73215336	0.10984566	-0.43701455	-0.7293505	0.14067908	0.20022142	0.004569522	-0.55509156	0.44798478	0.528211	0.08527431	-0.17106602	-0.1195707	-0.67613035	-0.35756886	1.1931196	-0.37903124	0.04294205	-0.107733764	-0.66757536	-0.26084197	-0.22953711	-0.32709312	-0.011366014	-0.61186	-0.075109765	0.5105552	-0.019008609	-0.5258042	-0.056075353	0.26284274	-0.33277357	-0.30219698	-0.43479082	-0.36624524	-0.15825202	0.07978687	0.2041073	-0.49471667	-0.16175239	0.42016894	-0.7689839	-0.20046261	0.041814763	-0.0011072985	-0.17927113	-0.5281602	-0.18459255	-0.025372997	-0.04686471	0.4334093	0.50315315	0.28777194	-1.033482	-0.7304246	-0.6514374	-0.3454685	0.5775487	0.3015385	0.9661364	-0.3126374	-1.1409552	0.5344897	0.19732043	0.6015061	0.6954254	0.7659146	0.16740361	-0.797279	0.21289593	-0.74057126	0.39605978	0.29547885	-0.1625814	0.6744476	0.38101253	0.6660762	0.32653177	-0.7367171	0.19693843	0.6728807	-0.768718
0.3273103	0.2310291	-0.027485164	0.07941198	0.22238246	-0.0034902473	-0.1567002	0.4448762	-0.056889806	-0.3673296	-0.034514766	0.72831595	0.12626894	-0.0785868	0.0027384611	-0.044357337	0.35117525	-0.08091554	-0.28437734	0.32294798	0.06271685	-0.4115596	-0.6580241	0.078237616	-0.42265528	0.43200833	0.18492219	0.21104242	-0.09493243	0.032220904	0.04074717	0.022971965	0.037898827	0.26839122	-0.022236088	0.5823902	-0.27592143	-0.302427	0.114751175	0.22520699	-0.19381747	-0.3267989	-0.34277433	-0.4269426	0.2279479	-0.48912784	-0.121983126	0.31038612	-0.107572265	0.07667108	0.055430472	-0.39164647	0.09390253	-0.16289224	0.042626467	-0.39306298	-0.020562062	0.62572426	-0.038249213	0.1318908	-0.67024374	0.04338924	-0.05354244	0.011567378	-0.10449301	-0.09836725	-0.22142506	0.1733162	-0.04433492	-0.02659299	0.29926768	0.084698886	0.08064059	0.06531101	-0.06911925	0.40454218	0.41204357	0.08953986	0.24355172	-0.05629207	0.29724556	-0.2609918	0.15758064	-0.12746555	-0.041745305	-0.47761342	0.045177117	-0.22491668	-0.0023166186	-0.1075805	-0.27797246	0.24174933	-0.21563815	-0.08737536	-0.014127988	-0.32959592	0.16434409	-0.11540872	0.23774996	-0.53966814	-0.29496187	-0.2528808	-0.21901117	0.1129733	-0.27305916	0.17197233	-0.0825448	0.27127695	-0.070826136	-0.07282972	-0.066008836	0.3977876	0.16810624	0.2139783	-0.45667985	0.046051882	-0.12202648	0.030819962	0.25303945	0.27651784	-0.39533198	-0.504481	-0.24811342	-0.15092322	0.21929345	0.3616869	0.33956388	0.113834314
0.1675636	0.19436958	0.19109501	0.28279883	0.79622775	0.76565707	0.20632744	0.068401106	0.4311234	0.15088046	-0.091807775	-0.26007235	-0.55138415	0.07687519	0.55719846	-0.17356768	-0.16294685	-0.62961715	-0.43344176	-0.029292876	0.4691115	-0.7440933	-0.13507508	0.373489	-0.5651797	0.9960244	-0.5591812	-0.58505106	0.20194887	-0.41113478	-0.9348751	-0.041677546	0.39328223	-0.49758035	0.10023506	-0.06915525	-0.67881715	-0.22145355	0.45652056	-0.034023244	-0.51434416	-0.21592034	0.24856414	-0.24871211	0.46354645	-0.29281288	0.11419496	0.3951385	-0.6199916	0.29266074	-0.6732063	0.15691823	0.14686866	0.397839	-0.030251985	0.12986593	0.21500559	0.30773792	0.5142863	0.20196831	0.09440523	-0.07225913	0.74867606	0.053568777	0.43010402	0.1604455	-0.39485723	-0.375341	-0.16344382	0.26114023	0.58748937	-0.5038164	-0.16534066	-0.1401742	0.76531094	0.6487533	0.6208116	0.7850059	0.112792514	0.04415047	-0.11682093	-0.08809975	0.23774658	0.6085132	0.03974853	-0.258861	-0.20371677	0.013016617	0.6836324	-0.19902746	-0.39942968	-0.24074897	-0.82765955	-0.06989493	-0.639705	-1.1001391	-0.28410378	-0.33033887	0.25902617	-0.8664647	-0.2927608	-0.3691062	-0.23373601	-0.117422424	0.34045345	0.23771434	0.058367174	-0.10504711	0.81698734	-0.008212893	-0.3292635	0.27113515	0.13010938	-0.44890758	-0.42746115	0.13359044	-0.7231229	-0.5317174	1.0018114	0.3564085	-0.28720883	-0.15030795	0.49494222	0.17524047	-0.47666812	0.15387245	0.50494915	0.5769711
0.12565754	0.07650185	0.16225539	0.121088125	0.14894588	0.059146732	0.19901863	-0.02312717	0.12554662	0.054783925	0.06735153	0.20317836	0.003566649	0.103394784	-0.0117279	0.105834	0.14423661	-0.0342009	-0.35757047	0.118421964	0.07482431	-0.05892982	-0.25786608	-0.03223258	-0.28797898	-0.11791572	0.06516842	-0.15010706	-0.10874082	0.2486578	-0.05640513	-0.106449395	0.16922718	-0.0027114628	-0.008444192	0.053520285	-0.21091095	-0.13722324	0.060370225	-0.071485944	-0.16957432	-0.044588078	-0.33432546	-0.23181127	0.14394324	-0.13529862	0.01963932	0.15649936	-0.19706278	0.0582981	-0.16294822	0.06149193	0.19756514	0.013253965	-0.0102371415	-0.106609784	0.0070310095	0.1276242	0.16348816	0.084262535	-0.17820227	0.2379393	-0.39187756	0.032337304	0.2294496	-0.03158475	-0.1275979	-0.06604308	-0.116882466	0.05356295	-0.04058202	0.119408324	0.089120045	-0.025294553	0.23750778	0.0039406596	0.07194845	0.081981845	-0.09592016	-0.11695087	-0.045610752	-0.026551789	0.04483792	0.2488561	-0.20166795	0.026598724	0.03040357	-0.030289834	0.018219411	0.18212938	0.0112927165	-0.0031915295	-0.24367805	0.0019351105	-0.10468174	-0.092834026	-0.070513725	-0.019990057	0.09364895	-0.07660862	-0.1540561	-0.033391614	-0.033819757	-0.2437282	-0.01522914	0.042982664	-0.103283264	-0.0014998666	0.24707969	0.15120262	0.037665173	0.014290961	-0.098879255	-0.0030807129	-0.1811796	0.09897733	-0.02851092	-0.097338594	0.044416625	0.15744121	-0.0068979156	-0.053044852	0.30061102	-0.042176638	-0.154253	-0.075166486	0.12835258	0.068915516
-0.7172553	0.6565459	0.3019708	0.22574449	0.47870398	0.5665179	0.44547388	0.40874863	0.8828506	0.27693534	0.11006394	0.3810214	0.18215324	0.35227245	-0.018176025	-0.7083957	0.40247107	0.15506937	-0.7982751	-0.6187206	-0.48338705	0.12864836	-0.28135574	0.41597039	-0.5363582	-0.06156708	-0.13856529	-1.523766	-0.50451833	0.50516725	-0.50816035	-0.03646328	-0.12384485	-0.048640266	-0.23718512	-0.07205181	-0.07537866	-0.72448605	-0.48275203	-0.1105795	0.5241563	-0.08171097	-0.1247501	0.1939426	0.82879674	-0.014308796	0.808799	0.314143	-1.2421666	0.28090122	0.20735869	0.5401182	-0.03137487	-0.35758922	0.43232355	0.4965307	0.07739559	0.12666091	0.53867483	-0.18557128	1.0646739	0.49758348	-0.1849236	0.07524284	0.6193746	-0.22062318	-1.1247364	0.13342951	-0.36284637	-0.102680966	0.37940502	0.26470023	0.47584417	0.23717704	-0.44726324	0.66145784	0.3416006	0.4733851	0.53227943	0.3111166	0.14294249	-0.6058921	-0.1916963	0.25260848	-0.116898715	-1.5145286	-0.13703066	0.27899143	0.5038703	0.09062068	0.5549241	0.060073525	-0.65314955	-0.47828937	0.27091983	0.56695485	0.6065811	-0.16360533	0.81973845	-0.3791999	-0.5675182	-0.8701427	0.19046567	-0.382968	0.06354275	0.34665415	-0.44820032	-0.097646624	0.13657688	0.6274079	0.70531416	0.7785793	0.26169935	-0.2888684	-0.55398947	-0.74792755	0.77648824	-0.061850976	0.25579205	0.8659974	-0.3110682	-0.19775419	0.2776543	-0.5641338	0.29493633	0.5092001	0.9818432	0.1479709
-0.23303902	-0.40846813	0.6031481	-0.29413238	0.26115885	-0.43364987	0.8000574	0.5756904	1.1878136	0.09307993	0.41359335	0.26732755	-0.35833937	-0.13510697	-0.1250876	0.25037792	0.7274506	0.15110044	-0.5616287	0.40661433	-0.12452135	0.3113747	-0.783317	-0.36866796	-0.79606164	0.29742506	0.28345504	-0.30557367	-0.21737857	0.023074105	0.09522393	-0.05172648	-0.50366336	-0.54915047	-0.5198516	0.5927375	-0.5112598	-0.28432444	0.16977847	-0.22002669	0.46333268	0.03426389	-0.6307869	-0.26063153	0.21610944	-0.5676553	-0.25357994	-0.245833	-0.9392207	-0.14357041	-0.3220858	0.5517349	1.1536613	-0.04917873	-0.20046836	0.5075138	0.43021533	-0.38641185	0.08867548	0.01373735	-0.16236466	-0.37641793	-0.53658044	0.55297685	0.47742826	0.18683112	0.3271633	-1.3366189	-0.3817101	-0.4656245	-0.57982814	0.35651806	-0.36843914	-0.5174592	0.049785454	-0.44799998	-0.4076641	0.11957213	-0.32448944	0.27558637	-0.81838197	-0.3653502	0.97628516	0.32737184	-0.030138012	0.29856867	0.62293404	0.16285071	0.47856778	0.672436	0.37606186	-0.53533477	-0.9712694	-0.35610247	0.28182876	-0.15655926	0.29473814	0.08681804	-0.2556375	0.24074756	0.20855688	-0.96670175	-0.4324818	-0.0043021133	1.0116807	0.70999306	-0.17871429	-0.671268	0.54983324	0.5398159	0.50830734	0.6221524	0.5093422	0.17285004	-1.0215938	0.97003037	-0.74843216	-0.17075743	-0.10175441	0.11345642	-0.3563175	-0.7115151	1.1172074	-0.58326614	-0.7654121	0.17695417	0.22892895	-0.03503696
0.112778895	0.017010918	0.06971141	-0.051589563	0.1270512	0.10079882	-0.22446734	0.07208347	0.012205103	0.049905166	0.15480736	0.18834846	0.048736244	0.08912942	-0.03373164	0.20543784	0.2803528	0.0012352826	-0.0017694974	0.12960449	-0.115341604	-0.050834764	-0.06437851	0.067944996	0.030144146	0.21517348	-0.040380023	-0.037927106	0.04232021	-0.018699247	0.062207732	-0.12919433	-0.1563762	0.12488805	0.10169254	0.13207246	-0.049765952	-0.0137466295	0.15896507	-0.051112946	0.022305924	0.18753861	-0.25610262	0.09133326	0.0076984703	-0.31357872	-0.23248957	0.23341386	0.041691057	-0.12839752	-0.0801604	0.114746355	0.2793614	-0.13275349	-0.017090285	-0.09966227	0.03868693	0.2824847	0.17620964	-0.10926777	-0.11315202	0.115719765	-0.18086535	0.019544486	0.068863325	-0.12629688	-0.0076573626	0.059239045	-0.024935795	-0.04180894	0.059439432	-0.11052178	-0.050360717	-0.07810857	-0.06443848	0.16366218	0.17652214	0.094602995	-0.094594896	0.09687293	-0.2613208	-0.383426	0.15428555	0.16919693	0.017315386	-0.33678558	0.23833008	0.02305061	0.18720736	0.0063157156	0.063395955	-0.101962104	-0.20265184	-0.08851276	0.080021754	-0.033295628	0.028669197	0.22084323	0.07431015	-0.14781141	-0.12595649	-0.29773343	-0.25311852	0.18884303	-0.050770797	0.057680685	-0.12905304	0.023305347	0.17006305	0.23858868	0.093442105	0.17786059	0.10077655	0.049626973	-0.07421565	-0.056018624	-0.23249467	-0.017445918	0.10016895	0.06842156	-0.008334611	-0.10577197	0.28028122	0.005872094	-0.146655	0.007938069	0.26098	-0.026113147
0.097739734	-0.20084433	0.31505334	-0.06712421	0.4928482	0.41917694	0.6228547	0.28920802	0.8935227	0.08781864	-0.010934091	0.3852705	-0.4176271	0.15056556	0.041596018	0.3002432	0.1673196	-0.19060197	-0.7249864	0.5080274	0.43820342	-0.58517337	-0.3903157	0.19319583	-0.77659196	0.24452965	-0.298039	-0.72347057	-0.5130865	-0.05385683	-0.09688416	-0.35122037	0.24998713	0.10949112	0.041324656	0.71198237	-0.3858174	-0.8223768	-0.020176195	0.40591544	-0.055065893	-0.20781372	-0.47471872	-0.23990567	-0.009828357	-0.31158662	0.015043347	0.7774916	-0.9612215	0.2000017	-0.6243121	-0.042749774	0.24234785	0.43445495	-0.0024751576	0.016768407	0.22458035	0.29444176	0.25736153	0.2809838	-0.63530946	0.43318844	-0.59529096	0.1533395	0.31513467	0.23832084	0.24407138	-0.7680943	0.015560944	-0.23505765	-0.25611892	0.2793581	0.10877681	0.1281926	0.0325756	0.4203398	0.47150818	-0.34154657	-0.20776257	0.17627034	-0.1388693	-0.3571471	0.024006253	0.20695484	-0.06246947	-0.053373676	-0.011838999	0.23539741	0.24752672	0.64064044	-0.17164984	-0.1680056	-0.4960064	-0.054370403	-0.09783358	-0.029694676	-0.054717194	0.2675032	-0.074941546	-0.23668072	-0.25237444	-0.26578787	-0.060843386	0.054599043	0.29685193	-0.12145987	-0.5230233	-0.11409758	0.72498024	0.3559563	0.11495805	-0.084978275	-0.11648017	0.2627876	-0.5194346	0.472705	-0.13109684	0.08139502	0.20720887	0.56651276	-0.041223813	-0.35773295	0.6023445	-0.17988355	-0.031019296	-0.38187242	0.36205074	-0.6475366
-0.37039	0.21940264	0.050181534	0.7631765	0.52530175	0.18041594	-0.27578196	0.39240527	0.5259277	0.48301232	0.10814849	0.27582908	0.2500751	0.24358396	-0.7358863	0.03873299	0.03411806	-0.03540567	0.34841907	-0.017719548	0.45585325	-0.3162654	-0.3933871	-0.12218431	-0.1282907	0.3787711	-0.29036012	0.1582395	-0.30054682	0.58249575	-0.048795756	-0.056695342	-0.39095518	-0.3507573	0.3240953	-0.14185554	0.13001108	-0.71206534	0.32018209	0.08679384	-0.27046755	-0.021426596	-0.088693656	0.32893515	0.3107953	0.19614512	-0.43663353	0.1185336	0.14315677	-0.27268153	-0.43548548	0.5739481	0.27922302	0.22303823	-0.22310492	-0.4679941	-0.34640357	0.7897029	0.27986595	-0.23073691	-0.11228199	0.19831523	-0.2811787	0.53531986	0.19910932	0.024104323	0.061570894	0.20734312	-0.009736978	-0.32628635	0.27889976	0.14194793	0.030687327	0.06557092	0.15746167	-0.10693338	-0.16353251	-0.14737679	0.11788326	-0.11442134	-0.1736417	-1.1810423	0.10108765	0.35573328	0.47010708	0.09888107	0.56520414	-0.14894398	-0.22872858	0.27668875	-0.27438703	-0.1680743	-0.68967617	-0.15221266	0.11083996	-0.26799488	0.02616017	0.8582684	0.87395597	-0.6587146	-0.4965625	-1.216538	-0.69690526	-0.69415206	-0.08040518	0.19851187	0.23688608	0.36350334	0.0051517235	0.8521359	0.45076415	0.32907578	0.07490783	0.17928703	-0.54560566	-0.22745644	-0.09565387	-0.08298451	0.42944196	-0.10970837	-0.045069214	0.041282646	0.39039695	-0.35524645	-0.21799193	-0.43110436	0.62361974	-0.3567985
0.29081902	0.26037708	-0.28550333	-0.40602294	0.4312601	0.82970333	0.108740814	0.626723	-0.055130765	-0.16486758	-0.11526512	0.10801758	-0.2812477	-0.3836793	0.18335018	0.031138122	0.027349357	-1.5254077	-0.4392119	-0.26416284	-0.056327704	-0.20280771	-0.6966977	-0.30924466	-0.30905348	0.53870624	0.3305245	-0.43800777	-0.011846684	0.58158827	-0.27857324	0.0021386247	0.26691893	0.19401343	-0.33068255	-0.5156962	-0.7533572	-0.367925	-0.007304951	0.056287628	-0.31820932	-0.247953	-0.086565025	0.03632242	0.2365158	-0.069042556	-0.26633054	0.6292179	-0.37519717	0.23020585	-0.7790601	0.19828412	0.23614655	-0.08661316	-0.3101496	-0.30170003	-0.108922675	0.46601433	0.20994012	0.79412705	-0.5299135	0.16859032	-0.2804116	-0.27495566	0.10405023	0.20596386	-0.44539237	-0.94140077	-0.030162621	-0.031166647	0.15004647	-0.6217369	0.6153584	-0.27306616	0.66322243	0.09525409	0.073942356	-0.113190845	0.110555016	-0.4081654	0.29512283	-0.2862657	0.103433035	0.13215275	-0.10358609	-0.2561998	0.3458358	-0.3153009	-0.0076597705	-0.14527296	0.23595195	0.3196814	-0.7911389	-0.114211634	-0.5907026	-0.34828618	-0.2662408	0.068257794	-0.07743443	-0.11708083	-0.087566115	-0.6100175	-0.45221937	-0.015900698	0.18020561	-0.1654615	-0.2621289	0.5601013	-0.3797298	0.67623085	0.33110023	0.060911015	-0.21825334	-0.27340615	-0.23582725	0.36358926	-0.85391796	-0.03182503	0.4766309	-0.08892037	-0.20109138	0.07458523	0.1468504	0.24830598	-0.523363	0.4114926	0.6986437	0.42762008
0.043517265	0.14014901	0.049596395	0.16105697	0.26711574	0.1742191	-0.4823055	0.28987294	0.033304796	-0.05065991	0.26020047	0.1390874	0.19661061	0.22893953	-0.020664083	0.31430703	0.569699	0.28887665	-0.11162547	0.14216292	-0.12242361	-0.23983715	-0.1779491	0.05307146	0.20151593	0.1311228	-0.333309	-0.29322535	-0.0050053126	-0.024217604	0.16621229	-0.33331183	-0.31153804	0.23326129	0.018404812	0.13371724	0.04217826	-0.09896945	0.21530452	-0.21791828	-0.23046744	0.32460815	-0.263191	0.28869638	-0.16330916	-0.6109405	-0.37298465	0.37840396	-0.020094888	-0.050536755	0.01175157	0.10714793	0.16364084	-0.091342635	0.042851508	0.17432092	0.42431352	0.5231187	0.2722316	-0.14594886	-0.24522904	0.074432716	-0.29998472	0.2427777	0.047296207	-0.15193395	-0.098898575	0.31434518	0.23900747	0.017363377	0.013306765	0.080422364	-0.11641631	-0.20160869	-0.30518448	0.04040148	0.10721584	0.23919745	-0.23673359	0.28307414	-0.26058096	-0.3706036	0.09513787	0.22156352	0.23841546	-0.48664242	0.3975887	0.007239465	0.3965222	0.15715013	0.20559372	-0.2292143	-0.3464526	-0.25301388	-0.07048634	-0.05285695	0.16559196	0.06287024	0.04164177	-0.04719925	-0.14125334	-0.25813958	-0.394493	0.1858915	-0.20398208	0.087984405	-0.20505288	0.12256111	0.12747803	0.20375402	-0.13173781	0.22014996	-0.058272954	0.10516737	-0.20388502	-0.08551636	-0.18346134	0.101114266	0.07876241	-0.07906348	0.083106555	-0.008408631	0.44788507	0.16280049	0.07226249	0.31224915	0.6195921	-0.066534415
0.09189846	0.2815092	-0.117221594	0.35220164	0.5820768	0.7122986	0.16669689	0.08216921	0.55772734	0.0036138303	-0.19488324	0.46778235	-0.119071804	0.30160034	0.2597152	0.026943853	-0.24774404	-0.10033111	-0.45722285	0.064536005	0.14181763	-0.33868337	-0.17924456	0.57678795	-0.36098525	0.2975386	-0.13388965	-0.40849918	-0.25000742	0.27966177	-0.25043017	-0.0012054173	0.08349194	-0.16936016	0.114088126	0.12825824	-0.088913865	-0.0683867	0.06353222	-0.10326254	-0.16144054	-0.39906067	-0.15848789	-0.31447154	0.29349163	-0.2737307	-0.07563663	0.14737035	-0.13517173	0.017850986	-0.2041952	0.117137596	-0.22595468	-0.24826345	-0.051566496	-0.02932253	0.18474872	-0.52522826	0.06764077	0.21255763	0.21319684	0.11245723	0.14275903	-0.077294715	0.555391	0.029073099	-0.23565418	0.6330292	-0.008384234	-0.11784941	0.19687897	-0.21460144	0.23631676	0.01635596	0.27447492	-0.14255127	0.24874663	0.28301695	0.1532057	-0.22148217	-0.22772352	-0.7642504	0.3353467	0.604262	-0.12687327	-0.45347288	-0.3405196	0.48108187	0.6552824	-0.25588202	0.35457975	-0.24662098	-0.6465387	-0.22317268	-0.25466487	-0.65923166	0.2144234	-0.2122325	0.553705	-0.0690159	0.012136551	-0.5504521	-0.6104588	0.13395572	0.05625472	0.1267592	-0.28455362	-0.1709735	0.8592459	-0.06445426	-0.03760546	0.29669708	0.2832641	-0.1814977	-0.4169892	-0.016143916	-0.15666124	-0.06995312	0.5174548	0.2806897	-0.003321113	-0.14175081	0.40593565	0.18218003	-0.58028376	-0.121953465	0.50665456	0.32798675
-0.015139658	0.029525656	-0.0047975476	-0.011688975	0.2884939	0.15726101	-0.050298978	0.223756	0.26177207	0.013914961	0.044541806	0.11230121	0.14237112	0.067450486	0.04671741	0.048880935	0.07409912	0.013885853	-0.11858488	0.14576933	0.180634	-0.20836386	-0.21129784	0.12498008	-0.11292796	0.16093211	-0.10221753	-0.17150678	-0.100335866	0.12553768	-0.13873164	0.020720849	-0.046957918	0.05500468	0.011275857	-0.028516565	-0.08608931	-0.07544728	-0.019105012	-0.074592836	-0.20493534	0.061827857	-0.17774875	0.033772692	0.08395356	-0.13318221	-0.08286873	0.11205389	-0.17168781	-0.012491937	-0.012158455	0.053093642	0.15093058	-0.114825904	-0.07158258	-0.0027897276	0.042522304	0.024118625	0.03005666	0.07298101	-0.020105101	0.021109156	-0.07106009	0.00614106	0.18049805	-0.08435849	0.029480342	0.004907075	-0.01640561	0.009656224	0.060516927	0.033570178	0.100104414	0.055995323	-0.0067561115	0.119288534	0.057002548	0.16616608	-0.022279965	0.01591654	0.0327407	-0.06319455	0.013043327	0.10777844	0.018350756	-0.13473277	0.07599957	-0.0376038	0.13054311	0.0018264157	-0.017171532	-0.1531871	-0.19742966	0.02335113	-0.13566233	-0.055753388	0.0414845	-0.009718928	0.089562766	-0.2843023	-0.05630466	-0.31491947	-0.22471686	-0.008314694	-0.06078005	-0.013197659	-0.09295279	-0.040866807	0.18241358	0.12575029	0.06901384	0.12420076	0.10365492	0.09513079	-0.21077508	-0.034891948	-0.09762832	-0.062369514	0.04530628	-0.026669852	-0.091124706	-0.119713366	0.14634964	-0.00887106	-0.1299316	0.11507516	0.09198698	0.12359015
-0.1847532	0.11862587	-0.38308623	0.2057658	0.71454865	0.40829197	0.44076166	0.41211802	0.25511038	-0.06424768	0.32008573	0.16753812	0.17329472	-0.3456492	0.42811155	0.24843185	-0.06129649	-0.53245986	-0.39613712	0.4518983	0.09318177	0.120878115	-0.54596853	-0.473135	-0.20058207	-0.068481445	-0.6487617	-0.35447207	-0.2259712	0.2747019	0.16713852	0.11388206	0.13579465	0.16654485	-0.23466443	-0.033556893	-0.78032905	-0.2919428	0.2362461	-0.25467697	-0.28543654	0.10698138	-0.72801936	-0.20225963	0.5360351	0.063763745	0.31392008	0.3271214	0.024395617	0.030866584	-0.022984384	0.021518854	0.0132097555	0.20028712	-0.13997553	-0.06662776	0.18199351	0.398954	0.39480865	0.5644997	0.32118288	0.4666454	-0.0006268526	0.16737293	0.44947577	0.0062396424	-0.1567068	0.66305685	0.07424528	-0.01210567	0.30803278	-0.20073539	0.29279026	0.04907795	-0.23647998	0.15797669	0.23885347	-0.30072537	0.28338337	-0.016414383	0.14165048	-0.11566427	-0.015102885	0.2940937	0.4180854	-0.3791622	0.013468847	-0.18964048	0.32168806	-0.27231583	0.052029062	0.0107228	-0.34927678	-0.11456141	-0.5075316	-0.08340946	0.2761593	0.17748782	0.19123508	-0.25301012	0.043090854	-0.5767991	-0.19839057	-0.5047902	0.02223793	0.24942338	0.020208832	0.74458444	0.21850114	0.35694325	-0.02934885	0.54030687	-0.31879732	-0.19452746	-0.2374273	0.25484148	0.14153762	0.32142472	-0.061194062	0.24403498	-0.038482938	0.37270743	0.11749095	0.15340224	-0.1956424	-0.07205114	0.6923164	-0.3322061
0.073078565	0.25701255	-0.027144639	0.12987143	0.19738081	0.563313	0.01958724	0.057327252	0.11515575	0.031882	0.045392092	0.22282244	0.041530475	0.27036393	0.04708341	0.33302584	-0.1955407	-0.19094047	-0.13254349	0.01887111	-0.15970254	-0.17590931	-0.37108997	0.083818674	-0.39648294	0.3315685	0.02729511	-0.18389511	-0.016040482	0.26525503	-0.24972773	-0.12495264	0.17099744	0.027927779	0.24370423	-0.03017091	-0.037547678	-0.09947567	0.3791025	-0.24222483	-0.26078105	-0.057821672	0.11340204	-0.12595429	0.24662311	-0.29458898	0.085919075	0.20560001	-0.09499828	0.073450126	-0.11087723	-0.008149644	-0.030333558	-0.019123893	0.028774291	-0.32049352	0.10271291	0.051332407	0.051024854	-0.007080072	0.11167751	0.29595962	0.077035554	-0.071546406	0.10067242	-0.13095117	-0.19592808	0.54174227	0.0076662013	-0.023214117	0.16515553	-0.005928904	0.34357506	0.039413463	0.27255532	-0.07883595	0.20777577	0.21956024	-0.109293155	-0.079394564	-0.34644938	-0.4535563	0.21985577	0.18923739	-0.06496784	-0.3297941	-0.14323367	0.1416435	0.15634893	-0.1380406	-0.02110381	-0.056265462	-0.46989897	0.0001625125	-0.1536576	-0.115652144	0.09658785	0.0917119	0.021055259	-0.19508755	0.18224406	-0.35170144	-0.1838646	0.05945292	-0.08532895	0.29447174	-0.053323843	0.24334359	0.37436357	-0.017207943	0.0994449	0.17085052	-0.024937209	-0.09725694	-0.11290332	0.07454815	-0.23143138	0.024460822	0.35489947	0.34482244	-0.08566596	0.11636394	0.2600984	0.1415096	-0.3242038	-0.028689995	0.4059065	0.12010707
-0.121573225	0.38703528	-0.038742516	0.67304134	1.0151346	0.8623002	-0.33631358	0.42716208	1.3139662	0.8329081	0.1950688	-0.016759519	0.047248844	-0.0024067413	-0.24282604	0.23401885	-0.72573715	-0.49940783	-0.1986004	0.38033155	-0.40692684	-0.10842674	-0.9054873	-0.005459217	-0.25790393	1.4266204	0.12881501	-0.06156445	-0.208717	1.2292569	-0.45014858	-0.658878	-0.14295067	-0.22436301	0.4912359	-0.69770545	0.39084986	-0.17571624	0.67745227	-0.28780612	-0.7903037	-0.22999333	0.267326	0.2587475	0.4757046	-0.39629692	-0.57983434	0.30778816	-0.36717415	-0.18397006	-0.65012884	0.39844587	-0.085721925	0.51489323	-0.65884566	-0.43512967	0.3412294	0.37848377	-0.012684189	-0.46772692	-0.2164872	0.5288935	0.10547984	-0.03359282	0.024593513	-0.08842844	-0.27711695	-0.014705306	-0.3330734	-0.43184423	0.72794235	0.37311944	0.39110118	-0.51886934	0.48704362	-0.5042236	0.2299759	0.030263724	-0.21777521	-0.41128358	-0.89308953	-1.8145001	-0.15475282	0.20442012	-0.090125114	-0.06824913	0.35738954	0.12930657	-0.18154164	0.34416094	-0.4172549	-0.9008704	-1.1771045	-0.014953997	0.16930404	-0.41077375	0.26554948	0.2847505	0.44273356	-0.538997	0.08296159	-1.2755826	-1.1640532	-0.33851674	-0.2978739	0.5585139	-0.076353855	0.446019	0.21663302	1.0953261	0.5565059	0.62909615	0.32957652	0.0041341227	-0.9658985	0.13194671	-1.0235779	0.20789465	1.0993044	0.14882898	-0.2896415	-0.046003256	0.744156	-0.023672877	-0.85445875	-0.6530924	0.65672284	0.016778802
0.11807976	0.12569271	-0.11839881	0.02916095	0.4860835	-0.002329293	-0.4709025	0.6692929	-0.07722216	0.07033689	0.09983704	0.46764952	0.28867072	0.3404161	-0.035997823	0.57779616	0.754086	0.16922548	-0.27945426	-0.009209463	-0.2337217	-0.6610512	-0.13269725	-0.2447236	0.09492987	-0.12116968	-0.4591458	-0.27443314	0.04786192	0.15591076	0.09366145	-0.32757434	-0.2475877	0.38402256	0.30163833	0.02966349	0.24889247	-0.24502367	0.5298877	-0.20413445	-0.56574595	0.55396324	-0.4160382	0.2763064	-0.12116205	-0.51865196	-0.31439644	0.35501635	0.20744146	-0.17477922	0.22713235	0.2804275	0.11439473	-0.07344336	0.24788918	0.44614887	0.5193626	0.5605158	0.58741295	-0.16369586	-0.29962182	0.2597065	-0.43562973	0.43862164	0.26533237	-0.12755111	-0.19012639	0.54920155	0.14268515	-0.11009086	0.11825495	-0.009496229	-0.31593856	-0.25076488	-0.4080118	-0.23897134	0.14237864	0.45231208	0.19748048	0.29732162	-0.5559641	-0.5390581	0.29901335	0.40034783	0.55542564	-0.39713594	0.04144372	0.09389839	0.65344876	-0.008369418	0.48416364	-0.38131237	-0.041429825	-0.231445	-0.078260444	-0.072269164	0.684155	0.0014052351	0.26228192	-0.17647085	-0.091150776	-0.47889337	-0.8661205	-0.0064321044	-0.4104256	-0.039625123	-0.24629244	0.44136888	0.2798745	0.103943996	-0.2750584	0.1688955	-0.12453748	0.070851624	-0.2669112	0.23469304	-0.05378308	0.023098566	0.07688642	0.04038463	-0.028654667	0.0709601	0.65086496	0.2934874	-0.004715035	0.48863682	0.9602064	-0.23212479
-0.124609	0.2553623	-0.024976742	-0.014180412	0.30477625	0.34234148	0.029705944	0.4980143	0.5311892	-0.15164782	0.20664343	0.49597088	0.25745624	-0.2984259	-0.37270975	0.38807654	0.4906766	-0.13352065	-0.33044118	0.64019287	0.22904707	-0.6333191	-0.25850397	0.3660538	-0.736169	0.0045849	-0.41422564	-0.4753962	-0.62927556	-0.12785041	0.26791456	0.18472199	-0.18284024	-0.23699066	0.22633936	0.15536264	-0.0021885175	-0.51566076	-0.06705031	0.008704215	-0.7967533	0.27311292	-0.6332418	0.2814593	0.21777421	-0.11020443	0.22891232	-0.05639673	0.26246518	0.02568146	-0.058451653	-0.7576272	0.016480792	-0.16485533	-0.02379411	-0.5331242	0.32897392	0.11232266	-0.43915626	0.26152337	-0.33638814	0.32011178	-0.32643774	0.47692996	0.14165084	-0.1496868	0.08754424	0.25734916	-0.03398276	0.05688421	0.07442869	0.49178004	0.39663917	0.19300602	0.21959077	-0.13584523	-0.031070698	-0.06300669	-0.23772854	-0.035251953	0.44771555	-0.11354544	-0.16979723	-0.14849918	-0.07657157	-0.24268752	0.041080326	-0.2462833	0.27554414	-0.12206836	-0.058585376	-0.032410655	-0.27699748	-0.078531094	-0.356709	-0.454034	-0.12989388	-0.006592334	0.42284498	-0.8454761	-0.56864196	-0.5789758	-0.36468586	-0.6492225	-0.44916278	0.1329946	-0.23543018	-0.18323234	0.46973634	0.17964715	-0.12459784	0.2929237	-0.3319955	0.21312223	-0.18877655	0.113043234	-0.010546932	0.09926374	0.14362942	-0.23659265	-0.04698608	-0.55530274	0.20853917	0.11254745	-0.3238678	0.07458946	0.18441015	-0.17187586
0.0136102345	0.3254706	-0.023421323	-0.2608216	0.5517412	0.5744428	0.13100806	0.6557377	0.29010046	-0.5283344	-0.073230006	-0.26927102	0.15352245	0.16454016	-0.26875722	0.47294605	-0.3533485	-0.8250054	-0.6726834	-0.10697923	-0.0069094114	-0.60068476	-0.29072902	-0.37231776	-0.36148596	0.003954434	-0.007656779	-0.6395711	-0.20397876	0.67221934	-0.66529673	0.9449103	-0.06485626	0.43889052	0.51371825	0.542679	-0.65175575	-0.8418119	0.5543548	-0.42629632	0.18503267	0.11001042	0.07406388	-0.45085102	-0.07932923	0.0052771363	0.14162925	0.57554305	0.1813167	0.2096256	-0.21592934	-0.5231968	0.21107842	0.3111219	0.065162666	-0.7929397	0.4923405	0.34964624	-0.07516907	0.6778043	0.5204735	0.21766749	0.14484201	0.019755477	0.31911254	0.031212632	-0.21367206	0.2390182	-0.14195226	0.3664818	-0.027904246	-0.10040436	0.8761508	0.32434976	0.020816466	-0.2753339	0.28678694	0.12742658	0.40922874	-0.3896341	-0.0095700575	-0.552523	0.18267712	0.26179397	0.053743865	-0.79202116	0.16045548	0.4482382	0.42505735	-0.48805872	0.7093066	-0.21208224	-0.6044414	0.25632864	-0.6204736	-0.38034827	0.41434783	0.1929683	0.6243361	-0.84270465	0.49230725	-1.0557078	-0.24880369	-0.54936296	0.17661302	0.284168	-0.3567431	0.56680596	0.60547215	0.06995108	-0.5359209	0.40866864	-0.09547606	-0.46620724	-0.17148855	-0.20761336	-0.4419694	0.11763927	-0.03745775	0.8600226	0.4794245	-0.12653631	0.08467421	0.63156694	-0.4747366	0.32244703	0.38789943	-0.19567862
0.09218875	0.04015808	0.023423856	0.15061094	0.41328445	0.20787542	0.027422793	0.25661904	0.124515004	0.092622966	0.06377736	0.18510848	-0.014121052	-0.14559813	-0.14992747	-0.055399165	0.025631828	-0.27547917	0.05737512	-0.041326102	0.0054730284	-0.122885406	-0.1079396	-0.081553906	-0.17203146	0.012844014	-0.13115549	-0.30289993	-0.14543979	-0.038784765	-0.09146017	0.027776813	0.16572446	-0.041503206	-0.012256269	-0.0006778865	-0.35152376	-0.39709482	-0.05704051	-0.21570057	0.05300925	-0.090087205	0.18408282	-0.16277799	0.069115914	0.15785657	-0.12830977	0.27607659	0.03436984	-0.009863105	0.10690453	-0.31389922	0.0326982	0.14141342	-0.064149305	0.13655828	0.14662422	0.15629803	0.39621258	0.5259986	-0.1828466	-0.16364907	-0.4372398	-0.15524776	0.6187774	-0.01831381	-0.20450711	0.140736	-0.21114095	0.23580496	0.21191841	0.11631994	0.0997392	-0.14143758	0.35347003	0.13236499	-0.102833144	-0.15614362	-0.049921293	0.07632648	0.17615922	-0.34124827	-0.22839798	0.17656715	0.009304577	0.0018951201	0.31786993	-0.12876838	0.24521938	0.3210242	-0.25514752	0.09950587	-0.018013738	0.043214157	-0.13855398	-0.13146599	-0.046470217	-0.17827776	0.1715393	-0.13857985	-0.43989235	-0.35754138	-0.36919457	-0.14541477	-0.25555447	-0.01609583	0.019159965	0.31578225	0.14097655	-0.007463302	-0.20549305	0.01545157	0.03408187	-0.12120754	-0.10140181	0.10656268	-0.31916082	0.016380537	0.04398903	-0.037215613	-0.32861376	-0.09194941	0.32370526	0.2514646	-0.097088315	-0.046384353	0.5458786	0.020459043
0.15945368	0.15208775	-0.39337358	0.035746153	0.12721631	-0.024792325	0.40334293	0.47553185	0.17810859	0.20138492	-0.035534397	0.20464428	0.08801259	-0.10852741	-0.18331948	0.03925925	0.048499484	-0.23400925	-0.23047549	-0.089295805	-0.19050816	-0.05823207	-0.078461185	-0.3186171	-0.4888172	-0.10311869	-0.5431401	0.14363755	0.033704955	0.04839052	-0.028679773	-0.23690969	0.045008004	0.26206443	-0.15182738	0.046362005	-0.603574	-0.5049198	0.18610954	-0.04370978	-0.3486037	-0.04971991	-0.18580039	-0.14564708	0.29431602	-0.10182047	0.35812572	0.033324514	0.035855666	-0.46844497	0.19880384	0.13584282	-0.17712942	-0.13355786	0.16466826	0.11808016	0.44460443	0.5810187	0.26836643	0.38186097	-0.45905963	0.37787965	-0.36958855	0.06783358	0.24024111	0.03998881	-0.4364248	0.21344693	0.15677196	-0.21121137	0.15064032	-0.1209309	-0.012013694	-0.36101604	-0.117405035	0.21117416	0.20200211	0.1722631	0.060145885	0.1084577	-0.22527105	-0.51496387	0.54615843	-0.020443197	0.26928556	-0.34796238	-0.042489115	-0.24395052	0.32057545	-0.4559479	0.06268648	-0.29147092	0.17849559	-0.2541806	-0.12882504	-0.032820676	0.3015712	-0.34479806	0.29636672	-0.3227525	-0.39922544	-0.66770756	-0.5839597	-0.45656532	-0.016368177	0.19843423	-0.3513699	0.44108772	0.5108075	0.36724663	0.0033771603	0.10096566	0.14892656	0.16397794	-0.42868036	0.48325545	-0.09042292	0.14602801	0.14785591	0.16460001	-0.36506778	0.11417628	0.22982803	0.17905687	-0.07936982	0.25508827	0.6362376	-0.44551417
0.05984928	0.019008422	-0.0382704	-0.011623705	0.22840752	0.23654816	0.04363196	0.25709552	0.116319336	0.20478426	-0.066170655	0.1769937	0.0949406	0.052494645	-0.0443105	0.100626186	-0.06633776	-0.18371038	-0.0042711506	-0.012792852	0.00085172587	0.01414291	-0.1433709	-0.18163395	-0.22082789	0.059404004	-0.33176792	-0.10026861	0.05505281	-0.10200813	-0.17121194	-0.1262277	-0.017294878	0.025874158	0.07872889	-0.09269888	-0.29664016	-0.057040464	0.14339344	0.032783438	-0.22610974	0.11283594	-0.20785752	0.08864363	0.07265486	0.016003322	0.12112422	0.13908406	-0.08706796	-0.10286914	-0.035980854	0.20272131	-0.029771807	0.08668004	-0.072741546	-0.09792644	-0.008288572	0.14958099	0.024723519	0.13882639	-0.192874	0.14538923	-0.10009715	0.052001186	-0.039305862	-0.1079465	-0.17763728	-0.048537567	-0.058509137	-0.11358165	-0.12888601	-0.095535934	-0.13345629	-0.12831056	0.102093615	0.07198815	-0.060565274	0.0241556	0.13185328	0.06900045	0.17189541	-0.34176722	0.01800375	0.015635801	0.20693688	0.016891552	0.118078955	-0.04881684	0.13962089	-0.04420373	0.14619364	-0.2311242	-0.056006774	-0.053968705	-0.022568515	-0.1744838	0.101017326	0.043946475	0.010937234	-0.072599396	0.09384412	-0.23768559	-0.42913374	-0.20742172	0.026932715	-0.14636359	-0.18256436	0.030677063	0.0644545	0.10945924	0.011892853	0.07706094	0.102760926	-0.05741192	-0.0698441	0.16299723	-0.26023963	0.0033305036	0.038117677	0.031480458	-0.16440657	-0.036636434	0.19334255	-0.026584048	-0.15389709	0.15306754	0.16545807	-0.18300873
-0.042347368	0.22155288	0.1057857	0.027516183	0.24997686	0.09841531	0.15338087	0.16438697	0.25096765	0.045396622	-0.03380434	0.08939865	0.05315938	0.089879274	-0.016655592	0.04648596	0.04651332	-0.0041267313	-0.16337928	0.0057324357	0.041184563	-0.07277719	-0.092734285	-0.02578342	-0.25347397	0.039890736	-0.0955961	-0.12420959	-0.092348054	0.06658492	-0.15376373	0.03216528	-0.042807117	-0.039911374	0.08275312	0.04973062	-0.13894153	-0.03022899	-0.061756663	0.124034956	-0.22792709	0.083064765	-0.06530983	0.17237486	-0.03656942	-0.093933985	0.018624943	0.20712328	-0.217687	-0.017694198	-0.09435721	0.002243088	0.22676896	0.016732562	-0.061526414	-0.051878426	-0.062148478	0.14205265	0.09012704	0.048941184	0.07031914	0.036388792	0.03765991	0.067584805	0.08466269	-0.058739312	0.013809746	0.01741341	-0.13984983	0.058346048	0.016575402	0.12161702	0.046642177	-0.05656204	0.08568884	0.07063757	-0.0016740215	0.1655378	-0.12893403	0.13577682	0.110401444	-0.07805566	0.040233966	0.12335391	-0.06772118	-0.17777202	0.0674555	-0.01453202	0.016275067	0.049836315	-0.07760769	-0.015122463	-0.10269216	-0.024877613	0.018871773	-0.05513437	-0.047126357	0.10243612	-0.012733541	-0.14929546	-0.14785677	-0.13836381	-0.18504077	-0.0022760641	0.07583408	-0.06100777	-0.07029347	0.044394743	0.16448061	0.06259166	0.03510652	-0.07709985	0.08884833	0.053790696	-0.15190184	0.031067811	-0.021505352	0.02149867	0.10459934	0.0919485	-0.1703712	-0.12726188	0.21492918	0.022330849	-0.04441003	0.052935347	0.18086696	0.04246118
-0.048119985	0.09215703	-0.07068609	-0.2526426	0.37304547	0.15178089	-0.32264498	0.5388353	0.6746745	-0.12826356	-0.098436765	0.441964	-0.12979189	0.11222367	-0.32111636	0.2723359	0.3569189	-0.52437127	-0.36339474	0.106726885	0.22296569	-1.0297304	-0.26470175	0.26756704	-0.8939626	0.27472398	-0.35798517	-0.7362923	-0.4369432	0.0036380521	-0.21765096	-0.16182452	-0.16977072	0.32355055	0.12356432	0.17968737	-0.46615753	-0.82711816	-0.38129914	0.14888324	-0.47031784	-0.076046936	-0.16528596	-0.22981815	-0.26201648	-0.37252456	0.16388457	0.7015375	-0.19426309	0.112945355	-0.14380547	-0.48346475	-0.0792155	0.14813772	-0.01630816	-0.6046109	0.6762042	0.95949394	-0.35236233	0.3299426	-0.8115338	0.26759988	-0.17592694	0.31716645	-0.14010012	0.36948767	0.23937458	-0.1368538	0.28634417	-0.03709286	-0.0049264394	0.5066542	0.31686082	0.20259945	-0.0014745544	-0.065786056	0.4364943	-0.09013914	-0.063713476	0.046347223	0.14464158	-0.21890524	-0.36600608	0.30182004	-0.1901457	-0.15378396	0.08906542	0.28922674	0.16579702	0.46455312	-0.23173124	-0.17242898	-0.6262368	-0.112375125	-0.15735987	-0.50141424	0.53186554	0.12101877	0.2993544	-0.55747527	-0.66320217	-0.55025953	-0.24278305	-0.3000548	-0.030500637	-0.42966315	-0.31926575	0.15004306	0.33990055	0.7149396	-0.07170168	0.283309	-0.19625327	-0.18580851	0.083952695	0.21225196	-0.263387	0.034393735	0.09585254	0.26311734	-0.0038195853	-0.7251459	0.106295176	-0.61274505	-0.0062430166	0.027294107	0.13566042	-0.18717186
0.01581664	0.42021933	0.052185897	0.082932554	0.308746	0.23606604	0.47892055	0.122809365	0.4919142	0.12560607	-0.13813695	0.2175138	0.03228912	-0.033054218	0.10459818	0.01259849	-0.2186813	-0.30811813	-0.13285232	0.12581956	-0.022239717	-0.0772138	-0.2777102	0.06978256	-0.59271127	0.15432644	-0.3638131	-0.32372087	0.05055935	0.00998409	-0.42367494	-0.1620412	0.014375316	-0.15081543	0.11977287	0.14485274	-0.19466816	-0.16797309	0.031047383	0.21108586	-0.34192026	0.0014026923	-0.07659869	0.25800753	0.05022386	-0.12821501	0.10219757	0.26935577	-0.32312414	0.09600508	-0.20509349	-0.05164843	-0.026925283	0.11620445	-0.10021077	-0.02158868	0.11791795	0.04886018	0.062469818	0.081509404	0.23266736	-0.026285022	0.26471075	0.23957065	0.19017577	-0.086620755	-0.12139581	-0.05665228	0.034131	-0.089941464	-0.008135935	0.06640873	-0.22970462	-0.11240068	0.5874133	0.18596707	-0.25215465	0.40401784	-0.003466213	0.32804435	0.20090805	-0.4307103	0.15427671	0.38888896	-0.050484445	-0.37287888	0.016937133	0.35000196	0.2790264	-0.2721613	0.045750838	-0.3623801	-0.27618295	-0.1661995	0.058290508	-0.4919463	0.048962664	0.030649977	0.08347176	-0.11765332	0.054719336	-0.073212095	-0.49534577	-0.027449295	0.10798101	0.045745675	-0.12026124	-0.013551931	0.46941465	-0.14519173	0.18291049	0.13663991	0.12637353	-0.0028822408	-0.06001733	-0.0149761215	-0.21375304	-0.124969244	0.44134256	0.31743467	-0.31240907	0.0068355775	0.25817475	0.05504184	-0.23567772	-0.1494989	0.42977166	0.061486844
0.028445223	0.036212094	-0.028871719	-0.029293893	0.24743806	0.20453136	0.04777263	0.2556723	0.14083761	0.25165063	-0.08024776	0.17799315	0.10864675	0.06177684	-0.044501368	0.1163971	-0.05436464	-0.17046282	0.004749269	3.2535485e-05	0.019670649	-0.032238975	-0.15740284	-0.19488801	-0.2803305	0.06097553	-0.3178157	-0.06637897	0.01840029	-0.08220595	-0.17663029	-0.15645833	-0.020005321	-0.021723857	0.060909286	-0.119127035	-0.29523125	-0.06301679	0.13829593	0.011763367	-0.2590038	0.10606435	-0.17079328	0.118334375	0.070598535	0.0059837964	0.11397419	0.1456691	-0.06754137	-0.099414505	-0.052412357	0.2098808	-0.03386182	0.08123477	-0.10254327	-0.082306184	-0.006308433	0.15850809	0.04301765	0.11560662	-0.18864623	0.12238269	-0.11165516	0.009560434	-0.04238556	-0.13050936	-0.13145767	-0.05105874	-0.08291374	-0.10391547	-0.1204283	-0.032884713	-0.1021663	-0.11764645	0.069247454	0.05691837	-0.05765114	0.02655422	0.19319609	0.11065211	0.19969559	-0.28318608	0.010959842	-0.0049832906	0.21623088	0.04761706	0.11974633	-0.022097826	0.09020941	-0.05032377	0.16106841	-0.2618689	-0.03454851	-0.04632624	0.011019347	-0.1686001	0.13753843	0.060595	0.03301708	-0.12248873	0.0818139	-0.29170242	-0.4026902	-0.19137317	0.038963147	-0.14762779	-0.20005327	0.07535736	0.06137371	0.11672328	-0.0055853445	0.08078254	0.09571111	-0.03027846	-0.064814456	0.13839938	-0.29021344	-1.7799926e-05	0.07120774	0.036354136	-0.19439286	-0.05261694	0.13797915	-0.037541315	-0.14899245	0.16969463	0.156946	-0.17212188
-0.18621193	0.06628222	0.21112822	0.2327812	0.1810461	0.19995412	-0.002891971	0.35023865	0.10072675	-0.1022871	-0.29879338	0.46993303	0.1057441	0.23800758	-0.09882973	0.053938318	0.12022224	-0.04629657	0.22057357	-0.122849956	-0.00644088	-0.6651607	-0.45700178	-0.33744055	-0.30732608	-0.10156832	-0.34992048	0.09823103	-0.004196775	-0.13758105	-0.089012	-0.22972544	0.0913679	0.05060323	0.0339517	-0.027427642	-0.30924973	-0.33266413	0.15603141	0.31478888	-0.05701966	-0.08034364	0.015014203	-0.23597388	0.0027399946	0.07366917	0.14728086	0.5997035	-0.0844607	-0.09511252	0.123536505	0.04868357	-0.18107775	-0.30343682	-0.2326396	0.26941535	0.0506683	0.3357395	0.10313739	-0.06257629	-0.1979758	0.10963567	-0.2700314	0.1275059	-0.11205909	-0.08914317	-0.22426268	-0.18802066	0.14006755	-0.24530843	0.034676418	0.018708162	0.07893839	-0.10268858	0.039055604	0.21871695	0.3288433	0.050436575	0.25564831	0.07622494	0.20351739	-0.31187785	-0.090801984	0.03205604	0.0039369822	-0.1896402	0.01647069	0.1653675	0.16612092	0.13413197	-0.23087075	-0.22876222	-0.12360143	-0.26731488	0.04029901	-0.026880117	0.30945626	0.03920635	0.108033635	-0.60815465	-0.16345029	-0.37862733	-0.26872998	0.01833482	-0.11103965	-0.28554833	-0.021186316	-0.08792432	0.23663324	0.12633403	0.07572684	0.2561857	0.43065855	0.1862757	-0.26535535	0.17736351	-0.44434413	0.14620163	0.012743223	0.16486214	-0.37051225	-0.29042318	0.41761628	0.038496047	0.09252358	0.15192032	0.39652455	-0.06615457
0.24192704	0.32163545	-0.0013928814	-0.04621681	0.7065217	0.40834028	-0.06947845	0.6324467	0.29128304	-0.3262904	-0.2057949	-0.25100344	-0.027501488	0.15530208	-0.09415255	0.43222612	-0.5717065	-0.77420145	-0.514298	-0.07554505	0.05430323	-0.5178242	-0.6710596	-0.27177653	-0.23490873	0.077018075	0.33335456	-0.4390139	-0.36961788	0.8764482	-0.7681755	0.663509	-0.06338503	0.30821505	0.06425208	0.5735658	-0.7379324	-1.0829678	0.9191145	-0.2084611	0.10849377	0.0019037194	0.13538173	-0.5180788	-0.06282161	-0.3120816	-0.2925439	0.5285583	-0.16404296	0.114083245	-0.18953666	-0.5639941	0.20277879	0.44126156	0.041303135	-0.7582455	0.29724625	0.38155356	0.0012848641	0.42399552	0.47626933	0.1320265	0.07155333	-0.1867299	0.41923058	-0.08601752	-0.195201	0.12805884	-0.1848248	0.32622346	0.020384166	-0.24937364	0.968394	0.36984003	-0.016214224	-0.14863224	0.25446254	0.17933868	0.8535077	-0.07163933	-0.16548924	-0.575354	0.19631813	0.12138265	0.14266163	-1.0643798	0.0349962	0.57698	0.6735814	-0.538087	0.6639929	-0.13700937	-0.62420124	0.21941021	-0.6098132	-0.6766529	0.46784362	0.21957037	0.89877355	-0.89484584	0.4487365	-0.9683597	-0.3410368	-0.5216719	0.099282056	0.20831625	-0.33924332	0.46643588	0.32470894	0.15661757	-0.52985597	0.39966688	-0.20102237	-0.17587666	-0.027781308	-0.36147076	-0.59626955	0.21799472	0.07318792	0.6553744	0.5107751	-0.15277979	0.06800413	0.5527568	-0.63654244	0.2375269	0.47130272	-0.1326938
0.036732454	0.07676941	0.029362392	-0.25378013	0.36839417	0.103031464	-0.2877953	0.47226197	0.63928515	-0.122529335	-0.13097517	0.41348138	-0.021023156	0.11437029	-0.3187308	0.23858488	0.37365055	-0.47578877	-0.35793853	-0.0102096265	0.26275724	-1.0719721	-0.19326237	0.18118708	-0.8218568	0.22728136	-0.38014865	-0.66125417	-0.4175798	-0.0029215985	-0.2453207	-0.11052954	-0.08766813	0.33286834	0.22977842	0.14905156	-0.473014	-0.77383703	-0.38903338	0.15614888	-0.48607203	-0.07700386	-0.26163438	-0.26463658	-0.20193338	-0.46282348	0.18419932	0.73809177	-0.08809435	0.15936796	-0.16566382	-0.36259234	-0.07219888	0.13941655	-0.031102095	-0.5554101	0.68177706	1.0084728	-0.26922965	0.32786605	-0.9056681	0.35467666	-0.20581248	0.34041712	-0.040969912	0.3787473	0.25896573	-0.11978341	0.21383795	-0.023706404	0.037616126	0.5613453	0.33778918	0.1639574	0.042687003	-0.1210637	0.4958636	-0.13612314	-0.13848892	0.059055623	0.13151492	-0.18070365	-0.24686712	0.19400278	-0.15434667	-0.076509394	0.0709785	0.21480002	0.09472406	0.4551997	-0.27871868	-0.26239106	-0.60882044	-0.08462593	-0.13297972	-0.50343156	0.54997855	0.27590093	0.24921751	-0.5688281	-0.64121866	-0.65584415	-0.374676	-0.26746032	-0.07380391	-0.41208345	-0.371477	0.15219946	0.40695184	0.6564044	-0.22130036	0.24791679	-0.09505511	-0.14462858	0.02942046	0.24970092	-0.2137246	-0.034603316	0.14852752	0.22027819	0.051736593	-0.7006605	0.093814604	-0.53705454	0.043461572	0.10857698	0.10326092	-0.2355154
0.091220334	-0.03345616	-0.04913513	0.010428601	0.21642332	0.21599545	0.0993545	0.24524699	0.105418816	0.22810218	-0.06509212	0.19451116	0.06713801	0.080297686	-0.06600434	0.11337161	-0.079056695	-0.17734295	0.030055402	0.030879728	0.026855852	0.00097173464	-0.15129562	-0.22699209	-0.28271407	0.069260694	-0.34560108	-0.07957168	0.044730026	-0.11191114	-0.1551621	-0.1322216	-0.024784409	0.0056207944	0.012207373	-0.1259353	-0.29705366	-0.066878326	0.13110498	0.0059264977	-0.21477497	0.10076953	-0.19059765	0.112333894	0.05600462	0.019171907	0.13973065	0.15986592	-0.10862554	-0.09944477	-0.07226368	0.24951299	-0.010076023	0.08393603	-0.09303077	-0.059508223	-0.008237043	0.15576981	0.027273772	0.11572626	-0.20155889	0.09504589	-0.12540047	0.0039647757	-0.045412734	-0.116947226	-0.15929641	-0.024448348	-0.084439404	-0.10866778	-0.12548329	-0.034446068	-0.118433386	-0.12704343	0.10155125	0.03942585	-0.099437654	-0.0100334	0.18634853	0.096873134	0.21380924	-0.2971683	0.037157923	0.029020222	0.17763832	0.03980322	0.1327656	-0.037261758	0.1229557	-0.020316921	0.117093064	-0.21384832	-0.028024554	-0.02024851	-0.019727224	-0.13803424	0.069449335	0.07295497	-0.027413057	-0.069457635	0.080619015	-0.26298085	-0.3888496	-0.21779084	0.09810213	-0.10656676	-0.18524773	0.039914265	0.0938046	0.12994605	-0.01915356	0.07924791	0.117681466	-0.061509892	-0.04336935	0.18944634	-0.29115605	0.016247977	0.08989931	0.000113491136	-0.20248882	-0.041862827	0.16986617	-0.031104207	-0.14583077	0.13472	0.16579048	-0.163627
0.22376558	0.12500629	0.015638549	0.20376123	0.75769806	0.83380955	0.21102606	0.24102099	0.082006864	0.1749925	-0.111005954	-0.2378431	-0.6806913	0.035125807	0.6254073	-0.08623997	-0.21355541	-0.6095911	-0.3594526	0.009422917	0.37107307	-0.74605376	-0.20508859	0.38425514	-0.57979214	0.91266435	-0.5063071	-0.5282696	0.11228037	-0.48326766	-0.9036887	-0.22029945	0.4526294	-0.48934	0.089884125	-0.2204922	-0.62521344	-0.2003008	0.45805597	-0.038352787	-0.47366786	-0.14243288	0.30045697	-0.32331777	0.39498642	-0.35140285	0.062550195	0.45245928	-0.66681975	0.36184055	-0.62573266	0.16542362	-0.07038374	0.26974493	-0.13854402	0.19588268	0.06486996	0.3280103	0.38519055	0.20192999	0.0017719131	-0.13296635	0.6207953	-0.073712274	0.3308962	0.18421245	-0.34775674	-0.4263058	-0.17511229	0.3072835	0.52927554	-0.6135838	-0.03605981	-0.19505098	0.9680993	0.6404078	0.59997153	0.6977645	0.2314886	0.1268286	0.05360327	-0.13848853	0.011649229	0.5852883	0.19325887	-0.26232043	-0.3086389	0.0053462554	0.72079337	-0.12329042	-0.28734672	-0.22799896	-0.7645768	-0.2359388	-0.65406114	-0.989861	-0.33501413	-0.24292845	0.2122552	-1.0298063	-0.3163278	-0.34388024	-0.2155564	0.052035157	0.29890886	0.17940782	-0.09911007	-0.19589153	0.6466954	0.043800376	-0.56852263	0.26432282	0.22743155	-0.3614904	-0.58154994	0.10261161	-0.85519135	-0.4700414	0.99731606	0.2309629	-0.2151756	-0.30630955	0.5641001	0.2218611	-0.5823464	0.21081321	0.61154	0.55407673
0.1759426	0.5349042	-0.1837696	-0.42054948	0.18787439	0.31520396	0.0930995	0.5109466	0.29028866	-0.08317252	-0.021090327	0.0963962	0.1897811	0.0074967155	-0.41453424	0.15990417	0.18924274	-0.8222862	-0.53328645	-0.09504492	-0.22752517	-0.051605627	-0.85795105	-0.2714733	-0.632571	0.40083334	0.63007116	0.03835305	0.12527621	0.6758909	0.05955174	-0.027860574	-0.014961198	0.30282485	-0.56909215	-0.26677302	-0.55241215	-0.20796315	-0.0027657892	-0.2577048	-0.1317543	0.024148963	-0.18809247	0.12063991	0.049327966	-0.21455766	-0.30369535	0.48091426	-0.2929763	-0.10764558	-0.4679113	0.06696061	0.33359462	-0.12295573	-0.19999637	-0.1972144	-0.19106343	0.4506793	0.08457075	0.29674894	-0.42982727	0.21250156	-0.596402	-0.36250263	-0.06300147	0.21506943	-0.22989443	-0.5563988	-0.24726519	-0.30169842	0.15538754	-0.31410974	0.6671207	-0.18460956	0.7163626	-0.124663815	0.016883284	-0.12319977	0.1392822	-0.21633032	0.07670238	-0.3365398	0.006202214	0.101181604	-0.38078666	-0.35684934	0.588995	-0.68487585	-0.3094832	-0.121566705	-0.19809873	0.32104847	-0.34043685	-0.24165383	-0.2783043	0.11598634	-0.182518	-0.117683776	0.02352266	-0.13967744	-0.35171163	-0.6925111	-0.0718795	0.053201005	0.07008454	0.08308819	-0.44059628	0.3318896	-0.5476486	0.82516724	0.4871271	-0.048716865	-0.048299212	0.07600165	-0.4368639	0.09923506	-0.65693974	-0.028293882	0.36940387	-0.17986992	-0.20572293	-0.012501714	0.123829074	-0.10147441	-0.58223695	0.33595696	0.45993128	0.32920974
-0.13756399	-0.0489516	0.6284537	0.20734353	0.8044342	0.6434949	0.365681	1.0216444	0.5969812	-0.36063954	0.09487505	0.5366765	-0.062278774	0.62514776	-0.027778788	-0.103509896	0.6659701	0.41078728	-0.23310474	0.26601925	0.10596817	-0.70415115	-0.8939737	0.65302944	-0.37312913	-0.40780854	-0.24968356	-0.55172884	-0.7554947	-0.27711412	-0.18354082	0.28130838	-0.18325515	0.029566847	0.24262159	0.9292032	-0.07863655	-0.9979435	0.27341804	0.15195623	-0.34500772	0.18315022	-0.6887355	-0.50771224	-0.05033699	-0.59304905	-0.0447565	1.3092117	-0.59908205	-0.28805873	-0.30275843	-0.7774422	-0.15384156	-0.8708958	0.06827715	-0.35318223	0.07660306	0.8326323	0.23395897	-0.310288	-0.13215938	0.5122952	-0.35090008	0.50075316	0.32641473	0.1388796	-0.10811361	-0.5744337	-0.56623477	0.18297756	-0.115038835	0.28426087	0.25739315	0.4525341	0.35164714	0.5009182	1.4714358	0.105200306	-0.23840842	-0.6759013	0.3383392	-0.2410523	0.56031364	-0.22401159	-0.022469731	-0.056808237	-0.67810696	0.33000672	-0.09072673	0.29727745	-0.54758394	-0.45268416	-0.7025971	-0.12621929	-0.38773286	-0.30358365	0.094538346	0.51154405	0.61034966	-1.1251794	-0.3309335	-0.09652643	-0.63050735	-0.12714127	-0.33125874	0.16054264	-0.013887488	0.33762705	0.111924365	0.06631047	-0.7128425	0.6832871	0.83355975	-0.103010654	-0.20225032	0.055073444	-0.35696754	-0.135866	0.028000692	0.12505104	0.20934954	-0.48171315	0.381681	-0.2517607	0.066484846	-0.32584035	0.47232702	-0.034719698
0.12987328	-0.17028691	0.08946981	-0.24400164	0.72335726	-0.4884651	0.21081698	0.45850468	-0.021419873	0.31824815	-0.29735148	0.42927727	-0.0025088717	-0.25900307	-0.035649665	0.31006807	0.40095848	-0.18282203	-0.09929041	0.07993611	-0.18882887	-0.21129785	-0.4755086	-0.21627882	-0.57986605	0.09944798	-0.3303329	-0.009890832	-0.03685219	-0.11851624	-0.32255474	-0.072822854	-0.28372446	0.008152565	-0.17741176	-0.20623115	-0.3200494	-0.14683785	0.21848077	0.24441162	-0.57405955	0.0663828	-0.32162032	-0.31946608	-0.20139498	-0.17904693	0.17019093	-0.120264985	-0.15273543	-0.210627	0.027025456	0.13949461	-0.13475463	0.2052142	0.32043114	0.17220701	0.11154838	0.45847926	-0.11766771	-0.018916596	-0.35958052	0.041973036	-0.4579012	0.06072709	0.08314073	-0.06806858	-0.04510969	-0.2952803	-0.0066901227	-0.18764058	0.054969214	0.050244384	-0.21693733	-0.30324844	0.10637451	-0.15642056	-0.29173663	0.31885913	0.36171746	0.115353905	-0.37710524	-0.19017003	0.3116056	0.32687524	-0.027328365	-0.106510505	-0.122360304	0.24389228	0.58570826	-0.11412882	0.028384356	-0.47842294	0.036389206	-0.18185309	0.063879944	-0.04974314	0.21282917	-0.15846655	0.47351232	-0.35695866	-0.18219852	-0.5797432	-0.16972226	0.1830024	-0.044236865	-0.090872236	-0.16006635	0.18548672	0.30679455	0.36751074	0.17644817	-0.16894865	0.17013457	0.13132764	-0.27370438	0.23481764	0.15423642	0.054507937	0.2705078	0.05282276	-0.34864354	-0.08402119	0.54597116	-0.06972963	0.03648626	0.3710851	0.40859962	-0.30616587
0.04819654	0.1746337	-0.033364438	0.009967779	0.17394316	0.0819432	0.2261203	0.05603756	0.13614559	0.14415376	-0.0047376445	0.17248048	0.08979333	-0.077518985	-0.04314064	0.036838185	-0.06637224	-0.2057087	0.08130001	0.12683019	-0.042539086	-0.13000071	-0.28241405	-0.056633316	-0.37637797	0.048819702	-0.09723912	-0.23076972	0.010649017	-0.03263089	-0.23333366	-0.2694286	0.08818078	0.0062117036	0.105941676	0.018630855	-0.11864763	-0.14692186	0.06069334	-0.012402656	-0.26410347	0.026693407	-0.017498065	0.1566865	0.11476996	-0.0080874525	0.11120923	0.2819104	-0.039457057	0.08825538	-0.029491398	-0.056420967	0.07133151	0.021554599	-0.009622645	-0.043058343	0.15780237	0.20486781	0.02613754	-0.016061941	0.026533116	0.0472543	-0.07831723	0.05294054	0.10603922	-0.0681702	-0.15550563	0.0555623	0.07327279	-0.21765779	-0.041545264	0.102146	-0.06970644	-0.08934535	0.22884928	0.044035636	-0.20215827	0.0860301	-0.055642657	0.13680905	-0.10978213	-0.33883563	-0.0022001169	0.21833988	-0.01204838	-0.15559052	0.02974824	0.113945514	0.10823604	-0.09710976	0.017956425	-0.25468054	-0.12361225	-0.048109856	0.015980449	-0.07451193	0.17893761	0.08727024	0.017868778	-0.08036614	0.06409027	-0.18038414	-0.30045244	-0.068598986	-0.085088484	0.066470355	-0.0343954	0.056169026	0.16830836	0.011873832	0.20454064	0.24874921	0.04846282	0.04814456	-0.021906504	-0.010948098	-0.1921767	-0.07443822	0.12522987	0.19520776	-0.20806554	0.066462755	0.13357738	-0.016354367	-0.20866226	-0.09353567	0.2868536	-0.13148658
0.05644229	0.18253765	0.026410526	-0.051449206	0.115013	0.051797837	0.07133299	0.085763544	0.22022882	-0.029542383	-0.09622192	0.16563804	0.23965965	0.02156367	-0.04709194	0.14926514	0.17059746	-0.04083784	-0.169345	0.16007377	0.1890394	-0.3433541	-0.3686527	0.05590536	-0.2677058	0.3563333	0.047491286	-0.1422049	-0.052518766	0.08208725	-0.10349421	-0.091423094	-0.06216012	-0.009329811	0.14000583	0.1491771	-0.29139116	-0.07495749	-0.07456589	0.10518798	-0.06940387	-0.11421622	-0.2928536	-0.36345428	0.03343466	-0.15155376	-0.012715801	0.04454768	0.028562943	0.11307714	-0.08456121	-0.08016127	0.088715516	-0.11825572	0.03278266	-0.18201062	0.038679663	0.05306341	-0.10753093	-0.11271758	-0.09402061	-0.05337423	-0.2705353	0.07407817	0.0026023653	-0.14685157	-0.0009822901	0.115536466	-0.1489693	-0.009768296	0.052752774	0.061520413	-0.05480363	0.14738192	0.069523625	0.14013426	0.11810535	0.12555325	0.09597672	-0.11450962	0.11656878	-0.2214211	0.14748377	0.067196496	-0.013715855	-0.15955624	0.004061785	-0.12150148	0.32347384	0.0687895	-0.19634515	0.05452449	-0.06310502	-0.1796547	-0.17037944	-0.102708094	0.1519301	-0.012312397	0.12478211	-0.29572812	0.010341728	-0.25366992	-0.18402784	-0.023608569	-0.09754827	0.08930392	-0.06431152	0.095582955	0.00065398304	0.08727139	-0.10265505	0.13147293	0.06823789	0.09973652	-0.25436553	0.020645209	-0.014684093	0.054347314	0.15635157	0.24301101	-0.17924212	-0.19419554	0.09911091	-0.12990299	0.0060776337	0.15356825	0.09743238	-0.12209871
-0.07898715	0.3108855	0.30116755	0.11682271	1.2735714	0.8410928	-0.69750804	-0.73869896	0.28755844	1.495131	0.65082544	-0.35275704	0.08624214	1.9193208	-0.9610433	-0.4591039	0.4894178	0.811569	-0.6977931	-0.18357001	0.11565156	-0.7009068	-1.3106313	1.6986421	-0.6261185	0.48565465	0.2829429	-0.03475179	0.18195698	-0.4954494	-0.5773988	0.18632834	-0.26750576	0.10804561	0.6339191	0.61298424	-1.0005146	-0.6500319	-0.20159243	-0.9928624	0.15281683	0.07436386	-1.3031682	2.2423828	0.64781004	-0.023698622	-1.226007	0.20320477	-0.15407215	0.19759557	0.7487087	0.838309	1.4922415	0.37299114	0.6027544	0.00018938522	-0.9331013	0.4343952	1.4826841	-0.15678269	1.9118072	-1.1661731	-2.197253	-0.819444	1.2290633	0.29789892	-0.13508277	0.12896171	-0.95685625	-0.7375454	0.6757802	1.4697244	-0.6854528	-0.8368195	1.180887	0.33004248	-0.09037872	0.31070435	0.11110379	0.63672477	0.5406042	-1.8186324	1.1030687	0.3849058	-0.51295173	-1.3999578	0.06718264	-0.1352652	0.10685609	-0.74412185	-1.9604245	-0.08695178	1.0862368	-0.057463612	1.1094193	0.7436564	-0.12679768	-0.057058327	0.3102528	0.22861321	-0.9401808	1.8946886	-0.21683481	0.42335343	-0.22578953	-0.8736854	0.15949386	0.020193476	-0.6838802	0.15537862	-0.50298774	-0.1354193	1.0014901	-1.1271737	-0.44630766	0.20293915	-1.7251424	-0.01284563	0.32321858	-0.17976488	-0.03186767	0.53839034	-1.1489695	0.44173682	-0.010549152	-0.66385704	0.37694967	0.9030124
-0.12669927	0.21796376	0.098715276	-0.15010685	0.21109658	0.09246847	0.087225534	0.0016487414	0.14729266	0.031734124	-0.09873871	0.15517226	0.12402066	-0.061120797	-0.049625322	0.076798126	0.107017614	-0.02381343	-0.06989567	0.06970554	-0.059958246	-0.07673338	-0.12763448	0.09355949	-0.10963723	0.11440687	0.007880577	-0.20604764	-0.0450409	0.039655905	-0.14554897	-0.091508605	-0.015375163	-0.011246201	0.12731063	0.123966254	-0.148189	-0.05191376	-0.052058507	-0.03500999	-0.13198476	-0.050686847	-0.19820514	-0.11101876	-0.047310367	-0.024019442	0.112752505	0.07610772	-0.10549306	0.16175431	-0.09289447	0.03692063	0.11041572	-0.09604488	0.0323127	-0.038670402	0.035462294	0.1366002	0.12209669	-0.008157368	-0.005457463	0.0017352105	-0.19478579	0.059363842	-0.02121414	-0.049022317	-0.0329739	-0.02551772	-0.04427698	-0.028838445	0.15482241	0.10795566	0.048147116	-0.04719643	0.063649036	0.07164836	0.056508448	0.078000024	0.046943247	0.031654377	0.06447078	-0.14751108	0.011883404	-0.0115919	-0.114062846	-0.07345493	0.03590222	-0.0042809807	0.033168502	0.020433744	-0.008396664	-0.125121	-0.104874015	-0.05094292	0.01009053	-0.15351665	0.113239	-0.10502351	0.08238325	-0.21096018	-0.08207145	-0.09621398	-0.20901136	-0.1368418	-0.15147927	-0.0932859	-0.0043212045	0.05655233	-0.0063282475	0.0787772	-0.049684342	0.11275184	0.03685123	0.03789036	-0.28060752	-0.035398547	-0.153725	-0.054049373	0.15754467	0.14149551	-0.007369587	-0.09718215	0.014863649	0.091931164	-0.17579623	0.09365613	0.0395014	-0.021214446
0.49317813	0.08735303	-0.33020663	0.21171246	0.26613814	0.25869295	0.4340981	0.23309335	0.057183646	-0.34318364	0.4381371	0.27803174	-0.24850029	-0.08364053	-0.30692828	0.38375103	0.11004317	-0.33319002	0.11993458	-0.1074753	-0.21478488	0.33892152	-0.4437997	0.12983179	-0.89488196	0.083318494	0.032400005	-0.31321317	-0.49805692	0.1321898	-0.40323335	-0.50256735	0.3212217	0.44117	-0.03430062	-0.18416467	-0.56684643	-0.53080547	0.3625034	-0.55739063	-0.10462194	0.23003887	-0.31556544	0.47944376	0.3630202	-0.16830099	0.34928343	0.43736503	-0.8885459	0.36706543	-0.26172543	0.27644026	-0.059506543	-0.76436055	-0.094935894	-0.59269345	0.5404395	0.7407408	0.16967228	-0.18215346	-0.13580431	-0.110485636	-0.61043084	-0.22129305	0.48549306	-0.5053218	-0.37057424	0.2811713	-0.09802954	-0.12589808	-0.35447812	-0.07279514	0.1432957	-0.47773728	0.021588402	0.26471433	-0.03796518	0.26396063	-0.14654046	-0.032203745	0.0500649	-0.49728274	0.1608353	0.25965655	0.09769793	-0.1644861	0.16177092	-0.042807095	0.7493333	0.05720961	-0.16907096	-0.828086	-0.30519566	-0.23531093	-0.2840779	0.39870405	0.25992712	0.2732082	-0.27562323	0.14206545	-0.031109568	-0.42505231	-0.34663808	-0.040931564	0.25899762	0.05633334	-0.08793365	0.29064205	0.0045622913	-0.13860473	0.64655	0.29119775	0.101151854	-0.19067821	0.109461896	-0.100954376	-0.28695306	-0.09666294	-0.020909771	0.07161087	-0.39115986	0.26441884	0.21715447	0.8499054	-0.23581956	0.070290074	0.83543235	-0.25393906
0.06407572	0.22566146	-0.15690556	0.32154012	0.62082666	0.7015089	0.12040229	0.15628283	0.67219937	-0.007538189	-0.108727776	0.33047977	-0.12256601	0.33028117	0.33077848	0.07104288	-0.1473988	0.053967908	-0.39852694	0.118350975	0.10687302	-0.40888435	-0.24112296	0.6944729	-0.36147448	0.13636644	-0.1737636	-0.36640942	-0.123513475	0.38840735	-0.34705478	0.019534342	0.04856668	-0.12588352	0.053620163	-0.007535257	-0.08934552	-0.02685724	0.051646095	0.0436099	-0.20954421	-0.19449985	-0.34267762	-0.13848491	0.33161035	-0.24321246	-0.009714721	0.21327141	-0.2183546	-0.06790421	-0.11540025	0.24361731	-0.122442655	-0.21126908	-0.08595637	0.12831484	-0.022361502	-0.5012706	0.11433308	0.31234097	0.16223924	0.21748334	0.09709758	0.06874368	0.75976914	0.015642926	-0.19079387	0.7108982	0.05899701	-0.10996338	0.15040568	-0.23718823	0.1343346	-0.015530625	0.28938434	-0.093829185	0.26723236	0.43297198	0.18830198	0.071995445	-0.14555728	-0.5713995	0.41721106	0.48314613	-0.024065657	-0.45562074	-0.3043101	0.4645203	0.7813304	-0.42237172	0.45010066	-0.28926378	-0.5517848	-0.1817331	-0.24176244	-0.4878819	0.20663281	-0.08564684	0.6501872	-0.16943164	-0.039295174	-0.4324996	-0.6819261	0.2682537	0.03440212	0.11939279	-0.37659147	-0.260313	0.82017034	-0.11629051	-0.12884934	0.23003292	0.2524634	0.07004539	-0.53933614	-0.07015807	-0.20011535	-0.1242675	0.4716926	0.07360843	-0.016418664	-0.17548753	0.32313156	0.22663952	-0.5738336	-0.015763467	0.5782014	0.20300283
-0.1886782	0.29297733	0.07646371	-0.22354543	0.31972888	0.1522556	0.18379548	-0.15006058	0.24319467	0.039624214	-0.117646426	0.11593657	0.22548786	-0.08881777	-0.100074925	-0.018357253	0.22832559	-0.029847033	-0.09365959	-0.02587083	-0.0806471	-0.053201683	-0.2140889	0.21767643	-0.28635794	0.077729374	0.088303156	-0.3400607	0.1502292	0.05882545	-0.38089037	-0.08257586	-0.06867411	-0.07087923	0.2984234	0.16148329	-0.38637307	-0.09569429	-0.36090317	0.0055484525	-0.26318944	0.006687112	-0.20516564	-0.14206167	-0.18260613	-0.02536151	0.06029172	-0.028352788	-0.20270592	0.25094178	-0.11062154	-0.06986076	0.14424667	-0.1635414	-0.0462817	0.0031582974	-0.085095435	0.17744824	0.16651829	0.12608837	-0.011396919	0.0528168	-0.38378212	0.07619517	-0.001954793	-0.20532532	-0.11581366	0.014025226	-0.06840397	0.02622296	0.36727473	0.19262683	0.16289937	-0.15574248	0.114436254	0.18725452	0.11051718	0.31903675	-0.026722167	0.2842393	0.12860136	-0.04888748	0.11556745	-0.07425493	-0.13898191	0.04110161	-0.040248845	-0.115057416	-0.009747683	0.14632988	0.094986364	-0.16487473	-0.1335324	-0.20588665	-0.12326824	-0.24010102	0.07064027	-0.073403575	0.1009936	-0.36770865	-0.25169212	-0.3636429	-0.26881164	-0.41127196	-0.1519491	-0.29609647	-0.04590439	0.113905855	0.012810346	0.21658094	-0.24512446	0.085451834	0.032899108	0.23626448	-0.49189192	-0.10754009	-0.061865207	-0.069088876	0.24833015	0.3457824	0.015351432	-0.18871301	0.024498608	0.16082202	-0.3306024	0.09686928	-0.12593955	0.12766123
0.062068664	0.01940483	0.30584705	0.1404184	0.21554258	0.13355519	0.33396143	0.2570728	0.3618819	0.18485908	0.16251096	0.262443	0.27716148	0.23092905	0.003847361	0.22248918	0.1800761	-0.12301108	-0.56747097	0.17402996	-0.05888267	-0.22618683	-0.38921407	-0.14399225	-0.45118743	-0.34495223	0.1085418	-0.27332714	-0.110065326	0.28803632	-0.075743005	-0.057902142	0.193412	-0.0005236981	0.021706842	-0.026471596	-0.5044806	-0.22846538	0.07408566	-0.06846823	-0.327589	-0.023406252	-0.6789812	-0.5003773	0.09761923	0.028102875	0.06949892	0.16598473	-0.3008772	0.13581282	-0.113360174	-0.010422419	0.3155011	0.04408611	-0.119249895	-0.18692751	-0.0568778	0.13513555	0.3064564	0.2267822	-0.34337315	0.39835045	-0.32382965	0.20076825	0.38192695	0.081460245	-0.19081052	-0.15901032	-0.14435786	0.13547412	0.06670666	0.2401961	-0.033922665	0.024654316	0.2678859	-0.14584844	0.31166765	-0.020525048	-0.024556099	-0.2942324	0.07693893	-0.0023216158	0.09143688	0.26645976	-0.24369101	0.09250443	-0.06372024	-0.12519099	-0.10474348	0.20907037	-0.12583236	0.055479713	-0.35549584	0.049227595	-0.059860338	-0.033276718	0.08446097	0.24328202	0.12385761	-0.15346293	-0.0014475235	-0.05463306	-0.10297545	-0.35003662	-0.21328339	-0.06559099	-0.06892725	0.3598679	0.070101626	0.32797185	0.0008102566	0.006438194	-0.06954305	-0.124937855	-0.10727007	0.30571726	0.0073914328	-0.15477604	0.03310498	0.38419348	-0.035360474	0.019182362	0.40606058	-0.14571159	0.004657938	0.07202187	0.14622103	-0.009365285
-0.030304275	0.22131415	0.078841425	-0.047601253	0.1987493	0.15944533	0.2008941	0.09994388	0.23459333	0.11960996	-0.03156467	0.032891124	0.12666826	-0.045763873	-0.1258219	0.024653524	0.072537094	-0.19362603	-0.081404455	0.12578577	0.010892528	-0.18172865	-0.3192639	-0.015497019	-0.42186248	-0.042443037	-0.14132512	-0.20918031	-0.05611259	-0.00878447	-0.42071083	-0.21937531	0.11644421	-0.015931433	0.11308733	0.11016135	-0.101195864	-0.21710059	-0.029902525	0.0826104	-0.33151823	0.122722164	-0.043471552	0.34738514	-0.022995487	-0.070419304	0.10897794	0.2540451	-0.0362077	-0.15083688	-0.082344316	0.06088497	-0.024758112	-0.0064564464	-0.13919294	-0.022465233	0.22617581	0.20116751	-0.032900564	0.0016865489	0.005404771	0.16599521	0.012296971	0.23728028	0.120951496	-0.18626098	-0.12488099	0.039096642	0.1547707	-0.20864919	-0.10853087	0.091506615	-0.042506825	-0.003672316	0.12605079	-0.023678416	-0.20378134	0.15263605	-0.09040762	0.3410775	0.021873899	-0.29609123	-0.019959552	0.17796338	-0.10917388	-0.017730191	0.02928235	0.11057851	0.08179066	-0.032371093	-0.09141531	-0.16925836	-0.13845877	-0.036737785	0.0101276655	-0.13723986	0.19146581	0.18757701	-0.063009575	-0.24034147	0.017188609	-0.29019186	-0.27388304	-0.12756479	-0.10566794	-0.042863652	0.08933339	0.06435339	0.3001257	-0.13903213	0.005895572	0.1395127	0.11220425	0.16376866	-0.12088777	-0.014869915	-0.13871413	-0.07760623	0.23393664	0.117376454	-0.16639963	0.014219642	0.17189059	-0.10334013	-0.18146616	0.07559296	0.38511154	-0.28194535
0.44408536	0.70153147	0.257634	-0.24377099	0.69056445	0.36694932	0.25338176	0.29816258	1.1439964	-0.102898195	-0.24325866	0.043290317	-0.033889882	-0.12256188	0.40079272	0.28892663	-0.052893452	-0.5659406	-0.5036952	0.24599452	0.0010683633	-0.23927492	-0.24194753	0.18845461	-0.70908564	0.6356143	-0.3614897	-0.5895005	-0.16716644	0.1198903	-0.19995876	-0.14206736	-0.3496346	-0.06025665	-0.30710742	-0.27338544	-0.72393644	-0.51670605	0.21480304	0.013116458	-0.32589382	0.0830705	-0.6335411	-0.40467307	-0.053770967	-0.34540614	0.007799162	0.26465395	-0.3239006	0.01794933	-0.66305333	-0.28999254	-0.2170994	0.0889494	0.103506126	-0.18540852	0.4297122	0.040232744	0.101167545	-0.16303876	0.1455332	0.06973388	-0.18765654	0.3772026	0.38995126	-0.010597619	-0.33602506	-0.16030307	-0.30250198	-0.10983111	-0.59078985	0.0649785	0.31543985	0.14376724	0.7323672	-0.033885688	0.0069065834	0.6072608	0.06999307	-0.2181182	0.38127905	-0.044157412	0.022225887	0.054779034	-0.08809653	-0.31727225	0.14040826	0.19603348	0.5271123	0.09051635	-0.17739002	-0.42041904	-0.08598869	-0.49701545	-0.1288008	-0.3141836	-0.31616002	0.14729953	-0.01727403	-0.02037	0.33904555	-0.5689979	-0.033667453	-0.11349663	0.32288998	-0.08930231	-0.6383328	0.26041052	0.2819111	0.19106537	0.13174209	-0.0680283	-0.28169838	-0.367585	0.03913888	0.40818462	-0.5015506	-0.17712934	0.6876508	0.17859563	-0.082561	0.039591752	0.43290114	0.069816895	-0.25659564	0.13492146	0.36715484	0.029308617
0.11384896	0.5255907	0.0008462609	0.3938733	0.8184386	0.6622301	-0.38337964	0.56821924	1.0739443	0.53567183	0.041581295	-0.10368211	-0.12970144	-0.4375058	-1.2898816	0.48525614	0.82192975	-0.8663036	0.52579087	0.04861077	-0.28526667	0.6047225	-0.36805412	-0.8538536	-0.6434387	0.19534877	-0.43634507	-1.221666	-0.1569749	0.7683272	0.27033755	0.70755297	-0.33725345	-0.35917732	0.36838338	0.0862109	-0.23953426	-0.6549569	-0.48252052	-0.41587326	0.20751101	-0.15701571	0.15849575	0.3527472	-0.76480895	0.25425246	0.85737956	0.75798887	-0.8851959	-0.43301737	-0.10338579	-0.10952904	0.24771938	0.28232113	0.863094	0.28992763	1.0849308	0.76424474	0.5955091	0.19315875	-0.5510938	0.26279542	-0.24837066	-0.03699509	0.7981012	0.027859962	-0.3297028	0.16579652	-0.4537005	-0.19160642	0.74676365	-0.13991973	0.47307575	-0.67303425	0.18494341	-0.049476236	0.22934175	-0.7254032	0.02492415	0.76120853	-0.01664109	0.07344508	-0.28273165	0.20503229	-0.80527323	0.9487575	0.6243087	0.13298713	0.33288008	0.28030643	0.17632769	0.5537459	0.3106902	-0.51836336	0.15048943	-0.09791114	0.3446474	0.44231346	-0.09280248	-0.43854252	-0.09658663	-0.7980244	-1.2543133	-0.39004713	0.6752089	-0.2771734	-0.55052245	0.0038225565	0.98882246	0.09976508	-0.12250018	0.40971702	-0.16077727	-0.36571553	-0.53457296	0.19609678	0.03551636	0.30369094	-0.21984114	-0.07222704	-0.15978298	0.091055416	0.5485003	0.5530591	0.9291728	0.0069365683	0.73669744	0.3199986
0.20819846	-0.30960247	0.7869889	-0.353766	0.50758016	-0.078314595	0.7258833	0.8308159	0.63246185	-0.24024579	0.07630907	-0.041334063	0.06077171	-0.3303418	0.036161937	0.6768416	0.6336457	0.24024366	-0.5550966	-0.22791256	-0.4499484	-0.1839805	-0.7027187	-0.03171932	-0.6181478	0.03153438	0.25605115	-0.40160984	-0.25561172	0.19565004	-0.20428036	-0.5990029	-0.48132953	-0.3355932	-0.105923794	0.5100069	-0.31600523	-0.11224741	0.03499675	0.21898118	0.5183963	0.45245114	-1.034089	0.19126016	-0.22460882	-0.44307467	-0.6915813	-0.41906297	-0.98350704	-0.52742094	-0.28743726	0.7499234	1.665738	0.27874205	-0.05675255	-0.026106905	0.24169132	-0.67266226	0.35087714	-0.21945997	0.23280905	-0.6964636	-0.73087204	0.30880788	0.39059007	0.28504533	0.26823166	-1.4241608	-0.46650597	-0.27324283	-0.182615	0.19082032	-0.5668809	-0.115159005	0.41926402	-0.17196023	-0.42763335	-0.1663064	0.030977491	0.57930756	-0.24892078	-0.20612568	0.66585827	0.656597	0.25353345	0.02473036	0.18610035	0.24687761	0.034643184	0.58121496	0.04792906	-0.5402753	-0.40431884	-0.1729889	0.057031486	0.21179563	-0.07518919	0.23360573	-0.04616663	-0.3148253	0.31567714	-0.97443575	-0.09364897	-0.13551956	0.9191428	0.96256894	0.13021038	-0.24428874	0.3172923	0.7735856	0.22310695	0.15728909	-0.22218569	-0.04532325	-0.9820146	0.43612584	-1.0493473	-0.22035947	0.3813585	-0.18115194	-0.20505066	-0.38495034	1.1372882	-0.894172	-0.7649451	0.16187148	0.00076669396	0.16147284
0.01897949	0.10862581	0.016889924	0.16122621	0.404901	0.24728857	0.030311411	0.24491224	0.15494557	0.09622359	0.07331249	0.1773961	0.038639814	-0.13215783	-0.15897962	-0.0060773003	0.016148116	-0.23901431	0.044723902	-0.101349674	0.015103596	-0.100505285	-0.103033796	-0.038225934	-0.18570083	0.009338241	-0.13345507	-0.34839344	-0.18407662	-0.048600424	-0.066342935	0.03869443	0.07728981	-0.08333099	0.02979865	0.09080132	-0.3856825	-0.42681485	-0.020824423	-0.24538352	0.022699663	-0.062328413	0.0818253	-0.11181297	0.036347758	0.16085914	-0.22135463	0.29756704	0.031916756	0.031854972	0.0586062	-0.2576207	0.080913976	0.1031375	-0.07426111	0.12978542	0.121325776	0.2005237	0.38368523	0.4754238	-0.11931812	-0.22451524	-0.5343702	-0.18164289	0.6137727	-0.028055087	-0.180506	0.18749265	-0.2415396	0.18150426	0.17431583	0.10182095	0.096764825	-0.11807825	0.32407242	0.10375968	-0.0848555	-0.1279489	-0.047465947	0.08561685	0.22959062	-0.39236894	-0.25270835	0.19217844	0.019343724	0.012670623	0.33325744	-0.19784106	0.2358077	0.30640054	-0.283254	0.0343233	0.045493525	0.063224904	-0.13838486	-0.10848934	-0.07258501	-0.18530206	0.1644577	-0.098768994	-0.41167867	-0.3879786	-0.33251	-0.17433392	-0.16699803	-0.03010753	0.064595446	0.35158977	0.10093328	0.00082230737	-0.20552568	-0.042663567	-0.0004210293	-0.1530286	-0.08101485	0.07623894	-0.375697	0.01834789	0.02440564	-0.1174186	-0.2753368	-0.10401981	0.33531156	0.2785574	-0.09608019	-0.07423612	0.48150697	0.009634405
-0.014982567	-0.03479981	0.12276296	0.13122696	0.10530978	0.19750257	-0.09318357	0.1938419	0.2530789	0.016971787	-0.10447892	0.5177827	0.28017527	0.04502998	-0.10160004	0.2660578	0.29396012	-0.1820446	-0.11459522	0.15136132	-0.07563574	-0.20660512	-0.08937728	0.1859994	-0.09046956	0.3759803	-0.118389696	-0.25707027	0.1305962	0.10765394	0.22512795	-0.08801458	-0.15894143	0.16986811	0.03487458	-0.16025956	-0.049660183	-0.121813074	-0.13991438	0.0367974	0.09657248	-0.045477133	-0.3878799	-0.16827361	0.02266217	-0.11457736	0.095047295	-0.019000115	-0.0877198	-0.08596528	0.039692324	0.13838302	-0.19119829	0.031443786	0.17004363	-0.0481235	-0.25117266	0.087941326	0.19821607	0.14811814	-0.43847564	0.2838269	-0.22672302	0.16264233	0.3501239	0.13210692	-0.13095035	0.31424373	-0.06632826	-0.20402417	0.12838422	-0.2930682	-0.058477856	-0.27126622	0.120247245	0.026488565	0.27871796	-0.32752338	0.07484216	0.16203587	-0.012775331	-0.4097187	0.0829358	0.19953196	-0.0108043505	0.11017597	0.15275751	0.17686954	0.2697438	0.02411848	0.03395077	0.21725439	-0.24360785	-0.11371271	0.06505839	-0.4684492	0.22290683	0.38850605	0.446992	0.055221092	-0.26569358	-0.38881424	-0.6627633	-0.06342045	-0.0056648804	-0.13409041	-0.36235407	-0.29775146	0.31574833	0.3608404	-0.08288088	0.2528965	0.01233669	0.05069176	-0.32616407	-0.09178112	-0.21866995	-0.0932321	0.14094232	0.34121037	-0.030862236	-0.26564443	0.2831744	-0.1984063	-0.07478006	0.10668812	0.37432605	-0.11634802
0.2570652	0.06581334	-0.2069238	-0.07421925	0.14186352	-0.008055728	0.36259305	0.3579346	0.10727457	0.18220986	-0.28416288	0.3269664	0.081620574	0.04389047	0.09860215	0.37076885	0.24000308	-0.16937602	0.2664517	-0.14891067	-0.46812546	-0.24535544	-0.47227085	-0.5004544	-0.57313055	-0.15500228	-0.38919908	0.30781555	-0.06843961	-0.16820045	0.04797759	-0.26884577	0.17641704	0.251853	-0.18829125	-0.08748188	-0.5776022	-0.3339506	0.18420115	-0.0746452	-0.38947263	0.03623567	-0.29926443	-0.17237929	0.114083126	0.021748925	0.01951081	0.21762985	-0.11652379	-0.30393612	-0.011210362	0.1602695	-0.2898012	-0.26054215	0.03075457	0.63180834	0.042259507	0.5634401	0.28566247	0.2433274	-0.5138141	0.38907042	-0.7005027	-0.048947036	0.23349263	-0.1098552	-0.2674592	-0.16234556	-0.025239341	-0.2907865	-0.07947195	-0.06979914	-0.10820697	-0.30295444	0.23079087	0.15745497	0.2671967	0.08316837	0.32388285	0.25238514	-0.11629001	-0.4743215	0.50988495	0.19261695	0.1684157	-0.0646891	-0.11607524	-0.1859719	0.2535535	-0.17864092	-0.17764911	-0.4105911	0.3098931	-0.388302	-0.027180228	0.051171087	0.46907663	-0.102308296	0.049261086	-0.57910466	-0.14714909	-0.4101299	-0.59535396	-0.22151943	0.026402906	0.1065904	-0.027085084	0.37008992	0.17534688	0.26422673	0.21254835	0.1970861	0.3999667	0.18706506	-0.44217467	0.5972121	-0.055563603	0.046752717	0.22354525	0.28848568	-0.69490856	0.049753472	0.75105923	0.05965627	-0.1762556	-0.02048152	0.7777263	-0.33426684
0.122367546	-0.18705967	-0.107884966	0.03428279	0.19214295	0.04040434	0.4214241	0.38992402	0.11466904	0.35276693	-0.2057857	0.04583591	0.23345307	0.1273313	-0.040686794	0.40917453	-0.16438164	-0.3361833	-0.05819904	0.13358124	-0.17379898	0.013882989	-0.25922227	-0.41860786	-0.45169955	-0.2174239	-0.24953386	0.02771529	0.041366436	0.19049172	-0.031922456	0.021014664	-0.059818357	-0.09465487	-0.1393621	-0.12339789	-0.6797005	-0.21512388	0.14318429	-0.059144977	-0.33278015	0.37307253	-0.4243576	-0.13474353	0.05177894	0.13152559	0.18532915	0.0035063317	0.009348699	-0.23843801	0.040209327	0.281105	0.035696737	-0.016087491	-0.028893573	0.049914796	0.08576932	0.19243206	0.31218925	0.16809021	-0.28905538	0.21036096	-0.22795835	0.14591943	0.41298205	0.06981558	-0.17224649	-0.13396557	-0.12198501	-0.13844651	0.14703791	0.16797145	-0.10870182	-0.15348217	0.14277405	-0.21696424	-0.03211042	-0.1281138	0.08324229	0.117910765	-0.04249793	-0.23979248	0.2553621	0.2888096	-0.025811825	0.13534506	-0.18790604	-0.1846212	0.014633217	-0.17578267	-0.24665923	-0.2234703	0.17592005	-0.12435334	-0.14759782	-0.009485671	0.2950888	0.013588373	0.101743676	-0.32840902	0.09840761	-0.28691393	-0.3793543	-0.29856998	0.06382755	0.033454917	-0.019208606	0.3988795	0.08779832	0.20025714	0.009075717	0.15059437	0.16238815	-0.08563534	-0.18357328	0.62543565	-0.1471467	-0.11139218	0.23301229	0.12217959	-0.33809716	0.05809873	0.32501695	0.042608798	-0.05711388	0.14627713	0.27612546	-0.28752056
0.47884575	-0.5501609	-0.6520689	0.556499	1.050212	0.17891271	0.4717864	1.03733	-0.049721353	-0.1832722	0.56564015	0.5604353	-0.6237871	-0.14822271	0.5996192	-0.47789398	0.4627029	-0.19267908	-0.26487267	0.17857404	0.48465618	-0.88042456	0.20023201	0.116328664	-0.2835659	-0.5142451	-0.12634134	-0.70075184	-0.82109094	0.19257449	0.15913016	0.21100606	0.6482113	0.18515487	-0.40251952	-0.11214496	0.11750722	0.22817442	-0.43881503	-0.013951676	-0.26060438	-0.3739318	0.123691134	0.54014033	0.24275275	-0.27236253	-0.09082137	1.137909	-0.27213323	-0.06622351	-0.06093176	-0.008796322	0.8224395	-0.24016707	-0.29116994	-0.22735208	0.96121794	0.023390668	0.82886696	0.8193338	-0.33041248	-0.2673241	-0.820078	-0.20186813	0.7388277	-0.24714085	0.35890365	0.10980872	-0.6247667	0.633031	-0.25859135	0.248814	0.70016605	-0.19453856	0.03187097	0.32755578	-0.45048583	0.45253873	-0.3412712	-0.059014738	0.24117169	-0.3673559	-0.16034727	1.0762781	-0.15535626	-0.64279485	0.5075001	0.2525447	0.72236365	0.6136126	-0.09526469	-0.3654347	-0.731689	-0.022746418	-0.56964093	-0.22323503	0.5727454	-0.43617782	-0.20288023	-0.63184595	-1.1479678	-0.3377263	-0.5347913	0.42804423	-0.7193357	-0.63132006	-0.17377692	0.46581942	1.2091899	-0.055927385	-0.080105044	0.5563301	0.3656353	-0.21481887	0.12029962	0.07110417	-0.366275	-0.10039705	0.09449558	-0.25802606	-0.50688505	-0.5946456	0.37637183	0.8279651	-0.14367613	-0.2278172	0.9105096	0.6935225
0.10370854	-0.029831445	0.27083337	0.13657591	0.4230792	-0.0042156973	0.38592812	0.25719434	0.13268161	-0.38222587	-0.14233302	0.44191393	-0.21196812	-0.13813092	0.10702207	0.0020923682	0.17846577	-0.14064546	-0.13092071	0.020473784	0.0930588	-0.19616961	-0.42431062	0.005123623	-0.24424405	0.10638791	-0.14047861	-0.09409662	-0.038968403	-0.15947081	-0.0052284403	-0.14565513	0.14017773	-0.18623765	-0.09785463	0.27871245	-0.2865107	-0.07856733	0.28656435	0.001200333	-0.111321874	-0.40862462	-0.33550742	-0.42936406	0.04957252	-0.20017035	-0.037192844	0.81712514	-0.6494314	0.1197205	-0.27800637	-0.3211119	0.25742713	-0.058831807	-0.086706094	-0.31329578	0.00026886177	0.43032297	0.21162376	0.41399515	-0.16756852	0.3035945	-0.17776299	-0.25595725	-0.002171358	-0.26905894	-0.29454902	-0.38937676	-0.15146084	-0.066953264	0.20389372	-0.06394059	0.030202635	-0.18467838	0.11694504	0.48210317	0.49496967	0.17454739	0.055996146	-0.033610884	0.10352263	-0.22627012	0.26098624	0.02734691	0.13583553	-0.12634662	-0.20301883	0.005896207	0.29778793	0.17048202	-0.4516542	-0.30558157	-0.6125773	0.1318037	-0.11987743	-0.3662129	0.13606903	0.03207182	-0.1354993	-0.5387002	-0.21577922	0.075398654	-0.32709205	-0.16711909	0.0075757904	0.08751505	0.10830461	0.22491962	-0.19434685	-0.06765901	-0.04451694	0.35002995	0.3269698	-0.3418107	-0.6739291	-0.11142452	-0.19793823	0.027127769	0.14725564	0.06812056	-0.08930338	-0.055382162	0.08676879	0.05066142	0.06620679	0.122511715	0.2271698	0.21559602
0.008238404	0.25987655	0.16544837	0.15621828	0.27443805	0.50683117	-0.021950997	0.15978311	0.49661168	-0.22697861	0.105901495	0.17150488	0.2956391	0.20174426	0.29038674	0.12924492	-0.012199307	-0.049239073	-0.5120595	0.34463254	0.16459729	-0.5271019	-0.17044602	0.5676697	-0.33840448	0.12022033	-0.41759577	-0.41866317	-0.29425672	-0.15887503	-0.46933308	0.20025128	0.103418246	-0.07674255	0.2086432	0.47277215	-0.37648258	0.058169432	0.08127069	-0.0743581	-0.025007311	0.23668894	-0.49057308	-0.35437927	0.17541735	0.055227682	-0.06813873	0.0014533303	-0.02007032	0.007003722	-0.26646087	0.21661921	-0.12466732	-0.2495376	-0.0020824333	0.16916823	-0.232335	0.06058189	0.13102548	0.21019459	-0.15346952	0.17548229	0.38656154	-0.11662171	0.49870116	-0.02311522	0.016513702	-0.22724022	-0.0755209	-0.13484941	-0.15916052	0.14636639	-0.029640729	0.5371648	0.20639715	0.26242492	0.40442562	0.30764833	-0.033438705	-0.28316134	0.08012739	-0.2276836	0.24792624	0.19855265	0.07590122	-0.13210574	-0.14215453	-0.05122272	0.17916185	-0.25436133	-0.14856037	-0.11899668	-0.38661888	0.23667096	-0.2640471	-0.1536074	-0.052205257	-0.0363179	0.118926495	-0.8489883	0.21998353	-0.41444495	-0.25814372	0.15178026	-0.18481494	0.31409732	-0.2756843	-0.22866586	0.5880631	-0.1368037	-0.03529211	0.062084466	0.2688421	0.07975585	-0.37583	0.06925743	-0.41506982	-0.3558674	0.2802829	0.03129325	-0.05254995	-0.12070883	0.32723805	0.056335144	0.12453182	0.26477516	0.2126549	-0.09554121
0.17773074	-0.12986875	0.2903542	0.18000515	0.5587437	0.25077677	-0.082564004	0.19414133	0.42522213	-0.012144316	-0.33999667	0.2725466	0.23175499	-0.108906515	0.10293453	0.16035776	0.13973242	-0.317956	-0.017773975	0.18636514	0.095487215	-0.35185444	-0.14101571	0.0860894	-0.27495462	0.0013882321	-0.545593	-0.28186604	-0.061409578	-0.14388525	-0.32035726	0.27726546	-0.14182228	-0.04384594	0.06361927	0.04876359	-0.015108062	-0.19870315	-0.039416496	0.3345772	0.040434286	0.09909127	-0.2933102	-0.10452164	-0.051194564	-0.36422175	0.11825585	0.23331363	-0.4246766	-0.024953645	0.14238511	-0.09572306	-0.15932111	0.079256386	0.22137357	-0.103045724	-0.05829177	-0.20328747	-0.055193406	0.23199497	0.030503606	0.013010917	0.10247869	0.40885702	0.23058374	-0.19416498	0.1655152	0.08018267	-0.22053877	-0.17507659	-0.18210962	-0.034323778	-0.2315599	-0.22296485	0.028557971	0.09394606	0.22894429	0.07115201	0.16044813	0.3720453	0.012492647	-0.22738771	0.022864236	0.50886726	-0.39534044	-0.07328053	-0.0921519	0.4381296	0.50426984	0.18999386	-0.22552985	0.15090609	-0.26894122	-0.115047276	-0.15162902	-0.39105123	0.008445779	0.061278045	-0.053911336	-0.12883851	-0.24880825	-0.26432595	-0.43432203	-0.10611778	-0.07742376	-0.28082258	0.03973389	-0.08227862	0.6757209	-0.1479615	-0.21345678	0.23189811	0.0693537	-0.105023116	-0.32455608	-0.015380832	-0.19727214	0.042778447	0.2091997	-0.1170201	-0.22133991	-0.030218335	0.15937418	0.11956939	-0.18357213	0.043981764	0.39875033	0.011150907
0.17580914	-0.30817476	0.4990228	-0.0498499	0.46620986	0.32212338	0.5455657	0.29143187	0.8993728	-0.09648135	-0.1487827	0.24038161	-0.38829005	0.048657052	-0.07970805	0.28149197	0.25924912	-0.2088983	-0.7280296	0.4613244	0.35161552	-0.5485207	-0.3001723	0.2159342	-0.6779692	0.32063535	-0.32949015	-0.74140966	-0.48453528	-0.124307595	-0.1870209	-0.45827636	0.30722672	0.1829279	0.07183677	0.75475574	-0.4659319	-0.69206345	0.06559167	0.34000573	0.035769004	-0.25840947	-0.5628543	-0.054370753	-0.09668633	-0.39702952	-0.063089445	0.79089093	-1.0368788	0.032338813	-0.69269216	-0.012322495	0.21466042	0.5018999	-0.047187544	0.07799115	0.35135722	0.42387405	0.2443731	0.28100115	-0.5297107	0.3615026	-0.53992575	0.18956248	0.3495183	0.25597394	0.0641541	-0.9588907	-0.028323887	-0.2945824	-0.34767666	0.19824095	0.02387205	0.04764471	0.13206214	0.32037643	0.41876385	-0.2836918	-0.11633452	0.14174327	-0.009739865	-0.29912415	0.040566556	0.1654597	0.012286877	0.037968617	0.054867174	0.23747192	0.33967274	0.72913307	-0.37938613	-0.2644359	-0.5288079	-0.18566626	0.047905818	0.010070922	-0.1521151	0.215838	-0.2576715	-0.24981302	-0.24823484	-0.21721615	-0.10671063	0.105375096	0.23165502	-0.023928486	-0.38885447	-0.16594811	0.58976793	0.37190866	0.00054228195	-0.059859745	-0.014654408	0.25325075	-0.6020742	0.4428885	-0.1761257	0.11773875	0.0139356395	0.49067378	-0.08032596	-0.400061	0.4568507	-0.22962026	0.055701643	-0.41315562	0.23296832	-0.5364096
0.11016701	0.18046638	-0.15598035	0.120153315	0.45367768	0.005303817	-0.340534	0.7037982	-0.04371895	0.083098754	0.119331636	0.29869926	0.21843076	0.38170376	0.051296644	0.5378689	0.68980354	0.12639588	-0.2820755	0.09923451	-0.4585769	-0.59603083	-0.21038727	-0.13944851	0.09836303	-0.029995129	-0.5847263	-0.26844686	-0.04960219	0.11050241	-0.07218235	-0.25366372	-0.21841703	0.57723546	0.37842926	0.113487236	0.29043475	-0.33965668	0.3379122	-0.24036893	-0.59791577	0.6871217	-0.45877632	0.27184746	-0.049893722	-0.6206863	-0.24054846	0.21491681	0.14745675	-0.121009365	0.30025205	0.23019882	-0.024296707	-0.1878015	0.21582814	0.23977	0.51157	0.72186595	0.30195627	-0.053684864	-0.45469165	0.34664062	-0.22659354	0.41405824	0.24443503	-0.1476734	-0.1660417	0.47331768	0.1907564	-0.0340203	0.1481736	-0.14070864	-0.27485082	-0.26419404	-0.30442724	-0.17571783	0.25406325	0.37254685	0.17186372	0.3867489	-0.5589628	-0.440052	0.25901464	0.31636095	0.42210883	-0.57762444	0.048323333	-0.12649709	0.7827389	0.08088294	0.33922368	-0.3557441	-0.24526797	-0.26567203	-0.1318828	0.022151913	0.623384	0.013320512	0.26907727	-0.3038817	-0.046718575	-0.45626608	-0.8119202	0.0882942	-0.23871106	0.2812021	-0.10099803	0.49937075	0.24890094	-0.034640595	-0.37851912	0.06879436	-0.16502653	0.23717003	-0.4256024	0.33061674	-0.0076799905	0.20763887	0.14985177	0.024697153	-0.1256216	0.08146563	0.56274354	0.24522677	-0.09746186	0.48544952	1.0519894	-0.21816015
0.09670197	0.2007686	0.32226577	-0.07354843	0.80991983	0.35584888	0.27743635	0.46270597	0.288282	-0.34522253	-0.3742557	-0.6001253	0.10380595	0.16209108	0.12154368	0.41685587	-0.57397103	-0.691467	-0.52488214	-0.028660754	-0.054194953	-0.4355636	-0.6190138	-0.37149242	-0.3503588	0.08399148	0.015934533	-0.6249776	-0.16985977	0.64606136	-0.74521166	0.42649955	-0.1809326	0.4734961	0.15039572	0.82187545	-0.74652684	-1.0380397	0.8946178	-0.4650946	0.108129345	0.2100095	0.02567854	-0.45540422	-0.15643807	-0.46741486	-0.26015988	0.46245137	-0.042194217	0.22791234	-0.057533342	-0.55072683	0.3176107	0.4761743	0.32390514	-0.65256125	0.40644196	0.39097828	-0.007181392	0.3052626	0.4957728	0.41270322	0.2392054	-0.40978852	0.38751632	0.12867078	-0.22454868	0.35340807	0.15092728	0.22829635	-0.008199835	-0.31957412	0.80460465	0.22452182	0.09485536	-0.19001172	0.1014254	0.22103813	0.75867563	0.053428885	-0.17096055	-0.4584629	0.2638237	0.22669278	0.17094818	-1.0452929	0.18016836	0.5130801	0.7408112	-0.5146089	0.87462586	-0.33651543	-0.390883	0.21365634	-0.586296	-0.56730914	0.4569911	0.19400607	0.59730035	-0.7707597	0.7067021	-0.9164092	-0.35442638	-0.45302087	0.270905	0.020306656	-0.4629267	0.32544214	0.1093307	0.14833875	-0.46871352	0.19296557	-0.22164188	-0.24134012	-0.1647987	-0.33869177	-0.328345	0.17092897	0.10869986	0.6717395	0.5027079	-0.46782297	0.12182731	0.65337294	-0.46888554	0.35678285	0.34121302	-0.03112087
0.36672887	0.562898	-0.07118326	0.42396733	0.59465283	1.2212175	-0.11026285	1.0374608	0.36268488	-0.064810246	0.032077946	0.9590712	1.044044	0.29497963	0.8051533	0.0140227135	0.13539004	-0.26868623	0.24993095	0.5610168	-0.7797588	-0.63908577	-1.442567	0.56935734	-1.1619449	-0.36197454	0.94216454	-1.0491403	-0.19766678	-0.043759234	0.042083103	-0.33761254	0.16665035	0.4317265	-0.37950772	0.38851982	-0.18735677	0.38991907	-0.14266643	-0.2858026	-0.1854948	1.0191766	-1.2625964	0.5465794	0.2331036	0.81803715	0.16560465	0.21035966	-0.73894984	-0.46836165	0.79474604	-0.7041705	0.15422882	-0.12371848	-0.001805697	-0.6960272	-0.5108781	-0.35870546	0.090128064	-0.5960524	-0.3929202	0.5581587	-0.40586725	0.5540486	0.58916223	-0.42757162	-0.15309675	-0.06758514	-0.31820053	-0.8677152	0.18709803	-0.037589148	-0.3131709	-0.98831564	0.26910153	0.6944185	0.79869115	0.17534609	0.79987645	0.5103742	0.01662504	-0.38240975	0.02737626	1.0503523	-0.572417	-0.92041403	-0.109779544	-0.67828697	0.5674514	-0.39537618	-1.0362833	0.03851448	-0.29507625	-0.94090074	-0.98451585	-0.9275336	0.1530211	-0.25634372	-0.1968857	-1.181783	-0.36337012	0.3595495	-1.2627094	-0.121231906	-0.062297184	0.21365036	0.65663254	-0.24009278	0.2997232	-0.20338859	-0.19656108	0.17136386	0.15618022	-0.43844742	-0.17993733	0.7042596	-0.88546157	-0.5044137	0.526717	0.27367198	-0.36021346	-0.069363445	0.20228456	-0.022441942	-1.0941501	-0.15607399	0.32254484	0.30953032
0.3604347	0.26705936	0.07381567	0.30353752	0.4436807	1.0241548	0.2976175	0.6999876	0.6263899	0.48995522	-0.12193208	0.20677987	0.09708744	0.32394895	0.3340586	0.9880919	-0.6748909	-0.35409757	0.01406626	-0.3781719	-0.7261152	-0.30390134	-0.79660344	0.06972642	-0.6247482	0.61901927	0.08158892	-0.30417675	-0.3302745	0.9057844	-0.36939436	-0.32285407	0.09725676	0.23979053	0.54850966	-0.008673153	0.24170169	-0.50041384	0.52579176	-0.5184749	-0.19233301	0.18404524	0.0412685	0.045840077	0.32125545	-0.27027178	-0.34627506	-0.13869253	-0.048889253	0.012898744	-0.19510913	0.6306418	-0.06144899	0.26163393	0.13417023	-0.13155136	0.016554752	0.42580745	0.6074151	-0.2167049	0.20932712	0.4154724	0.6077454	-0.07245254	0.33993536	-0.0953687	-0.1964615	0.55966395	0.01563854	-0.27770025	0.32626316	0.20115216	0.5411132	0.2251415	0.51632243	-0.5231655	0.55630016	0.10936542	-0.46080214	-0.043057017	-0.55434054	-1.0938904	0.569756	0.6665233	-0.006705715	-0.31987283	0.18844724	-0.31072292	-0.09623269	0.016987279	-0.04714419	-0.17361382	-0.86112064	-0.06709441	-0.3230911	-0.08126476	0.39097133	0.37218344	-0.04232924	-0.5028365	0.5108438	-0.7386565	-0.40639466	0.07461928	-0.27644235	0.77962	0.14796364	0.57020605	0.5038356	-0.26199168	0.39012292	0.8142165	-0.417216	0.017081097	-0.45795694	0.38477546	-1.0059264	0.18447171	0.71032506	0.6470608	-0.08182127	-0.2005181	0.5290203	-0.21819085	-0.3663418	-0.27013177	1.0492338	0.13081802
0.09754615	0.015673632	0.0709837	0.015345591	0.20641994	0.21903916	-0.029686728	0.009972491	0.12731893	0.09461257	0.1473741	0.09489615	0.11239288	-0.05196929	0.049042977	0.17160383	-0.042016495	-0.019927325	0.027817061	-0.11459556	-0.117385656	-0.06649147	-0.23931795	-0.03075245	-0.26208284	0.25142622	0.036546044	-0.047158346	-0.0073746564	0.20575632	-0.016908126	-0.16500784	-0.08571625	0.071538754	0.15660208	-0.04108496	0.002364475	-0.04594009	0.23994352	0.00531305	-0.054395985	0.038842864	-0.11554431	0.06442651	0.08715842	-0.124699906	-0.044385716	0.19155516	-0.1090456	0.078633204	-0.17038184	0.27461404	0.093592905	0.0913168	-0.17502393	-0.1920656	-0.0931738	0.2782816	0.09960508	-0.15965134	-0.119018085	0.10860808	0.18637243	-0.11272884	0.07680216	0.029440995	-0.055762537	0.14223775	-0.028256902	-0.19019431	0.16336153	0.0015066735	0.04993681	-0.05468719	0.15697418	-0.021540608	-0.021955	0.011951312	-0.09312758	-0.10999318	-0.13122481	-0.36795425	0.0021085201	0.047150344	-0.12999603	-0.12642533	0.104168504	0.021785872	-0.0011015744	0.16333659	-0.15712346	-0.033781823	-0.33873004	-0.046309106	-0.26193282	-0.12327313	0.24678186	0.27638265	0.016641038	-0.10572683	0.06386083	-0.2441565	-0.18458389	-0.004711168	-0.057889532	0.11756454	-0.21520269	0.13618705	0.0765512	0.14484487	0.2189242	0.17024258	-0.0011077891	-0.027348273	-0.116431326	-0.13268875	-0.34928897	-0.05729021	0.27287942	0.081039324	0.016862974	-0.16540875	0.120395176	0.07379835	-0.07265206	-0.05378546	0.28363967	0.09347068
0.22496776	0.38650087	-0.04754117	0.1540526	0.5244387	-0.16236971	0.581599	0.596857	0.6426382	0.5071236	-0.7653335	0.27603638	0.29308876	0.11772332	-0.011732256	0.43719265	0.104381196	-0.6015754	-0.54638976	0.12364417	-0.3597505	-0.10926757	-0.27880162	-0.33148673	-0.70862883	-0.13477373	-0.5448815	-0.2318658	-0.0621231	0.1082496	-0.39329287	0.28253707	-0.056538545	0.06631233	0.089106806	0.21535368	-0.22441901	-0.41806036	-0.17846715	0.2903279	-0.50735813	0.60297596	-0.25757372	0.22193824	-0.2553323	0.17102806	0.29211485	0.15633145	-0.44585052	-0.36729452	-0.17856385	0.09313662	-0.215296	0.2967074	0.24519059	0.2547485	0.20623097	0.46964425	0.38128197	0.10791245	-0.22497371	0.29507118	0.1491417	0.53103983	0.41268107	0.11387184	-0.47876418	-0.3663654	-0.12623328	0.05711506	-0.048075546	-0.23323283	-0.13907267	-0.20106773	0.43827677	0.34196377	-0.071477324	0.33733952	0.1597516	0.58095753	0.004167351	-0.14450125	0.32999054	0.059258267	-0.15757897	-0.13102181	-0.21591568	0.17149785	0.22052477	0.13079455	-0.22773242	0.032510724	0.2997841	0.011636217	-0.09735869	-0.10559766	0.11090723	0.22062111	0.07698286	-0.48378038	-0.073739484	-0.32535076	-0.93957794	-0.25821316	0.05484348	-0.20491672	-0.16018562	0.24130005	0.43786794	0.19247814	0.14423288	-0.3227004	0.01284304	0.090756625	-0.33387157	0.42476997	0.104665846	-0.08338491	0.49048373	0.26631775	-0.6041341	0.15605558	0.58849245	0.008178329	-0.026618414	-0.09617656	0.52950674	-0.36337355
0.039397907	0.113267936	-0.019835241	0.17046623	0.4300454	0.20928834	0.019077191	0.25994402	0.100468196	0.08828972	0.06182048	0.18672514	0.045107983	-0.13800134	-0.15224257	0.00038178533	0.027246665	-0.24754958	0.04233604	-0.023243833	0.026164388	-0.04899488	-0.05881847	-0.045136444	-0.1814107	-0.05181369	-0.16417268	-0.33829367	-0.19217916	-0.06908594	-0.063438125	0.0112949945	0.084860854	-0.023846498	-0.02431269	0.10018827	-0.37488288	-0.4185364	-0.02703207	-0.23485982	0.031072961	-0.0493082	0.10033441	-0.07008638	0.054573707	0.24631312	-0.1529856	0.29551893	-0.035847396	0.012994718	0.100548744	-0.30774683	0.034325127	0.119341694	-0.08250207	0.1508332	0.15338102	0.18612269	0.36679202	0.43848768	-0.10464017	-0.20134212	-0.49535742	-0.15302393	0.5844779	-0.034698978	-0.21138641	0.19116248	-0.2743148	0.19297525	0.1804927	0.10124192	0.088800974	-0.12802112	0.29667768	0.09426788	-0.07616595	-0.17174903	-0.030120417	0.086871095	0.22901502	-0.3825163	-0.23922372	0.24335635	0.026858049	0.014845922	0.35868824	-0.15169273	0.29316905	0.35473144	-0.28314632	0.04315822	0.07445061	0.03238917	-0.13551551	-0.13772833	0.004539134	-0.18849967	0.12074651	-0.114551775	-0.3850818	-0.34690362	-0.31872746	-0.16525717	-0.1884191	-0.029883103	0.06809958	0.3071737	0.13003911	-0.031278607	-0.19769835	-0.034956366	-0.012757669	-0.17357568	-0.09760599	0.049400993	-0.37276664	0.0068134726	0.024446577	-0.07069784	-0.30372396	-0.085887924	0.29556164	0.3175846	-0.14379187	-0.064737715	0.46314412	0.015067271
-0.109593526	0.24552967	0.16755322	-0.05485821	0.5403891	0.3680262	0.11782272	0.5408662	0.2579909	0.14276028	-0.12588666	0.30395347	0.2778873	0.35430923	-0.09513255	0.06945538	0.055569377	-0.05892897	-0.1827118	0.13990241	0.1217315	-0.67238545	-0.30141884	0.24066044	-0.047407325	0.3475147	-0.023050804	-0.39192033	0.021743242	0.5683685	-0.66005266	0.28781444	-0.14165825	0.045843914	0.016314026	-0.25452527	-0.24897557	-0.26156756	-0.08548416	-0.20627892	-0.28887698	0.017577302	-0.1688936	-0.17735083	0.18132019	0.021458874	-0.07510794	0.016451498	0.1933929	0.3324084	0.11705148	0.13402824	0.25673002	-0.12787233	0.1661375	-0.17552385	-0.08089427	-0.098022014	0.25337017	-0.087618545	0.24206562	0.21194087	-0.18909135	0.35642797	0.13302064	0.047568593	0.11148078	0.457965	0.032470353	-0.0011472065	0.075932495	0.04439401	0.35400248	0.25160834	0.031502742	-0.22046693	0.36415538	0.059024308	0.32461822	-0.21291588	-0.33865762	-0.36385807	0.13737965	0.2615281	-0.20445165	-0.57693017	0.18750148	-0.0851817	0.12179806	0.33132964	0.35903192	-0.024435747	-0.4675341	-0.3014589	-0.2814576	-0.0503327	0.31701183	0.030406578	0.74853843	-0.38671362	-0.08499115	-0.5508169	-0.1646955	-0.32156467	-0.234177	0.13382255	-0.21606918	0.23690008	0.19694139	0.038864523	0.031011568	0.2267062	-0.07032263	-0.123555094	-0.45057032	0.12559947	-0.13691276	0.085262835	0.2690994	0.38332057	-0.025883295	0.14785899	0.07446886	-0.020382542	-0.20208049	-0.0708005	0.27560133	-0.05126265
-0.1317857	0.3592657	0.33966237	0.041834027	0.34935638	0.09646382	0.17059591	0.169032	0.9687179	0.1730026	-0.20307015	0.37861428	1.0257518	0.38842973	-0.31076974	0.3883217	0.2632282	0.07827427	-0.8504463	0.64631116	0.26167107	-0.62967277	-0.39383143	0.30960587	-0.27630588	-0.06218262	0.38360205	-1.0166483	-0.089209445	0.65963125	-0.7965694	0.046712212	-0.1343812	0.2937314	0.474705	0.37111607	-0.47946385	-0.25702	-0.2003447	-0.113537155	-0.29267535	0.21304648	-0.3793365	-1.0873089	0.5819119	-0.27894807	0.12272617	0.09313897	-0.32132754	0.21046071	0.53012466	0.19389193	0.7325582	-0.23012902	-0.15671273	-0.33419794	-0.28856236	-0.08247567	0.36250862	-0.096057795	-0.80898666	0.08995145	-0.21009134	0.35198736	0.7867973	0.46594426	0.46153912	0.05205244	-0.18059482	-0.5054365	0.57237136	-0.3589506	-0.308626	-0.1373375	-0.43621987	-0.2037434	0.55951804	0.30857274	0.028986612	0.18405518	-0.41704714	-0.48002672	0.12646687	-0.027780458	-0.3457433	0.083988145	0.1057475	0.21942559	0.11846321	0.2566448	0.52125585	-0.18429211	-0.6668549	0.061553553	-0.06739633	-0.26001266	1.2957633	-0.107657194	0.9120041	0.007776436	-0.22624704	-0.14497663	-0.6194934	-0.28681183	-0.10047886	0.039124385	-0.22286467	-0.17265761	0.54974174	0.5886008	0.14453661	0.67656606	-0.17272592	0.08917959	-1.0082139	-0.23932996	-0.018002048	-0.53073657	0.04645452	0.23632407	-0.122468576	-0.3680102	-0.36925238	0.37577975	-0.07727111	-0.021188656	0.09036092	0.035160113
0.12789196	-0.05532016	-0.0055660317	0.13024603	0.081581496	0.28061432	-0.2343845	0.10208469	0.23499778	-0.062810086	-0.052815005	0.4552423	0.24367666	0.06211575	-0.18239295	0.31874824	0.24001405	-0.15608357	-0.05103761	0.17425147	-0.1797332	-0.15543258	0.0008450488	0.25008273	-0.020067891	0.40125635	-0.08492968	-0.21235476	0.10013114	0.096494935	0.268949	-0.1511608	-0.14993626	0.19249761	0.03646125	-0.004893554	0.03852695	-0.05235686	-0.11130443	0.009859598	0.2035032	-0.1354667	-0.40627608	-0.21674599	0.122607134	-0.208739	0.042933494	0.022108959	-0.12742564	-0.15794215	0.085329354	-0.09911054	-0.121652946	-0.21468316	0.22553067	-0.28073964	-0.17723812	0.09452373	0.25169018	0.07958221	-0.49562544	0.23025809	-0.4113014	0.09602739	0.29735595	-0.007531808	-0.086197264	0.3738257	-0.14939736	-0.11416218	0.061980147	-0.30621797	0.022050714	-0.34907404	0.15139738	-0.08882006	0.4396603	-0.36827227	-0.09800312	0.06658155	-0.12365348	-0.5007566	0.11247158	0.23531476	-0.14094622	-0.130152	0.19091488	0.18056579	0.24883261	0.049588084	0.050757237	0.084458396	-0.33774185	-0.043393884	0.03280605	-0.4274898	0.4291356	0.44735596	0.31878722	0.02190198	-0.25730938	-0.400582	-0.641114	0.065300606	0.08622906	0.029885938	-0.3084998	-0.20881993	0.33763236	0.21642561	-0.022088047	0.34166682	0.017106686	0.031118788	-0.27743518	-0.1383662	-0.33428657	-0.054571923	0.14070703	0.3075751	0.026151896	-0.30541876	0.26375884	-0.12139888	-0.1109163	0.13564172	0.34215763	-0.09489094
0.62224513	-0.5428847	-0.51513815	0.15182368	1.3829906	-0.08381576	0.2517002	0.21870312	0.478316	0.24734195	-0.38187343	-0.66905165	0.17608102	-0.6597514	-0.18967065	-0.11808224	-0.25899687	-0.3056137	-0.18875474	0.4914566	0.15799248	0.1567305	-0.48380953	-0.061881024	-0.31042007	0.35944158	0.30809203	-0.051234923	-0.15832923	-0.30514893	-0.13406645	-0.67793936	-0.22696069	0.3209564	-1.198463	-0.75908697	-0.6223611	-0.8601318	0.079920314	0.30992284	-1.0524334	-0.6217277	0.47003168	-0.10530845	-0.27105957	-0.42278346	0.7132243	-0.4874699	-0.33242458	0.0694471	0.5785858	-0.29298547	0.18753529	-0.3389401	-0.46202642	0.27765173	0.58101946	-0.32860628	0.25205708	-0.35362226	0.10102043	0.39979634	0.14577585	0.4255493	-0.16140574	-0.32425463	-0.25760603	-0.20197175	-0.7738858	0.3093171	-0.11292718	0.53044736	0.026690193	-0.78715605	0.5235716	-0.16160172	-0.22678955	0.26344523	-0.073313005	-0.48834127	-0.51417315	-0.5090156	0.1515915	-0.41488323	-0.041617006	-0.4696223	-0.0457054	0.15957531	0.34256807	-0.04666284	-0.058041982	-0.34003058	0.40958998	-0.5729359	0.080729544	-0.66113126	1.1432724	-0.02588502	0.40091917	-0.3578008	-0.33618367	-1.0419471	-0.6892791	-0.8642582	-0.2793064	0.45845523	-0.2653132	-0.27182513	0.28072625	0.6354084	0.8615167	0.23324579	0.361927	0.04298979	-0.26190615	0.15308048	-0.77208894	-0.45680895	0.7726184	-0.4732574	-0.4486033	-0.9489634	0.41491333	-0.07793444	-0.6391062	0.79997575	-0.19693615	0.007971897
0.11260557	0.15765834	0.25996897	0.17600735	0.5496372	0.92583656	0.29662162	0.01420621	0.580284	0.13428009	-0.42835552	0.08977647	0.03909365	0.28274766	-0.15168306	-0.13959989	0.5188293	0.2752598	-0.5647808	-0.2244521	0.26036492	-0.6265662	-0.2790147	-0.47343895	-0.5717857	0.15310945	0.3075101	-0.60472	-0.30947635	0.12070304	-0.2453064	-0.15592812	-0.16829062	0.0019082536	0.19581127	-0.19963235	-0.118189834	-0.44948202	0.21376255	0.089542404	0.20692167	-0.4126373	-0.31568965	0.01055803	0.093779616	-0.09390759	0.052020393	0.68913084	-0.7525356	0.21476948	-0.58226013	-0.09207485	0.15699357	0.120772645	0.031540554	0.32712725	0.17121403	0.19815789	0.5769098	0.16327184	0.31471542	0.023812141	-0.68503755	-0.08278662	0.41233692	0.05508947	-0.43418288	0.21311978	-0.36199352	0.17432278	0.17232005	-0.03167601	0.35634604	0.16570228	-0.30229518	-0.35404634	0.681816	-0.010542284	0.1644292	0.2579965	0.23614675	-0.21310852	0.10700481	0.07120242	-0.38430446	0.05313299	-0.484209	0.041522462	0.2831959	0.31195638	-0.1423059	0.32162	-0.18470477	-0.015681272	0.2294014	0.011727848	0.39959884	-0.07424793	0.03490059	-0.20975281	-0.15838051	-0.1541774	0.3887587	-0.03526213	0.21081358	-0.3855792	-0.6589225	0.10718294	0.22950496	0.40998694	0.07016469	-0.057196103	-0.08322496	-0.14872384	-0.20290329	0.13614678	-0.38643932	-0.2561529	-0.11115767	-0.0665133	0.07722956	0.0481094	0.5994831	0.274685	0.12634078	-0.14289992	0.3716707	0.039283972
-0.0024990765	0.13464424	0.116842695	0.061202563	0.25613633	0.04726583	0.13685635	0.14030074	0.2403918	-0.0026479203	-0.079717346	0.09584329	0.028942471	0.066594504	0.037531063	0.05518583	0.08454965	-0.05520231	-0.129133	0.028450536	0.014523477	-0.079603426	-0.1251546	0.00048187142	-0.20233986	0.090811044	-0.15326025	-0.14783277	-0.062555775	0.019337483	-0.16812646	0.022535784	-0.072329514	0.0029170152	0.06229672	0.03913387	-0.125759	-0.021805936	-0.09756454	0.12876587	-0.2627929	0.09967827	-0.076851554	0.21839987	-0.070855424	-0.18659653	0.009858206	0.21782944	-0.21153069	-0.048491057	-0.07699623	0.01656537	0.23145269	0.02525726	-0.08683397	-0.07136949	-0.000814588	0.1500549	0.11877519	0.028472314	0.04462762	-0.0011888853	0.1274513	0.13642526	0.10479689	-0.022189502	-0.021182537	0.010917243	-0.075742975	0.05199201	-0.02241993	0.110726744	0.014716828	-0.08973992	0.10983706	0.025240945	-0.045003638	0.15176915	-0.10630268	0.11440846	0.10782037	-0.04041203	0.07577024	0.106338896	-0.07139586	-0.162847	0.059073392	0.001930079	0.008748711	0.07532732	-0.05196685	-0.04331782	-0.13651831	-0.046199594	-0.021179471	-0.0950411	-0.06438486	0.11418132	0.02667565	-0.18031153	-0.13972956	-0.16179188	-0.25881413	-0.0350333	0.052859988	0.002280492	-0.04990855	0.021499472	0.21455318	0.0362641	0.010036091	-0.04202417	0.119931504	0.04430996	-0.1293491	0.029389348	-0.049418386	-0.017347677	0.1444231	0.1208412	-0.14327574	-0.17317025	0.193505	0.00036335722	-0.07613409	0.04966063	0.18086785	0.06406903
0.1961507	0.27165502	-0.05124946	0.14409739	0.41916603	0.037887618	-0.32348	0.6152713	0.011918588	0.035040434	0.09215053	0.34702632	0.23756509	0.41601354	0.012226478	0.6173179	0.63139164	0.1756122	-0.32125536	0.07662053	-0.40612766	-0.6217153	-0.24313354	-0.20810258	0.104452245	-0.09649434	-0.5973935	-0.24235205	-0.0032279543	0.2176966	0.029817956	-0.21460424	-0.15035717	0.4472891	0.44247383	0.14333756	0.2961861	-0.29375908	0.3492767	-0.22963955	-0.54047984	0.5876827	-0.43166655	0.21828467	0.033286665	-0.63105285	-0.16002488	0.273746	0.1746846	-0.19051872	0.19690639	0.26205292	0.05920141	-0.06741714	0.22745813	0.2330366	0.56277287	0.6462178	0.4298643	-0.0216806	-0.38019553	0.4415414	-0.23097685	0.3914369	0.15341756	-0.11429478	-0.09832758	0.492832	0.2048066	-0.016555425	0.1003952	-0.09968866	-0.25144383	-0.29215777	-0.22626822	-0.20402732	0.31619912	0.3578105	0.121946596	0.38534904	-0.6265185	-0.51749474	0.35231507	0.31347558	0.48003072	-0.5793866	0.079718955	-0.08183381	0.67545074	0.14652005	0.3726063	-0.42423886	-0.22576773	-0.30746436	-0.16836573	0.040824715	0.5478409	0.11076462	0.27450964	-0.3016794	-0.053339887	-0.5363183	-0.9067865	0.026640857	-0.24065469	0.3709216	-0.30201745	0.5813002	0.28915504	0.04564489	-0.40081003	0.100364715	-0.15662463	0.2498282	-0.28007272	0.22112773	-0.033411898	0.101724714	0.2441697	0.017690087	-0.113799535	0.15106189	0.5789006	0.17119987	-0.058462117	0.45878336	1.0303129	-0.15490201
0.05886547	0.18086714	-0.035155166	0.0285757	0.16134946	0.13569507	0.23587044	0.08698487	0.1504479	0.13850014	-0.043154296	0.18235004	0.082878806	-0.06658555	-0.056841925	0.023609797	-0.093140244	-0.20882711	0.0936205	0.14656463	-0.0040110718	-0.16192876	-0.25991437	-0.005505202	-0.37294075	0.027319647	-0.1025358	-0.24630165	0.014777682	0.0060139233	-0.2193606	-0.19939329	0.09842691	0.024635425	0.09129116	0.0006323623	-0.12741362	-0.15416399	0.013758432	-0.009297069	-0.22168973	0.03986433	-0.014727207	0.2149402	0.08087989	0.012562102	0.12545726	0.25993776	-0.034824464	0.10863405	0.0129708825	-0.014583101	0.029138653	0.008888989	-0.039512493	-0.047714505	0.16240482	0.1618941	0.04750642	-0.010461	0.04377223	0.052579008	-0.056868933	0.06205247	0.102259435	-0.14041883	-0.14330338	0.06634359	0.051884174	-0.18334778	-0.03463921	0.10968655	-0.03234649	-0.055122923	0.22917874	0.04699566	-0.2149678	0.07283849	-0.044091653	0.15580854	-0.042209245	-0.32858664	-0.014064097	0.2054606	-0.06602673	-0.102974005	0.026275184	0.102114625	0.10808079	-0.08523419	-0.017154856	-0.21742077	-0.09996545	-0.05961286	0.0019943772	-0.046867423	0.15857144	0.09474518	-0.027337207	-0.08722373	0.020515364	-0.20380527	-0.29775962	-0.083578676	-0.06911439	0.062718056	-0.048947077	0.025053192	0.18527605	-0.010641181	0.23255217	0.2335353	0.10646208	0.09781701	-0.027975248	-0.01992172	-0.21363516	-0.08626752	0.14005655	0.16061823	-0.21657082	0.023796678	0.1095759	-0.005883144	-0.25482887	-0.084974155	0.27369335	-0.13541453
0.18139261	0.19477257	0.2632767	0.15627368	0.45065257	0.6834174	0.064224735	-0.07166409	1.000803	0.10536075	0.22106329	0.62196666	0.45804217	-0.26049587	0.107571274	0.6180493	-0.23772177	-0.3388257	0.36539108	-0.29797834	-0.033694267	-0.29069883	-0.46373844	0.11553871	-0.61767966	0.27781633	-0.108448006	-0.27377456	-0.25984782	0.19196166	-0.42650834	-0.19937722	0.2734962	-0.31757495	0.6210401	0.25960296	0.18378067	-0.15744588	0.3346147	0.16687633	-0.6505701	0.10169008	-0.43401206	0.21052091	-0.07666902	-0.15961489	-0.20860647	0.07934219	0.08485442	0.34941044	-0.21569099	0.095149204	-0.34568554	-0.1336586	-0.104211695	-0.20339952	-0.32236147	0.33450302	-0.034119073	0.06929568	0.070818745	-0.02657725	0.19809707	0.24748054	0.3130595	0.13916247	0.12738861	0.1353562	-0.04602811	-0.3068595	0.14965276	0.37429222	-0.19161278	0.10101534	0.4667726	0.08390303	0.13056673	0.11319296	-0.2547723	0.10046149	-0.008115565	-0.55151635	-0.06483714	0.32370672	0.040171742	0.058469493	-0.09255048	0.18769635	-0.47626418	0.19097678	-0.07142425	-0.2427824	-0.5704981	0.014215622	0.00167134	-0.24957079	0.45332026	0.519627	0.22963357	-0.28539434	-0.12361659	-0.70217764	-1.0548931	-0.37877935	-0.5615926	0.18572901	0.12647076	0.18387039	0.5838575	0.008957792	0.46366975	0.5041756	-0.014283016	0.3707061	-0.23522381	-0.35870203	-0.40099147	-0.3732513	0.449566	0.22652453	-0.3276893	-0.113785446	0.1719059	-0.0798547	-0.30731338	-0.34287995	0.5590431	-0.09682905
-0.21422957	0.076324336	0.27630273	0.2913542	0.27246568	0.13258122	-0.100916676	0.29303795	0.048301436	-0.110271156	-0.30531827	0.45311677	0.17859395	0.11255704	-0.11123671	0.016970327	0.24886501	-0.034717176	0.23950757	-0.22711171	-0.06802091	-0.6037427	-0.3458241	-0.40922695	-0.1722991	-0.08649246	-0.35953718	0.07290448	0.10315166	-0.16223942	-0.12630808	-0.18438013	0.0024852047	0.006735096	0.10565526	-0.09455279	-0.2924327	-0.24462487	0.22638452	0.30091318	0.036264375	-0.058035817	-0.0034696036	-0.27284628	0.07425618	0.028988393	0.17523918	0.58292925	-0.03253358	-0.16220878	0.25869092	0.036476642	-0.15955469	-0.22275467	-0.09960949	0.31817535	0.13767745	0.34447056	0.19837424	-0.09404811	-0.14793788	0.04594086	-0.34227207	0.16042162	-0.037839606	-0.08832578	-0.21824011	-0.19068412	0.09411652	-0.20624901	-0.028121935	0.022742061	0.0358707	-0.17870693	-0.06248958	0.06304503	0.21009168	0.10125756	0.23902543	0.048874065	0.15407741	-0.3562891	-0.119271986	0.07349053	-0.0100029055	-0.19582021	0.15095094	0.19619754	0.16692907	0.12098609	-0.19885838	-0.2655147	-0.024126347	-0.23427169	0.030903393	-0.026454847	0.31608397	-0.008662152	0.12821384	-0.53115296	-0.049720995	-0.4774624	-0.30680323	0.0018244797	-0.09564624	-0.30969733	0.008464097	-0.14399219	0.27243617	0.12854911	0.09753343	0.27008727	0.36196524	0.11416213	-0.25248274	0.14023007	-0.5077045	0.103199996	-0.012393744	0.13967955	-0.37443653	-0.23027872	0.46955165	0.136404	0.16464473	0.1480509	0.36809996	-0.08453683
-0.25206906	0.06531467	0.13924217	0.03257537	0.4000585	0.17460088	0.0009723002	0.19960637	0.31120834	0.017665194	0.17067169	-0.030878637	0.048307046	-0.043489385	-0.12449342	-0.18278754	0.1440793	-0.12512675	-0.1500987	0.028603066	0.014567864	-0.27805	-0.26119065	0.049684454	-0.23129946	0.07580148	0.013790928	-0.24994707	0.08537839	0.24325478	-0.3140259	0.13432507	-0.06153128	0.22908124	0.25832292	-0.093298346	-0.37436643	0.06698871	-0.017999163	-0.045960978	-0.2639692	0.005761879	-0.22075172	-0.1323195	0.3178549	-0.060836665	0.35583672	0.1877766	-0.23336154	-0.070380606	0.074189685	0.079593204	0.18282329	0.20672436	-0.016095934	-0.23461398	-0.08825798	0.13530923	0.30257013	0.080351464	-0.02453478	0.080075055	0.104138926	0.4306847	0.2981445	-0.055392917	0.05905962	0.27269462	-0.07800798	-0.004041113	0.25738877	0.04617053	0.037031442	0.036133904	-0.18055177	0.04487089	0.17047638	-0.06696409	0.0529807	0.174531	0.11610735	-0.10036517	0.10780997	0.30038393	-0.33708394	-0.23419163	0.35700473	0.16028708	0.030156292	0.16463493	-0.19835486	0.1792427	-0.3126875	-0.21722105	-0.09260471	0.05101408	0.17072874	0.10492109	0.018767152	-0.36713874	-0.14455569	-0.4287669	-0.23425046	-0.12142559	-0.15227315	-0.103489906	0.09057668	0.17381963	0.37739596	0.29273236	0.04689778	-0.054290418	0.02826631	-0.017602758	-0.36822012	-0.103621446	-0.054083835	0.10987801	-0.03575556	0.24442664	-0.031438205	-0.02415013	0.163242	-0.11686043	-0.13364474	-0.032753695	0.27643323	-0.025054397
0.28843802	0.16586733	0.22164178	0.5643678	0.6530416	0.55825275	-0.118591465	0.06419788	0.72319245	0.03869049	-0.10822437	0.63418174	-0.19808908	0.122577675	-0.008661847	0.31405953	-0.006303999	-0.353914	-0.1055005	-0.2730386	0.07329921	-0.17800203	-0.18011108	0.22859855	-0.43082204	-0.05485813	-0.31090882	-0.3622362	-0.02390814	0.19988194	-0.34751743	-0.022070557	-0.24469107	-0.16580011	0.37727863	-0.022319967	0.3781269	0.2364022	0.41534764	0.1173865	-0.21238704	-0.35020348	-0.209172	-0.11567974	0.19066896	-0.38605788	0.08346382	0.3724038	-0.076926	-0.23211259	0.14994983	0.06452524	-0.34793535	0.1281992	0.37487414	0.40031636	0.4416736	-0.5376373	-0.16875513	0.0065450575	0.07685665	0.12471069	0.25505397	0.3594011	0.7359354	0.10270691	-0.25109172	0.5093315	-0.44956392	-0.43416864	0.0011989492	-0.15535374	0.17439272	-0.5836066	0.21542215	-0.59859526	-0.0025223037	0.73466057	0.014313809	-0.24323508	-0.053361863	-0.6943196	0.6332917	0.6173261	-0.28450173	-0.17646913	-0.4733308	0.5153626	0.4730666	-0.2342474	0.28789416	-0.43886483	-0.63042617	-0.060680825	-0.26512113	-0.8377008	0.4187425	-0.21664433	0.59374076	0.11903339	0.21818855	-1.1006265	-0.99844855	0.09979128	0.17216268	0.31021568	-0.1836977	0.22358148	0.7892091	-0.28283525	-0.10098599	0.67038614	0.026237583	-0.40153205	-0.32228193	-0.034171775	-0.5784901	-0.29026583	0.4352912	-0.24522606	-0.21868818	0.045360565	0.43544677	0.48947188	-0.40158445	0.3565854	0.7682355	0.29330355
0.09560157	0.01022426	0.05310463	0.033191014	0.21833733	0.23263435	-0.039882742	0.071616106	0.17916654	0.124732114	0.1466208	0.11426863	0.08062589	-0.06901132	-0.00047693824	0.16789776	-0.0070813363	-0.017384565	0.0063740015	-0.12337261	-0.11965566	-0.09862856	-0.30086452	0.014753673	-0.25695157	0.30465198	0.017083213	-0.07963827	0.006144207	0.19521149	-0.02098328	-0.15627775	-0.13196942	0.059103575	0.13310987	-0.06601202	-0.016906178	-0.11216008	0.2442455	-0.03035246	-0.054337155	0.08351737	-0.16141713	0.13647163	0.033217132	-0.12869713	-0.094151966	0.15732656	-0.027115373	0.054350674	-0.15594177	0.26613456	0.039300162	0.08509421	-0.17879511	-0.14782259	-0.12477262	0.28426257	0.16725089	-0.14912471	-0.10758768	0.07526117	0.24196132	-0.10635807	0.021998385	0.06755285	-0.06473407	0.13331106	-0.029166115	-0.16715443	0.15073855	0.011524543	0.020311913	-0.01632733	0.15824558	0.022262473	0.0008003874	0.0018865752	-0.098260164	-0.066654205	-0.14001091	-0.3768784	-0.023862114	0.0030827539	-0.10849371	-0.118488334	0.08856898	0.008410333	0.0044957935	0.156016	-0.19006664	0.014895737	-0.2827762	-0.061026584	-0.264792	-0.037504584	0.25106153	0.2662402	-0.0015275292	-0.079013295	0.0031171367	-0.25860658	-0.22087137	-0.015215624	-0.099310175	0.19461986	-0.20600007	0.20320415	0.0728723	0.09814474	0.18592982	0.14677487	-0.041233175	0.014890982	-0.075038254	-0.13840878	-0.40750384	-0.01652864	0.27411884	0.056370657	0.04167879	-0.15641615	0.0909392	-0.014859824	-0.025048647	-0.08375832	0.34457755	0.06878845
0.09454065	0.09969991	0.38208455	0.748123	0.44099092	0.87653434	0.60018325	0.38054028	-0.05505183	-0.090765476	-0.16200125	0.3558516	0.6683851	0.18558438	0.6349998	-0.17566393	-0.120681606	-0.10529415	-0.025645765	0.35432377	-0.90108263	-0.3418977	-1.2843487	0.26947004	-1.1142403	-0.8541307	1.2633237	-0.96449864	-0.53252375	0.109732546	-0.28818712	0.067859136	0.48140872	0.48106974	-0.14797606	0.3636426	-0.1417215	0.92977685	-0.17824379	-0.17321557	-0.41543147	0.9211514	-1.1455362	0.21505205	-0.015374155	0.741905	0.15109733	0.11750276	-1.1541786	-0.5603007	0.5499126	-0.41042063	0.19968282	0.29099613	-0.11041714	-0.7703263	-0.37497908	-0.50698096	-0.30135837	-0.33646014	-0.10356042	0.21466692	-0.41288725	0.27537417	0.47222033	-0.0833751	-0.040500835	0.19905019	-0.8397081	-0.33592734	0.3846078	0.5755101	-0.033774335	-0.744381	0.89843	0.8122873	0.043846007	0.2576017	0.19499947	0.43974182	0.09685416	-0.6480693	0.17012303	0.6116453	-0.90843105	-0.62741697	-0.5107861	-0.22765476	0.73229074	-0.16437331	-1.110861	-0.15651666	-0.5391082	-0.4103898	-0.49750066	-0.7723688	0.029538566	-0.071499646	-0.1785404	-1.5590881	-0.52464324	-0.020107614	-1.1007276	-0.2199947	-0.38979465	-0.23006792	0.6445513	-0.6543912	0.13942026	0.16304664	0.16808917	0.06298912	0.5735769	-0.4926681	-0.23841625	0.43901968	-0.8621962	-0.50176483	0.30490017	0.51927173	-0.4480184	-0.7075277	0.43928283	0.45654216	-1.2034994	0.03276441	-0.19093883	0.27158007
0.3048237	-0.11312458	-0.1736917	0.38160104	0.030066388	-0.30923223	0.7582804	0.41084954	0.12121721	0.39522046	-0.30397063	0.32953176	0.1692577	0.25959706	-0.22672927	0.36915177	0.080945745	-0.28045857	-0.4362623	0.30182105	-0.07024685	-0.15718506	-0.31732646	-0.13065863	-0.5633805	-0.44927508	-0.034875408	-0.07633912	-0.031007342	0.44929826	-0.17454757	0.076307766	0.22309427	-0.089120805	-0.40660056	-0.20542562	-0.6199687	-0.43735698	0.04149487	-0.17934664	-0.27116412	0.11384418	-0.597219	-0.60496116	0.333233	-0.029014813	0.1498567	0.036446437	-0.15785627	-0.18146224	0.09656607	0.3265733	0.200251	-0.23261397	0.2136613	0.09559288	0.13400339	0.25775903	0.3808578	0.2992031	-0.4924284	0.47389162	-0.56061685	0.08093417	0.66112083	0.04038067	-0.1575353	0.0140293045	0.056220047	-0.16682842	0.16210973	0.025292583	-0.08705118	-0.34673697	0.27905	-0.0010489725	-0.018039672	0.15088205	-0.06587999	0.0155216465	-0.4529371	-0.12229876	0.5021776	0.43519807	-0.14825669	0.12755299	-0.2901681	-0.000137505	0.2456086	-0.16409028	0.0993	-0.154421	0.014364853	-0.16452035	-0.23672616	-0.022135796	0.39949065	-0.080924645	0.40943497	-0.13211434	-0.18354662	-0.25515333	-0.46177602	-0.44991025	-0.18630771	0.18788372	-0.16220485	0.33016342	0.35631058	0.39265025	-0.058131438	-0.025744021	0.06804117	0.108331166	-0.32822594	0.6694115	0.17176455	-0.26188287	0.2011942	0.4251737	-0.2351367	-0.0975751	0.3973156	0.08327352	-0.020547284	-0.16447887	0.6953677	-0.10994022
0.017864559	0.5312485	-0.017618526	-0.030167883	0.20626014	0.19932131	0.4685687	0.3733089	0.25685376	0.13184752	0.2008005	0.19846931	0.039691366	-0.11776372	-0.15019529	0.020015646	-0.21305527	-0.53076035	0.07720219	0.0066987574	-0.06665212	-0.3583543	-0.344653	0.034284603	-0.6802899	0.1666704	-0.09017452	-0.29305255	-0.06805233	0.10570098	-0.36764586	-0.3568289	0.1846766	0.072823465	0.17531514	-0.04774022	-0.3200384	-0.38230962	-0.0067520975	-0.12848997	-0.49576196	0.11791849	-0.07206257	0.5535133	0.0068945843	0.11439659	0.21822569	0.22875935	-0.14915478	0.28246757	-0.19025706	0.016944582	-0.21603946	-0.041174337	-0.0032243987	-0.1382472	0.043221798	0.39494902	0.16933535	0.05575415	0.21545771	-0.010755969	-0.338875	0.06874654	0.13589756	-0.30377278	-0.36701316	0.0018758491	0.14752984	-0.24606423	0.060063053	0.08904577	-0.1356423	-0.14101721	0.49181595	0.39181265	-0.20227657	0.3577392	0.08522077	0.18416382	0.30228207	-0.3460272	-0.061953016	0.36706257	-0.10421057	-0.20712064	-0.04286948	0.11641169	0.10315617	-0.2612153	-0.17549065	-0.22447331	-0.09309639	-0.2039295	-0.027848998	0.09902744	0.17509177	0.14875701	-0.16575326	-0.12520398	-0.20592149	-0.11020285	-0.4293934	-0.15588565	-0.148667	-0.029254545	0.18031889	0.29621777	0.11439232	-0.14997874	0.42853722	0.23679785	-0.047343403	0.040042136	0.04819415	0.09143359	-0.17014915	-0.059383884	0.11110302	0.4241576	-0.3571182	0.14685057	0.022533422	-0.07885484	-0.062101364	-0.16073398	0.5707674	-0.070068136
0.08271849	-0.031128304	-0.010652536	-0.01122924	0.24236186	0.23893449	0.08995175	0.2557483	0.091015615	0.20735826	-0.060623925	0.14357252	0.061517958	0.036588926	-0.037571125	0.09239936	-0.05394729	-0.20941484	-0.004302528	0.028489882	0.020165741	-0.0013706047	-0.09812295	-0.18837461	-0.30029738	0.03161673	-0.31676066	-0.076453306	0.035051353	-0.06828649	-0.15809478	-0.14455776	-0.0020582746	0.06257998	0.013385456	-0.082335524	-0.31479445	-0.026747007	0.15666303	0.028261764	-0.24837948	0.11969166	-0.21564136	0.1650695	0.07427345	-0.001156397	0.13500027	0.16607329	-0.1267417	-0.087617494	-0.060156863	0.23281553	-0.0008462312	0.08895495	-0.11622779	-0.10185619	0.033900358	0.18187721	0.045636036	0.14587231	-0.16573907	0.09150544	-0.1257873	0.036524642	-0.018441994	-0.1557999	-0.20059322	-0.07932135	-0.04430123	-0.12911569	-0.14258428	-0.058569778	-0.10614126	-0.15226896	0.08102304	0.04326373	-0.07365672	0.040218804	0.16583063	0.08469612	0.22003204	-0.23652786	0.003589356	0.0275148	0.21630244	0.034336425	0.10455397	-0.047810875	0.14729981	-0.05009867	0.14307946	-0.24638113	-0.051496435	-0.031210687	-0.025919251	-0.14106081	0.10580142	0.0768817	0.0041959654	-0.06769003	0.0688299	-0.23894094	-0.39645857	-0.17622165	0.036927134	-0.12810169	-0.17635864	0.07098748	0.09477835	0.104469545	-0.057750463	0.07546635	0.07782322	-0.11810204	-0.04036967	0.17264093	-0.24013586	0.030930812	0.03393619	0.010915553	-0.19044288	-0.033729088	0.17999963	-0.022458967	-0.13851012	0.1753483	0.13592339	-0.14497803
0.37331057	-0.1837416	-0.05935006	-0.3009536	0.11824945	-0.047144413	0.15290695	0.050920915	0.47225446	-0.38904664	0.690514	0.07087966	-0.8028899	-0.43097898	0.41510156	-0.5296448	0.11880357	0.042780664	-0.7419667	-0.0683331	-0.6173647	0.35940486	-0.078844056	-0.49534246	0.016875487	0.76567465	1.0520298	-0.030178484	-0.2136977	0.18233918	-0.64331204	-0.3395772	-0.8777438	1.115061	0.301095	0.10393997	-0.36568293	-0.31250316	1.0340712	0.016322013	0.4289467	-0.26480356	0.08886421	-0.22772792	0.28986555	-0.027590347	-1.4082849	0.48025325	-1.0920694	-0.43633062	0.03179522	-0.12442293	0.47740105	0.38691673	-0.079830945	-0.29757333	0.20104402	0.47347787	0.67916113	-0.51968014	0.061149243	-0.028724771	-0.46235663	0.83993393	0.7333227	0.5158495	0.3359861	-0.70680493	-1.276705	-0.23980018	0.50354767	-0.22274725	0.28130543	0.33403388	0.33590317	-0.17701758	-0.00222165	-0.12691733	-0.2767327	0.07792811	-0.9628158	-1.1834092	1.052743	-0.45223093	0.61893815	0.08138398	0.41793638	0.31346738	-0.47104254	0.6602685	-0.07584943	-0.15547253	-0.054592174	0.2899962	0.1041332	-0.4419438	0.21139319	0.12707205	0.85699284	0.28336042	-0.0857084	-0.8397368	-0.43914604	-0.276096	1.0372634	0.15083723	-0.008109277	0.066225976	0.5237865	-0.080113985	0.75212145	1.1286877	0.27977413	0.5557862	-0.15449335	1.0998695	-0.14957619	0.17378052	0.01814791	0.62924117	-0.7732638	-0.35232452	0.9666255	-0.5668049	-0.79905635	0.7576272	-0.13805948	0.315985
0.21442816	0.23308806	0.4189179	-0.22623004	0.32600346	0.40277952	-0.20314229	0.3782211	0.44399166	0.14757936	0.13201736	0.3156176	0.083190866	-0.22926037	-0.53202975	0.4500646	0.27571324	0.21914758	-0.13169584	0.34114632	-0.27870667	0.23026605	-0.7420836	0.21688323	-0.32316554	0.388149	0.18420528	-0.12000718	-0.09574529	0.13206542	0.058176305	-0.03644131	-0.8963679	0.2582232	0.697729	0.5696743	-0.54120755	-0.14918847	0.47308183	-0.41765422	0.6174055	0.09014299	-0.7666777	-0.38167554	0.593667	-0.48914224	-0.5884328	-0.01585143	-0.58518595	-0.8792566	0.065991625	0.10668795	0.23477782	-0.5730016	0.5027838	-0.20892297	-0.34485152	-0.34939125	0.43624464	-0.6809219	0.06897863	1.1775843	-0.54547405	-0.16414067	0.41904438	-0.58855736	-0.077206016	-0.18879393	-0.49169993	0.14393131	-0.4786359	0.01410964	0.5895504	-0.0414581	-0.53604746	0.007904312	0.43248132	-0.36439314	-0.34150246	-0.025250344	-0.3627985	-0.32990327	0.2331502	0.17273206	-0.60766894	0.099814124	0.2277247	-1.0427586	-0.014109534	-0.18935896	0.32171643	0.3903067	-0.3844861	0.18345843	0.3671042	0.3346209	0.5251963	0.60613334	0.6539664	-1.2881999	-0.6488591	-0.80059266	-0.6471302	0.44493613	-0.47269684	0.85977864	0.208796	-0.6104816	0.14954174	0.58437306	-0.058848258	0.53355604	0.80553216	0.63307565	-0.74414736	0.018189155	-0.75087774	0.2320123	0.4193598	-0.15346481	0.5998187	0.7349838	0.38986087	0.2128836	-0.5045106	0.4066657	0.70317847	-0.22502664
0.25750375	0.22980376	-0.15534452	0.20597953	0.49752644	0.123342365	-0.44220856	0.6056601	-0.046934776	0.08638377	0.04941627	0.51983213	0.24776517	0.4595824	-0.06784001	0.5506691	0.70605063	0.13656586	-0.21581593	-0.045450266	-0.4403949	-0.63214606	-0.26060626	-0.17359503	0.12169314	-0.12389499	-0.58765894	-0.23494448	0.027385596	0.118357256	0.14436558	-0.31163386	-0.22219712	0.40910673	0.32089937	-0.0106467875	0.2906241	-0.22578065	0.35606763	-0.2083392	-0.57263404	0.6889982	-0.4192658	0.27505395	-0.11145096	-0.5077391	-0.29035485	0.35378864	0.28186652	-0.21976557	0.17521921	0.22819297	0.083471715	-0.2362762	0.12667145	0.23786445	0.45423567	0.5571544	0.40752086	-0.13632013	-0.40231904	0.3579228	-0.23356675	0.37732616	0.19188035	-0.1423583	-0.18657614	0.50019014	0.18857557	0.07365764	0.015078091	-0.102843046	-0.3365174	-0.32644856	-0.25837487	-0.17841181	0.2641772	0.4296237	0.15776964	0.3649408	-0.6059734	-0.44232938	0.24004808	0.31885615	0.5383515	-0.5372057	-0.0055710576	-0.06878565	0.6906624	0.056015007	0.34425244	-0.3795054	-0.21136461	-0.32170668	-0.28673252	-0.015282619	0.680363	0.09734744	0.297487	-0.31212267	-0.07082403	-0.4703459	-0.88097614	0.031684447	-0.26219156	0.26870626	-0.21184024	0.49900714	0.3032843	0.056090977	-0.37672672	0.05664274	-0.10769778	0.085326634	-0.28140017	0.119176835	0.0042252676	0.051036324	0.17696474	-0.035289057	-0.062366575	0.19589883	0.6337262	0.21853748	-0.09307287	0.5696508	1.1081892	-0.09069547
0.11353335	0.37818682	0.17325467	0.03574404	0.34052795	0.5302964	0.12701042	-0.047771808	0.31999463	0.10414051	-0.24501523	0.2601522	0.01722882	-0.3257248	-0.059629332	0.16996644	0.48152354	-0.34159893	-0.07350714	-0.30977315	-0.019932732	-0.38050467	0.08702321	-0.3651288	-0.41959798	0.3433641	0.31308874	-0.34211582	-0.26528305	0.27306455	-0.3084691	0.06169495	-0.39593533	0.2441823	-0.031112773	-0.003167679	-0.12455184	0.032706585	-0.16900674	0.030910844	-0.111853294	0.19450709	-0.48253593	0.17388028	0.090716064	-0.10294523	-0.14829691	0.22685903	-0.16281752	0.12327901	-0.37431726	0.0451068	-0.10260797	0.06781456	-0.07749159	0.01875702	0.055156842	0.37597692	0.2942696	0.13933197	0.2824541	-0.04898849	-0.2881639	0.3648169	0.43038654	0.010444769	-0.18443772	0.26119447	-0.026086884	-0.15405622	0.25203624	0.021190157	-0.045228366	0.002622257	0.15029317	-0.27489185	0.23596413	0.03465288	0.1984215	-0.11571681	0.051951863	0.029496472	-0.0018633687	0.2587628	-0.15674739	-0.22471845	-0.090691425	0.08431497	-0.1248161	0.27348247	-0.051923662	0.2902836	-0.32942158	-0.19926405	-0.040338486	-0.1972769	0.13483764	0.18564865	0.46692914	-0.12441712	-0.27134055	-0.52592236	-0.024434013	0.058625218	-0.34350145	-0.3143181	0.06836799	0.1191181	0.30494404	0.020439534	0.34278643	0.038169015	0.14054333	-0.31956634	-0.09971412	0.019474711	-0.16030654	-0.05129998	-0.09553216	0.06424282	-0.029745754	0.032254152	0.18038455	0.14207579	-0.25874043	-0.087029	0.17050876	-0.08942137
-0.10633268	0.38765052	0.15366888	-0.0059566074	0.264551	0.26561505	0.14246549	0.12772378	0.54050267	0.059352256	-0.002003628	0.5437297	0.29925454	-0.1398929	-0.08226646	0.21059427	-0.013113689	-0.28093368	-0.02441965	0.20336485	-0.08248921	-0.24241859	-0.21092951	0.3115108	-0.49218687	0.094629005	-0.15250038	-0.51436573	-0.019931037	0.016247408	-0.28979504	-0.15351893	0.08490996	-0.23416878	0.39795777	0.11078164	-0.1947494	-0.3216504	-0.1474376	0.019612823	-0.56437284	0.052067123	-0.24977864	-0.13046013	0.020419708	0.14181364	0.10501717	0.061722945	0.048865456	0.30230427	-0.07256366	-0.11456769	0.024511212	-0.21210626	0.08413877	-0.25024763	-0.0030740364	0.108467214	0.07546566	-0.10283516	0.0655849	0.018864967	-0.14598449	0.26482254	0.12187725	0.016420167	-0.060114674	0.14046726	0.049566794	-0.2998633	0.18387532	0.2744744	-0.052842714	0.0073383376	0.27685332	0.078990735	0.07869758	0.06693032	0.011202463	0.21095233	0.08715643	-0.5413513	-0.013540825	0.17849736	-0.18176924	-0.16245173	-0.05568614	0.16671084	0.108312726	0.044670492	-0.05057952	-0.341374	-0.14496285	-0.24961336	-0.014237981	-0.4146678	0.43773225	-0.025201797	0.023384996	-0.12049118	-0.018687628	-0.2571832	-0.6164558	-0.31336313	-0.3001382	-0.04650878	0.17706542	0.29641357	0.24521114	-0.039084032	0.14331517	0.42224756	-0.12228696	0.06921924	-0.17419529	-0.091859765	-0.26770043	-0.14269821	0.3527669	0.21297136	-0.14895976	-0.06743117	0.0052723265	0.14395638	-0.32746923	-0.16157486	0.19691914	-0.1645338
-0.21942466	0.10769948	0.22731924	-0.02886936	0.4226317	0.30901775	-0.10693233	0.26226717	0.5986293	0.17758326	-0.1107575	0.4366422	0.02249052	0.3880108	-0.2654586	0.20298462	-0.3270274	-0.13908893	0.2652979	0.14659159	0.09622178	-0.36683735	-0.48350495	-0.13690409	-0.008346836	0.6954285	-0.27964452	-0.13109814	0.055759702	0.48363036	0.122755475	-0.2086642	-0.21064293	-0.13479686	0.2420237	-0.4885114	-0.5281502	-0.7616069	-0.07614645	-0.1852003	-0.09590794	-0.19239245	0.04538214	0.21527433	0.2137597	0.08627847	-0.08570253	-0.1099166	0.08705849	-0.2358687	-0.35682553	0.7859606	0.4704156	0.42109773	0.30754048	-0.11802435	-0.30056068	0.31272826	0.49614015	0.17186703	0.15179133	0.10849136	-0.19032599	-0.14138769	-0.40237918	-0.11579322	-0.12992735	0.5057777	-0.08916936	0.09547953	0.14400214	-0.11831492	0.14427984	-0.025276352	0.15477623	0.21996151	0.0066579105	-0.30217963	0.106592365	0.3023198	-0.23515247	-1.2695861	0.462946	0.38766724	0.28406236	-0.45502943	0.7726557	-0.21041575	0.24061091	-0.092384584	-0.067053236	-0.082089595	-0.28240114	-0.5139968	0.24827036	-0.31723365	-0.029256755	0.52012783	0.36521995	-0.69442225	-0.23342434	-1.0605422	-0.55429184	-0.39814457	0.4751081	0.10866386	-0.12641114	0.096666366	0.1495217	0.67721725	0.015931444	0.46951428	0.3078805	0.17645921	-0.42763638	-0.22400734	-0.27304336	0.19328721	0.1862347	0.3783572	-0.05125801	-0.055485055	0.22314513	-0.37227038	-0.2983651	-0.33492684	0.5908755	-0.19886655
0.12673274	0.10081998	0.045847774	0.23731591	0.34621885	0.6874452	-0.1754597	0.17515749	0.9643205	0.09007547	0.31683	0.49905688	0.2178945	-0.22854641	0.11054934	0.6009906	-0.18198095	-0.08083526	0.2638169	-0.28781408	0.04443663	-0.2391084	-0.515683	0.082888745	-0.41452023	0.2834315	-0.17925766	-0.10572498	-0.051287003	0.32736024	-0.2095539	-0.19318956	0.04709124	0.033140495	0.517368	0.098867685	0.076615125	-0.31878182	0.34870347	0.0293576	-0.5167354	0.24309325	-0.2850164	0.25686416	0.21776848	-0.20163533	-0.43760228	0.08285457	-0.09729094	0.11268881	-0.21191631	0.28346372	-0.24198416	-0.028825901	-0.27374184	-0.030195912	-0.38428146	0.22770444	0.104211114	0.054851245	-0.04387471	-0.014896631	0.31534138	-0.026735619	0.26478788	0.24908957	0.13863216	0.31639892	0.12402682	-0.16522048	-0.03902654	0.17273667	-0.11708487	0.15340702	0.5185289	0.12810539	0.21217434	-0.12436928	-0.31213567	-0.009975669	0.09208178	-0.59187263	0.17813483	0.24333765	0.24657694	-0.030622102	0.22322078	-0.08948254	-0.43940604	0.16060366	0.0541957	0.010375917	-0.520652	-0.012661749	-0.113306604	-0.09013228	0.3055326	0.68494433	0.370425	-0.3217026	-0.10596762	-0.69842803	-0.8320516	-0.09846767	-0.1898667	0.38708627	-0.12234521	0.049779747	0.56787896	0.045478635	0.5250326	0.2954599	0.05225404	0.31558812	-0.116323434	-0.2969703	-0.3307593	-0.27998194	0.15053047	0.07198421	-0.35512716	-0.17942648	0.27195463	-0.092971705	-0.31151608	-0.29491827	0.6338958	0.13864422
0.09431871	0.01170587	0.050804727	0.0037271979	0.14903061	0.2854002	0.106223635	0.19034638	0.053151652	0.15180224	-0.061284184	0.098763965	0.07204577	0.14477468	-0.013526881	0.042493798	-0.05804488	-0.12092769	-0.019506028	0.13669726	-0.03055114	-0.06247859	-0.12117909	-0.12502807	-0.24801746	-0.012722131	-0.17984298	-0.031541817	0.004048764	0.0008203082	-0.11580096	-0.119728304	-0.0076317466	0.064963505	-0.058169175	-0.087121196	-0.32524207	-0.12434645	0.06627136	0.02323748	-0.210445	0.0916606	-0.17769413	0.109700985	0.0891353	-0.030111387	0.08234144	0.124743365	-0.13836624	-0.1539262	-0.005393603	0.16052194	0.007585659	-0.016951675	-0.13240102	0.0028601727	0.047487114	0.10261218	0.11204863	0.033893727	-0.14142863	0.0457811	-0.054268386	0.06361623	0.034421667	-0.036124177	-0.022645928	-0.07166643	-0.09482342	-0.087274484	-0.09743561	-0.026287468	0.0042234045	-0.06815439	0.065458015	-0.00015283305	0.06048235	0.030109754	0.075179555	0.09413776	0.08447164	-0.2594689	0.08104648	0.032183856	0.016430935	0.02626157	0.04263757	-0.038298298	-0.04558028	-0.1067177	-0.03668513	-0.115719706	-0.020980796	-0.017109217	8.28692e-05	-0.0790887	0.04498328	-0.0008139217	0.043179836	-0.119169235	0.007313744	-0.19231285	-0.16302453	-0.1195817	0.05644955	-0.12647393	-0.11861575	0.014001313	0.1353841	0.061431963	0.011370239	0.021993484	0.02325105	-0.017144294	-0.022011964	0.18053548	-0.2128096	0.048170075	0.025931304	0.0030332825	-0.16502659	-0.005188379	0.10701892	0.020371038	-0.19324842	0.1265303	0.100292474	-0.10668973
-0.079969615	-0.3833721	0.88564205	-0.44984847	0.45761237	-0.12912396	0.8951846	0.21920596	1.1603729	-0.03887583	-0.060131367	0.04010782	-0.39342955	-0.20823386	-0.024993949	0.37964198	0.5362411	0.17250057	-0.45777974	0.19839042	-0.3448229	0.18791036	-0.8947287	-0.28760782	-0.28206196	0.51080173	0.36488572	-0.20674442	-0.012592336	-0.055321936	0.12996522	-0.057406142	-0.561711	-0.33018148	-0.17901564	0.29223225	-0.5600347	-0.31088662	0.095297776	-0.21640098	0.51347774	-0.25779727	-0.6747483	-0.3030423	0.41007054	-0.66827977	-0.14220144	-0.1482548	-0.95823926	-0.04752974	-0.42298028	0.6958128	0.96140546	-0.045483515	-0.22286198	0.52756447	0.15456985	-0.08007552	0.352405	-0.09828242	0.013796202	-0.22395906	-0.13228102	0.5583718	0.8880132	0.06604098	-0.013846294	-1.5429972	-0.18567368	-0.04786232	-0.40698206	0.18444729	-0.44183472	-0.43928605	-0.13265611	-0.22871158	-0.38724622	0.13863246	-0.23305844	0.48653606	-0.6084642	-0.6023391	0.94948477	0.4249518	0.022329891	0.52906984	0.5570534	-0.029958822	0.21328996	0.22205648	0.31881335	-0.4061211	-0.66146874	-0.19858797	0.26653382	0.1883546	0.20642534	0.3516279	-0.0048069223	-0.16086535	0.33075202	-0.5907747	-0.59538454	-0.13252579	0.8249488	0.5857391	-0.15815558	-0.86188394	0.47450995	0.73438317	0.5719962	0.49046984	0.2238644	0.22902295	-0.91260946	0.64610493	-1.0545143	-0.28867868	-0.08352605	0.181791	-0.3346111	-0.82848716	0.61378115	-0.5490399	-0.45893988	0.61061895	0.5572897	-0.09883945
0.0052313358	0.13655345	0.06109579	0.033709068	0.2348067	0.064341225	0.21272568	0.11771492	0.19347051	-0.002470685	-0.06361682	0.17378947	0.0035057622	0.09819598	-0.013694718	0.030124528	0.071498595	-0.067481644	-0.18619382	0.034258354	0.048569348	-0.018763736	-0.10440592	0.005140451	-0.25670063	0.08559652	-0.15079199	-0.14340907	-0.089085855	0.00078768376	-0.16437674	0.018160332	-0.06375639	0.009055547	0.033390004	0.06753301	-0.13003388	-0.09440819	-0.09024891	0.13855621	-0.2856242	0.05985237	-0.05804341	0.21012712	-0.06558388	-0.1531906	-0.010495648	0.22144103	-0.22861503	0.008379577	-0.114368185	0.033884894	0.18907607	-3.761231e-05	-0.08456052	-0.03595006	-0.011559078	0.16542134	0.07764499	0.052769788	0.056118187	0.026838819	0.111276045	0.14191654	0.12152311	-0.05928892	-0.031356324	0.023097027	-0.07103582	0.04884271	0.0025093327	0.12376697	0.0067142616	-0.07862304	0.11217791	0.06460937	-0.008137962	0.1439866	-0.10032879	0.106917486	0.09911242	-0.07472688	0.07078531	0.09558644	-0.060957372	-0.18334776	0.025093984	0.00024135092	-0.013061419	0.044854626	-0.033723924	-0.057302725	-0.14087293	-0.03793539	-0.022726001	-0.11401386	-0.07939682	0.098594934	0.029422546	-0.13899258	-0.16155505	-0.1345042	-0.20853513	-0.0043807565	0.033275053	0.06794526	-0.09589168	0.037369907	0.22416843	0.040307652	0.034295406	-0.06033313	0.121346705	0.034176536	-0.10853007	0.01837081	-0.03585784	0.00941997	0.13864116	0.09655958	-0.19823033	-0.16022669	0.19187166	0.01320525	-0.056769203	0.030022416	0.17617811	0.04799074
-0.22824898	0.09118364	0.21501826	0.0048444895	0.38659316	0.33577055	0.08342824	0.2784108	0.49137726	0.15727143	-0.102451324	0.59463876	0.01064983	0.5020118	-0.47120044	0.1389128	-0.38642922	-0.22013637	0.28943053	0.1977337	0.15922347	-0.39374766	-0.5122605	-0.23566578	-0.12411018	0.6744927	-0.33518985	-0.23129849	0.005349007	0.4630959	0.0356936	-0.18808071	-0.061897036	-0.17399633	0.26160285	-0.5450912	-0.45505548	-0.92370015	-0.08991572	-0.22980268	-0.18985781	-0.35841557	0.13032359	0.122539096	0.13900745	0.28506917	0.16549286	-0.17441797	0.29496875	-0.10899337	-0.27963775	0.7849012	0.35054556	0.534435	0.36062455	-0.13333811	-0.2182611	0.25089428	0.45043257	0.21837664	0.16837753	0.08938181	-0.14406173	-0.17098811	-0.43958375	-0.1512012	-0.15459323	0.4438321	-0.12432963	0.038732376	0.20649439	-0.028518064	0.20979969	0.08187033	0.10947635	0.24423963	0.012397617	-0.3464681	0.19281529	0.25777104	-0.16867197	-1.235207	0.53234607	0.33064294	0.30467767	-0.33331418	0.62273574	-0.20711376	0.32231653	-0.12733245	-0.103617616	-0.023134906	-0.4019381	-0.4709246	0.27624923	-0.32735762	-0.020006595	0.5081848	0.36025026	-0.7131978	-0.27431464	-1.0975951	-0.5453605	-0.5189879	0.50109434	0.03848038	-0.22545402	0.16187549	0.13835639	0.6992039	0.035067894	0.37015983	0.26786315	0.15027004	-0.3105747	-0.17033122	-0.18906474	0.20656282	0.100511655	0.41882145	-0.04453925	-0.06101155	0.22413968	-0.26362658	-0.26598948	-0.26461804	0.5842288	-0.2297639
-0.04228336	0.25530568	0.021269163	-0.21670371	0.35956818	0.13352539	-0.30169088	0.5665105	0.65994334	-0.2091465	-0.074582204	0.32743567	-0.19458574	0.06455376	-0.3452925	0.24724367	0.4063325	-0.4541462	-0.21084327	0.04411571	0.18414521	-1.0557631	-0.210486	0.13869941	-0.858321	0.3376008	-0.3602954	-0.7378614	-0.47341612	-0.13357714	-0.223055	-0.17842941	-0.15163963	0.34621307	0.15284568	0.1854377	-0.5004161	-0.7782422	-0.4552838	0.14168686	-0.5059342	-0.0013344795	-0.12429201	-0.15851963	-0.2513706	-0.32774293	0.086201586	0.81381625	-0.21015912	0.106452875	-0.1334293	-0.44987255	-0.2173923	0.17906448	-0.061945617	-0.5373193	0.7138572	0.9961435	-0.43792635	0.25465855	-0.8241505	0.3227308	-0.23443352	0.32648823	0.003309357	0.33634603	0.21838878	-0.21804999	0.41829064	0.05926258	-0.07211851	0.43177405	0.303292	0.27664188	0.20497875	-0.14852017	0.30544132	-0.067807406	-0.07443309	-0.049542125	0.28350952	-0.11250374	-0.45013893	0.10589678	-0.06490941	-0.14800632	-0.06310604	0.21560895	0.20807168	0.5126178	-0.3428771	-0.21889159	-0.7953063	-0.18397222	-0.21419251	-0.4897508	0.5581352	0.21012048	0.2381226	-0.67964184	-0.68821776	-0.6028117	-0.31895038	-0.31119445	-9.687939e-05	-0.4749604	-0.3065727	0.010587334	0.37328497	0.48008847	-0.1236808	0.16101292	-0.093507156	-0.12287168	0.13159855	0.32091212	-0.29888126	0.008746647	0.1555279	0.3015638	-0.047534823	-0.6587373	0.10173495	-0.5026006	0.079189606	-0.01741181	-0.004471058	-0.14918195
0.022582987	0.047941137	-0.0026582794	0.0125143835	0.11496775	0.083824374	0.04546827	0.09265946	0.009908375	0.006115288	0.037134048	0.057683792	0.0014208423	0.060751777	-0.026233941	0.0014341557	0.077411965	-0.0659077	-0.05327897	0.04319238	0.029476603	-0.065568306	-0.079874516	0.004886896	-0.12228952	0.039585788	0.009205677	-0.06886742	-0.05595578	0.028123088	-0.024324043	-0.03356865	-0.021448651	0.10284401	-0.017752506	0.044938378	-0.06687252	-0.02821045	0.024803642	-0.036793742	-0.06694058	0.009291768	-0.11891334	0.07944016	0.050027877	0.015591967	0.0003652222	0.0787999	-0.09960306	0.011405316	-0.028437588	0.0033015106	0.07394811	-0.037524078	-0.017008675	0.007960325	0.006967948	0.08617104	0.06823909	0.0012596757	-0.00725538	0.015007247	-0.11051096	0.0016358619	0.0749152	-0.046239085	-0.05547267	0.03433459	-0.049123086	0.012778645	0.028743194	-0.005990997	0.010506763	-0.030404828	0.055717487	0.036684766	0.035467133	0.053585637	0.024207212	-0.018471614	0.04592571	-0.094856165	0.0020656341	0.08945359	-0.03486779	-0.06782045	0.06007687	-0.053468913	0.05393497	0.0028468359	-0.08311511	-0.013735359	-0.031453323	-0.039357036	-0.061120234	-0.042455412	-0.0030038888	0.001297474	-0.026475077	-0.103049	-0.088958696	-0.06484367	-0.07151802	-0.011823382	-0.036920168	-0.007824445	-0.04241501	-0.013332499	0.041509885	0.014210509	0.023091052	0.044366885	0.0075546717	-0.057180364	-0.06542902	0.019066552	-0.09757026	-0.02208182	0.049482264	-3.4453893e-05	-0.019778926	-0.016716707	0.05504368	0.044951033	-0.035056636	0.0015397798	0.09561454	0.0249712
0.019297253	0.17704102	0.1813557	0.031240892	0.41502056	0.1579382	-0.29721928	0.43265396	0.5836146	0.19270207	-0.12901145	0.18527211	-0.04155134	0.417971	-0.27486262	0.06379593	-0.1928882	-0.016087411	-0.07063035	0.1571052	-0.026264297	-0.055416353	-0.2270114	-0.13615079	-0.06806838	0.3426458	-0.09685264	-0.21731117	-0.15418598	0.50531465	0.07461519	-0.0444299	0.122535616	-0.12661558	0.38677758	-0.1472516	-0.38483927	-0.2663144	-0.12313571	0.056432806	-0.062945634	-0.104109205	-0.30741343	0.17064047	0.23108713	0.08847038	0.0741411	0.016193328	-0.06274203	-0.41991553	-0.099802904	0.4696745	0.47219715	0.23895477	0.14626232	-0.11819651	-0.13150224	0.49407744	0.27890468	0.13831009	0.10423169	0.24051516	-0.12209327	0.14060822	-0.19908008	-0.14696902	-0.09242033	0.31410447	-0.16390452	0.17592376	-0.10019047	-0.17403986	0.044506524	-0.07569088	-0.26031664	0.21195322	-0.058073793	-0.078224905	0.075551964	0.35167485	-0.28706738	-0.9455076	0.4203815	0.30802408	0.24480401	-0.45668066	0.66813827	-0.058835074	0.28821072	0.11447697	0.04216297	-0.15658018	-0.12232465	-0.19538894	0.23785229	-0.23156257	0.06796356	0.36150715	0.085649066	-0.45278466	-0.123248905	-0.7515839	-0.3408709	-0.21462916	0.2543827	0.16298465	0.17329834	0.06334831	0.14693843	0.5802412	0.15103626	0.27915478	0.03354133	0.23795937	-0.4227163	-0.01117965	0.020013701	-0.0020556226	0.08694454	0.09919484	-0.1712153	0.04830294	0.12869179	-0.24169736	-0.22868526	-0.5791669	0.39193973	-0.4115185
0.025923898	-0.38384065	0.790204	-0.42213294	0.50216174	-0.081105225	1.0399685	0.16224019	1.161829	0.07924858	0.13214058	0.37187463	-0.3428668	-0.10979005	-0.13762322	0.35432822	0.67764264	0.4402785	-0.45745164	0.15425275	-0.362775	0.11130299	-1.0007392	-0.3151687	-0.5459884	0.66710013	0.44605973	-0.10910001	0.08496888	0.06667613	0.043923605	0.00049160334	-0.45502192	-0.52547985	-0.2319239	0.35634768	-0.54427284	-0.29374036	0.10035264	-0.115462214	0.426821	-0.18725412	-0.69024754	-0.21794692	0.38994762	-0.8135751	-0.15318768	-0.18263613	-1.2721249	0.16849327	-0.45302457	0.56852424	1.0346421	-0.08144403	-0.25973332	0.6773258	0.3724128	-0.32301977	0.11836519	-0.078824125	0.07666234	-0.23460937	-0.1640958	0.56661516	0.68386495	-0.0005660438	-0.022567067	-1.4574057	-0.22870328	-0.08775938	-0.1437368	0.2715423	-0.6330605	-0.54388964	-0.056738794	-0.4624004	-0.42838374	0.21575274	-0.17248513	0.62752473	-0.6108949	-0.49403572	0.7942196	0.5211278	0.03088631	0.5399727	0.60864025	0.13949542	0.3956324	0.4493924	0.4545947	-0.35362685	-0.6772281	-0.114586614	0.47155318	0.14176467	0.3631547	0.18193188	-0.32070103	-0.1864918	0.2637544	-0.7398381	-0.3874118	0.004269691	1.0275811	0.69719255	-0.19589078	-0.6717344	0.41430548	0.71934813	0.5328512	0.28410155	0.5291207	0.18149419	-1.0584183	0.46767056	-0.8605897	-0.33867478	0.17939809	0.07291039	-0.2980152	-0.66329813	0.68953854	-0.5120961	-0.5273208	0.6548189	0.19563428	-0.14948495
