0.45254835	0.59968054	0.007553993	0.26854974	0.50826174	0.5170262	0.5549988	0.41637242	0.107618384	-0.031638768	0.014603607	0.3762443	-0.09699424	0.018095179	0.24977991	0.116223074	0.41295338	0.08963194	-0.29656252	-0.14969568	0.29373387	-0.12569858	-0.09779021	0.09622621	-0.069407806	-0.1857574	-0.101668455	-0.4315066	-0.0144458	0.3613722	0.21737094	-0.27890223	0.34373078	0.68444806	0.47092614	0.079441965	0.020680912	-0.92950296	-0.007581012	-0.038488608	-0.38149247	-0.37508965	-0.25006735	0.1739701	-0.21435395	-0.09343296	-0.12384182	0.4712093	0.14374737	0.908991	0.32103783	-0.34801158	-0.2938729	-0.14412452	-0.17075291	-0.10005095	-0.26506734	0.050587535	0.029870177	0.17314135	-0.8169384	0.5832814	-0.62440425	-0.28377372	0.58416396	0.21878326	0.16860367	0.20758268	0.3407024	-0.39702234	0.89321727	0.17077233	0.1419322	0.03923589	0.07676848	0.29282755	0.48328656	0.24655776	-0.11193046	0.27206805	-0.054436784	-0.19794333	0.49128222	0.4372403	-0.1779619	-0.19574523	0.1595215	-0.50214446	0.469027	-0.182828	0.065284245	-0.14769481	-0.5999714	0.10500204	-0.7278174	0.025986915	0.27136746	-0.019601215	0.47062677	-0.56397593	-0.16383603	-1.0892394	0.6652671	0.03230885	0.04937277	-0.025450997	-0.5185274	0.37246096	0.29647058	0.6872389	-0.19859934	-0.37407383	-0.23308498	0.73129964	-0.3001525	0.28402156	-0.0939627	0.10898946	-0.11342134	0.2323557	0.19696265	-0.23585463	0.6010933	-0.020274376	-0.4196659	0.24394709	0.50345486	0.050811213
-0.037212133	0.11597093	-0.031615287	0.08687005	0.08987209	-0.06294368	0.13226274	0.254485	0.12617454	-0.07703402	-0.007275654	0.271097	-0.11306724	0.16198331	0.11059428	-0.094656564	0.06686301	-0.08978275	-0.012769332	0.056968108	-0.004217449	-0.09772286	-0.18936133	0.005625864	0.05312559	-0.09554841	0.028796861	-0.113466576	0.11062176	-0.004410333	-0.12451728	-0.13485861	0.13608041	0.17069717	0.1358452	0.17023416	-0.13801093	-0.48728532	0.101673335	-0.13642924	-0.29883355	-0.08890564	0.08376492	-0.06323778	0.0004286253	-0.08121365	-0.008774312	0.30671784	-0.019799156	0.17641701	-0.1382152	-0.12549114	0.12176093	0.049878415	-0.004672174	-0.2874231	0.108001225	0.19578591	-0.054321937	0.22880542	-0.2734613	0.17338222	-0.182442	-0.033672523	0.09209725	-0.15714179	-0.05595862	0.044261612	0.08172721	-0.12111404	0.24397577	0.06865736	-0.072701044	0.019501857	0.16741635	0.018702673	0.21678337	-0.2844001	0.005020274	0.15902571	0.042534143	-0.013354196	0.20305832	0.16053122	-0.11983476	-0.090679914	0.20812036	0.13421209	0.14294644	-0.09921251	-0.09724572	-0.10862465	-0.3381981	-0.051595986	-0.073282056	-0.16300535	0.09752483	0.16368756	0.12584591	-0.23536082	-0.22157624	-0.16984272	-0.051258303	-0.14485283	0.10701684	0.17143631	-0.16265391	0.09872698	0.16630198	0.12705912	-0.067318134	0.048527353	0.15295476	0.31306446	-0.29970694	0.28328305	-0.106401674	-0.13042985	-0.092744716	0.06454062	0.07576055	-0.14369678	0.14893447	-0.3198226	-0.04566018	0.041759495	0.15076026	-0.055188697
0.4313979	0.44272366	0.30788237	-0.5491027	0.43633875	-0.23775524	-0.5988071	0.03381153	0.7296254	0.006474149	0.37179458	0.0202557	-0.026581364	-0.25872532	0.099445455	0.42083552	0.12973529	-0.015562141	-0.07298171	0.0122646	-0.26713538	-0.5870609	-0.20580672	-0.44780627	0.20036733	0.37163225	-0.81191397	-0.39935118	-0.123505816	0.29457456	0.25028104	-0.7704582	-0.30774885	0.09319796	0.5812234	0.15363328	-0.077580854	0.105476916	0.22969182	-0.17320392	-0.27941167	0.5664866	-0.9463388	-0.10713741	0.47356832	-0.41547382	0.39214215	-0.3752213	0.3634724	-0.3272889	0.057957537	-0.11325517	0.36384672	0.17719018	0.30703977	-0.477402	0.14504147	0.8153323	0.06915624	-0.21358857	-0.680609	1.0275822	-0.48626107	1.1101282	0.25024673	-0.18758056	0.5792679	0.11040874	-0.41199464	-0.03404385	-0.6367402	0.23366429	0.2609938	-0.3437366	0.105051495	-0.12194755	0.1299602	-0.15059736	-0.5173336	-0.45146567	-0.3841347	-0.6486219	0.7424458	0.6544891	-0.10212506	-0.047612246	-0.0048602098	0.37897226	0.3943888	-0.03287504	-0.058659323	-0.27137956	-0.25722042	-0.011472835	-0.28467208	-0.44795012	0.53970706	0.5619246	0.57990164	-0.27315363	0.01871564	-0.6802619	-0.29381293	0.30612844	-0.1553095	0.13814998	0.096284926	-0.17448592	0.13595684	-0.10624566	-0.20481865	0.74027914	-0.323085	-0.1358342	-0.0071582934	-0.088369496	-0.7661746	-0.5394832	0.02813606	0.032567423	-0.15667066	-0.70063	0.19005536	-0.35020742	-0.034563113	-0.067351624	0.26139304	-0.26697165
0.494695	0.350622	-0.4585762	-0.30516717	-0.28432956	0.13086596	-0.045402814	0.35558477	0.5727095	-0.423561	-0.15698864	0.38359424	-0.077179015	-0.26307714	-0.17388487	0.75887966	-0.20336093	-1.1273131	-0.24307497	0.010230573	-0.4136893	-0.14162025	-0.14318392	-0.39306244	-0.50007194	0.1556793	-0.058461692	-0.28568003	-0.1014619	0.15719351	-0.14667082	-0.30200508	0.08062679	0.27006003	-0.20832978	-0.08802366	-0.41358852	-0.754933	-0.048298508	-0.21731612	-0.46808174	0.050035566	-0.09216038	-0.25092945	0.050992705	-0.0701084	0.24767618	0.010693075	-0.04186869	0.045923505	-0.48131955	-0.06384585	-0.07284094	-0.111889616	0.020651253	-0.32023966	0.41537154	0.5993547	0.14225622	0.019482171	-0.41897634	0.11122823	-0.5619209	-0.36982724	-0.1541504	0.27854785	0.06432316	-0.4584125	-0.14421858	-0.74647605	-0.2695721	-0.31783575	0.53068775	-0.18190105	0.49871308	-0.17262407	0.20928676	-0.6644116	-0.18812612	-0.41856065	-0.4737084	-0.7710106	0.38852853	-0.019705389	-0.08840083	-0.1199067	0.3427351	0.14026289	0.070979826	0.016030822	0.16174024	-0.23221762	-0.22547048	-0.3238842	-0.5040872	0.13744517	0.18736534	-0.298518	-0.09368972	0.48079652	0.20657848	-0.63594127	-0.17626329	0.21999414	0.30781022	0.044692308	-0.42380497	0.71620625	0.22485304	0.42102805	0.43927023	0.2628208	-0.2542705	-0.099637516	0.15709683	0.22009201	-0.5337026	0.12447491	0.073923744	0.23815945	-0.26370147	-0.27439302	0.15401907	0.011149078	-0.57178235	0.22439913	0.4814872	0.049002483
0.5023845	0.16143875	0.37032038	-0.27585638	1.0717506	0.11042194	-0.075804174	0.12443867	0.2131377	0.23198135	-0.036003835	0.82146955	0.5080754	0.27309984	-0.19840279	-0.10783335	0.77311677	-0.042184375	-0.8833651	0.0995643	-0.0056880075	-0.42526442	-0.1909489	0.5177854	-0.7379898	-0.07652588	-0.32612187	-0.3309649	-0.3503121	0.4441832	0.23787543	-0.4753387	-0.16899003	0.71149063	0.35407162	0.2575781	-0.21147703	-0.4976434	-0.3600946	0.28929853	-0.22327854	0.27637872	-0.52720636	0.008821127	-0.08464753	0.22284487	-0.28629076	0.15113743	0.04319248	0.10691622	0.43022832	0.92418003	0.06727661	0.5760714	0.28307286	0.20926256	0.31717873	0.10581287	-0.45848653	-0.16057439	-0.6811964	0.36906958	-0.40517744	0.038208704	0.3250458	-0.42564592	-0.52927727	-0.5440286	-0.12277437	-0.08602327	-0.17476594	0.92443043	0.20588952	0.36799973	-0.100961454	-0.34315434	-0.66133714	-0.008726918	0.046915296	0.42667353	0.5889698	0.19484602	0.95331705	-0.095467776	-0.34359714	0.17575087	0.43803686	-0.13758565	0.021917015	0.02507994	-0.52409244	-0.11947717	-0.2918862	-0.08259554	-0.30489054	-0.19730817	-0.24066201	-0.35994428	-0.06920842	-0.55953085	-0.36507565	-0.8473898	-0.13555534	0.20784672	0.5321216	-0.16835462	-0.22399856	-0.62415874	0.6529043	1.0607272	-0.033368923	0.009373417	0.13884772	0.49516737	-1.1159648	0.2681484	0.01619258	-0.78706527	0.080966845	-0.3378308	-0.022521535	0.0012085242	0.39152348	-0.3155824	-0.070287704	-0.3768763	0.26676792	-0.8217657
0.012978143	0.1491824	0.02179489	0.035437208	0.31187692	0.057349034	0.1670531	0.10322183	0.1384064	0.10408917	-0.091300875	0.14440086	0.012592872	0.008206563	0.12251525	0.122991435	0.17148569	-0.00037620956	-0.16643785	0.008962767	0.069296755	-0.00069608795	-0.19982597	0.022651622	-0.25699753	0.011509595	-0.052091267	-0.018033579	-0.0018158919	0.1341916	-0.038246445	-0.106400885	-0.06748058	0.025235673	0.04307293	-0.046822116	-0.2338231	-0.14571382	0.04761422	-0.027700476	-0.24023527	-0.08365416	-0.16203953	0.07528787	-0.045698695	-0.005695761	-0.00019156004	0.20954376	-0.14579555	0.11081653	-0.09341923	0.07601287	0.14311521	-0.057638075	-0.11955248	-0.044316273	0.083992735	0.107970394	0.048684772	-0.08248297	-0.035961848	0.06222618	-0.14944038	-0.032035626	0.08295942	-0.122454554	-0.055695314	0.0377088	-0.025314705	-0.10515707	0.068760775	0.0582807	0.06990825	-0.008684408	0.046276826	0.05691855	-0.071694225	0.11866487	-0.037701763	0.072060175	0.0494215	-0.14162706	0.0184878	0.02854007	-0.043157764	-0.15664195	0.036869977	-0.06603524	0.067100555	-0.094110236	0.04236537	-0.111657284	-0.17383885	-0.033308785	-0.15016094	-0.003717973	-0.003292717	-0.01238462	0.1187663	-0.24345905	-0.008962105	-0.3247837	-0.016283404	-0.0071406853	-0.05858007	0.05929952	-0.074012674	0.024612369	0.10540011	0.16202818	0.004584315	0.08074512	0.030541608	0.045924418	-0.15466326	-0.08126345	-0.027470624	-0.0004700327	0.13467555	-0.00395094	-0.061076995	0.10270148	0.219663	0.07411177	-0.043546572	0.06163416	0.20889446	0.09238299
0.39034483	-0.03638367	-0.011289069	0.2632406	0.14362867	0.14030229	-0.07924956	0.34725517	0.0574409	0.107215814	0.15191351	0.055069204	0.17979945	-0.121365905	-0.22584085	0.48343712	0.30351985	-0.11163322	-0.39134753	0.4572782	-0.06225983	-0.28473178	-0.47929817	0.04049646	-0.58205944	0.4289027	-0.45650974	-0.30473924	0.34147558	-0.043835368	-0.21549411	-0.378155	-0.009529511	-0.018720178	0.24583453	0.30394837	-0.22483501	0.13216247	0.26575163	-0.14809266	-0.51313716	0.22171368	-0.4412731	-0.2763353	0.11798001	-0.35882837	-0.1871389	-0.15430196	-0.4299261	-0.057176955	-0.236645	0.118062384	-0.19071972	-0.11083936	0.094963394	-0.28384456	-0.10934053	0.25335157	0.06914294	-0.078805506	-0.45861793	0.21092081	-0.06455409	0.5425273	-0.124819145	-0.09902916	-0.1220826	-0.050499827	-0.15724628	-0.0023655829	-0.27510157	0.1489716	-0.32310262	-0.024294607	0.20829016	-0.3063541	-0.05762297	-0.050094772	0.0124346	0.26337165	0.082442805	-0.39425275	0.23668402	0.1886331	-0.012776306	-0.55326694	0.084110424	0.12822185	0.30983248	-0.0780457	-0.2014629	-0.16928706	-0.4869134	-0.34903333	0.03631171	-0.64929825	0.14458881	0.7402134	0.06705517	-0.13678122	-0.022022642	-0.23618512	-0.6307892	-0.024914823	-0.07348546	-0.07486827	-0.026779685	-0.2491912	0.16092154	-0.015106727	-0.02875641	0.44764307	-0.070655175	-0.046444673	-0.2070807	-0.25148025	-0.21841687	-0.09214553	0.45900568	-0.014173599	-0.1516578	-0.63259125	0.03282679	-0.0136975	-0.1061303	-0.09119384	0.07582814	-0.39168012
0.35784948	0.09597907	-0.13089482	0.06823695	-0.10758644	-0.41339782	-0.150024	0.45969293	0.5147805	0.63368213	-0.053592235	0.54637855	-0.2320002	0.07315901	0.43286806	-0.23396653	-0.08810868	-0.7108943	-0.3136228	0.5464954	0.06677608	0.058765095	-0.77861917	0.54651606	-0.6363169	0.23471802	-0.34640792	-0.11142206	0.11472055	0.04800127	-0.35725164	-0.22732013	0.1710265	0.051499724	0.20700938	0.093618505	-0.41730332	-1.3298942	0.1378034	0.3188418	-0.63239163	-0.0023252785	-0.48737925	-0.31595743	0.1377154	-0.6444238	-0.0787848	0.62018603	-0.18331183	0.11083391	0.20731759	-0.30529073	0.28007567	-0.14284281	0.11084954	-0.27535278	0.46523157	0.48701036	0.37191886	0.37169147	-0.47444394	0.39593965	0.20711018	0.30384552	0.5879757	-0.1800347	-0.40357852	-0.011427221	0.10501731	0.17157425	0.34829223	-0.22894256	-0.035483282	0.21659164	0.18392046	0.20346172	0.40301207	-0.14942631	0.12863788	0.20992622	-0.31915015	-0.43301496	0.52568436	0.018799894	-0.02447176	-0.4113084	-0.06233251	0.4532527	0.016736304	0.0873702	0.17476554	0.12699068	-0.13508566	-0.86309046	0.11574857	-0.4849217	0.21803541	-0.08626673	0.4320094	-0.35251924	0.28503105	-0.2842134	-0.49166286	-0.07490693	-0.35753173	-0.23413579	-0.38804847	0.39737928	1.0012988	0.5606718	0.56827605	0.4367104	0.06984644	0.69022065	-0.8141232	0.2778456	-0.3288974	-0.21749239	0.74952185	0.19808929	0.3869385	-0.0631984	-0.26868075	-0.16614875	-0.46114853	0.041943964	0.30525288	0.26208523
0.25588453	-0.023347393	0.7245219	-1.0858727	0.19623277	0.093608364	0.08332886	0.11991833	0.58176714	-0.34828925	0.47240102	-0.038261436	-0.5341616	-0.59908247	-0.042181876	0.06270255	0.34436005	-0.62896097	0.012935988	-0.08712447	-0.1184166	0.19574495	-0.6698566	-0.42638335	-0.6047325	0.1455786	0.45779666	-0.46314308	-0.4809902	-0.20137091	0.46298963	-0.3623948	-0.4736033	-0.03431892	-0.34188148	0.09035738	0.5926507	0.72361845	0.93786526	0.28320414	0.13649897	0.27182147	-0.4932234	-0.30171388	-0.1250413	-0.4669914	0.29310992	0.45847687	-0.88715255	-0.52480483	0.23751968	0.44340727	0.5434956	0.33558044	-0.3753241	-0.15025514	-0.295347	0.4277698	0.038788535	0.30709374	0.1685736	0.20031177	-1.157049	0.2804656	0.4022298	-0.4248611	-0.03280177	-0.0864569	-0.30248925	0.40420064	-0.56175524	0.31226623	-0.23868221	-0.208884	0.4461201	-0.047736686	0.63700444	-0.19137885	-0.15511101	-0.60702115	-0.7588933	-0.68156433	0.7491939	0.26652634	-0.99823	-0.06635227	-0.5349507	-0.1576058	0.3980116	-0.8068161	0.26527983	-0.5221595	-0.29981112	-0.675663	0.13844988	0.10069319	-0.370755	0.44545278	0.0136636505	-1.0086591	-0.42540714	-0.20815349	-0.9728516	-0.037972324	0.10028501	0.223868	-0.18718246	-0.78179985	-0.0024085175	0.02368353	0.35631734	0.018054476	-0.054420732	-0.452911	-0.9622989	0.41073596	-0.5605872	-0.6984965	1.2711782	-0.6326076	-0.22642972	-0.30792803	1.0153501	-0.16054879	-0.5069878	0.4275869	0.43687946	-0.14676173
0.4029244	0.09548696	-0.20235398	0.19559813	0.38353372	0.085099615	0.29114017	0.5997979	0.23756327	-0.19898604	0.48433602	-0.25639272	-0.09375896	-0.22788472	-0.26873866	0.71835023	-0.41634685	0.0046113045	-0.020711076	0.6074025	-0.027113177	0.009612284	-0.21945523	-0.5132988	-0.9080417	0.70791364	-0.36517096	-0.14662065	0.19249648	0.30813468	-0.11834154	-0.1676412	-0.53343827	0.2332265	-0.08176937	0.109240614	-0.25830057	-0.58607394	0.3177972	-0.7822657	-0.30938652	-0.2247931	0.19093183	-0.24098611	0.41753402	-0.61287457	-0.2661843	0.2298101	-0.31383872	0.23386277	-0.38786313	0.5079369	0.046221074	0.21071564	-0.37707675	0.1368864	-0.23172571	0.4720305	0.41523087	-0.20626551	-0.31716168	-0.10503977	-0.1334827	-0.2080475	-0.51810074	-0.22023585	-0.19036399	0.2131163	-0.32392853	-0.14448626	-0.03656314	0.2162128	0.43521798	0.024808977	0.43777683	0.02647683	-0.21535173	-0.7192532	-0.16097593	0.27158958	-0.35688204	-0.25036052	-0.27214336	0.19574754	-0.11173998	-0.55821097	0.107885316	0.23367898	0.24729598	-0.027287344	-0.105855994	-0.17854303	-0.49248254	-0.27416125	-0.15623769	-0.26353174	-0.20496872	0.28188694	0.20625104	0.28696287	-0.039673917	-0.5987194	-0.37222925	0.09417431	0.8100908	0.51985854	-0.32081583	-0.2885532	0.18153805	0.43747196	0.004804386	0.5190607	-0.107419044	-0.23970386	-0.29246023	-0.015095815	0.08986426	0.45291662	0.32170284	0.053678706	-0.12466119	-0.002294985	0.41405317	0.33211306	-0.6529425	-0.74593216	0.28987435	0.013832744
0.1343113	-0.2191393	-0.078478165	0.030582929	1.0411518	-0.037017297	-0.21003488	0.7294029	0.08466469	-0.18575397	-0.01944328	0.08751389	0.11719669	-0.35334802	-0.48722613	0.18584152	-0.03618416	-0.100692295	-0.047273315	0.02300482	0.41647255	-0.26001295	-0.58939934	-0.36647984	-0.46498385	0.4518442	-0.13109452	-0.039954316	0.06138387	0.30468792	-0.055910595	-0.16037092	-0.27153596	0.34335583	-0.053573992	-0.33596712	-0.10103185	0.074832976	0.3083011	-0.60638165	-0.5769981	-0.20026197	-0.25491253	-0.51613575	0.29214826	-0.3828212	0.47012648	0.8829748	-0.45792216	-0.18837194	0.08878199	-0.24540955	0.54624534	0.32418266	-0.19102909	-0.48829925	-0.17186688	0.08398208	-0.008535112	0.2598795	-0.36551255	0.48193997	-0.38858894	0.10616802	-0.31723648	-0.013114081	-0.290451	0.8460831	-0.37293065	0.49904543	-0.6071828	0.06824551	0.38773754	-0.008710659	0.0060252612	-0.030645465	0.12343408	-0.02440268	-0.10989407	0.06407881	-0.37262917	-0.27990833	-0.23371327	0.26571795	0.13707004	-0.3358683	0.3456099	-0.09297447	0.1540111	-0.38830364	-0.069787934	0.39212328	-0.43851793	0.37904134	-0.23103884	-0.31583577	-0.41629386	0.1540951	0.54219	-0.33848122	0.08823273	-0.767919	-0.21738106	-0.090293765	0.19170213	0.29625338	-0.13486639	-0.49072325	-0.0108037405	0.3937615	-0.41533864	0.29346848	-0.061950475	-0.32966712	0.14083265	0.13644964	0.3352186	-0.20178251	0.081577756	-0.28367257	-0.2765007	-0.0812891	0.5188366	0.030892933	-0.4154634	0.11761746	0.41294637	-0.08547957
0.059645906	0.22337106	-0.11118339	-0.03896714	0.27468154	0.045342773	0.056342885	0.17229493	0.17497078	0.11412109	0.08095267	0.1540327	0.08319299	-0.07154519	-0.063358866	0.20733565	0.041317012	-0.11231196	0.043318026	0.32485583	0.023352053	-0.04387797	-0.103213415	0.06819552	-0.17827846	0.013878321	-0.12931192	-0.066240504	0.058140174	0.0421089	-0.16657941	-0.18673293	0.05006215	0.03760548	0.13300353	0.11015214	-0.11891551	-0.12501751	0.11617293	-0.14358865	-0.37779167	0.19687276	-0.050667234	0.11962575	0.27425933	-0.088117234	0.15160045	0.1255031	-0.25269005	0.06053824	0.028173558	0.016218917	0.12176484	-0.061771855	0.020198163	0.12996444	0.06622111	0.23715469	0.12187099	0.10567252	0.073528156	0.05720589	-0.20149635	0.15946844	0.052757308	-0.046838947	-0.16957523	0.08869256	0.123836085	-0.09898512	0.11463297	0.047253866	0.16086264	-0.039632898	0.057615917	0.16594458	0.030324683	-0.008236413	-0.110674396	0.08580823	-0.24815392	-0.2744145	0.14207779	-0.0661625	-0.05540382	-0.07313541	0.03179717	0.15578583	0.049319074	-0.046412032	0.067585364	-0.1423437	-0.0980611	-0.116702735	0.086140744	-0.09869833	-0.113704674	-0.06818572	-0.013871372	-0.21940358	0.0062872577	-0.23515934	0.086080976	-0.005986793	-0.12342695	0.15242992	-0.10870396	-0.12464454	0.24854305	0.097655214	-0.001817021	0.15809655	0.2103442	-0.033752758	-0.014425166	-0.07949198	-0.008303731	-0.023930756	0.16928609	0.03359727	-0.06224323	0.059046764	0.18338916	0.1474454	-0.20061417	-0.22525682	0.12228086	0.004973873
0.010069855	0.1870258	-0.18236887	-0.17578483	0.31968156	0.1412268	0.0012126985	0.08452774	0.06839606	0.11047493	-0.053680148	0.14141831	0.037593074	-0.04983	0.0006517287	0.24980627	0.17398009	-0.15946174	-0.034826096	0.38888878	0.07773009	-0.21566142	-0.17876561	-0.0687869	-0.3466612	-0.041435298	-0.2023443	-0.039495025	0.0869351	-0.09178903	-0.149783	-0.19117676	0.034081362	0.15603699	0.072230294	0.06875759	-0.12092506	-0.11302194	0.17802648	-0.07801711	-0.3073234	0.05562374	0.0891539	0.21037786	0.087398246	-0.061410695	0.022103358	0.20265439	-0.24283001	0.14566286	0.032911412	0.11352842	0.14123532	-0.08292641	-0.19149971	-0.041655656	0.054753464	0.15812147	0.10323007	0.036860175	0.038447924	0.12219007	-0.15055376	0.13081212	-0.027330155	-0.15989003	-0.09827841	0.031712454	0.14067169	-0.21779157	-0.05487962	0.023032052	0.18848324	0.07193538	0.03523613	0.28254333	0.090537295	0.0038350662	0.04951308	0.14845209	-0.30060327	-0.18805559	0.10588183	-0.09025589	-0.0048939013	-0.15744127	0.057211693	0.19582747	0.051038947	-0.10676739	0.074053824	-0.05668252	-0.176148	-0.21753865	0.10733976	-0.002121025	-0.037108973	-0.078240365	0.10064318	-0.29493454	-0.10909441	-0.29774386	0.19634855	0.018530855	-0.13380714	0.17762704	-0.059641913	-0.10984143	0.23689553	0.12292047	0.073945954	0.17380597	0.24815613	-0.028935231	-0.08136601	-0.10233018	0.08600719	-0.022745522	0.2595635	0.03956187	-0.089157104	0.042947408	0.3629392	0.083628416	-0.21244128	-0.2183102	0.07259477	0.051924486
0.050124068	0.24828747	-0.20670198	0.099045455	0.0038817294	0.019373612	-0.033824153	0.25891688	0.0887339	-0.23791829	-0.37501392	0.027109778	0.030732533	0.024414556	0.037433926	0.294588	-0.113897845	-0.14228003	-0.036879245	0.001977362	0.111147165	-0.18426757	-0.047257222	-0.057318076	-0.20601314	-0.041595336	-0.21113625	-0.42733967	-0.105981864	0.106230825	-0.09173037	-0.28245136	0.16733693	-0.1041238	0.10399965	0.28380474	-0.42209646	-0.35535556	-0.11657029	-0.2112118	-0.2770769	-0.1293212	-0.03810463	-0.16791607	0.18521328	-0.07576829	0.066138454	-0.025830515	0.19125743	-0.043880332	0.0044147763	-0.5861874	0.0101053715	0.0018682431	0.13289353	0.016075805	0.20759878	0.43741632	0.26500228	0.48298737	-0.38067964	0.2350777	-0.45176974	-0.031549845	0.3358923	-0.09821983	-0.21309651	-0.23591916	0.13185635	-0.096425526	0.16118145	0.09993341	0.23174658	-0.2616343	0.18477933	0.18823029	0.098019116	-0.30628967	-0.205136	0.05754947	0.024411343	-0.2399264	-0.056585744	0.15083395	-0.0470155	-0.07342568	0.2317249	0.24776992	0.193618	0.05070289	-0.030552732	0.07730064	-0.03376032	0.11425744	-0.2489341	-0.0033595243	0.075058185	-0.029921174	0.077469215	-0.11030048	-0.29991162	-0.2615661	-0.07902094	0.1557719	-0.19324808	-0.035560347	-0.16534069	0.17871831	0.38756266	0.073936105	0.0026356997	0.3122806	-0.14570227	0.040174253	-0.30209517	-0.02150587	-0.1643335	0.07358701	0.059779033	0.05468806	-0.12143051	-0.25649586	0.3938322	0.27749282	-0.16790128	-0.052574553	0.13994668	-0.12773296
-0.49915	0.13840267	-0.22714718	-0.17615964	0.51990825	-0.26904646	-0.02392839	0.52085364	0.6600544	0.2558685	0.20323656	0.21112871	0.13255732	-0.12668237	-0.21313171	0.2692774	0.32327527	-0.09095221	-0.36898836	0.24611926	0.106606945	-0.65117955	-0.36737844	0.004945333	-0.8224115	0.2464126	-0.23509398	-0.4072612	-0.46564448	0.23971531	-0.08073014	-0.19988361	-0.31850737	0.34563577	0.4993616	0.0034093077	-0.96347195	-0.4241651	-0.34254625	-0.6616169	-0.34409797	0.21253803	-0.09393084	-0.023391875	0.11946073	-0.36369684	0.38727534	0.0723404	0.24894941	0.10228068	-0.05223198	-0.30788788	0.53281075	0.07153769	0.13286805	-0.45074436	0.021949748	0.37954897	0.0010654168	0.48691386	-0.6694685	0.7747452	-0.36571035	0.45210883	-0.0835839	-0.37318406	0.10891583	0.101540945	-0.43675357	0.2306494	-0.17752478	0.4012635	0.08262239	-0.09749216	0.6821505	-0.21964033	-0.0698163	-0.03101161	0.09498835	0.31771997	0.03739866	0.030039076	0.16401477	-0.18830718	-0.25380024	-0.0074069877	0.2796016	0.02825911	-0.07966072	-0.36831114	0.17697719	-0.069656804	-0.20831786	-0.024097856	-0.17606105	-0.23187512	0.26746354	-0.046723545	0.5848118	-0.613047	-0.6867973	-0.5181546	-0.2851432	-0.26203337	-0.23772228	0.037044108	0.014808357	-0.0650193	-0.15062918	0.12591702	-0.050543793	0.060433656	0.0144649865	0.12012717	-0.08106913	0.2736002	0.11552319	0.13474268	0.05493688	0.17574942	0.314016	-0.48047164	0.011121399	-0.4049062	-0.05959207	-0.40814462	0.105405144	-0.15815292
-0.18362114	0.2529239	-0.059421226	-0.0330858	0.21235532	0.3254398	0.07853533	0.39318633	0.12108905	-0.049126867	0.09577831	0.2972446	0.04623027	0.27053446	-0.18072954	0.1544681	0.4134424	-0.24369785	0.05334923	0.08564608	-0.0958121	-0.24096836	-0.21723303	-0.35121083	-0.5639692	-0.05314318	-0.3429295	0.06458292	0.14851336	-0.14268586	-0.1489784	-0.2071987	0.074189946	0.323562	-0.38492608	0.13659652	-0.15732801	-0.21418747	0.13224548	0.012701288	-0.44462627	0.06815759	-0.08026807	0.13746212	-0.07567142	-0.13837169	0.06680441	0.39218116	0.002837309	-0.22969036	0.013984148	0.06822402	0.109345615	-0.21677828	0.061863944	0.30845514	-0.07043823	0.48408052	0.12194852	0.13929294	-0.10694787	0.09688108	-0.34619197	0.2790669	-0.08236769	-0.015472482	0.13082694	0.08769034	0.34355196	-0.120671384	0.10161249	0.24770477	0.22242495	0.003320564	0.09802789	0.09833796	0.4152423	-0.20025995	-0.32888854	0.11740037	0.056043662	0.034596235	-0.04827877	0.11379199	-0.023114841	0.32014877	0.17102076	0.40582517	0.13458072	-0.074254714	-0.13889535	-0.21286935	-0.3709969	0.19511932	-0.08923438	0.3421595	0.0367786	0.11528555	0.1809223	-0.5390142	-0.20062749	-0.44864756	-0.31513882	-0.17194924	-0.11417153	-0.070556015	-0.074413836	-0.045039963	0.3508261	0.06473188	0.24416119	0.45311356	0.32488716	0.3070234	-0.03191422	0.058740873	-0.046535507	0.08342825	0.13567701	0.08840245	-0.25216553	-0.34733537	0.21358515	-0.13283072	0.22338611	0.2576958	0.074662	-0.21472247
-0.19595961	-0.116985366	0.28475386	-0.16472487	0.2130168	0.22941996	-0.5207183	0.012331748	-0.033880003	0.062202852	-0.33572534	0.38921317	-0.035949066	-0.34656718	-0.14161251	0.41808188	0.24093255	0.48533556	0.22476	0.33153737	-0.4277493	-0.45760033	-0.06827989	-0.42410707	-0.16995165	0.12897274	-0.75720227	-0.39332297	0.357027	-0.11295914	-0.10862964	0.11854071	-0.5563835	0.15604354	0.54745096	-0.31139293	-0.5498229	-0.098251596	-0.053077314	0.008229203	-0.71312	0.21372843	-0.30285442	-0.17611419	0.8564704	-0.40610132	-0.17752957	0.34309793	0.36931792	-0.9678941	-0.26475272	-0.6767192	0.3547282	-0.52773994	0.2137595	0.19267507	0.5266655	0.7079053	0.33893663	0.43994224	-0.67145455	0.02494791	-1.1444857	0.45562798	0.4074613	-0.34204632	-0.18167476	0.06488705	-0.070025474	0.35972118	0.24158105	0.32829008	0.1406156	-0.19597517	-0.018132286	-0.15190007	0.014698439	-0.027611976	-0.51874506	0.23302832	-0.121898755	-0.11442222	-0.057186984	0.6996698	0.3780425	-0.6218267	0.27377614	0.18476579	0.6602191	-0.60352874	0.41480833	0.06576303	-0.20537834	0.14306113	-0.10858424	-0.0982025	-0.35870478	0.7543392	0.24554838	-0.37182352	-0.097562	-0.92259896	-0.38523725	-0.02917823	-0.4423482	-0.27059618	-0.1472397	-0.23831268	0.48259893	0.30076262	-0.14574975	0.47972244	-0.10358855	-0.22781914	-0.4847154	0.051604636	-0.11448373	0.05742798	0.5169862	0.1613494	-0.57382303	-0.3767325	0.81496525	-0.024910785	-0.30588353	0.27631554	0.017474357	-0.27603394
0.53906274	0.28834167	0.34159294	-0.23374261	1.1334257	0.11551946	-0.08594115	0.16799179	0.30813238	0.15293325	-0.046869747	0.75037086	0.7151305	0.18196483	-0.03073413	-0.009022368	0.9474392	-0.018015243	-0.8954119	-0.065783314	-0.05458788	-0.23093413	-0.13125646	0.40995592	-0.7831884	-0.1066294	-0.27310723	-0.4029777	-0.44906175	0.3352594	0.2758602	-0.535666	-0.1787251	0.6289912	0.33722085	0.20036678	-0.38609007	-0.42480123	-0.47254235	0.30320555	-0.36261392	0.2267857	-0.48941943	0.042706903	-0.10256329	0.0492306	-0.19469388	0.07560334	0.025224566	0.23757513	0.33629152	0.84832066	0.07907305	0.50514334	0.394172	0.33131197	0.3653971	0.17678522	-0.4467321	-0.08160721	-0.5835538	0.3930481	-0.3212878	0.09962743	0.16862458	-0.18479706	-0.5857252	-0.53760445	-0.019097246	-0.11127347	-0.18700424	1.0241722	0.11653016	0.43252075	-0.2624565	-0.16586812	-0.6800653	0.044542734	-0.065743886	0.47428223	0.5041382	0.17469724	0.87209123	-0.062368494	-0.48781374	0.19499591	0.3165279	-0.1566505	-0.079693116	0.049499106	-0.66137886	-0.23109943	-0.24095267	-0.20913464	-0.19231993	-0.22559725	-0.14967208	-0.41964832	0.043117248	-0.60836476	-0.24530432	-0.8964084	-0.0807538	0.23020604	0.5909421	-0.17743257	-0.30816463	-0.7032649	0.77345455	1.0193064	-0.035910986	-0.06340265	0.25485393	0.41627812	-1.2216614	0.30911383	0.0019632045	-0.72572255	0.05547469	-0.2576339	0.08637149	-0.03012389	0.3089579	-0.3671221	-0.057473786	-0.12117427	0.29489022	-0.7923829
-0.01623281	0.19465877	0.123894386	-0.039737456	0.25859103	0.16167577	0.3836503	0.31871137	0.40998974	-0.15584633	0.11735115	0.30111533	0.027048886	-0.122493334	0.008946884	0.22189315	0.35503906	-0.2057987	-0.04757531	0.073662005	0.21879637	-0.2569971	-0.46425903	-0.24344416	-0.06406039	0.05953871	-0.2535718	0.1233744	0.13325596	0.17052737	0.059008665	-0.32201213	-0.07995244	0.07246093	0.39524755	0.08787025	0.23988369	-0.11599524	0.05622838	-0.0018028822	-0.38865554	0.1943462	-0.68370694	-0.013467771	0.11365849	-0.1097576	-0.02776795	-0.08439891	0.0058840727	0.19511543	-0.018898983	0.2302838	0.03833402	-0.15025139	-0.031425305	0.017379506	-0.1676685	0.2554842	0.017471261	-0.017647333	-0.24110799	0.43506205	-0.6168137	0.090613365	0.11732286	0.32760286	0.16081825	0.15638563	-0.08079618	-0.17066357	0.087659836	-0.18819283	0.06591314	-0.09428453	-0.13769245	-0.1220689	0.15451045	-0.06858565	0.09715919	0.23977418	-0.04893295	-0.26322547	0.065692075	0.2996374	0.15367763	-0.38158172	0.07874264	-0.18547124	0.11946238	-0.14242473	0.16433245	0.12156645	-0.053745046	0.10238197	-0.023548178	0.059391063	0.005818663	-0.12554751	0.26416788	-0.27587673	-0.21285467	-0.29860923	0.017975153	-0.10108306	-0.40377614	-0.22008222	-0.18026295	0.28899628	0.58459604	0.0040205414	0.2877075	-0.044350524	-0.08347808	0.08260129	-0.3938228	-0.3059356	-0.4853671	-0.042650778	-0.22510009	-0.1144772	-0.026559604	-0.15729779	0.34103948	0.055879768	-0.3958509	0.064895414	0.21616904	-0.19549993
0.013008135	0.20746422	0.4509499	-0.4508311	0.46815613	-0.22046292	0.29300684	-0.23234971	0.2640747	-0.40049675	0.39266628	0.03314784	-0.1721935	-0.21715826	-0.19027707	0.46014565	0.13485967	-0.69342047	-0.20319048	-0.087347515	0.18907434	-0.18525827	-0.30303782	-0.77348244	0.056979317	-0.057784304	-0.09224588	-0.57391346	-0.28541222	-0.76449054	-0.07668699	-0.030952187	-0.44915062	0.17162625	-0.12756063	0.20649682	0.15339266	0.7633151	0.5984466	-0.07935878	0.5248777	0.19361618	0.114828326	-0.42236945	0.16147438	-0.49799603	0.8381371	0.6875512	-0.6390218	0.11279552	0.32588172	0.64580697	0.46300247	0.06803767	-0.09800966	-0.26900437	-0.3352163	0.1877536	-0.12257395	0.38665548	0.20126477	0.5070427	-0.954823	-0.12306084	0.32316726	-0.4712005	-0.36969134	-0.24628527	-0.41775388	-0.2907392	-0.16556206	0.20146234	0.053000215	-0.10921609	0.16205244	0.10780616	0.5740919	-0.12265867	0.08467933	-0.04318024	-0.50470144	-0.6876038	0.73750967	0.49209893	-1.0812774	-0.04477553	0.0289653	0.06721162	0.300963	-0.061588123	0.17191023	-0.4339412	-0.40699688	-0.7041126	0.349514	0.57959694	0.5470131	0.31501552	0.10805309	-0.7652434	-0.46446514	-0.2737197	-0.41283306	0.59299463	-0.24463132	0.38386843	0.17905481	-0.6973608	-0.159932	0.24326605	0.3949801	0.16431232	0.2232809	-0.6926797	-0.71680796	0.21364832	-0.28455788	-0.17146197	0.22474858	0.015979506	-1.006935	-0.35086092	0.6631255	-0.19126701	-0.17419545	0.3748382	0.6015505	-0.04731965
0.45867077	0.27145642	-0.48213315	-0.29497504	-0.31044936	0.14132133	-0.036549293	0.3208626	0.5938201	-0.37066022	-0.18311813	0.3858267	-0.09652738	-0.21071427	-0.22757742	0.7596188	-0.23312886	-1.1600835	-0.31687823	0.04864075	-0.38789657	-0.14223361	-0.26625505	-0.37852997	-0.5384372	0.12113191	-0.027211433	-0.28549463	-0.05562262	0.14497487	-0.1518179	-0.31912705	0.10769197	0.28084895	-0.17777961	-0.048528783	-0.3690089	-0.7535587	-0.042220958	-0.23704915	-0.49683014	-0.0018814262	-0.080642395	-0.265997	0.09443185	-0.12155403	0.25284266	0.05026402	-0.14610745	0.061987475	-0.53636295	-0.039575048	-0.023699189	-0.06765665	0.025122248	-0.34900331	0.386294	0.5479136	0.16155867	0.046569966	-0.37007594	0.07724029	-0.5874872	-0.36705777	-0.16014636	0.27933246	0.012733515	-0.4768881	-0.16241713	-0.7658064	-0.2559015	-0.37981835	0.48865888	-0.17075334	0.5418163	-0.18770662	0.23761666	-0.7147056	-0.15255915	-0.42420128	-0.48358074	-0.82811946	0.3859835	-0.004727184	-0.102231115	-0.14392358	0.370089	0.14656903	0.07671619	-0.05256093	0.21799299	-0.1611015	-0.3315653	-0.29577386	-0.4334659	0.16095297	0.17651732	-0.28879046	-0.09305631	0.52381915	0.15117939	-0.5880489	-0.20786875	0.20885137	0.22743662	0.027806005	-0.4235644	0.77723825	0.20869893	0.43460125	0.5092836	0.27606803	-0.25122726	-0.09795298	0.12845661	0.24156034	-0.4708985	0.15039417	0.1284548	0.28310508	-0.29305172	-0.2226357	0.1281986	-0.03676575	-0.58233863	0.15632987	0.50774753	0.088454336
-0.008357266	0.14490189	0.11478601	-0.09389034	0.2914076	0.17685361	0.35642415	0.3420383	0.36109835	-0.14938727	0.09729901	0.3242958	0.010057881	-0.19114515	0.018517924	0.20750785	0.39164847	-0.20866422	-0.048657812	0.03850157	0.18072991	-0.26578957	-0.47565666	-0.28934777	-0.09413201	0.11985533	-0.2718701	0.16176453	0.15833297	0.12149908	0.05539792	-0.3199434	-0.109807335	0.06286826	0.38869625	0.022052122	0.20826477	-0.11222781	0.043554045	0.0039909845	-0.3928862	0.20924287	-0.7094588	0.00056627806	0.13288814	-0.11263339	-0.005360068	-0.043144975	0.0029103763	0.18716457	-0.03470254	0.22025274	0.100234	-0.18642455	-0.057938997	0.045346547	-0.17996642	0.25325647	0.01355455	-0.028577775	-0.27779517	0.43672064	-0.634731	0.071350865	0.07649043	0.36415467	0.15508133	0.1689618	-0.113246895	-0.20251332	0.1028077	-0.19026382	0.074692406	-0.102044396	-0.17152253	-0.16924998	0.16899033	-0.07317202	0.13932155	0.21852526	-0.030548142	-0.22553234	0.045530256	0.32436964	0.16121584	-0.33884758	0.054890793	-0.19009092	0.08407011	-0.12962928	0.14749604	0.101548195	0.01816714	0.09527318	-0.04669795	0.09131602	0.01144097	-0.15350163	0.27355266	-0.26216558	-0.18004124	-0.32112712	0.025288867	-0.09912221	-0.36321038	-0.20660575	-0.1846379	0.24223894	0.5565116	0.022667522	0.2882289	-0.07077199	-0.09959462	0.03400281	-0.4396476	-0.30058077	-0.45930997	-0.036318816	-0.22261998	-0.10629175	-0.026051246	-0.15114596	0.3963898	0.033963624	-0.41809976	0.15856205	0.23172925	-0.23840578
0.17381592	0.5428767	0.06706292	-0.019259127	0.6729456	0.26136488	0.059822198	0.3008716	0.590956	0.4192057	-0.37511495	0.39230648	-0.06806901	0.23051769	0.14986794	0.12977792	0.35428274	-0.24911998	-0.17596306	0.27906895	0.16006345	-0.25645944	-0.24295478	0.23134261	-0.77984476	-0.11277605	-0.45851856	0.1359661	-0.22833356	0.18672188	-0.38587138	-0.2581776	-0.12575725	0.21378821	-0.099948145	-0.2502909	-0.036339987	-0.34453037	0.1405862	0.13667177	-0.40452197	-0.17654718	-0.5187845	0.056215074	-0.16391654	0.18617709	0.21224011	0.22464873	-0.3250443	0.06424658	-0.22640942	0.17328428	-0.1906539	-0.12186098	0.025968038	-0.03830069	0.35871083	0.35768753	-0.14131056	-0.23297644	0.0073921494	0.14470357	-0.1665373	0.026747525	0.05871755	0.020614829	-0.145424	-0.40199903	0.31611747	-0.40395746	-0.20880333	0.3560594	0.50291747	0.12237615	0.09297767	0.53087354	0.018092046	0.3466708	0.29642063	0.15058462	0.13468969	-0.33853745	0.1920714	-0.1561048	-0.33379272	-0.23288807	-0.120493926	0.56057805	-0.043963883	-0.12104181	0.037679397	-0.14286676	-0.2523779	-0.29388282	0.21691346	0.28494257	0.008966188	0.11244092	0.30264473	-0.21173026	0.034322456	-0.5055145	0.28665623	0.23028882	-0.06567073	0.033132177	-0.10079864	-0.11261803	0.36196628	0.37629855	0.2107022	0.208788	0.18976843	0.2548679	-0.23728435	-0.24206975	0.09084251	0.08907643	0.49486777	0.041169934	-0.42638737	0.27799264	0.62502	-0.14382777	0.12394211	-0.07346844	0.39441317	0.196149
0.235596	0.077813335	0.048937973	-0.18818669	0.64835423	-0.15037727	-0.24220596	0.5108622	-0.07444449	0.25065422	0.16108127	-0.09666644	0.17294008	0.0132124135	-0.1297315	0.8087217	0.23947798	0.22286111	-0.24478592	0.4860108	-0.072845615	-0.3014706	-0.048982818	-0.67823297	-0.36242932	0.32099688	-0.5010528	-0.08321319	-0.1324236	0.0464139	-0.3144041	-0.01105885	-0.37801036	0.08681268	0.18730076	-0.077862784	-0.37580216	0.113206536	0.35196015	-0.4275508	-0.7325858	0.10580461	-0.07061806	0.23700558	0.25778833	-0.5100957	-0.042814843	0.11133478	0.09659112	-0.6408818	0.20399088	-0.15711914	-0.075088516	-0.46187738	-0.005122287	0.1209472	0.32161048	0.6243975	-0.3851284	0.22912814	-0.37377387	-0.045706533	-0.42313138	0.43389758	0.26129732	-0.09117342	-0.13623784	0.2572704	-0.31976312	0.41539335	-0.24333172	0.18465993	-0.06622684	-0.27807966	0.05926649	-0.33035636	0.10316548	0.9105265	-0.6142466	0.42192435	-0.635737	-0.22050093	0.2256578	0.33713233	0.30966604	-0.2504828	0.02511829	-0.15985139	0.6854379	-0.40406355	0.29642445	-0.29759458	-0.6313356	0.37149134	-0.035327386	0.010044455	-0.07410665	0.4329975	0.5315037	-0.48650023	-0.07220357	-0.4962079	-0.48784372	0.20194356	-0.3652943	0.23611008	-0.29915696	-0.070941076	0.42894924	0.37194064	-0.35058418	0.6788927	-0.110743195	-0.16679125	-0.17749934	0.017593002	0.1971293	0.005216555	0.432448	-0.0652083	-0.5144657	-0.14238739	0.91407794	0.37163928	0.027778804	-0.050038513	0.23303169	-0.25149405
0.1278638	0.24502195	-0.10106828	0.050151467	0.06706087	0.21160749	0.4618977	0.31395945	0.08333615	-0.26669148	-0.103461586	-0.03717986	-0.25995252	0.18713069	-0.06242903	0.061068617	-0.06842281	-0.6084086	-0.38412	-0.29459807	0.13576992	-0.21585162	-0.088123746	-0.087392	-0.3127425	0.116736814	-0.019431878	-0.37191564	-0.0046650814	0.010720497	-0.17958596	0.02391195	0.2925072	0.27255762	0.026825191	0.19444352	-0.24184433	-0.2699201	-0.08300277	-0.017374624	0.06160038	-0.19424413	-0.0018191594	-0.025182243	-0.032043546	-0.32306275	0.029122325	0.032532915	-0.0077817854	0.2688739	-0.05592048	0.22253016	-0.059512153	-0.11224217	0.09601102	-0.0535698	0.0133277625	0.36196145	-0.094917506	0.37343502	-0.23027143	0.055492893	-0.3874023	-0.02122908	0.3202746	-0.049788296	-0.040167544	-0.0019450441	-0.16186541	-0.17518073	-0.03790941	-0.15448616	0.09726078	-0.11114013	0.034035943	0.35400444	-0.084096655	-0.27638072	-0.21073627	-0.16294277	-0.48504013	-0.15373273	0.50346315	0.009897095	-0.51408976	-0.23978312	0.11602504	0.19285758	0.354054	-0.016644828	-0.08732468	0.040225685	-0.025533084	0.2169199	-0.12628396	0.119793616	0.12785469	-0.28723767	0.19083208	-0.16324493	-0.18087116	-0.31823513	0.2636872	0.1269462	-0.026011052	0.050804228	-0.23614335	0.26002795	0.031524472	0.25458837	0.28121418	0.33540127	0.36887708	0.22819307	-0.4227081	0.06654776	-0.009976624	0.04178062	0.028513331	0.03425765	0.06531823	-0.33257195	0.25841865	0.32222614	-0.12569086	-0.16901377	0.36472988	0.032347754
0.3217103	0.17954221	-0.18399681	0.1532862	0.4759362	-0.057628535	0.026418757	0.53302705	0.45484656	0.16620767	0.411481	-0.2997179	0.26898962	-0.27483296	-0.34826726	0.6288496	-0.26805717	-0.045914747	0.2039794	0.6855557	0.05531056	0.03856862	-0.20464776	-0.31336573	-0.78972787	0.6964086	-0.5379716	-0.050408103	0.29316336	0.26546308	-0.3337067	-0.15168864	-0.4858959	0.023583626	-0.047097962	0.053583544	-0.15420756	-0.3977211	0.356143	-0.44987652	-0.3434106	-0.08669035	-0.004158282	-0.22261356	0.52368	-0.4529816	-0.20831181	0.024287498	-0.30551332	-0.027420538	-0.4937112	0.6527854	0.14192617	-0.025727786	-0.4187003	-0.009690173	-0.45575956	0.65321964	0.332238	-0.2613194	-0.54513794	-0.1108116	-0.2534593	0.06973686	-0.4249453	-0.08847467	-0.087274	-0.08244255	-0.29140022	0.061355934	-0.043791004	0.46923092	0.2358946	0.060863942	0.5502365	-0.18494612	-0.08269344	-0.6224829	-0.2773356	0.3523807	-0.6479651	-0.4614637	-0.29260582	0.1948615	-0.09168921	-0.69473684	-0.0045728185	0.3546702	0.117435396	-0.2204824	-0.262945	-0.21637534	-0.44647962	-0.29645067	-0.07429851	-0.4377937	-0.11668576	0.4104821	0.39181635	0.31315497	0.16824569	-0.6247839	-0.40503317	0.024305878	0.6784077	0.36206198	-0.24906273	-0.44807416	0.24034436	0.27754727	0.029959446	0.49576822	-0.056322932	-0.2629099	-0.23237483	0.13341594	-0.03367319	0.46847752	0.4430885	0.065141276	-0.10105512	-0.0090974895	0.45524636	0.28560925	-0.54605997	-0.53858536	0.055603813	-0.008261064
0.16421883	0.44436938	0.23678754	0.08222075	0.5130469	0.5204794	-0.44170314	0.69007623	0.56353056	0.41044074	0.751179	0.04246147	0.078844175	-0.107911065	0.14974797	0.2731767	-0.5314599	0.2892159	0.15386316	1.2894905	0.012350475	-0.014580293	-1.1767436	-0.21118316	-1.1202154	0.8272083	-0.5490338	-0.8501166	0.12900697	0.33298612	-0.2825903	-0.035167858	0.12994544	0.7517527	-0.15333185	-0.3990698	0.26666734	-0.35135716	0.6806245	0.056272797	-0.97377646	-0.35264868	-0.24804401	-0.63545436	1.0610553	-1.4561571	0.10325733	0.87602913	-0.7303214	-0.36132398	-0.21737027	0.5510035	0.020103863	-0.018922469	-0.38447556	-0.043021582	-0.770027	0.28744864	0.67022693	-0.52207524	-0.3652753	-0.078694984	-0.5493194	0.12697138	-0.01996148	-0.7602239	0.34533966	-0.013241432	-0.22567582	-0.065675355	0.2626819	0.23524176	-0.06847614	-0.593597	0.04321531	-0.3723408	-0.44579527	-0.038421173	0.4347973	0.44468385	-1.1433117	-0.9899236	-0.40187898	0.18266194	-0.05178748	-0.8961564	-0.06573983	0.5853499	-0.56766284	0.2987912	-0.57231754	-0.18332869	-1.0631661	-0.5184947	0.62071234	-1.0607595	-0.10484134	0.10677829	0.08627789	0.402457	0.62094307	-0.7541251	-0.9565373	-0.17927511	0.29587764	0.20329736	-0.70101166	0.2109258	0.5269274	0.5759639	0.17345423	0.9347368	0.75554967	1.1294553	-0.4134142	0.0463656	-0.8827844	0.14773965	0.6399751	-0.08168659	0.19221629	-0.19236614	1.0818564	0.41218197	-0.5627148	-0.1430406	0.09395229	0.053126626
0.4400899	0.2568105	-0.51972055	-0.2560185	-0.31545445	0.15722662	-0.05365171	0.2925814	0.52994466	-0.34390348	-0.18405122	0.34974283	-0.115111895	-0.22900796	-0.233872	0.72951794	-0.22624856	-1.1340876	-0.262135	0.0001454536	-0.38115802	-0.12078097	-0.27602226	-0.3908696	-0.4743263	0.09076694	-0.06745822	-0.2798631	-0.047582954	0.112305894	-0.15621293	-0.3139546	0.08058129	0.26239592	-0.21432231	-0.04875932	-0.35472926	-0.7338384	-0.04278276	-0.25612852	-0.4954544	-0.0009664316	-0.040237874	-0.25219166	0.111284934	-0.14086288	0.19119398	0.06808285	-0.13698794	0.05508841	-0.4926126	-0.018548988	-0.0022092909	-0.08191406	0.0027431743	-0.32400364	0.38102335	0.56089985	0.1484822	0.07908505	-0.3592827	0.07289849	-0.5937787	-0.3850691	-0.14693397	0.2730398	-0.02319201	-0.42030114	-0.1430422	-0.7538578	-0.25010985	-0.3642223	0.49092552	-0.17690653	0.52280396	-0.17766035	0.21145268	-0.7179504	-0.15098952	-0.3763026	-0.5081234	-0.8242924	0.3843004	0.02495912	-0.053742737	-0.16676414	0.35928294	0.1812045	0.12844785	-0.09566326	0.2107196	-0.16123313	-0.32754254	-0.28038788	-0.41949943	0.17060466	0.14746131	-0.28910932	-0.08329409	0.5186898	0.14853574	-0.6305738	-0.22434132	0.20725347	0.23276989	0.018424254	-0.44529238	0.74879545	0.24949789	0.41642314	0.5019186	0.25104618	-0.26004744	-0.13172731	0.11726696	0.20384727	-0.4898622	0.13585931	0.14504753	0.27386346	-0.28860208	-0.26076245	0.14358471	-0.008306908	-0.58758956	0.16726893	0.5205328	0.08901049
0.319094	0.36337405	0.059705243	-0.07603173	0.1811411	0.06367973	-0.17473544	0.18116412	0.40946108	0.11787485	-0.079288244	0.15883549	0.21780795	0.018390162	-0.2526689	0.21112806	0.08616536	-0.24402186	-0.16907918	-0.013231888	0.1619792	-0.32708716	-0.12838365	0.18938068	-0.12104545	0.09714086	0.14727402	0.06780257	-0.0039516035	0.2881302	-0.1909868	0.09361725	0.20217244	-0.0438806	0.21707426	0.0846966	-0.26184058	-0.36047646	-0.03993886	0.07799723	-0.23401164	-0.011289678	-0.009969103	-0.32949778	0.032348894	-0.12839727	-0.13532107	0.08274749	0.19950515	0.16312517	-0.029465357	-0.108732894	0.06831653	0.038636282	0.21791613	-0.32968107	-0.12201159	0.29169253	0.091867745	0.052841198	-0.26207066	0.27181762	-0.4003726	0.53245735	0.23799653	-0.04916052	-0.10956495	0.20683782	-0.16329394	0.21795958	0.12819846	-0.24847622	-0.08320319	0.29217076	0.15178545	-0.0451212	0.2588208	0.41041172	-0.3209406	0.14684224	-0.23227775	-0.40494764	0.36334962	0.28845772	-0.12769806	-0.24835216	-0.195656	-0.103342675	0.05844269	-0.020424638	0.0110910935	-0.024750797	-0.23860458	-0.093808815	-0.07661355	-0.4613509	0.20801651	0.07045008	-0.0045855762	-0.2072165	-0.1908779	-0.522003	0.018266601	-0.20390807	-0.10245015	0.04501161	-0.13858922	-0.07142619	0.018845184	0.12050027	0.29594585	-0.18946975	-0.058829725	0.22194213	-0.21279442	0.11868753	-0.09152831	-0.23856795	0.3168404	0.21736632	-0.028299885	0.21691164	0.07121001	-0.14213501	-0.034755725	-0.0577019	0.13936889	-0.06078888
0.06313967	0.21409844	-0.10879181	-0.046327967	0.28239653	0.026105441	0.07688636	0.17786744	0.15353917	0.114745386	0.105375074	0.12546636	0.061114416	-0.055549	-0.08204503	0.1926093	0.08736657	-0.10053949	0.058954142	0.3454935	0.032542218	-0.045935716	-0.13401203	0.06659402	-0.15956756	0.042791072	-0.13898876	-0.05584282	0.019346152	0.032960303	-0.1284657	-0.16841677	0.022088777	0.08604241	0.09930864	0.084248334	-0.12159078	-0.12160673	0.123269066	-0.14285372	-0.34283942	0.18247096	-0.02896823	0.12350804	0.27210945	-0.100941755	0.13766745	0.09844946	-0.25178024	0.08697648	0.016856303	0.029023692	0.12717076	-0.0732187	0.020137124	0.11424799	0.05535487	0.25345483	0.1036266	0.12509227	0.051907774	0.08544445	-0.22249103	0.16307269	0.031970818	-0.024456598	-0.12937492	0.09322355	0.10461919	-0.09343803	0.12435566	0.026021997	0.19760805	-0.047847807	0.01974239	0.16883954	0.0409847	0.008322776	-0.12407908	0.07798601	-0.27260664	-0.25720707	0.12869367	-0.027100436	-0.048914086	-0.09188873	0.04786379	0.13216336	0.045892023	-0.017705001	0.057840113	-0.14832595	-0.114448085	-0.1227771	0.1058564	-0.108613156	-0.099766806	-0.029691724	0.04669076	-0.27026138	-0.03569753	-0.22556178	0.07009082	0.02285077	-0.09683793	0.18097168	-0.105255395	-0.11637677	0.2516765	0.106003344	-0.0074577183	0.19320808	0.1672986	-0.004822057	-0.033007473	-0.068654306	-0.016863868	-0.00065236585	0.17709507	0.049498234	-0.06693334	0.072607376	0.21145134	0.11716456	-0.19817646	-0.25861767	0.12098973	0.01513725
-0.3606695	0.18622516	-0.068112984	-0.23373267	1.1001108	0.16481903	-0.030239722	1.2734904	0.5965058	0.015814535	-0.45503056	0.6008636	0.38596967	0.2831186	-0.06538197	0.34267938	-0.20073014	-0.6533254	0.037034072	0.5891324	-0.46699488	-0.32450798	-1.1389962	-0.41672447	-0.7743691	0.050894193	-0.07211181	-0.86314505	-0.661856	0.45318422	-0.12812158	-0.8969153	-0.08613973	0.19581439	-0.7141097	-0.25082132	-0.88447857	-0.20894639	-0.1621992	-0.35412768	-1.0497274	-0.24233043	-0.34023538	-0.07427921	0.1229644	0.083704576	0.25886893	0.761185	0.4126991	-0.49249992	0.4240047	-0.38608834	0.6350528	-0.15615043	0.47444785	-0.18755454	0.9636429	0.46596548	-0.124571644	0.6486724	-0.7858183	0.49363053	-0.7681397	-0.5110647	0.3948348	-0.3675141	0.62696344	0.32593307	-0.4299043	0.30369157	-0.83561885	0.3637295	0.6902581	-0.15638493	0.5281483	-0.26390415	-0.36608917	0.47261134	-0.65718585	-0.101666965	-0.0225022	-0.9509963	0.007131865	0.4824207	-0.014031547	0.022432473	0.16527104	0.003908877	0.2981268	-0.649662	0.99891853	-0.24926108	-0.7861279	0.15273245	0.066521026	-0.60504335	0.3624132	0.11519885	0.4820833	-0.4984369	-0.9560779	-0.07815531	-0.04089153	0.61549085	-0.6549155	-1.062106	-0.21066065	0.20638268	0.05854995	0.30687162	0.7135354	-0.005993572	0.0684548	0.4510031	0.33055937	-0.26053172	-0.005974277	0.31313187	-0.09424686	0.25378934	-0.42912447	0.13831963	0.29923552	0.49849257	-0.320295	-0.5885448	-0.43600076	-0.48334903
0.21865045	0.21361552	0.08556875	-0.20344812	0.28861454	0.07352994	-0.07653853	0.13629334	0.23075184	0.24471888	0.11115214	0.117183685	0.22372419	0.09094133	-0.16887206	0.29345185	0.030294735	0.14869677	-0.03832894	0.17376865	0.0977138	-0.17532569	0.0759437	0.10199837	-0.14138256	-0.04265793	-0.09561935	-0.024673449	-0.32348108	0.059535306	-0.14539988	0.04722939	-0.056580734	0.00096221076	0.32345513	0.08452458	-0.08398872	-0.01906279	0.0041179936	-0.01546227	-0.283143	0.09082852	-0.26354682	0.17945847	0.020328611	-0.035846688	0.08211118	0.11811835	-0.03614152	0.119243614	-0.13515273	0.021710424	0.12492169	-0.21524374	-0.033914056	-0.3049833	0.17770477	0.34473065	0.056501742	0.0652432	-0.16911687	0.3562944	-0.39280534	0.30897164	0.19993615	-0.1467093	-0.102136746	0.13490279	-0.014297138	0.033545744	-0.010967038	0.14426494	0.040409412	0.018810846	0.2777806	-0.04641685	0.009998712	0.26001468	-0.1350928	0.046691213	0.059512287	-0.24318968	0.21965247	-0.052164894	0.045191236	0.09190703	0.006178648	0.1465582	0.31176743	-0.08643279	-0.10339568	0.057965986	-0.1505996	0.17133391	-0.12024044	-0.12614958	0.14489453	0.12478215	0.24572028	-0.40284598	0.104060195	-0.25968271	-0.02732291	-0.28208104	-0.31474942	-0.04109608	-0.0036985218	-0.24594054	0.22367996	0.179236	-0.08863834	0.37045938	0.03706414	-0.111668296	-0.32032317	0.13439663	-0.18843108	-0.15227328	0.24097158	0.082161754	-0.2505899	-0.056634586	0.26812714	0.026258018	-0.13048106	-0.34383735	0.07937299	0.06215157
-0.03545109	0.3312241	0.49826878	0.32923177	0.46168673	0.23764296	-0.17430247	0.43997666	0.3186245	0.008702974	0.5798075	-0.21741006	0.22454172	-0.10350169	-0.03179505	0.3052403	0.37095225	0.33372003	-0.064894564	0.28289756	-0.18925284	0.38557187	-0.31189743	-0.41139784	-0.45772138	0.51550454	-0.36866695	-0.13072117	-0.17501332	0.5145668	-0.056144275	-0.21586935	-0.2087156	0.017313395	-0.20574865	-0.1159511	-0.39026964	0.46929884	0.44360957	-0.6093975	-0.27474028	0.2875488	-0.24474433	-0.16553155	0.59249955	-0.6626436	-0.3636933	0.13482662	-0.47491065	0.19621731	-0.35473716	0.53723943	0.15012124	0.32774562	-0.2782251	0.20934303	-0.45527974	0.5050201	0.68244225	0.09770082	-0.11177489	-0.1477717	-0.4284679	0.029065728	-0.1272188	-0.3943276	0.21255513	0.30632234	-0.11344733	0.059223674	-0.079277806	0.06862952	0.73616385	-0.30857667	0.06252562	-0.21080998	0.005815147	-0.13854544	-0.05612081	0.16176417	-0.40450743	-0.2811958	-0.41023487	0.37135047	-0.1711889	-0.34060723	0.07005496	0.32128614	0.050593503	-0.3199548	-0.28844914	-0.2354512	-0.8175405	-0.033048104	0.015144067	-0.5920511	-0.53159106	0.4051599	0.27743787	-0.3055721	-0.274887	-0.64350045	-0.5703089	0.28983462	0.20621935	0.3408462	-0.16928707	-0.37901708	0.20924395	0.36595306	-0.22737546	0.65162414	0.19666411	-0.33799413	-0.48447898	-0.1380636	-0.5114986	-0.03450174	1.0599498	-0.31782848	-0.121499	-0.16549213	0.6488423	0.55388266	0.37536755	-0.6488402	0.119509295	0.022859206
0.10474052	0.083412394	-0.07534807	-0.072411835	0.058681913	0.037675526	0.13716409	0.21968067	0.12605394	-0.22288783	0.14000803	0.32868442	0.07476181	-0.03609008	-0.08460851	-0.024875952	0.28924534	0.0055011315	-0.2161256	0.17471129	0.062272366	-0.112358354	-0.20736033	0.046768002	-0.3709291	-0.011823609	0.033966962	0.023446528	-0.06339217	0.029866027	0.14725924	-0.096950054	0.03350815	0.089915365	-0.11291109	0.18244421	-0.08964447	-0.18185793	0.1865088	-0.1290761	-0.15313804	0.095675215	-0.041283663	-0.0077587226	-0.015234771	-0.16831933	0.03581764	0.114744194	-0.033810727	0.13553847	-0.10396552	-0.0035277158	0.17638011	0.010104249	0.16889012	-0.117578894	-0.039212983	0.13591038	0.08387772	0.14240324	-0.21032858	0.16731293	-0.053102903	0.075314716	0.020384727	0.03148029	0.016409323	0.14361519	0.010536097	-0.10246501	0.08176601	0.16659321	0.03685923	0.015259243	0.11795108	0.07495386	0.21276878	0.03042959	-0.04063154	-0.0011152725	-0.025770724	-0.13768847	0.1342948	0.068500705	-0.07216903	-0.10990565	0.27126536	-0.09672666	0.050768867	-0.007794287	-0.11515668	-0.080161944	-0.25362045	-0.23833184	-0.1077504	-0.06707964	0.025637027	0.0044542463	0.17671362	-0.18657234	-0.16103545	-0.15426214	0.0016309619	-0.0043136054	0.0046258676	0.15314946	-0.110261254	0.14722511	0.006005048	0.10887532	0.09761594	0.1905287	0.113155104	0.22012629	-0.2382685	-0.054007854	-0.065166555	-0.12672988	0.22584763	0.16750947	0.016331537	-0.18494081	0.06706189	-0.1484538	0.055855326	-0.07911651	0.3620512	0.106224746
0.3110618	0.42830843	0.018880932	-0.053974457	0.11959878	-0.21936941	0.07665861	-0.06361158	0.49330702	0.09263071	-0.2243838	0.122122854	-0.050669577	-0.09443321	0.5923457	0.37895894	0.09607546	-0.7636996	-0.11921084	0.2280646	-0.12169405	0.095028535	-0.60658205	0.20722337	-0.5828332	0.28025633	0.17199178	-0.41109115	0.08068622	-0.13309519	-0.06380614	-0.13371456	-0.13776493	0.17945063	0.1761308	-0.5534873	-0.51095957	-0.5408503	-0.12941784	0.4109446	-0.08363999	-0.44586453	-0.52844197	-0.23076858	0.19041987	-0.5737835	-0.21692955	0.6094039	-0.11297754	0.030196173	-0.28150856	0.29159772	0.3149125	-0.5659096	-0.451047	-0.067794845	0.7906507	0.41648915	0.27991927	0.2249151	-0.66176707	0.5498215	-0.22303931	0.4350951	-0.020058988	-0.04284889	-0.25095025	-0.13719966	0.047114693	0.11182911	-0.18190995	-0.17154466	0.57066554	0.02830788	-0.24401855	-0.3096782	0.20619804	0.113756575	0.0662783	0.3202268	-0.020997096	0.17277901	0.4013972	0.002548529	-0.31063154	-0.045584485	-0.16448945	-0.00017647863	0.22719309	0.2590405	0.3769763	-0.03127243	0.26885542	-0.5966517	0.05866175	0.11259428	0.45051017	0.38429573	0.15387735	0.08665239	0.22327794	-0.24354316	-0.26696298	0.016920121	0.3650423	-0.40707782	-0.36861914	-0.097260974	0.5333006	0.37655702	0.34287718	0.4284431	0.38559458	0.44903657	-0.80727047	0.20582756	-0.26733756	-0.22388163	-0.09294577	0.047139063	0.39987928	0.18556607	0.09582154	0.108465336	-0.35371956	0.68507004	0.28624138	0.15185156
0.06856797	0.16806592	0.06996761	-0.2220332	-0.012173	0.15169679	0.12186456	0.11095373	0.104828045	-0.06345041	0.058604278	0.28582153	0.054003183	-0.009661361	-0.13112526	-0.04291231	0.085609265	-0.028973047	-0.37075144	0.0788844	0.012100267	-0.17463093	-0.1944285	-0.10287174	-0.2768947	-0.1007333	-0.0018867799	-0.098922625	-0.031943172	0.017038148	-0.073898844	0.08381107	0.06971395	0.16790758	0.37021875	0.100526854	0.022540418	-0.07760873	-0.08159372	0.13354132	0.048365653	-0.12175758	-0.12390883	-0.12788871	0.19787894	-0.05420276	0.13798805	0.053352356	-0.18339095	0.17527139	-0.06692588	0.16881959	0.21084657	-0.051639304	0.026092278	-0.0657264	-0.010569765	0.14698817	0.056714248	0.07694402	-0.1397541	0.1761205	-0.34221208	0.13098766	0.11509884	-0.09833338	0.05454787	-0.13259082	-0.14432222	-0.093178764	0.1093411	0.1018227	0.12696211	-0.002508345	0.011076442	0.0028461632	0.0043574064	0.1357416	-0.15952908	-0.03140798	-0.10389951	-0.14797735	0.32583326	0.016750438	-0.13925101	-0.17557864	0.023504116	0.032672323	0.05801265	-0.122098416	-0.122643135	0.09506867	-0.011266793	0.019019565	-0.001788543	-0.0514674	0.16319089	0.036982663	0.24185042	-0.1724923	-0.18707757	-0.17648092	0.13623299	0.058211595	-0.08811839	-0.036309745	-0.15187486	-0.07017758	0.15630576	0.26028794	-0.011605108	0.189773	0.19057748	0.11927805	-0.25548217	0.057337668	-0.1093467	-0.06396395	0.0072597563	0.19748712	0.0014255737	-0.03082269	0.31188855	-0.031595454	0.017313195	0.07570514	0.23351818	0.12745649
-0.067761175	0.2846076	0.3312496	0.08781837	0.7455954	0.2559778	-0.36663836	0.28702492	0.35554808	0.5572515	0.37398577	0.127831	-0.08954875	0.0064564273	0.15016411	0.3957976	-0.08904343	0.2665176	0.06806846	0.6941884	0.13390452	-0.11793742	-0.31183705	-0.65646267	-0.0054655406	0.54915076	-0.1688449	0.0084345555	-0.033363618	0.8398642	-0.07800533	-0.33557612	0.37259164	0.2973728	-0.11420997	-0.20236841	0.31744424	0.08334476	0.73689175	-0.5069936	-0.70093584	0.0027996348	0.22340272	-0.08691947	0.7224235	-0.8670405	0.15448265	0.3391209	-0.5956789	-0.11754412	-0.3482665	0.61672705	-0.05428659	-0.04187801	0.06251408	-0.12388041	-0.42367128	0.7286366	0.52590597	0.20733388	0.12536037	0.117688656	-0.3137697	0.106929176	0.2524981	-0.21280828	0.65290993	0.89815515	-0.21765566	0.5907317	0.03307736	0.42942628	0.21936958	-0.62294894	-0.20411731	-0.60331964	0.32303414	0.16984446	-0.0117619615	0.3861552	-0.8309449	-0.79082096	-0.17817755	0.22530517	-0.3442641	-0.14186135	-0.34676334	0.59121305	0.2389744	-0.18066075	0.36457264	-0.40020287	-1.0070491	-0.36500308	-0.48475248	-0.7213875	-0.029343965	0.27289513	0.23801325	-0.12651685	-0.057590194	-0.8166917	-0.6154549	0.1520354	-0.5444558	0.2544557	-0.21582341	-0.021680852	0.28870043	-0.045032375	0.12068142	0.74201447	0.32326338	0.079252504	-0.046665445	-0.35809827	-0.48477224	0.100945786	1.0016514	0.21401542	0.05435671	0.12877026	1.0357175	0.6444015	-0.5863942	-0.8942945	0.5212173	0.26607877
0.16554366	0.37738436	-0.12727481	0.15532643	0.19806978	0.22211893	0.6772135	0.5271085	-0.060607713	-0.7009243	-0.21807918	-0.14163937	-0.31267282	0.06310576	-0.05261258	-0.025760664	-0.067588024	-0.7922524	-0.412716	-0.53326124	0.045443255	-0.21154727	-0.039410453	-0.3046278	-0.50535744	0.13816524	0.028116433	-0.57608443	-0.018655593	-0.010901095	-0.3717843	-0.095652446	0.43290332	0.46320605	-0.0020909784	0.24671546	-0.5164368	-0.49459046	0.13926086	-0.17043789	0.16127557	-0.18372084	0.2167595	0.05299087	0.0829441	-0.3237293	0.33450562	0.0719508	-0.15448135	0.540554	0.075240895	-0.16193233	-0.14622296	-0.15379521	0.22059582	-0.27644596	0.15292673	0.36068174	-0.21215649	0.71734273	-0.3478159	0.25913185	-0.5593172	-0.16103919	0.65555376	-0.16048455	-0.17120343	0.09270424	-0.038761146	-0.29079586	-0.3041814	-0.22976887	0.119355306	-0.38698047	-0.04793396	0.5745232	-0.028405745	-0.5347532	-0.20905876	-0.09554012	-0.4311501	-0.025176913	0.7946475	0.0025094473	-0.6536642	-0.26665896	0.17263582	0.16647881	0.49635997	0.010391206	-0.31939545	-0.13522083	-0.04073436	0.049166996	-0.42280042	0.19641475	0.4238403	-0.3349667	0.16792125	-0.37634978	-0.034543317	-0.34342727	0.3597551	0.3062137	0.10712242	0.11891971	-0.3361014	0.34729543	-0.11761779	0.17884243	0.45920908	0.37559512	0.4093929	0.2889154	-0.4384605	0.16517697	0.12997276	0.032084823	0.13803902	0.13617522	-0.04044617	-0.42377195	0.31559578	0.48259383	-0.21093985	-0.04111099	0.6036192	-0.09311097
0.072965495	0.089150004	-0.04275355	-0.111383736	0.20927247	0.09726924	-0.07975931	0.13559009	0.192946	0.13685529	-0.04794932	0.025057692	0.07813796	-0.027770957	-0.023511142	0.17338757	-0.031396624	-0.2117435	-0.0133087	0.22828674	-0.06142167	-0.016962906	0.045938797	-0.08823974	-0.19866249	-0.072658055	-0.1998784	-0.07088503	-0.061482254	-0.023449536	-0.0510564	-0.12341539	0.017502684	0.12325087	-0.07134595	-0.13263804	-0.15414546	-0.11574928	0.053702597	-0.036092333	-0.26028723	-0.034620598	-0.075126395	-0.0412178	0.06855306	-0.09140651	0.0896528	0.07320256	-0.015752327	-0.06766157	0.042958602	0.1379946	-0.019572843	-0.031286564	-0.031956773	-0.04667653	0.15230401	0.14204286	0.11101159	0.08948866	-0.07987237	0.09910121	-0.13428076	0.10268304	0.037711326	-0.08414892	-0.015803734	-0.001714083	-0.070804544	-0.052249815	-0.09464953	0.086537816	0.15225819	0.02046348	0.110033475	0.041277163	-0.044166766	-0.14711122	0.036517516	-0.015500867	-0.07030386	-0.14802146	0.04046647	0.06589051	-0.006964697	-0.031951085	0.049899105	0.17535912	0.013385557	-0.13766919	0.028067691	-0.19562607	-0.058634385	-0.11284133	-0.051482577	-0.057513002	0.06445657	0.015633281	0.12394552	-0.046261825	-0.06052986	-0.2150338	-0.18179661	-0.05018759	-0.032284785	-0.08056724	-0.053536054	-0.040950924	0.15048425	0.21088633	0.023251664	0.14358798	0.02592237	-0.032218646	0.005339956	0.19996437	-0.09808402	0.08866296	0.04521822	-0.0077466667	-0.04095144	-0.019816887	0.013664813	0.036404733	-0.078781255	0.0566938	0.088657364	0.0053461716
0.12658411	0.19689803	0.41925716	0.2135314	0.31085178	0.42389244	-0.30187488	0.4609339	-0.06794786	0.22066471	-0.07096369	0.346779	-0.43260857	0.07493374	0.010770197	0.11593907	0.18559784	0.044615593	-0.3199695	0.2802158	0.21609144	0.06506563	-0.13233428	0.00263829	-0.3910856	0.13091803	-0.071156695	-0.118518144	-0.16891554	0.27497128	-0.20456988	-0.19462268	0.11193419	0.13910681	0.051895484	-0.28517136	0.122568175	0.056542013	0.4439281	0.2018479	-0.399708	-0.16726868	-0.25762793	-0.04007108	0.36930045	-0.19273588	-0.008138985	0.65457785	-0.21436346	-0.16380662	-0.33592364	0.12949069	-0.25372753	0.114094496	0.2952089	-0.06929199	0.09046492	0.2512452	0.19154613	0.3899278	-0.2878562	0.35484952	-0.5538149	0.25306183	0.34578505	0.024605522	-0.08005646	0.381345	-0.33053064	0.1461679	0.090184614	-0.36115018	0.3853114	-0.08330695	-0.23336108	-0.19483179	0.19820678	0.49170536	0.31460175	0.50618297	-0.4406765	-0.588886	0.010935818	0.35715666	-0.31510118	-0.3769265	-0.38258174	0.21489036	-0.13109036	-0.18951832	-0.30797946	0.16769357	-0.412294	-0.50517726	0.3346544	-0.87738043	0.045545973	0.24944235	0.3041934	-0.47448757	0.03188203	-0.93923247	-0.053148914	0.36241528	-0.29827976	-0.2952895	-0.13635795	-0.32505822	0.804154	0.40982944	-0.18161584	0.21903208	0.33390272	0.39384374	-0.6668536	-0.41365564	-0.2320676	-0.051848672	0.8366019	0.027387599	0.22773613	-0.042368103	0.45050716	0.15744555	-0.35721326	-0.089515336	0.12072538	0.018181518
0.53127944	-0.47007817	0.20402686	-0.034095544	-0.024851004	0.07786736	-0.64098245	0.2464705	0.7905043	0.2203259	-0.36287704	0.45041108	-0.5458383	-0.17782386	0.30308568	-0.4868475	-0.28198436	-0.4299849	-0.25401458	0.30439287	-0.5702249	-0.53640187	-0.8592007	0.23576616	-0.6184173	0.5859766	-0.42987648	-0.093341485	-0.46407112	1.0848567	-0.030669851	-0.3961964	0.14662412	-0.08141247	0.15814157	-0.51527554	-0.6935269	-0.9734717	-0.05999681	-0.023822786	0.18190457	0.0581452	-1.0972961	-0.27101317	0.18905792	-0.22830819	-0.104172945	0.55004007	0.3820756	-0.15728208	0.4968823	-0.6085122	-0.18170746	-0.81012654	0.29631206	-0.37175938	0.6668713	0.19553319	0.14533576	0.65152425	-0.25223562	0.35833713	-0.52488595	0.9552248	0.21347372	-0.5282427	-0.30962637	-0.16716039	-0.2104384	0.075400025	-0.48456255	-0.7842821	0.4957674	0.47973788	-0.24105056	-0.25346828	0.5467304	0.12270309	0.5806028	0.3889395	0.078763135	-0.30923733	1.0230546	0.39124638	0.3538243	-0.91195023	-0.06315417	0.6086415	0.83062536	-0.19186707	0.25821444	0.1801455	-0.5031843	-0.4373797	0.4472687	-0.81048894	0.75043267	0.028454946	0.8523009	-0.73944515	0.41688702	-1.1373174	-0.34680662	-0.06558349	0.037834335	0.044228252	0.116282806	-0.35298675	0.96976984	0.45423937	-0.006914703	0.6752446	-0.27849412	0.058259174	-0.12622313	0.54896104	-0.26798624	-0.32203823	0.7174589	0.43257737	0.58831793	0.26239443	0.24364306	-0.08373975	-0.757394	0.08508866	0.95301175	-0.2845871
0.16977426	-0.2556579	-0.5486892	-0.122637175	0.3723587	-0.4093346	-0.020255078	0.54663974	-0.047505554	0.45453903	0.17982374	0.11223098	-0.06911229	0.37527987	-0.50883484	0.39372692	0.0014020884	-0.32067093	-0.03873771	-0.010176562	-0.031220153	-0.24312349	-1.3604023	-0.75788784	-0.67350125	0.117061846	-0.74919796	-0.10237603	-0.042299747	0.24441898	-0.2659283	-0.37428078	-0.294839	0.597817	0.44437018	0.097271994	-0.27989215	-0.6820677	-0.08609384	0.44779384	-0.9095231	-0.06274818	-0.8770168	-0.27725083	0.5178966	-0.77995706	0.9161551	-0.15257421	-0.35383815	-0.06829433	0.46710294	-0.04319911	0.9347431	-1.1241636	-0.36263788	-0.32294205	0.0981742	0.53667146	-0.27959463	-0.147878	-0.6139419	0.09807079	-0.9043098	0.1326505	-0.14493588	-0.6062312	1.027688	-0.042336438	-0.5753434	0.2210011	-0.43570867	0.20612742	0.3014251	-0.6234904	-0.19584619	-0.6831483	-0.8885046	0.2142767	0.10805168	-0.21014163	-0.8037661	-0.16202542	-0.03841411	-0.3674114	0.041801006	-0.54217345	0.27560142	0.062163096	-0.13878162	-0.48769855	0.65604156	-0.2322096	-0.029135242	0.045137692	0.4529413	-0.055154715	0.8048041	-0.49700278	0.96103096	-0.9202892	0.16931179	-0.16402037	-0.6790759	-0.09356717	-0.97582537	-0.02096921	-0.4261024	0.59248453	0.6705229	0.49529096	0.32636347	0.95167696	0.84882027	0.88956475	-0.24399541	-0.46642414	-0.3623734	-0.061081804	-0.64045686	0.23034249	-0.1867888	0.14754716	0.45453864	0.1892227	-0.13022532	-0.15523319	0.32053712	0.057724997
0.23260729	-0.1989155	0.06559101	0.19950645	0.20782652	-0.05139584	-0.1825031	0.3732217	0.00043668557	0.06596423	-0.03729354	0.05059437	0.08836339	0.16384436	-0.14940958	0.26806536	0.20265608	-0.020150267	-0.2077928	0.6167679	-0.12836629	-0.35863444	-0.5256701	-0.0877695	-0.55541986	0.30829346	-0.36275342	0.010300742	0.3496579	-0.01630198	-0.2872494	0.010682092	-0.11674519	0.26755777	-0.20398238	0.14731777	-0.19282456	-0.23384157	0.040889356	-0.06924517	-0.34906918	0.3366262	-0.16125849	0.114658765	0.2129183	-0.32687545	-0.11354645	0.05804074	-0.08769939	-0.22254232	-0.17034341	0.055091586	0.037975814	-0.1392491	-0.01024373	-0.19367988	-0.16521667	0.24714068	0.0993598	-0.09189139	-0.17159727	-0.15326491	-0.15549393	0.38136035	-0.17837398	-0.021914203	-0.051435534	0.012213971	0.10517684	-0.029458415	-0.047897235	0.24764687	0.16532448	0.020482572	0.21278879	-0.047653913	0.09705635	-0.14906836	-0.14226896	0.329127	-0.059101216	-0.13275795	0.045827623	0.1694845	0.03486215	0.09962314	0.10990907	0.33585787	0.24033208	-0.113593705	-0.010328847	0.100943126	-0.38209823	-0.027653294	0.14687347	-0.08146529	0.14052927	0.3632103	0.37886432	-0.27868605	-0.11878539	-0.12594153	-0.39063624	-0.16793443	-0.18757534	-0.17549443	0.049892005	-0.075617395	0.33727917	0.03328393	0.0050407657	0.48501933	0.031615708	0.09569508	0.0806563	-0.12938091	-0.18615437	0.14432152	0.2706999	-0.039201237	-0.25105765	-0.32791936	0.23179944	0.0005721618	-0.041323904	-0.030878266	0.08005076	-0.23137435
-0.115526974	0.21194394	-0.13839103	-0.065203935	0.30130178	0.35370457	0.016608873	0.40330216	0.11866419	0.09310684	0.08518984	0.28750253	0.07623689	0.25528187	-0.14344561	0.18543524	0.4418838	-0.24380739	-0.03648371	0.19924739	-0.113465846	-0.23200954	-0.17290053	-0.30994913	-0.5507742	0.019693298	-0.37147766	0.046749093	0.1897152	-0.11732088	-0.16166535	-0.26040676	0.095177785	0.3942558	-0.45919386	0.06951358	-0.0968225	-0.21053037	0.10194043	0.031076744	-0.41223764	0.034339637	-0.021398904	0.1662154	-0.014935504	-0.12521265	0.04281178	0.38879848	0.05514242	-0.20092018	-0.006475504	0.0981352	0.14246331	-0.24353373	-0.0028426766	0.32925192	0.013319848	0.47225732	0.1588974	0.15565631	-0.14707194	0.0593217	-0.32902157	0.30448526	-0.087295726	-0.042544473	0.16034468	0.12031835	0.34412822	-0.15039398	0.09769662	0.2813253	0.26274452	0.025980067	0.027093101	0.085424766	0.37069488	-0.17275202	-0.24601732	0.12676138	0.057750236	0.048634455	-0.073647626	0.06583774	-0.010467821	0.25399593	0.15887612	0.38845736	0.08333728	-0.11735716	-0.11750594	-0.19660375	-0.39638573	0.1828259	-0.067851864	0.34075832	0.06600243	0.10472297	0.1752647	-0.49346805	-0.22895265	-0.40443334	-0.2840782	-0.15984967	-0.15601239	-0.056490827	-0.042929336	-0.026843002	0.3053547	0.1597414	0.17226768	0.47203285	0.28270057	0.29689065	-0.10687374	0.0948644	-0.055681843	0.12939245	0.13790931	0.014621914	-0.28627637	-0.3079417	0.22423105	-0.12634273	0.26510504	0.22992189	0.053603027	-0.22185484
1.390886	0.22767995	-0.16015807	0.5955757	0.049929265	0.23015574	-0.8406293	1.130596	0.0075612483	-0.07396689	-0.5556545	-0.63287294	0.3789331	0.19551161	-0.57870334	0.9919246	0.019590491	-0.5123656	-0.30795345	-0.24600333	0.111291125	-0.12228763	-0.9404417	-0.78635395	-0.30275503	0.006074731	-0.67092484	-0.619031	0.23172218	0.1948045	-0.12189283	-0.6668283	-0.3040595	0.31346825	1.1921457	1.0324628	-0.3197399	-0.69437474	-0.32631913	-0.52681035	0.38777694	0.18240589	-0.34127614	0.23702523	-0.20293224	-0.32844234	0.20908915	0.2543566	-0.602006	0.23596899	0.2739585	0.36431172	-0.007891261	0.9942476	0.49958012	0.9049307	0.30054864	0.78981483	-0.1937483	0.15855111	-1.117622	0.44837034	-0.2952327	0.086308755	0.4487356	-0.28960192	-0.40117133	0.037416298	0.2842767	-0.33599055	0.2838374	0.33322746	-0.30533507	-0.75527775	-0.36244047	-0.27239662	0.07379627	-0.40633425	-0.44751415	0.8157337	-0.10684509	-0.88241106	-0.54046345	0.14575806	-0.89121217	-0.0776408	-0.060405098	0.102844544	0.36312267	-0.28301007	0.11536043	-0.78858817	-0.18380713	-0.60088986	-1.283235	0.5698497	-0.6890117	0.3960099	0.36152795	-0.3901582	-0.44919986	-0.7591042	-0.3411196	-0.11627422	-0.3276579	-0.105849884	0.27053985	-0.035245616	0.7909487	0.08093059	0.11264044	-0.24606544	-1.2668617	-0.2883524	-0.48900297	-0.36023787	-0.027328184	0.17916195	-0.35450286	0.055783577	-0.543327	0.053189874	0.6627664	0.25112084	-0.26734325	0.7607713	-0.36418903	-0.99989605
-0.07465794	0.31069502	0.7659805	0.033268604	-0.021655949	-0.19347066	0.078473955	-0.4389006	0.6117396	-0.29935855	-0.20752151	-0.22413097	-0.19667248	0.39177674	-0.047025375	0.7051087	0.89331615	-0.7073021	0.06364394	-0.33873814	-0.5286841	0.30137235	-0.64470786	0.0014371597	-0.0888996	0.2519529	0.07658986	-0.682354	-0.05097379	0.55930376	0.09334519	-0.13540637	-0.70849895	0.39635316	0.3341707	0.15412216	-0.34665975	-0.4987807	-0.18680921	0.100103125	-0.24652311	0.4608648	-0.8686437	0.1924115	0.44368726	0.21967845	-0.66692847	0.10989763	-0.62655014	-0.71113986	-0.95733356	0.5512702	0.4895261	0.020566264	-0.045886796	0.3000239	0.6766329	0.41406488	-0.22733015	-0.8703388	-0.700185	-0.14554332	-0.5229096	0.59463847	0.035453662	-0.34189487	0.07257692	-0.55259305	-1.0184557	-0.21923514	0.23268485	0.4556022	0.62428814	-0.628853	0.63533545	0.2589511	0.03895891	-0.3089624	-0.053246208	0.012204382	0.49152803	-0.13562894	0.43423882	0.46456814	0.15954424	-0.53731084	-0.13777664	-0.1357959	0.9019159	0.12904033	0.08000694	-1.0955037	-0.5189124	-0.9294092	-0.08332614	0.34625304	-0.19108066	0.703733	-0.09555859	0.48231226	0.6436419	-0.17810376	-1.0137625	-0.5480528	0.64138764	0.9411363	-0.7001043	0.07979753	-0.21322486	1.1766963	0.18669984	0.31569308	1.1926908	0.50277036	-1.3811327	0.49602568	-1.0434158	-0.026934171	0.20307963	-0.32035702	-0.31471682	0.26411435	0.93788975	-0.1313119	-0.04053119	0.040167067	0.72289526	-0.43499336
0.11930839	0.14319886	0.058270916	-0.14891425	0.24132168	0.039407704	-0.06905831	0.07646818	0.18223803	0.16497308	0.097668014	0.05436711	0.15878955	0.04773333	-0.13994572	0.23302402	0.034564625	0.10420394	-0.04953615	0.09740923	0.052941512	-0.11751938	0.019650484	0.032848973	-0.11480648	-0.010393728	-0.10188417	-0.020619778	-0.18119153	0.013027234	-0.10488605	0.031511664	-0.042564347	-0.011260901	0.24168135	0.07270616	-0.05700059	-0.009003933	0.043137252	-0.029319108	-0.2054381	0.04477508	-0.18784209	0.104562	0.0710312	-0.05128387	0.08809573	0.072549455	-0.04278402	0.035616845	-0.05992921	0.005026708	0.092009775	-0.13442428	0.020891463	-0.25346804	0.16928005	0.2887544	0.0390388	0.056945324	-0.11716612	0.2544705	-0.28229454	0.26877543	0.18256019	-0.10311102	-0.07627535	0.08169212	-0.06297539	0.040251095	-0.023827178	0.10482658	0.029819021	-0.03544633	0.17337404	-0.043031465	-0.0045443308	0.20733915	-0.13295777	0.07373843	-0.018327313	-0.21427149	0.20019163	0.035415098	0.03115566	0.06805773	-0.003995757	0.0655133	0.2749026	-0.04702829	-0.061174825	0.017104443	-0.16190045	0.14664052	-0.09737141	-0.08798306	0.10282932	0.118593805	0.20573951	-0.33430576	0.06837066	-0.26422042	-0.069328986	-0.1642804	-0.22898981	0.042236354	-0.02799086	-0.19058886	0.18820415	0.13040413	-0.085998155	0.2712565	0.07361709	-0.0985824	-0.25745562	0.10980146	-0.13620451	-0.15966383	0.2059757	0.09671079	-0.18474045	-0.01886057	0.24913335	0.01891749	-0.13119002	-0.23050693	0.07141213	0.10021875
-0.109043896	0.10810463	0.5107607	-0.1987798	0.7440135	-0.2547136	-0.41695407	-0.6620392	0.6301759	0.2050216	-0.034875356	0.48592526	-0.07925273	0.26190442	0.43106934	0.6826253	-0.07013408	-0.6412367	0.2736728	-0.57002026	-0.2903658	0.27059162	-0.53734815	0.05064684	0.04823221	0.10172047	-0.06920686	-0.69846326	0.3044986	0.09590715	0.3763563	0.4989118	-0.8872207	0.6396077	0.6443921	-0.29675826	0.44541237	0.42553586	0.45176283	0.26177168	-0.13073711	0.5352783	-0.29398832	-0.68768126	0.7139187	-0.7726187	-0.28561196	0.43816474	-0.8889916	-0.09352347	-0.19266315	0.19627279	0.17407764	-0.009087133	-0.44947347	0.02249026	0.53132683	0.6565798	0.531542	-0.19032119	-0.23502882	-0.52697504	-0.5199982	0.55350757	-0.82307017	-0.21182293	-0.1393605	-0.5911865	-0.5191935	-0.13891836	-0.32921126	-0.07138479	0.31499866	-0.1514606	-0.029599432	-0.34143156	0.5977315	-0.20293051	-0.030071132	0.9085851	-0.95020014	-0.19680734	0.33274928	0.13101201	0.5938668	-0.5650257	-0.39123103	-0.0145453205	0.034382015	0.45526648	0.5036322	-0.24114534	-0.13279735	-1.3165568	-0.056154497	0.4666925	0.20434393	0.08683033	-0.21733871	0.34884873	0.43865532	-0.028712306	-1.4791714	0.2693847	0.22132865	0.28748068	-0.32418135	-0.59057516	-0.26531282	0.12659812	0.5887341	0.6879635	0.5963931	-0.06756596	-0.7667528	0.3763378	-0.9958685	-0.38290983	0.5298242	0.020112222	0.14318562	0.05656009	0.67457235	0.10115037	-0.25371742	-0.07572524	0.92808264	-0.30820993
-0.08662173	0.26245543	0.6196025	0.10455052	0.70083976	0.30647218	0.17400478	-0.045367375	1.2118464	-0.03568136	-0.45491514	-0.020816844	-0.09429579	-0.046218462	0.7239427	0.61471224	-0.35159796	-0.6573104	-0.035657603	-0.11916588	0.10358204	-0.07352511	-0.4743214	0.04285521	0.017786646	0.085281014	-0.19399865	-0.5564172	-0.25883585	0.29552048	0.4315183	0.124575995	-1.1947044	0.12446496	0.55373687	-0.71913713	0.043756593	-0.09634591	0.04379819	0.007913616	-0.4146973	-0.4778118	-0.69791895	0.38408932	-0.6059894	-0.7776817	-0.31952414	0.5047972	-0.47752926	-0.05432121	-0.80046874	1.0919132	-0.7153963	-0.37802503	0.23975633	0.45680904	0.85739464	0.29199412	0.32295674	-0.19184335	-0.28757134	0.30423468	-0.22973551	0.39120868	0.35028282	0.10692554	-0.35524395	-0.32778957	-0.48553485	-0.0818864	-0.37391013	0.23926702	0.59692955	0.49739534	-0.1874537	-0.52308095	0.5472226	-0.057173878	0.44477695	0.31149444	-0.07112451	-0.32944608	0.7258863	0.5011684	0.2932026	-0.4385078	-0.24895523	0.19425605	0.5715299	0.92476946	0.7869857	-0.24274996	-0.5302418	-0.9493602	-0.39611173	0.1520192	0.05257344	0.5018507	0.1812813	-0.058011737	0.39400372	-0.33028752	-0.90806437	0.15240915	-0.22013594	0.02203318	-0.08329118	0.0069151116	0.594381	0.47616002	0.4852515	0.14371106	0.4375549	0.07785419	-0.9403822	-0.36586764	-1.1482811	0.04036438	0.54838735	-0.047351792	-0.008452232	0.0009390415	0.021829814	-0.09750719	-0.27233955	-0.30594727	0.8976535	-0.23213738
0.13320188	0.057762712	0.40461317	0.18038704	1.071789	0.41701323	0.60434276	1.1881074	-0.37655398	-0.9622383	0.15343094	0.04494413	0.28465503	-0.5573848	0.09974177	0.5105311	0.20758095	0.25870067	-0.8012485	0.109822474	0.5446791	0.41262522	-1.1002923	-0.14027329	-0.07527267	0.099432096	0.06691745	-0.48965526	-0.1089798	0.41518164	0.18370798	-0.6627933	-0.05201972	0.21660748	-0.6073853	0.10037589	0.2095495	-0.3377423	0.26251698	-0.20743653	-0.35568443	-0.16678269	-0.13436744	-1.0764835	0.007857496	-0.08681657	0.23122317	0.93609565	-0.1305624	0.17052555	0.399979	0.24209295	-0.015191771	-0.35330054	0.14490722	0.13483891	0.25692117	-0.2891941	0.75987226	0.1713879	-0.1382644	0.20814212	-0.8593679	0.11119155	0.20470518	0.7773142	0.14607309	0.69947416	0.350096	0.047304578	-0.7465576	-0.17224981	0.72507995	0.086171255	-0.22460192	-0.18236132	-0.03559164	0.06665034	0.0819495	0.28357172	0.503131	-0.32934734	-0.32554513	0.384574	-0.024305684	-1.0122495	0.032544825	-0.19724534	0.6295597	-0.10154061	-0.08526444	0.020417431	-0.49868512	0.26731312	-0.1519343	-0.28291455	0.28293622	0.38449085	0.4760145	-0.53920573	-0.026890587	-0.5639183	0.3336262	-0.010520319	0.55939937	0.44601038	-0.70153105	-0.8872678	0.68570924	0.20969869	-0.1612397	-0.05486825	0.0622577	-0.6288168	-0.4760238	-0.19890644	0.22890861	-0.5924553	-0.17556584	-0.15829986	0.07819916	0.58811146	0.4991157	0.76445115	-1.1857947	-0.4075052	0.5279883	-0.10091687
0.014786008	0.33887583	0.013488279	-0.16862202	0.4900393	0.04575241	0.058224663	0.2346041	0.33822355	0.34824535	-0.06936207	0.15856083	0.052027635	-0.06261173	-0.035237484	0.28384283	0.16992082	0.039539024	0.017218845	0.2519339	0.04001059	-0.15150967	-0.36241677	0.022062046	-0.2388211	0.09951528	-0.2464648	-0.09434099	0.0021215354	0.23295297	-0.123241544	-0.33299005	0.018229421	-0.033046674	0.1496928	-0.008983691	-0.13427025	-0.08412469	0.20290762	-0.1625259	-0.5812641	0.038977943	-0.14025396	0.3013844	0.21132231	0.042474158	0.06749374	0.22779389	-0.20931157	-0.045944914	0.0066331597	0.015142698	0.113799185	-0.066074	-0.109398894	0.0901807	0.10338726	0.36485785	0.015115399	-0.074558966	0.100943826	0.10348625	-0.12672614	0.13420804	0.09068643	-0.08158955	-0.17181574	0.13798252	0.08949031	-0.070438184	0.1157047	0.14621575	0.19043829	0.023870897	0.11001638	0.1323752	0.036292575	0.14268865	-0.24133192	0.2037417	-0.16430402	-0.4005419	0.17796834	-0.07014831	0.018926928	-0.18708146	-0.083443314	0.067805976	-0.020597326	-0.1843931	0.18409842	-0.09552347	-0.25984025	-0.09358967	0.0780621	-0.14441366	-0.051576342	-0.14806765	0.19291374	-0.43150097	0.031112919	-0.37870982	0.2209139	0.09260765	-0.31118914	0.25815555	-0.05508548	-0.06666029	0.2084501	0.2597394	-0.002922963	0.23904736	0.050572176	0.19505355	-0.14944082	-0.13488781	0.1083512	0.11380745	0.35970423	-0.07361673	-0.11893657	0.32341206	0.41839153	0.08606663	-0.17116165	-0.39539438	0.13019751	0.077143386
0.08490497	0.16068941	-0.21715976	0.09040869	-0.02032346	-0.050559	-0.009790972	0.22715952	0.09958934	-0.23413648	-0.35361806	0.05616548	0.039401527	0.031204758	0.11046186	0.26005155	-0.1252966	-0.13754365	-0.059653997	-0.022215107	0.11060398	-0.1893242	-0.03546384	-0.05810719	-0.15906593	-0.03669278	-0.21164672	-0.4213451	-0.074986	0.109524675	-0.05672779	-0.27120647	0.23697634	-0.11033796	0.13112246	0.23918378	-0.41722244	-0.36720812	-0.12783323	-0.17997868	-0.22482821	-0.07038433	0.016686132	-0.18499403	0.22375324	-0.04901522	0.035631243	-0.0031685946	0.23417722	-0.06566475	-0.040205874	-0.61313367	0.030157091	0.02136918	0.13967706	0.0225549	0.20855752	0.42075968	0.3016602	0.5217802	-0.3283362	0.27034718	-0.4743424	-0.003451756	0.34149775	-0.05061666	-0.19970578	-0.21330775	0.16069223	-0.05723854	0.18372883	0.059110288	0.2887515	-0.23189771	0.15133762	0.15230219	0.13177875	-0.3546699	-0.26230326	0.02324726	0.032025345	-0.30612215	-0.06972404	0.18860628	-0.06330337	-0.06341664	0.20200871	0.18275368	0.19852562	-0.0028042549	-0.008701641	0.05648115	-0.035602752	0.16148604	-0.26488143	-0.0004792166	0.049362577	-0.012284309	0.11852757	-0.11260989	-0.31191254	-0.23967782	-0.04904086	0.13440414	-0.17158373	-0.046494756	-0.18851142	0.23077844	0.40840855	0.06417347	-0.0072451336	0.290606	-0.1471119	0.03807192	-0.32964084	0.0203962	-0.18341227	0.10672769	0.09292235	0.111016065	-0.1054788	-0.19179752	0.3923147	0.28894222	-0.17342523	-0.0679821	0.15394937	-0.10500584
0.37990454	0.31275257	0.39886072	0.41533035	0.7098123	0.5520456	-0.5826904	0.47282973	0.34499946	0.13798581	-0.6087197	0.2245124	-0.4546139	0.18213132	0.41077155	-0.37252358	-0.10795753	-0.33164552	-0.21046342	0.57524914	-0.021173932	-0.24133112	-0.5852423	0.3604118	-0.267779	0.37390897	-0.51385194	-0.23483677	-0.038007636	0.56236947	-0.67720246	0.024419753	0.32460204	0.33387828	-0.051596098	0.29117402	-0.26215968	-0.59071106	0.06531849	-0.3937353	-1.2154101	-0.28014052	0.3798674	-0.3242348	0.010127762	-0.17517716	0.20962268	0.41551408	-0.20593096	0.55001974	-0.45927423	-0.21374077	-0.41556314	0.48148054	0.1853818	-0.74962497	0.05096396	0.39219528	0.24882531	-0.08186985	-0.32181793	-0.019434191	-0.10046769	-0.05275629	0.50381815	-0.09417947	0.010199917	0.49752852	0.123890504	-0.106733136	0.43704328	-0.46462908	0.5362638	0.044967875	0.17514007	0.9395079	0.6749963	0.41243356	0.42561436	0.74630105	-0.46482915	-0.948871	0.5550662	0.6476747	-0.14760293	0.024466427	0.059960406	0.2790412	0.4462158	-0.46727037	-0.3520222	0.25972286	-0.7144079	-0.120158866	-0.099435054	-0.43855134	-0.0777342	0.27704272	0.52561206	-0.6407018	-0.6650526	-1.1986084	-0.19716726	-0.37255278	0.2988173	-0.26873237	-0.87867063	0.3410929	0.5236866	0.5319361	0.16464134	-0.34980458	0.5377898	0.3047577	-0.68556285	-0.07849002	-0.607022	-0.22733137	0.85182345	0.7020455	0.17611647	0.094023384	0.5894728	-0.52608585	-0.08775281	-0.105356656	0.4521181	0.023609122
0.27251768	-0.037255425	-0.093057215	-0.20819235	0.70514655	-0.17191927	-0.30697498	0.58929825	-0.13608517	0.19165266	0.22342889	-0.103714965	0.14493056	-0.14693053	0.10974975	0.77320594	0.1846761	0.40299785	-0.23100162	0.49286354	-0.08348115	-0.3837342	0.10975138	-0.68015975	-0.22717212	0.41219455	-0.53097	-0.07125505	-0.22933431	-0.07155616	-0.3810301	-0.10534704	-0.32807717	0.13089947	0.14157422	-0.10896478	-0.3581164	0.032813333	0.40781	-0.43071365	-0.5332922	0.04660579	-0.008121219	0.362886	0.29244033	-0.38471833	0.07222528	0.085313	0.21446794	-0.67329633	0.2092914	-0.21600841	-0.017689252	-0.44626728	-0.09303814	0.21094704	0.31593102	0.70809054	-0.4233242	0.22949259	-0.38210532	0.026610937	-0.4223037	0.31799388	0.20851317	-0.074210964	-0.1777488	0.30201435	-0.22680491	0.1691105	-0.3275746	0.21639657	-0.077399805	-0.42901558	-0.04135507	-0.18873714	-0.04422715	0.8197503	-0.49120662	0.31440893	-0.53990024	-0.085282914	0.1762079	0.30927268	0.14270496	-0.27014896	0.18650395	-0.041943222	0.71950036	-0.24864589	0.119111344	-0.19094461	-0.49492344	0.4281426	-0.15604064	0.14696772	-0.06678106	0.234595	0.6639503	-0.6970697	0.021443203	-0.48915878	-0.36478996	0.12843816	-0.21923411	0.2537492	-0.42701182	-0.1192491	0.5334866	0.40511826	-0.33977473	0.69243103	-0.21365057	-0.16164613	-0.1917628	0.12746163	0.16749397	0.032867234	0.43022546	-0.16887268	-0.45556667	-0.11995966	0.80455494	0.51040816	-0.06432707	-0.08364204	0.4748519	-0.14394943
-0.097684026	0.18596233	-0.24190316	0.24781023	0.34171847	0.21376505	0.08806675	0.20420858	0.43736082	0.21582632	0.35119867	0.07817002	0.061569013	-0.056697596	0.10544649	0.39703643	0.047141917	-0.11315523	-0.1103723	0.4298746	-0.02116867	-0.030981654	-0.132569	-0.0733689	-0.47571725	0.18498997	-0.24562626	-0.07455437	0.21044701	0.08113711	-0.17568575	-0.05491417	-0.08520409	0.008233397	0.050605893	-0.025886577	-0.11714507	-0.16569594	0.37527055	-0.3664449	-0.15640329	-0.0063702357	-0.012437966	0.026100062	0.31601667	-0.20572555	-0.28035492	0.2891879	-0.29489255	-0.20779335	-0.19453748	0.32114905	0.030969817	0.0100505	-0.07400676	-0.027127651	-0.019606164	0.3206501	-0.1876853	-0.16388972	-0.2558205	-0.00593076	-0.15207879	0.06327758	-0.12046164	-0.24476661	0.054433476	-0.098977104	-0.06021936	-0.03638894	-0.22029354	0.12157119	0.088244885	-0.019339886	-9.481243e-05	0.083453774	-0.18818313	-0.26406956	-0.00682743	0.24508037	-0.21089487	-0.27891052	-0.20655482	-0.06277407	0.16832781	-0.3359752	-0.20599991	0.2281772	0.09276274	-0.2789792	0.17291002	-0.19624457	-0.5835714	-0.1860203	-0.10782754	-0.3497603	-0.29490745	0.31729305	0.31147945	0.002127474	0.11822781	-0.37148026	-0.21933857	-0.053656504	-0.008462211	0.20171694	-0.19752231	-0.10678587	0.21358505	0.2543407	0.1986811	0.2453334	0.19885567	-0.2899362	-0.12017374	-0.08103577	-0.004247044	0.11574425	0.14525814	-0.02839789	-0.072319806	-0.0056278445	0.3505186	-0.002831096	-0.24752586	-0.3749554	0.051546834	-0.21494132
0.08317218	0.4521508	0.40762934	0.1667779	0.6549092	0.21907279	-0.056297414	0.56569064	0.54534847	0.028048092	0.5695262	-0.37227422	0.026556948	-0.010852596	0.24198352	0.56917846	0.17544411	0.16230066	-0.14395857	0.28688437	0.046057668	0.21881056	-0.33189988	-0.42127007	-0.25353768	0.68139195	-0.16502869	-0.19870777	-0.1782707	0.8005391	0.22313975	-0.2317769	-0.18031704	0.05815388	-0.23678738	0.02212206	-0.023732211	0.46589127	0.5032258	-0.6504094	-0.3419788	0.26071867	-0.081629634	0.059575487	0.42762703	-0.78915364	-0.39958867	0.12759203	-0.5338947	0.20856075	-0.41585982	0.69567114	-0.21011774	0.3995987	-0.21152425	-0.052974705	-0.47258192	0.48448384	0.55452186	-0.20374165	-0.27210265	0.17177536	-0.30621028	0.03298999	-0.18245798	-0.26284418	0.30441827	0.07262026	0.10425116	-0.033430845	-0.18799835	0.09074777	0.7322227	-0.063671276	0.07299973	-0.10590197	0.23845476	0.17711163	-0.16739449	0.19206935	-0.34553796	-0.3979565	-0.3036861	0.2407161	-0.5080258	-0.5291627	-0.047593527	0.13280633	0.09112401	-0.21373266	-0.009664291	-0.47621813	-1.1063933	-0.23058085	-0.13870367	-0.38336968	-0.4955797	0.5233118	0.2729507	-0.2920237	-0.30464593	-0.55251646	-0.65959066	0.2158763	0.22909175	0.679266	-0.23668651	-0.32676268	0.31155244	0.4570539	0.053451277	0.6547402	0.1802093	0.06740873	-0.59536755	-0.06979539	-0.42406556	-0.11784611	1.0186641	-0.20005085	0.2405683	-0.15140688	0.6317196	0.17871457	0.109919496	-0.77307445	0.16688277	0.19526517
-0.3304755	0.20630018	0.044242416	0.10148827	0.7949865	-0.10095668	-0.15447603	0.6748314	0.45295513	0.07862126	0.5257765	-0.35750312	0.46061125	-0.31095564	-0.544364	0.64984095	0.12457691	0.030533325	-0.24999708	0.5324408	-0.11249978	-0.2393086	-0.6613035	-0.58750826	-0.64679927	0.65474164	-0.4429695	-0.26641306	0.37045997	0.41791356	0.02716484	-0.26188752	-0.08664739	0.14460053	0.20884305	-0.100925624	0.06430556	-0.30206108	0.75533813	-0.37480733	-0.35230675	-0.35959765	-0.14440188	-0.27221006	0.4295027	-1.0667642	-0.025052223	0.42900816	-0.37773892	-0.44520515	-0.2727766	0.4942594	0.15277465	0.13079864	-0.6737278	-0.15314104	-0.5157577	0.46307868	0.28373057	-0.37838027	-0.6000018	-0.07024023	-0.21509634	-0.003278259	-0.37997344	-0.11587523	-0.014304759	-0.15637472	-0.38188675	-0.17125918	-0.08694424	0.60114324	-0.22070499	-0.27663547	0.3148616	-0.19635381	-0.3184813	-0.13308842	-0.2151993	0.5643984	-0.48524034	-0.41403905	-0.31555462	-0.073063254	-0.012068373	-0.94857454	-0.08551261	0.01123665	-0.2541321	-0.13800143	-0.17933813	0.30720076	-0.97971195	-0.22229716	0.05784801	-0.33308792	0.018743023	0.042223547	0.5919178	0.17730628	-0.0069930525	-0.5906545	-0.35020155	-0.03928057	0.2971064	0.24223587	-0.43637455	-0.55624485	0.1232013	0.32357895	0.4595965	0.5610741	-0.00064492057	0.20077187	-0.5449485	-0.001244294	-0.08598003	-0.06236809	0.45348766	-0.24062562	-0.052200615	0.02926899	0.6748884	0.20195661	-0.33010238	-0.4771393	-0.3708851	0.05777503
0.37145826	0.016733056	0.027659861	0.24730058	0.2065354	0.17683697	-0.06520495	0.48038968	0.018373732	0.060592737	0.19651012	-0.00833793	0.25113028	-0.0771634	-0.14941962	0.5565538	0.40261936	-0.060695704	-0.3355972	0.56735915	-0.24256052	-0.24779452	-0.48475564	-0.037359543	-0.6001232	0.38867596	-0.3841302	-0.29677817	0.26504436	-0.122628346	-0.21551715	-0.31881434	-0.008644762	0.103798635	0.29150212	0.16692092	-0.15367304	0.13561045	0.33639872	-0.13906927	-0.43438616	0.24413122	-0.4826112	-0.032461513	0.18132079	-0.22964121	-0.30575302	-0.15727887	-0.39262328	-0.11133273	-0.12912217	0.149844	-0.1140029	-0.012960767	0.009542769	-0.1987663	-0.037160765	0.41257095	-0.030776016	-0.14269036	-0.5294102	0.34499052	-0.07193683	0.51196027	-0.14142138	-0.09650543	-0.14947195	-0.17064422	-0.17090903	-0.14122964	-0.17608243	0.06793706	-0.19615416	-0.13138539	0.19729532	-0.41436246	-0.042561054	0.0601792	-0.058024097	0.3066947	0.033569966	-0.39802235	0.13805489	0.04943344	-0.04589794	-0.48528904	0.073210366	0.19697039	0.12138114	-0.0702723	-0.31729075	-0.004694811	-0.51015526	-0.15280254	0.18466127	-0.6467268	0.07055821	0.61673015	0.1259221	-0.1627744	-0.05949472	-0.17891279	-0.57213044	0.07916262	-0.05266147	-0.24317999	-0.045044612	-0.2649804	0.5665327	-0.021200594	0.06396401	0.51761293	-0.16741906	-0.1213596	-0.28050575	-0.26235542	-0.36166972	-0.14749241	0.35581097	-0.19618843	-0.14748108	-0.5483189	0.0035638032	0.1119192	-0.090952516	-0.113361776	0.16386773	-0.45088354
0.27321717	0.4100012	0.40432915	0.43332407	0.80491567	0.4466882	-0.5333629	0.5294772	0.3834994	0.1430642	-0.59088916	0.18389569	-0.360497	0.13828917	0.2611836	-0.3132547	-0.095658585	-0.30345067	-0.16435738	0.72084856	-0.013375121	-0.2451998	-0.5828952	0.40231103	-0.35212573	0.20505413	-0.6064355	-0.08992918	0.09981515	0.3823099	-0.65168744	0.15755722	0.2356135	0.21251474	-0.15335871	0.29239783	-0.28396592	-0.5350378	0.07856809	-0.19010876	-1.2648648	-0.09721663	0.20434757	-0.35794863	0.08526184	-0.13006352	0.22735716	0.47530028	0.016134506	0.34697315	-0.53800213	-0.18319905	-0.34409115	0.4769169	0.16811034	-0.56550723	0.014117666	0.38762882	0.31241253	0.04773921	-0.4183279	0.23437652	-0.19910468	-0.03360795	0.6423872	-0.034772173	-0.04771338	0.44116777	0.13326243	0.06831978	0.53254884	-0.49910146	0.58611566	0.14359441	0.18181227	0.8072444	0.8456062	0.2940695	0.42590448	0.810877	-0.38082707	-0.9270043	0.56518364	0.6376545	-0.13745436	0.005039307	-0.07771254	0.2333927	0.5088735	-0.41157356	-0.33979988	0.30640346	-0.6850481	-0.18360934	0.00046342664	-0.44590694	-0.0764972	0.2516518	0.48475513	-0.8593137	-0.57686687	-1.336106	-0.18047884	-0.3078983	0.2465633	-0.1172434	-0.7762407	0.25472432	0.6291164	0.54947716	-0.100651145	-0.20275398	0.5279156	0.37107253	-0.57517904	-0.14832592	-0.61710477	-0.19550969	0.8697943	0.8603713	0.23619239	0.09094653	0.6732302	-0.6719421	-0.113459595	-0.08494482	0.47321922	0.09317551
-0.072303854	-0.0009144463	0.06602826	-0.2257609	0.019078191	0.03184542	0.1862203	-0.05256583	0.4123197	0.06676501	-0.10051588	-0.08085109	0.33464214	0.094971396	0.05255352	0.18552059	-0.0072826515	-0.24827474	-0.43022308	0.2016306	0.31135768	-0.37055713	-0.13588989	-0.063660406	-0.1938823	-0.25996846	0.058714677	-0.02956597	0.124050215	0.21384244	0.0359234	-0.07213394	0.3925955	-0.060197685	0.31886846	0.19058383	-0.27863035	-0.28581664	0.0010968574	0.12726241	-0.38455126	-0.4886273	-0.16815	-0.4644832	0.3330806	-0.17942777	0.27790034	0.11646173	-0.08827242	0.010143609	-0.19484778	0.06794335	0.22844402	-0.13288754	0.09897653	0.053585295	0.21983835	0.31477606	0.099135324	-0.01730753	-0.37539783	0.30836204	-0.5488838	0.31990004	0.26046866	0.023353534	0.24364096	-0.3029617	-0.057263963	-0.037886515	0.05147198	0.30393195	-0.22063018	-0.10067814	0.16098598	-0.43185103	-0.059422486	-0.09653192	-0.3308459	0.023701228	0.04830747	-0.32770586	0.23821916	0.085475035	-0.33716628	-0.36577076	0.014008358	-0.055701118	0.022344824	0.058701523	0.26721016	-0.25786465	-0.3120424	-0.08889181	-0.043075714	0.1463424	0.16634479	-0.12894116	0.22410975	-0.036720835	-0.1016498	-0.20937225	-0.16424727	-0.22212704	-0.07552155	0.111604534	-0.4076479	-0.040490087	0.2863534	0.23267475	0.050089415	0.1552836	0.053023137	0.42223272	-0.2515341	0.56098586	-0.20289344	0.02640262	-0.21017843	0.26016748	0.07787024	0.098887235	0.1302246	-0.24548872	-0.2575782	0.06513813	0.1608936	0.014486005
0.2729668	0.20062037	0.08924946	0.2412775	0.5016528	0.084963426	0.11842364	0.27909562	0.2541949	0.30653322	-0.24032396	0.082450986	-0.08268778	-0.09540703	0.21364918	0.21922663	0.23854658	0.16620345	-0.21997492	0.28803277	0.06970873	0.03106432	-0.40868786	0.0029684869	-0.46756816	0.32959467	-0.4100259	0.0268751	0.3984325	0.39468545	-0.25420976	-0.3018189	-0.26912087	-0.085215926	0.18146281	-0.09674036	-0.3932638	-0.37068954	0.2353293	-0.19407487	-0.4854741	-0.023902247	-0.4742096	0.2896153	0.2356878	-0.16120432	-0.25162622	0.20500627	-0.15741238	-0.01952447	-0.38444787	0.029714838	-0.11793846	0.054549374	-0.15204193	-0.0250208	-0.054629788	0.38937357	0.058021866	-0.29285178	-0.19989142	0.17437154	-0.3219158	0.1880437	-0.09719765	-0.076288074	-0.29188517	0.027840858	-0.024264472	-0.054147802	0.0075665824	0.13813338	0.32189032	0.030093482	0.15385969	0.2789681	-0.06967562	0.06369231	0.22226161	0.57186013	-0.058210168	-0.2780233	0.063533686	0.041451912	-0.15548751	-0.32635218	-0.08918444	0.13065223	0.024663601	-0.19969565	-0.1817321	-0.049339827	-0.328892	-0.19745827	0.2959213	-0.31385502	-0.052905027	0.2842316	0.43367603	-0.22767967	0.14255193	-0.64437354	-0.10508173	-0.008469622	0.1139839	-0.006092994	-0.03942598	-0.22768416	0.5370211	0.3173134	0.009176248	0.16915165	0.049972694	0.18180965	-0.26784405	-0.25761384	0.077420846	0.19803725	0.60607636	0.12822817	0.0025039073	0.29480213	0.47473842	-0.047586743	-0.2761722	-0.098175734	0.21031137	0.092892654
0.21598312	0.32062548	-0.08853493	0.1318146	0.16240652	0.28005442	0.6500236	0.6067091	-0.077204034	-0.7522132	-0.16181074	-0.10845022	-0.36456168	0.053648196	0.007881223	0.0058944463	-0.13826533	-0.834364	-0.4464924	-0.43403593	0.038967904	-0.24254017	0.041461285	-0.2955623	-0.47656018	0.19867697	-0.006487448	-0.60369676	-0.026746016	-0.008373723	-0.30428588	-0.047624927	0.4966328	0.47845355	0.041847154	0.22397102	-0.42605847	-0.5001562	-0.004617787	-0.18471417	0.1793834	-0.19033276	0.17204359	0.02799909	0.11046908	-0.27477762	0.35117984	0.10374863	-0.13073416	0.5068994	0.08223996	-0.215993	-0.17257728	-0.07688557	0.21499072	-0.37201068	0.23020113	0.36302656	-0.22928903	0.67348117	-0.39220908	0.2779964	-0.47824025	-0.13063195	0.6541741	-0.09844077	-0.13005243	-0.026119677	-0.10301037	-0.3606529	-0.27745637	-0.31607422	0.14195864	-0.41174927	0.010587602	0.6255244	0.021307642	-0.5589077	-0.20429361	-0.09871623	-0.42104188	-0.06820341	0.749619	-0.006066291	-0.67911863	-0.2210205	0.120065734	0.17959216	0.5546799	0.02501344	-0.41079617	-0.08182934	-0.071572445	0.062019937	-0.49896237	0.16125114	0.41601697	-0.32625458	0.22337796	-0.37427053	-0.03774848	-0.36291784	0.32782885	0.254758	0.12681511	0.101586185	-0.30504626	0.40811506	-0.047247518	0.18013519	0.41668862	0.36127907	0.44068876	0.25722924	-0.4604329	0.17078094	0.02768666	-0.04244662	0.071951345	0.16535741	-0.03562911	-0.44887128	0.30378306	0.41576263	-0.30652624	-0.0028009836	0.6059812	-0.06003175
0.11850542	0.059237283	-0.1917753	-0.19139314	0.22215073	-0.00061389024	-0.09872681	0.062342964	0.22435302	0.35364622	-0.35133478	-0.22037926	0.13610256	-0.026623402	-0.06616976	0.4345205	-0.21377361	-0.36431736	-0.012001796	0.3312871	0.023875399	-0.07237285	0.12787053	-0.23076521	-0.2270689	-0.104716554	-0.34717584	-0.14521168	0.16486113	-0.016307611	-0.301961	-0.15893915	0.1595972	0.17997134	0.021261465	-0.12406065	-0.32770514	-0.2723483	-0.032045253	0.11793171	-0.45998752	-0.08920146	-0.07210055	-0.113112465	0.3717794	-0.20936626	0.14829105	-0.03572474	-0.17361413	-0.2033482	0.06792574	0.2652495	0.0789597	-0.17207855	0.07379708	0.07234305	0.4111707	0.37945795	0.24072547	0.18588819	-0.104932085	0.07135721	-0.42102593	0.29977828	0.2237311	-0.13884881	0.21591237	-0.27897984	0.006447465	0.03937065	-0.023707801	0.33644927	0.14315228	-0.018568203	0.049754553	-0.30285943	-0.05247029	-0.07127102	-0.24485476	0.14558384	-0.24379657	-0.23413703	0.10870598	-0.060293436	-0.1391338	-0.10029794	-0.117251016	0.28710943	0.10177335	-0.19141169	0.105398685	-0.49126142	0.089828365	-0.33506343	-0.3781279	0.021831919	0.30431268	-0.06818095	0.109423056	-0.1278953	0.08352436	-0.42667487	-0.35475883	-0.1359377	-0.037714526	0.13113	-0.13893516	-0.043302104	0.3474831	0.26146704	-0.115528315	0.3627177	-0.035491828	0.08327535	0.04946946	0.5638334	-0.24023715	0.13503551	0.05924339	0.17182355	-0.20345356	0.06585387	0.23096052	0.08539195	-0.19886594	0.051050115	0.16064893	0.04650835
0.15427959	0.0656889	-0.36279392	-0.28441337	-0.10413237	0.31813857	-0.3164224	0.2964013	0.10356805	0.08363448	0.7081389	-0.043597728	-0.33468056	0.058313925	-0.015707506	0.27469358	0.045189686	0.15247647	0.2502483	0.36723727	-0.21312599	0.31041583	-0.19568862	-0.20927934	-0.3577771	-0.10106592	0.0005829863	-0.13425586	-0.36248374	0.26458967	0.14096496	-0.22894962	0.16346288	0.7305868	0.22905788	-0.15289024	0.27130032	-0.45114228	0.050804853	-0.27492806	-0.21163043	-0.021449627	-0.11434344	0.31880465	0.72596335	-0.17368251	0.62296337	-0.31841516	-0.52166206	0.28827485	0.28617716	0.029083839	-0.05477712	-0.6951813	0.06849201	-0.3999251	0.32744646	0.4430128	0.26022574	-0.08718874	-0.35994598	0.20865907	-0.49555424	0.2575775	0.23637953	-0.11570111	0.48569041	0.28575945	0.041212033	-0.3083951	-0.06555505	0.039107144	0.44694155	-0.64023817	-0.09436493	0.06523242	0.22708727	0.09862569	-0.59052056	-0.6343215	-0.734229	-0.6312459	-0.031399976	0.12439257	-0.23823921	-0.29106516	0.08887845	0.38554156	0.39625058	-0.48859808	0.096840434	-0.8351142	-0.6514071	-0.29348403	-0.53459793	0.14605266	0.42328012	0.081415415	0.39519006	-0.32713512	-0.14797068	-0.23537067	-0.19230099	0.295718	0.14848316	-0.1364957	-0.30070084	-0.15903436	0.6154703	0.23158166	0.3622106	0.92144215	0.29378685	-0.041240975	0.063513204	0.36917463	-0.4535548	-0.12642446	-0.08043988	0.18785672	-0.36589244	-0.32631212	0.48980775	0.83162814	-0.36043862	0.05759131	0.56291866	0.04142461
-0.70987916	0.364493	-0.03764534	-0.07321326	0.73641753	1.5237771	-0.051729478	1.164346	0.20087342	0.39074433	0.5002535	0.53542614	0.012409543	0.60101414	0.061748575	1.1110971	0.21945493	-0.10397605	0.20721117	0.12903155	0.13112986	0.16828218	-0.42278424	-0.19516805	-0.6046278	-0.22001691	0.18594933	-0.008222228	-0.19648926	-0.86363006	0.26554668	-0.5964899	0.270453	-0.19551781	-0.15785068	-0.19579948	0.35154507	-0.76789844	-0.42076743	-0.28842402	-1.0495907	0.49682134	-0.7970801	0.039576273	0.00013823684	0.12921968	-0.20223904	0.43598118	0.3940198	0.009861249	0.5174591	-0.16998076	-0.31694046	-0.7785628	-0.5539313	0.721475	-0.3459914	0.1961165	-0.025915159	-0.14556885	-0.7739608	0.8017578	-0.9688092	-0.43137595	-0.02009381	0.7353792	0.30342585	-0.22696306	0.46781048	-0.16597015	-0.21554159	0.20747927	0.9247914	-0.07402667	-0.11926787	0.6794903	0.27132672	-0.2316454	-0.15934859	0.2073758	-0.21657954	-0.8169092	-1.2378768	0.23328991	0.17361775	0.12625553	0.34236884	-0.0511095	0.8123157	-0.26892105	0.4295754	-0.80696964	-0.053596515	1.3587974	-0.45449424	0.6352472	0.60678136	0.031231951	0.7849694	-0.9282468	-0.19434042	-1.15662	0.002590598	0.4756266	-0.43130898	-0.07492971	0.02094041	0.15564455	0.3432945	0.39399505	0.2786936	0.55070686	0.02108049	-0.0350147	0.010939825	0.79594505	-0.49733877	-0.4670835	-0.5126625	-0.6001252	-0.543516	-1.0440778	0.7250756	0.22671211	-0.27512413	0.11828123	0.07026591	-0.6512529
0.06573592	0.29966205	-0.21188647	0.046967026	0.36233258	0.10242817	0.10037354	0.24590907	0.15886784	0.24721523	-0.07298868	0.16813928	0.047580678	-0.08372354	0.07957717	0.35568136	0.12174851	0.0337973	0.12656134	0.31035152	0.07451838	0.121803224	-0.16755359	0.29795846	-0.3274602	-0.08368958	-0.23010692	-0.12978533	-0.066558495	0.22990184	-0.14815779	-0.3899401	0.048780475	0.04478063	0.08088991	0.11545029	-0.16283117	-0.22228402	0.0668807	-0.16401033	-0.5447133	0.03462954	-0.13130762	0.16981758	0.20349558	0.013849411	0.11393481	0.0965477	-0.20483775	0.091513164	0.065805264	-0.13803014	0.16437307	-0.10947512	-0.06936863	0.08320867	0.12932023	0.3142615	0.14727178	0.08624234	-0.0051506073	0.07139206	-0.30419618	0.07332165	0.023389412	-0.08628872	-0.113225035	0.071811885	0.19977923	-0.23932843	0.11727585	0.03798103	0.21842426	0.08648382	0.09084191	0.26597813	-0.04696818	0.008707881	-0.14245023	0.16754928	-0.12442731	-0.20902082	-0.003344414	-0.13709399	0.10768998	-0.04478708	0.043864623	0.12079466	0.0993653	-0.15434246	0.03517332	-0.170541	-0.16885422	-0.054874647	-0.03354695	-0.10673405	0.0024435725	-0.12658627	0.031729028	-0.27627155	0.04497898	-0.34663075	0.16133472	0.033189714	-0.2093495	0.19892041	0.060278215	-0.017011516	0.2923751	0.09072885	-0.036488112	0.15834661	0.038464546	0.028045647	-0.096597925	-0.16749237	0.088331394	0.17110233	0.14471085	-0.032262377	-0.0485584	0.16988426	0.26623914	0.18354215	-0.13963504	-0.23625448	0.11011905	0.09557297
0.26143283	1.1784191	0.47498524	-0.56146103	-0.0576792	-0.13500592	0.13614418	0.23501387	0.8289732	-0.2356299	0.3601643	0.7487936	-0.66441613	-0.38274854	0.11492755	0.038610548	0.13069129	-0.36070946	-0.4889594	0.050516866	0.14607267	-0.32251573	0.11321118	0.31530213	-0.18593645	-0.15997079	-0.42196363	-0.19665515	-0.2693418	0.13076478	0.36132464	-0.09074246	0.3336458	0.23569281	0.6337503	0.16266415	0.16940083	-0.3240535	-0.14571461	0.52160484	-0.46555683	-0.46715203	-0.4384878	-0.36896542	0.008998912	-0.067564875	0.04497948	0.061841294	0.7835586	0.50810695	-0.42740396	-0.121700704	-0.671769	-0.13552807	-0.14067693	-0.10422215	0.3905876	0.24170214	0.20803589	0.47924274	-0.78211427	0.88673025	-0.5482627	-0.20439428	0.9995967	0.0034139412	-0.2319665	-0.5515181	0.07115796	-0.38476285	0.77803415	0.13771781	0.70676684	-0.6445587	0.47828647	-0.4169288	0.50923306	0.50267434	0.5264955	0.44855276	-0.15957287	-0.9283575	0.32705438	0.4715672	-0.5293801	-0.03265646	0.03072435	-0.37303966	0.32793573	-0.024677506	-0.0323094	0.2521466	-0.23869795	-0.11040346	0.20999871	-0.23999098	0.18941762	-0.27244285	0.6040375	-0.57772565	-0.29494286	-1.1971494	0.808742	0.1660928	-0.32186043	-0.74145585	-1.0153599	-0.15140815	1.0099435	0.49587092	0.408789	-0.20667544	0.21339238	1.0117549	-1.2022349	-0.09733708	-1.0309076	-0.33806196	-0.022852616	0.080395445	0.21310323	0.10013276	0.6246359	-0.4210021	-0.017240535	0.7530728	0.6535509	0.051517464
0.0076919445	0.12121426	-0.14398532	-0.096300334	0.26903096	0.17919576	-0.1702054	0.16878651	0.2564839	0.20635861	0.004660826	0.008567672	0.13140711	-0.017257525	-0.019399285	0.20297536	-0.099460565	-0.16311978	0.10733133	0.2995119	-0.0067564133	0.08852357	-0.017499762	-0.05028665	-0.25162292	-0.03592262	-0.31745958	-0.12250228	0.06960852	-0.048443906	-0.041162997	-0.08681097	-0.071652375	0.049086224	-0.060533296	-0.13778293	-0.24732126	-0.14826939	0.07176042	-0.06298245	-0.36669454	0.08010468	-0.11135721	0.07710809	0.21263905	-0.1356023	0.0066289115	0.12290398	-0.107581384	-0.120735556	-0.09104542	0.2558738	-0.03998189	-0.0990333	-0.04957469	0.014265032	0.15177107	0.17950633	0.05762463	0.1229502	-0.11428218	0.05388924	-0.2262045	0.12339042	-0.089855425	-0.082824096	-0.04505522	-0.031565435	0.09937948	-0.025408959	-0.1084412	0.07778025	0.1138189	0.05561005	0.03932075	0.15248168	-0.05950722	-0.23446769	0.022699207	0.04671272	-0.022781335	-0.2026075	-0.09950266	0.07604805	0.20762286	-0.02746899	0.10404138	0.17460921	0.07169219	-0.16001563	0.14576489	-0.24089028	-0.076273516	-0.16523373	-0.02307748	-0.09026393	0.0006169904	0.16942121	0.18025616	-0.14546537	0.009349201	-0.3432465	-0.2318271	-0.06612565	0.029919246	-0.082522064	-0.073989175	-0.12651874	0.20449433	0.30776665	0.013199201	0.2607306	0.081194974	-0.1127434	-0.008964812	0.21078523	-0.02432231	0.1060608	0.077600405	0.046649765	-0.06642514	-0.022568338	0.14313073	0.0024662274	-0.090477094	-0.041297052	0.059671905	-0.0662337
-0.38335457	0.21163136	0.7261816	-0.4912584	0.40607777	-0.090376	0.0858613	0.40893322	0.29189044	-0.23368254	-0.100473344	0.12849551	-0.1771056	-0.2345983	-0.54051405	0.23331784	-0.08453465	-0.0777728	-0.17257634	0.4201318	-0.05951211	-0.5641137	-0.117252104	-0.61292535	-0.5854997	0.4109757	-0.38606215	-0.045210492	-0.11053198	0.5113431	-0.33607054	-0.17847824	0.35915428	0.064898685	-0.005298606	-0.24978425	-0.35434437	0.062002283	0.23679419	-0.42395186	-0.12232941	0.24311115	0.038313996	-0.47485608	0.12588815	-0.5608028	0.8736638	0.6908405	-0.39486042	0.1624577	-0.39622357	-0.77272147	0.0026910934	0.4588929	0.7351483	-0.94802034	0.08717835	0.17534164	-0.17200796	0.09242627	-0.21030284	0.34876066	-0.245536	-0.10314135	-0.17934452	-0.12676112	-0.0014971085	0.2650892	-0.38589904	0.6887447	0.13301176	-0.18578164	0.5263421	-0.017298572	0.1599118	-0.08495475	0.40553406	0.21133956	0.15934382	-0.0974954	-0.37235218	-0.4231895	0.13779998	0.1889951	-0.8468491	-0.17071313	-0.16985624	0.6571732	0.2667159	-0.2791944	0.502573	-0.12423559	-0.69637257	-0.49049014	-0.13895419	-0.5300639	-0.5281525	0.2686467	0.35596254	-0.8049931	-0.5027944	-1.0322198	0.10926884	0.39986756	0.20936683	0.30878022	-0.28586242	-0.24611787	0.5098875	0.046491668	-0.09527827	-0.11559172	-0.07013514	0.24208249	-0.22413614	-0.6795579	-0.16227694	-0.1848139	0.27821866	0.11544907	0.89736956	-0.039311677	0.7758081	0.08804378	-1.1974448	0.010082643	0.051107775	0.014525849
0.01726827	0.15629943	0.04157517	-0.005240825	0.31714675	0.049176723	0.09059111	0.115120254	0.16005073	0.121653624	-0.10384029	0.091501735	0.017326728	-0.012309876	0.12552004	0.104222484	0.16177379	0.022313703	-0.12000887	-0.0069184517	0.007617228	0.043486733	-0.18333426	0.08894724	-0.2331239	0.076628216	-0.06751118	-0.057108756	-0.010622994	0.1424871	-0.035487887	-0.15231034	-0.06159908	0.0173529	0.046487723	-0.08223528	-0.25594726	-0.12157643	0.033939727	-0.066247225	-0.25398508	-0.07283223	-0.17751275	0.13260064	-0.017555296	0.020766918	-0.022089636	0.20439166	-0.14248903	0.11288884	-0.038672164	0.06827439	0.12680796	-0.0059982864	-0.11637976	-0.036931884	0.058452327	0.11231048	0.04154487	-0.08290936	-0.025434626	0.11405398	-0.09481827	-0.07297746	0.032095194	-0.12677981	-0.029745506	0.07889458	-0.05055581	-0.1171789	0.02615671	0.06922982	0.049781423	-0.009255905	0.04047836	0.059053183	-0.0954395	0.12859018	-0.006665224	0.14034693	0.08020762	-0.14091259	0.014355691	0.034580983	-0.0041581164	-0.13557976	0.032616064	-0.0584792	0.04497589	-0.1250448	0.012205818	-0.09490888	-0.18163924	-0.04566656	-0.14427625	-0.013328466	-0.0139855305	-0.02736349	0.06065639	-0.21799175	0.04667654	-0.31851488	-0.025014695	0.021816367	-0.044226542	0.031269845	-0.014594209	0.0008833259	0.05459991	0.17506309	-0.012345989	0.06712981	-0.0048062457	0.056844607	-0.1797645	-0.061510947	0.008407723	0.05631334	0.1843422	-0.002585192	-0.075381085	0.10382441	0.22433971	0.070857756	-0.017527035	0.062058818	0.17156209	0.060213882
0.04124325	0.26837265	-0.16065754	0.027503828	0.39525595	0.06487248	0.1146207	0.20721737	0.16392459	0.24187207	-0.08939836	0.13273647	0.023159835	-0.06289938	0.050637085	0.3251858	0.1197446	0.0067030913	0.059088025	0.2898469	0.04084398	0.06838693	-0.20197642	0.2509384	-0.282934	-0.11710157	-0.20541565	-0.13667665	0.017396286	0.1931187	-0.13728988	-0.33199742	0.038958207	0.013886524	0.15368599	0.10910304	-0.24330881	-0.1663534	0.09086548	-0.14393227	-0.5667604	0.03071228	-0.12848763	0.15418549	0.21819258	0.015635874	0.09227566	0.09019185	-0.24529037	0.10447975	0.10262199	-0.047005083	0.15433206	-0.10576133	-0.06351164	0.05329159	0.087650664	0.2487295	0.1361159	0.08322198	0.05668723	0.11947603	-0.2086959	0.07415618	0.036237363	-0.085043035	-0.1250838	0.09490941	0.19311653	-0.23491396	0.10434249	0.07075352	0.1676085	0.04868483	0.08940959	0.24854814	-0.06347389	0.04325143	-0.12230678	0.18292567	-0.12702726	-0.21560195	0.023508228	-0.1477614	0.082364164	-0.06893629	0.025040403	0.11645432	0.08201377	-0.1471998	0.03653409	-0.1608277	-0.15040602	-0.10788605	-0.038538907	-0.08458905	-0.09013492	-0.083231844	0.039534956	-0.2954496	0.063559934	-0.34669548	0.15105225	0.089422524	-0.19850701	0.20765245	-0.01723096	-0.066616096	0.22913897	0.11512307	-0.04989906	0.14342642	0.08970428	0.040855374	-0.11068001	-0.16622375	0.12766342	0.102269836	0.18071258	0.004110357	-0.0825079	0.17915362	0.27833515	0.12375497	-0.12445057	-0.24116637	0.15398903	0.08101822
0.07254773	0.2242324	-0.23955767	0.07920476	0.024962815	-0.020441443	-0.01179053	0.23795962	0.08742889	-0.21842255	-0.39375764	0.060517747	0.029243205	-0.014318572	0.09092872	0.31268743	-0.08128965	-0.15794693	-0.0147295855	-0.07441985	0.096975006	-0.16380867	-0.049366083	-0.062175993	-0.17165709	-0.06398341	-0.2105224	-0.43943775	-0.13903621	0.11136316	-0.10146789	-0.29448906	0.2234411	-0.1310586	0.13013443	0.23203352	-0.40924883	-0.34825972	-0.13839601	-0.17875506	-0.24900147	-0.09250016	-0.06154627	-0.15082283	0.17870551	-0.064366065	0.050972257	-0.035903282	0.2227759	-0.06020414	-0.053464584	-0.5957332	-0.010230475	-0.0022755277	0.13896593	-0.01225307	0.23122427	0.4474305	0.28711745	0.51244795	-0.37494344	0.2736749	-0.48323488	-0.028843787	0.32644698	-0.070008166	-0.21465714	-0.22785805	0.12208422	-0.033363335	0.1505896	0.09362819	0.3030744	-0.25786605	0.16723362	0.16032961	0.111684196	-0.3448131	-0.26139715	0.04180721	0.024592029	-0.28612405	-0.08080245	0.18612705	-0.06369918	-0.04208	0.18690962	0.23474352	0.20500617	0.005978358	-0.010284291	0.02300855	-0.026106516	0.12833332	-0.27256072	-0.023563672	0.073286094	-0.008213559	0.108283214	-0.1407868	-0.32828262	-0.30852798	-0.043245833	0.11504839	-0.18434975	-0.02018048	-0.15174815	0.1736179	0.3906162	0.016046649	-0.017193934	0.29295474	-0.15367377	0.06150042	-0.33446297	-0.054736316	-0.1625245	0.047729738	0.055317245	0.068956815	-0.07912121	-0.21378216	0.40588188	0.28385472	-0.16820678	-0.024660671	0.13681836	-0.13161686
0.24383388	-0.00822892	-0.027033161	-0.13286069	0.6959958	-0.18065208	-0.2536562	0.55771905	-0.08643938	0.20929864	0.3061433	-0.07354161	0.23718093	-0.11208533	0.019953009	0.78981054	0.33658427	0.4266056	-0.25780222	0.47228044	-0.13948588	-0.2753824	0.17847441	-0.7344329	-0.28882313	0.41011035	-0.56270134	0.09101031	-0.18801811	0.022269856	-0.21322437	-0.08946271	-0.32509837	0.0208489	0.09939431	-0.22870769	-0.48443416	-0.017937686	0.3005983	-0.42333424	-0.68267334	0.091778696	0.035318233	0.33702075	0.31782055	-0.46993542	-0.060738634	0.032767262	0.26196957	-0.59513336	0.08707421	-0.053536154	-0.049822863	-0.48058045	-0.045865465	0.13527422	0.2816965	0.7199928	-0.2387571	0.31000522	-0.39809832	-0.0015349733	-0.46221492	0.46027827	0.1507918	-0.11894343	-0.22346732	0.44286206	-0.13885596	0.2628866	-0.27581042	0.23919395	-0.12940328	-0.42838714	-0.039481767	-0.34150693	0.040915806	0.825087	-0.59561455	0.2918317	-0.43856493	-0.025020098	0.14588648	0.48651293	0.27096036	-0.25780508	0.13683407	-0.070758194	0.7404665	-0.29612413	0.19288445	-0.28065324	-0.57563853	0.47270858	-0.14640442	0.16497664	-0.049066268	0.3409612	0.64320904	-0.59135306	-0.025167117	-0.5107298	-0.5293413	0.12996131	-0.0572505	0.27423114	-0.27132192	0.030752754	0.5233307	0.38441837	-0.42871642	0.702947	-0.21743365	-0.1200707	-0.14464061	0.09054012	0.14083567	0.007984756	0.39046913	-0.13807254	-0.51768386	-0.11242241	0.8520197	0.47038987	-0.04705658	-0.023115536	0.6067649	-0.25486046
0.31910768	0.075351484	-0.061851148	-0.13319664	0.70393926	-0.24419554	-0.25907764	0.50031614	-0.10722137	0.18587284	0.23755449	-0.07156386	0.26435152	-0.14287075	-0.0075004385	0.68474495	0.24502222	0.38581192	-0.25944796	0.51331204	-0.15871006	-0.24990532	0.13954371	-0.7319233	-0.3633117	0.3391834	-0.5392838	0.1049661	-0.10157544	0.03643013	-0.23495586	-0.030899923	-0.38792294	0.021985378	0.057775747	-0.199516	-0.49798086	-0.028251175	0.31272268	-0.42453003	-0.640287	0.16693659	0.03234682	0.23467463	0.38636425	-0.42025393	0.03193422	0.07721146	0.18424475	-0.5101923	0.0754542	-0.14201513	0.008991377	-0.42976496	0.023509601	0.11504044	0.30118492	0.6264397	-0.26518765	0.30973095	-0.42174578	0.008878016	-0.521267	0.42131746	0.18122075	-0.11168989	-0.2540538	0.42551786	-0.1153217	0.25449404	-0.29873568	0.25572973	-0.073690474	-0.36981514	-0.045605134	-0.39764655	0.01349282	0.78173745	-0.59300536	0.22795895	-0.49973574	-0.052595884	0.26259145	0.39159212	0.25902742	-0.29864407	0.13234098	-0.023911487	0.64684564	-0.34421214	0.21899503	-0.2339535	-0.4988562	0.3943611	-0.13869809	0.033051837	-0.117977604	0.27706254	0.5748527	-0.5390391	0.003130008	-0.5462159	-0.45173413	0.16175568	-0.117835596	0.2948523	-0.33547375	0.0100539755	0.4588795	0.36266515	-0.39098474	0.60431176	-0.21731894	-0.13261639	-0.16873726	0.07455605	0.14693035	0.041470557	0.38276455	-0.14072646	-0.4746767	-0.13453725	0.8550294	0.5079562	-0.0856371	-0.023777496	0.55295986	-0.27592173
-0.90291256	0.4102715	-0.31685635	-0.018083228	1.2507956	1.801402	-0.059071936	1.2681144	0.4161105	0.23071334	0.6459183	0.7904457	0.090841345	0.99026257	-0.20756783	1.2183142	0.11090709	-0.604933	0.27318984	0.43291366	-0.40012053	0.43130445	-0.69949555	-0.30358487	-0.5734489	-0.18368438	0.28783274	0.065342575	-0.098475985	-0.4411661	0.06357964	-0.6779089	0.07033439	-0.31376767	0.32989937	-0.17046167	0.71507144	-0.6009559	-0.9540008	-0.57278335	-1.0192816	0.54379696	-0.60493994	0.42423892	0.21465997	0.3937134	0.07464403	0.25354156	0.6866216	0.23159324	0.52023405	-0.050877355	-0.3196749	-0.34450927	-0.2950451	0.13077106	-0.14186254	0.00842068	0.096922986	0.0026426506	-0.7155938	0.6990162	-0.9187042	-0.80476224	0.21347892	0.8126989	0.0082214195	-0.14904365	0.17610669	-0.49185446	-0.47828934	0.34665236	1.3089436	-0.11161858	-0.19650726	0.6215438	0.10184114	-0.6932176	0.37551835	0.6506685	-0.29895383	-0.66290915	-0.8108387	0.3579924	-0.027665917	0.2300627	0.49500126	-0.11591043	1.0657059	-0.23364733	-0.133564	-0.4538131	-0.13518503	1.561102	0.032545928	0.74485016	0.3736166	0.063904814	0.8475003	-0.9240846	-0.3536103	-1.1349853	0.10761571	0.6437109	-0.6479536	0.18131626	0.25122762	0.30208993	0.20975472	0.09225042	0.14249699	0.3697303	0.3012494	-0.07262732	-0.26104033	0.8886417	-1.0589516	-0.48194924	-0.6060377	-0.7887594	-0.46040547	-1.3693653	0.2758387	0.2940955	-0.16189654	-0.128874	0.00092318153	-1.1396145
0.14239855	0.07194179	0.12294974	-0.24576904	0.63927186	-0.011126553	-0.2977227	0.44412428	-0.07824322	0.23293254	0.15254465	0.05388275	0.20248994	-0.12717825	-0.102662295	0.5454122	0.34605303	0.29003423	-0.13234238	0.34929478	-0.10880473	-0.3799362	0.25425732	-0.7198185	-0.24295773	0.281392	-0.4584237	0.03795386	-0.15037905	0.026336957	-0.14477965	0.027954968	-0.3988113	0.035743095	0.14125524	-0.10247266	-0.38345316	0.08162044	0.22000062	-0.2971408	-0.5702425	0.11516	-0.03883438	-0.009676741	0.3847156	-0.23885363	0.16714235	0.11300194	0.1771346	-0.56771666	0.14294077	-0.08764722	-0.18302166	-0.4507699	0.1334317	0.08760109	0.37366313	0.6230183	-0.14341791	0.27497587	-0.40195802	0.08354418	-0.6116913	0.5228288	0.27625954	-0.1650999	-0.28695503	0.22652583	-0.22448644	0.34563252	-0.25853264	0.2462403	-0.038781546	-0.39341357	-0.0033973667	-0.32373956	-0.044905804	0.60218066	-0.5051512	0.18835598	-0.4450336	-0.16543518	0.28177154	0.48793814	0.18858668	-0.2982611	-0.023462558	0.09003165	0.6235338	-0.29381198	0.317057	-0.27642584	-0.35239136	0.40944225	-0.06919525	-0.09653242	-0.0463423	0.14496666	0.4417425	-0.58558506	-0.022709923	-0.54705274	-0.48122257	0.15486765	-0.28988388	0.13593045	-0.19201173	-0.065169044	0.47996056	0.16651517	-0.3299115	0.55570173	-0.022556845	-0.20954902	-0.31054786	0.16878216	0.10161117	-0.10648415	0.2824565	-0.048763208	-0.4057163	-0.13770166	0.7437317	0.37997836	-0.10179487	0.030481663	0.52938944	-0.2456956
0.2848488	0.18650416	0.36378768	-0.39234388	1.0336664	-0.16918902	0.0695888	0.27690363	0.020589707	-0.20380054	0.6990065	-0.040095627	-0.1092915	0.15979107	-0.12806237	0.5024146	0.15560393	-0.15307201	0.18822175	0.11331779	0.024962828	-0.016426709	-0.78425467	-0.40464473	-0.36661723	0.49377456	0.3944639	-0.39116317	-0.098352335	-0.31597185	0.5132962	-0.36241964	-0.5726621	-0.3932371	-0.38887513	-0.066131085	0.036219466	0.7114929	0.7254855	-0.16178262	-0.053425305	0.44640046	0.06103371	0.24526429	0.18351568	-0.5074202	-0.22541828	0.24699359	-0.7549568	-0.30653644	0.1349067	0.41147873	0.22870044	0.03379939	-0.3249043	-0.25155205	-0.4256694	0.46319818	-0.1066375	0.2974111	0.6621324	0.39026827	-0.9398957	-0.26766607	0.29711682	-0.61622846	-0.3959972	-0.31186807	-0.24100432	0.35270235	-0.04916553	0.019351961	-0.16196422	-0.15711033	0.075027764	-0.5202409	0.48176554	0.40633258	-0.32089636	-0.3773664	-0.5513485	-0.46823853	0.64217556	0.11929077	-0.9951273	-0.6721653	-0.394325	-0.41898432	-0.12000148	-0.4998021	0.356996	-0.49507704	-0.36104524	-0.5625274	0.2999485	0.10519507	-0.33564416	0.45682654	-0.26245674	-0.8495334	-0.60717744	-0.05953811	-1.376484	0.8680071	-0.5275104	0.20074905	0.045139413	0.021895383	0.33575237	0.0967579	0.4533543	0.57520425	-0.26097572	-0.07434366	-0.48708254	-0.26053417	-0.3260854	-0.16754825	0.8565472	-0.5033969	-0.6265432	-0.59695673	0.6195063	-0.061756033	-0.35158828	0.23495007	0.4928897	0.10871296
0.18770532	0.044716325	-0.10493001	0.054893713	0.4027338	-0.19249184	-0.07872793	0.4472571	-0.030073786	-0.052939568	0.20743655	-0.13359725	0.24033825	-0.062383927	0.08591515	0.5013372	0.19527707	0.26217914	-0.22926907	0.27796102	-0.2134182	-0.023606205	-0.06255554	-0.5119411	-0.21647108	0.35326168	-0.263322	-0.084540024	0.009793558	0.058935255	-0.07491125	-0.15910804	-0.09992206	-0.01692261	0.031398486	-0.2431422	-0.5480086	-0.088116676	0.2911239	-0.5148448	-0.4737732	0.11264213	-0.0049582953	0.3989282	0.24108997	-0.2725726	-0.2901778	0.024167964	0.15930948	-0.33034098	-0.02159963	-0.17549773	0.06740023	-0.26990286	-0.21618202	-0.020528903	0.15590686	0.37288892	-0.22005156	0.1449355	-0.29809397	-0.069998525	-0.1474124	0.19728573	0.05850599	-0.07785287	-0.21616282	0.40024865	-0.01907969	0.1997209	-0.15574177	0.07875428	-0.09212953	-0.24847853	0.0038621095	-0.28977895	0.025240825	0.42918292	-0.48347458	0.060442775	-0.19713126	-0.06591656	-0.024730818	0.34498063	0.16181596	-0.2372906	0.30364496	-0.23408148	0.37318972	-0.16526033	0.12887289	-0.076937735	-0.49395272	0.31318924	-0.15175156	0.21242481	-0.1311564	0.24574167	0.34423417	-0.24954106	-0.09691232	-0.33037716	-0.37424448	0.06489086	0.01876093	0.23364991	-0.2192817	0.0032458168	0.34475154	0.30334923	-0.26589072	0.55877453	-0.26747084	-0.005894858	0.05775129	-0.0754334	-0.039784323	0.1546719	0.42626402	-0.261171	-0.34198058	-0.061386786	0.5849853	0.37094948	-0.11126892	-0.01666891	0.28204167	-0.20149596
-0.5025755	0.16031826	0.35259795	-0.106926404	-0.114391714	-0.15354627	0.34264004	0.13548243	0.61836797	-0.1433123	0.06737581	0.16520664	-0.3094316	0.24482864	0.10536369	-0.041850436	-0.20788278	-0.24032825	-0.29156357	0.44270164	-0.4067213	-0.035686135	-0.5978752	-0.17311333	-0.4255992	0.28158197	-0.11935328	-0.30652043	0.17443043	0.26866663	-0.16229995	0.033556532	-0.0035489853	0.20114464	0.030285489	0.43514556	-0.6124867	-1.114353	-0.034355577	-0.24828966	-0.41707233	-0.10740183	-0.13858192	-0.54947716	-0.093647145	-0.27524665	0.26013446	0.8274923	0.07714572	-0.08987587	-0.24665722	-0.98194367	0.36199197	-0.02494825	-0.18645523	-0.6940711	0.5087222	0.23540111	-0.1636176	0.49455643	-1.0089976	0.77249026	-0.34012532	0.024757186	0.5396627	-0.36774155	-0.32164058	-0.2524198	-0.14600788	-0.36096013	0.35263658	0.19973947	-0.28949443	0.019817881	0.798263	0.22246383	0.39854383	-0.7944723	0.25753596	0.1571113	0.44696695	-0.13883685	0.21489616	0.23811169	-0.43967092	-0.07471619	0.13516706	-0.072882734	0.010347562	-0.5110973	0.49993613	0.12931621	-0.80372393	-0.011318963	-0.024645362	0.03648158	-0.30942628	0.39101467	0.56526625	-0.7906954	-0.48818743	-0.89583844	-0.40951988	-0.18782811	-0.017732741	0.35473418	-0.20505215	0.24073222	0.79226285	0.5259994	0.07097601	0.07698102	0.1383665	0.84988815	-1.2198354	0.9034129	-0.37607273	-0.29891995	0.19339624	0.48923823	0.15620607	-0.11777615	0.114649236	-0.77290756	-0.8336983	0.36511832	0.33883506	-0.6453964
0.44043994	0.66757554	0.32461968	-0.25863567	0.39761603	0.0053577186	-0.28836697	0.2825746	1.3624667	0.09070775	-0.23690686	-0.07535318	-0.23979627	-0.11288653	0.29091915	-0.11938438	0.01829782	-0.6576933	0.101835765	0.35628805	0.027538838	-0.15784058	-0.32584077	0.49427453	-0.42513418	0.37510636	-0.006739888	-0.3485043	0.0936518	0.5465247	-0.18698384	-0.34741178	-0.21927108	0.0666638	0.10221279	-0.6142142	-0.31381807	-0.41239148	0.17263162	0.2554507	-0.41361058	-0.019684335	-0.94835246	-0.19864848	0.027107893	-0.3639642	0.23392078	0.17959265	-0.30309498	-0.082585804	-0.35627267	-0.39375865	0.097101994	-0.14215714	0.23550124	-0.058591556	0.43776736	0.5041098	-0.10158649	-0.4509568	-0.19967094	0.5125952	-0.3584827	0.22887234	0.43015465	0.17660972	-0.03440272	-0.094665885	0.2580128	-0.27612248	-0.19442365	-0.056164127	0.646791	0.08870558	-0.13830142	0.1400459	0.32012492	0.09217745	0.13747202	0.056974597	-0.16874418	-0.40506792	0.16796449	-0.00033641604	-0.34145167	-0.18306537	-0.15043882	0.34006175	0.14674184	0.018265877	0.06250833	0.05892622	-0.08188166	-0.48855177	0.0952793	-0.3401131	0.4448915	-0.08382224	0.36863393	0.090228975	0.36203322	-0.75131285	-0.12033287	0.17008375	0.1534395	-0.115437664	-0.36488357	-0.2161962	0.75809246	0.07140536	0.18200947	0.28744978	-0.29858464	0.5134795	-0.35621953	0.011580844	-0.47003496	-0.38238594	0.5388927	0.22367215	0.13632162	0.030533288	0.38433495	-0.15678988	-0.6159775	0.27086857	0.3152532	0.026436567
0.012518247	0.26124325	0.1781483	-0.1749828	0.54456973	0.045480054	-0.057862148	0.31913802	0.22811694	0.34917873	-0.09000949	0.2154212	0.19599386	-0.00848344	-0.10573368	0.25625798	0.33258098	0.09401758	-0.26270106	0.17885546	0.13286775	-0.3542728	-0.24558616	0.08051855	-0.41732737	0.0056887395	-0.11469429	-0.111380756	-0.3510945	0.22813556	-0.17309788	-0.12308616	-0.11295577	0.14633772	0.21978742	-0.11758227	-0.13781619	0.05622328	0.15874255	0.06731448	-0.2795136	0.13646881	-0.12687927	0.20780432	-0.06000117	0.015394518	0.074832365	0.3572155	0.10510619	-0.059916835	-0.14089255	-0.098114505	0.1819978	-0.23593035	-0.18321128	-0.31796095	0.33455938	0.26838517	0.055722598	0.0038102786	-0.26785243	0.2746131	-0.40472788	0.48000103	0.19723283	-0.2687789	-0.055391733	0.16481414	0.08209464	0.03530161	-0.17290439	0.3530318	0.05116462	0.11321043	0.05515743	-0.05417434	-0.24105538	0.36912814	-0.030550513	0.16876794	0.2129456	-0.089601025	0.10565406	-0.104650185	0.25152582	-0.027083172	-0.004482593	0.22590029	0.20875241	-0.15697227	-0.049113464	0.20969535	-0.27980736	0.022480452	-0.10759236	-0.055487294	0.22480437	0.29091883	0.31893063	-0.35227323	0.22688265	-0.41799724	-0.17873041	-0.43231222	-0.40468082	0.104229264	0.0801482	-0.24405086	0.0819152	0.3748181	-0.10641203	0.3092813	-0.035468936	-0.08772273	-0.41184616	0.07139806	-0.07618133	-0.22198027	0.4312417	-0.019607395	-0.25039735	0.08496607	0.4223442	0.039630726	-0.08149582	-0.19765155	0.12037776	-0.042794354
0.49835965	0.065891616	0.36758655	-0.58208394	0.57413185	0.063040435	0.10670136	0.17468682	-0.032665826	-0.31474987	0.7677302	-0.1828038	-0.22962475	0.066859305	-0.29073688	0.31362683	0.21205556	-0.3968351	0.16250032	0.36945444	0.020797512	0.16013531	-0.74536526	-0.5109134	-0.4287806	0.33727372	0.52429414	-0.2814028	-0.19208352	-0.25589833	0.30514506	-0.25037137	-0.55407935	-0.24675547	-0.57570374	-0.18394832	-0.103866406	1.0007569	0.8844509	-0.22546276	0.22091612	0.563984	-0.05715366	0.12417761	0.2506773	-0.6466886	-0.060410127	0.3170657	-0.57426023	-0.23793174	0.26330855	0.19188024	0.33726302	0.12476339	-0.40030068	-0.46832645	-0.28733552	0.40524748	-0.06575092	0.29767972	0.40904975	0.3736095	-1.139057	-0.09929295	0.45051482	-0.58753806	-0.48817328	-0.29758674	-0.19084637	0.19867186	-0.30063623	-0.10418444	0.038591247	-0.2500682	0.12510209	-0.13678853	0.46970677	0.46070358	-0.18084724	-0.20605403	-0.7624109	-0.39261255	0.8475732	0.27072015	-1.1779119	-0.52043444	-0.26686874	-0.45337707	0.073308535	-0.5052493	0.37732697	-0.16358638	-0.42918584	-0.3475517	0.18210895	0.056308806	-0.37537205	0.43464917	-0.084917456	-1.0264279	-0.555669	-0.1507004	-1.021893	0.66320914	-0.39902183	0.36235958	0.02782756	-0.21662949	0.5043585	-0.0146543775	0.55508524	0.5275663	-0.088960856	-0.18163955	-0.8980193	-0.05316879	-0.35630876	-0.287104	0.84841996	-0.69492066	-0.5556639	-0.46924806	0.60888684	-0.008168377	-0.4487934	0.25894368	0.5678309	0.2588334
0.15435883	0.09362156	0.10756569	-0.24628189	0.29673648	-0.019369777	-0.0718572	0.19426009	0.41534707	0.10477808	-0.22590868	0.06747906	0.63824487	-0.018859813	-0.37211213	-0.2523761	0.19958556	0.41749543	-0.19497934	0.07604717	0.42154825	-0.14278717	-0.6747969	-0.19069032	-0.506923	0.19034189	0.64149696	0.067189924	0.20383334	0.81223273	0.24169959	-0.35342953	-0.21833313	0.16232501	0.08305754	0.3344592	-0.07972513	0.62801313	0.31679183	-0.23504384	-0.028447911	0.2394978	-0.42026433	-0.6781745	0.658706	-0.36467594	0.3013694	0.59234416	-0.67930204	-0.21975549	-0.18673329	-0.31044635	0.8388232	-0.093071714	0.49776852	-0.68015337	-0.44036764	0.4184237	-0.09025113	0.30277467	-0.3246848	0.7307585	-0.86551905	0.4856687	0.32478115	0.059279554	-0.3116689	0.731172	-0.23458317	0.5268917	0.21538037	-0.40458548	-0.04310381	-0.29690644	0.37068808	-0.14794894	0.671297	0.6532099	-0.09632883	-0.0039394456	-0.43271187	-0.5821346	0.40007597	0.3456307	-0.2627138	-0.37273878	0.10234188	-0.22184968	-0.30474275	-0.57427007	0.051558092	0.047050603	-0.65591407	-0.24807948	-0.05148606	-0.71864	-0.36835557	-0.14170785	0.37742737	-1.0675044	-0.82504845	-0.44437158	0.40043038	0.045799203	0.036348186	0.01485347	-0.21285643	-0.14109612	0.24954928	0.5374193	0.08152721	0.109832294	0.0081802765	0.23047003	-0.7298253	-0.18858288	-0.03116327	-0.204471	0.7180955	0.10547863	0.23033516	0.11257257	0.52575606	0.40304732	-0.64543796	-0.3348048	0.014783338	-0.036299814
0.029731885	0.027833698	0.12902786	-0.0994179	0.03705233	0.12663566	0.2056739	-0.021416815	0.12226454	0.03930627	0.029428953	0.08798095	0.09042432	0.06135127	0.037414704	0.03686384	0.08817298	-0.19723584	-0.3406441	0.019031309	0.18581662	-0.20641662	-0.17859378	0.013831031	-0.24158458	-0.08277683	0.055662192	-0.054856833	-0.077803865	0.1252982	0.020616494	-0.04665693	0.19257356	-0.046485826	0.17852749	0.05274537	-0.12647569	-0.18621019	-0.10709406	0.052945606	-0.24387719	-0.20933728	-0.2025296	-0.17327024	0.12352615	-0.052124344	-0.0039713862	0.08800997	-0.01721524	0.059756443	-0.20064554	0.12174575	0.13671	0.002578601	0.050493106	0.064270906	0.16680372	0.15424336	0.039162878	-0.039755512	-0.2816277	0.22515604	-0.39606264	0.14262132	0.15689662	-0.011585141	0.035194155	-0.08296248	-0.102643006	-0.10466196	0.08116395	0.18623245	-0.07547836	-0.09969074	0.12066555	-0.10011904	-0.07087017	-0.0028182305	-0.1472942	0.030923627	0.053997666	-0.1910748	0.16526553	0.14395556	-0.2453679	-0.13120681	0.019493643	-0.026594738	0.055764735	0.058425695	0.06847823	-0.12053914	-0.15389983	0.045458548	-0.018217528	-0.03883027	0.0026629425	-0.060801774	0.14040194	-0.10147292	-0.08142753	-0.21159764	-0.031622972	-0.17244293	0.06294753	-0.048246346	-0.24026877	-0.09965031	0.2409215	0.2050467	0.084341355	0.10766996	0.066354476	0.20694295	-0.2843326	0.22060312	-0.2021113	-0.048992723	-0.057913236	0.11174459	0.10549238	-0.016583625	0.28546333	-0.05045458	-0.18534261	-0.003152263	0.09438687	-0.02130441
0.38241714	0.11171225	0.47152066	-0.55454034	0.76096207	-0.0011956884	0.05790369	0.14082158	0.11637823	-0.2927865	0.79578394	-0.2125982	-0.21929799	0.13384923	-0.1801452	0.32606983	0.24511217	-0.25742748	0.18990265	0.32205805	-0.04462004	0.060068686	-0.75028664	-0.4557549	-0.45322484	0.297103	0.53875697	-0.28557757	-0.13472538	-0.36935762	0.45135203	-0.33085853	-0.57951015	-0.2330997	-0.64790416	-0.1262751	-0.1610399	0.84818625	0.9594964	-0.23385437	0.1388659	0.37915513	-0.045231473	0.083236605	0.43805456	-0.7428159	-0.096687235	0.21401356	-0.6536379	-0.37276256	0.2786303	0.25685206	0.23074509	0.10879211	-0.38321772	-0.36216575	-0.36962843	0.4914202	0.030170191	0.21342842	0.1526331	0.2975964	-1.047032	-0.24130502	0.30069733	-0.57242054	-0.38365605	-0.38309824	-0.1867659	0.22063904	-0.14823374	-0.0823828	-0.05367133	-0.161734	-0.0009843243	-0.3930425	0.48667943	0.48051044	-0.3433617	-0.17728645	-0.74042064	-0.27192506	0.7984498	0.115720145	-0.9795277	-0.62797445	-0.39878878	-0.40003872	-0.06337063	-0.49636734	0.47193712	-0.38933313	-0.39998966	-0.38815036	0.22823793	0.027125983	-0.22284974	0.28752849	-0.09245603	-1.0611216	-0.6363172	-0.17865539	-1.1776426	0.66368145	-0.46699676	0.27736142	0.1228595	-0.35154602	0.49620178	-0.016765282	0.474509	0.50312835	-0.06558978	-0.31201473	-0.7202175	-0.061717436	-0.450371	-0.33432212	0.77783746	-0.6114709	-0.54348046	-0.40839738	0.76449484	0.05038882	-0.28891724	0.23859812	0.4729241	0.039437726
9.7962344e-05	0.20216388	0.01879211	0.009047464	0.33592445	0.06644571	0.11247901	0.12582046	0.1892	0.12189422	-0.17527242	0.12189234	0.023006089	-0.017349288	0.15560102	0.07106436	0.10311684	0.0014890534	-0.13449398	-0.015387693	0.05965481	0.0037711186	-0.17288896	0.07473994	-0.22942981	0.010494645	-0.08002819	-0.048359588	0.0011933782	0.13785677	-0.04713289	-0.17712106	-0.07352146	0.032783918	0.07184876	-0.045712635	-0.25820494	-0.14617611	-0.014837725	-0.049901646	-0.2631325	-0.0668277	-0.16840507	0.10001159	-0.038026452	0.053479094	-0.0061668013	0.19964622	-0.101985864	0.06536137	-0.05944882	0.074349165	0.13223329	0.034123298	-0.12487784	-0.039301164	0.041582845	0.12163929	0.02044598	-0.09797791	-0.0045084422	0.1085327	-0.08606407	-0.07979343	0.0760714	-0.10958157	-0.025127435	0.0453287	-0.023059778	-0.14294514	0.09255871	0.07126434	0.08678065	-0.016661376	0.04911275	0.10426852	-0.08163078	0.100790665	0.026177969	0.14557545	0.041263014	-0.17565937	0.02064853	0.0030156092	-0.027775891	-0.13296454	0.03919461	-0.026103178	0.044117037	-0.09028022	-0.024176946	-0.11365343	-0.122747	-0.07771883	-0.13483758	-0.038988072	9.08706e-05	-0.0026435605	0.10254883	-0.24044487	0.051780116	-0.38694274	-0.025737891	0.05170307	-0.024617579	0.0786238	-0.072309755	0.024843967	0.077130385	0.18097202	-0.015858307	0.03673039	0.021573124	0.040831834	-0.18886922	-0.11036167	-0.06558344	0.015654527	0.15896516	-0.0037065472	-0.079632886	0.08577693	0.25825545	0.011048162	-0.03888397	0.05937322	0.18215519	0.05953364
0.21103454	-0.05682651	-0.12482773	0.09975909	0.43644086	-0.2097838	-0.103424095	0.42464018	-0.0005861508	-0.061111897	0.19233346	-0.14278232	0.20256945	-0.021880355	0.15747583	0.44664806	0.17690255	0.27003285	-0.2621995	0.23960178	-0.15181348	-0.00085133116	-0.06979599	-0.41736028	-0.17919618	0.40038776	-0.20241013	-0.092190124	-0.04418309	0.08757319	-0.094206735	-0.2045474	-0.18434595	-0.014958395	-0.047897514	-0.20725656	-0.49304292	-0.013668862	0.3288564	-0.51413685	-0.42271975	0.14812885	-0.01715287	0.4026477	0.24179305	-0.3629053	-0.22222787	0.09466339	0.06390163	-0.33689663	-0.033582266	-0.17582928	0.1570993	-0.27682185	-0.1798317	-0.029004805	0.16024174	0.3919899	-0.25104603	0.1274989	-0.32829612	-0.072186984	-0.11514577	0.19117467	0.0977976	-0.123653196	-0.12660958	0.4551342	-0.033157628	0.16244543	-0.18070188	0.064524464	-0.13111132	-0.32395953	0.0024289063	-0.31204686	-0.06869095	0.48713005	-0.4573678	0.08184461	-0.1747755	-0.08789848	-0.024238398	0.36366606	0.17262419	-0.22595698	0.3357549	-0.21543929	0.42741966	-0.17628488	0.09555728	-0.06868583	-0.48798683	0.3032688	-0.18222915	0.20355177	-0.117888086	0.26705956	0.34166718	-0.23609325	-0.10897997	-0.2686323	-0.38509756	0.056107037	0.0073044663	0.27479315	-0.21762748	-0.022914847	0.3192088	0.31416678	-0.25369772	0.61501837	-0.2973311	-0.023924325	0.021945696	-0.07114995	-0.04548884	0.10156971	0.45216808	-0.22883596	-0.3155805	-0.07984494	0.5611602	0.37185144	-0.124426834	-0.052174944	0.3057996	-0.108650796
-0.010907088	0.31190023	0.08170631	0.2726231	0.5946604	-0.08688277	0.4180847	0.5104715	0.47134465	0.00073968	0.5569453	-0.34306937	0.09715967	-0.29341286	-0.306636	0.6597197	-0.18884921	-0.04573488	-0.14984377	0.44363818	0.037306108	-0.023180999	-0.22265767	-0.55681485	-0.84263515	0.6195114	-0.24584037	0.048093673	0.23678586	0.5263984	-0.10580576	-0.29669195	-0.35273206	-0.07194454	-0.18809196	0.055404637	-0.06385447	-0.47589383	0.53402853	-0.56914026	-0.3601303	-0.1616146	-0.07651231	-0.4120325	0.5035469	-0.66695684	-0.32399988	0.33902544	-0.23292048	-0.0847074	-0.5524552	0.5214249	0.060279854	0.17415744	-0.37780586	0.17800605	-0.359673	0.5493929	0.17267141	-0.14178212	-0.5745678	0.042222448	-0.3896215	-0.14320825	-0.20771553	0.071241565	-0.10554106	0.060805503	-0.2675086	-0.1290777	0.051979423	0.4549641	0.27805233	-0.17161818	0.5237035	-0.3146838	-0.25749835	-0.45835117	-0.46185955	0.21250303	-0.3517559	-0.3911151	-0.23752509	0.32016623	-0.32223383	-0.72241074	-0.023538657	0.054307997	0.22560397	-0.07017963	-0.018348703	-0.1235242	-0.57521695	-0.21026559	0.050322928	-0.14492491	-0.38422373	0.23501754	0.39562565	0.39238983	0.10533355	-0.7745747	-0.13998199	0.184534	0.7783665	0.42906618	-0.19164044	-0.36366627	0.22956492	0.45017377	-0.017531997	0.18421444	-0.1636813	-0.01550904	-0.42362285	-0.017920312	0.04812074	0.528116	0.33602062	0.03729641	-0.12954696	0.18486243	0.5832564	0.17524956	-0.6455352	-0.47447184	0.14151786	-0.2578701
0.29289794	0.13656648	0.3599413	0.039444808	1.1810019	0.14929272	-0.10607021	0.07036963	0.4583784	0.14081599	-0.008805279	0.83284587	0.5741938	0.19106866	-0.09353211	0.09423345	0.9324724	0.043239232	-0.93738145	-0.16258425	0.0018298427	-0.22700135	-0.089793906	0.56969124	-0.7077539	-0.19254676	-0.24204776	-0.2931262	-0.19190748	0.54720646	0.24303348	-0.47765097	-0.27239916	0.7383935	0.65264314	0.31960228	-0.20517845	-0.37868664	-0.40535048	0.10736824	-0.21982265	0.284341	-0.6060347	-0.09207875	0.1011091	-0.049032707	-0.11323337	0.18987884	0.13593434	0.26172283	0.31817827	0.7445944	0.107667364	0.50755906	0.14622413	0.23419857	0.5027592	0.094041035	-0.31459078	-0.019130278	-0.923196	0.42956364	-0.29277417	0.44823873	0.25153592	-0.15948448	-0.4280126	-0.5433671	0.023092503	-0.15193047	0.11837443	0.96107423	0.13081902	0.60370564	-0.19772679	-0.19032036	-0.9769487	-0.042942017	-0.14306884	0.29261085	0.592593	0.09489621	0.630776	0.09339603	-0.4051468	0.19407085	0.38557148	-0.14859745	0.2139738	0.10754429	-0.31443912	-0.18542507	-0.14598002	-0.19455051	-0.31918597	-0.012622395	-0.05938615	-0.37558573	0.17281047	-0.8198586	-0.091544785	-0.8320511	-0.12306705	0.19768164	0.5678926	-0.0800804	-0.3350208	-0.45900536	0.7739924	1.2799366	0.1319171	-0.01656633	0.12066219	0.36655387	-1.1378636	0.31993243	0.018565217	-0.5199062	0.1083923	-0.26112974	0.11211588	0.035981536	0.38426292	-0.41657582	-0.16370556	-0.24763326	0.028709458	-0.83597463
0.5813323	0.27414787	0.2399665	-0.80735874	-0.03311058	0.3951382	-0.59845597	0.6348812	1.3759556	0.11297022	-0.15479381	0.24260977	-0.12087817	-0.18874015	-0.22303309	0.63032657	-0.2796675	-1.6278738	0.057482004	0.17325811	-0.6462551	-0.585455	-0.2662604	0.10742291	-1.0582757	0.11243888	-0.18123007	-0.6778204	-0.40449926	0.39200142	-0.28332496	-0.32291573	-0.14455204	0.34210983	0.08596782	-0.7712602	-0.3945453	-0.76530874	-0.13379753	0.1545004	-0.36785915	0.37815025	-0.6216041	-0.23957175	-0.013369057	-0.23239684	0.16953725	-0.02126186	0.12033779	-0.46808448	-0.110669844	-0.5542185	-0.06689224	-0.6000361	0.19497325	-0.7763479	0.9737877	0.4789286	0.33489382	0.37204447	-0.8354908	0.5219781	-0.928251	0.45060626	0.16445483	0.48446572	0.2255608	-0.609809	-0.20507184	-0.60125	-0.7091291	-0.4510876	0.88158554	0.11196741	0.35849935	-0.3035597	0.19182213	-0.80450517	-0.14185414	-0.31343105	0.010160944	-0.78469163	0.428434	-0.09702529	-0.014150945	-0.057533544	-0.2854628	0.4469041	0.11263368	-0.229184	0.30389026	0.11599971	-0.5740504	-0.2946674	-0.3299996	-0.26117998	0.6161534	0.16057219	0.3489699	0.13794436	0.28546798	-0.67883533	-1.1080186	-0.11877147	0.13497543	-0.3178483	-0.0034351163	0.040871352	0.7166103	0.2892195	0.3949875	0.39447767	-0.24289425	-0.2559549	-0.20813552	0.9343891	-0.7766159	-0.17697723	0.2555997	0.16140644	0.19286439	-0.23619366	-0.16410021	-0.26326963	-0.85493875	0.13925956	0.58525485	-0.12893836
-0.018721314	0.11375501	0.4047664	0.039549045	0.20255196	0.42964172	0.25153694	-0.12403185	0.41440126	0.7812085	-0.0066889497	0.19100758	-0.3618879	0.02657306	0.8504075	0.65172386	0.31933752	0.14166716	-0.17794771	0.42225334	-0.03133835	0.024671588	-0.8318553	-0.1553383	-0.14891663	0.48610687	-0.27083153	-0.18389885	-0.138684	0.43810079	0.60914594	-0.10666786	0.21176395	0.35589412	0.2176023	-0.058196258	0.053251322	-0.3945736	-0.02967747	-0.073486015	-0.12417866	-0.20620064	-0.609882	-0.11209242	0.08278853	-0.70184726	-0.5028593	0.25811467	0.1458374	-0.047121257	-0.51579595	0.61138505	-0.38935834	-0.087255396	-0.558931	0.31552452	0.11314013	0.30354542	0.6134598	-0.15179387	-0.9140896	0.86143064	-0.10608155	1.2654997	0.17907387	0.37707403	-0.28720987	-0.49041677	-0.097305566	0.057320256	-0.009478961	-0.04138209	0.28683716	0.054646622	0.14759833	0.08106156	0.82997686	0.1220236	0.26191214	0.20441408	0.7331523	-0.119018614	-0.06738193	-0.11376039	-0.4763227	-0.15595475	-0.07901997	-0.24765076	0.12102199	-0.055016134	0.58704406	-0.07932354	-0.5289545	-0.111623354	-0.5025085	0.3941097	0.15448111	0.88305676	0.18501431	-0.22465211	-0.33074418	-0.31293395	-1.1827778	-0.22112596	-0.22883464	0.45585656	-0.59907633	-0.09960166	0.73982096	1.0813249	0.22269124	1.2917409	0.5462217	0.35356688	-1.046228	1.0407555	-0.9627056	-0.013768921	0.34242573	-0.18524882	-0.036392886	-0.03350067	0.4537146	-0.38131562	-0.1722884	-0.18603499	0.8649408	-0.32306093
0.081952274	0.115660824	-0.062432814	-0.10505491	0.21815155	0.122109145	-0.071096435	0.12064456	0.18772173	0.11400988	-0.08046939	0.002718076	0.09852445	-0.02427152	-0.035522677	0.14475884	-0.044321038	-0.21207435	0.014286709	0.20499104	-0.09301307	0.010094843	0.03198086	-0.06561266	-0.21479878	-0.09170136	-0.16915202	-0.070836216	-0.07239085	-0.034761958	-0.06266389	-0.097955376	-0.026257964	0.15769146	-0.02740198	-0.12681766	-0.14946435	-0.07098056	0.00032508798	-0.02873275	-0.2876334	-0.02036436	-0.0664856	-0.005833447	0.11280634	-0.067536816	0.07419062	0.03589498	-0.08641222	-0.05618173	-0.004176048	0.1279394	0.005323321	-0.013023016	-0.0067635183	-0.008639827	0.11215555	0.1146784	0.118759595	0.06765804	-0.016199762	0.07954606	-0.17077753	0.081811056	0.09085471	-0.09901914	-0.04595549	-0.013433053	-0.064747564	-0.030740773	-0.058370836	0.086228125	0.15306045	-0.014621558	0.16418694	0.011886225	-0.08658135	-0.14359772	0.005447206	-0.0066114627	-0.09186112	-0.14475977	0.048906367	0.049050506	-0.014619936	-0.036513243	0.06395159	0.16945757	-0.0136916	-0.1075186	-0.013227184	-0.20888294	-0.047280394	-0.14502169	-0.051779553	-0.06929621	0.05233577	0.0284622	0.07755496	-0.03763252	-0.07023426	-0.23320894	-0.22137845	-0.08720062	-0.0009870952	-0.04498918	-0.048619736	-0.04589312	0.13843615	0.16071948	-0.008480549	0.12851065	-0.000995471	-0.063426115	0.01319237	0.17724776	-0.18152972	0.10839285	0.017904358	0.012804435	-0.050248384	-0.056419235	0.012523679	0.028891424	-0.06953912	0.049811218	0.06845656	-0.011815268
0.25746593	0.2396963	-0.30816877	-0.26761237	-0.21808739	0.05770441	-0.18707542	0.23295021	0.40457895	-0.0107104	-0.15800893	0.26298615	-0.08005321	-0.057450805	-0.027165983	0.33368796	-0.2747307	-0.6637677	-0.06171265	0.11572389	-0.08184152	-0.1311605	-0.17826065	0.012684348	-0.13093641	-0.038581707	-0.24085645	-0.09870755	-0.008108254	0.08735687	-0.07410361	-0.116123825	-0.00045669352	0.19073941	0.067200944	-0.036774814	-0.14276724	-0.53707254	-0.07355468	0.022584673	-0.23519309	-0.0974133	-0.13333708	-0.124041736	0.19121376	-0.11170619	0.22028238	0.12059563	-0.13692686	-0.011806726	-0.2208751	0.0021424189	0.06773823	-0.06057485	-0.013797343	-0.3461867	0.29890856	0.39748028	0.16039355	0.17511564	-0.27182123	0.15817067	-0.20141809	-0.02794898	-0.04357027	0.09260643	-0.030678576	-0.29633063	-0.03038957	-0.27450398	-0.08705797	-0.297405	0.41297337	0.0038919903	0.24862656	-0.036931667	0.11220927	-0.3879506	0.02554911	-0.09242043	-0.24478878	-0.4988005	0.25077707	-0.037454363	-0.028925795	-0.20782125	0.1400026	0.21577217	-0.063416906	-0.1624524	0.20977345	0.13697444	-0.08821164	-0.18253922	-0.02575298	-0.023878552	0.082658015	-0.025547111	0.057494752	0.15551215	0.08219047	-0.17068025	-0.016577542	0.1753546	0.061693843	-0.15152454	-0.28768155	0.2972331	0.30539513	0.29462066	0.2507395	0.16714334	-0.09806273	0.08618268	-0.14488034	0.050526142	-0.3206814	0.06934197	0.05632592	0.11196916	0.026863612	-0.0725996	-0.046827104	-0.096755154	-0.2859537	0.11991397	0.24838172	0.19976039
0.15008742	0.37094536	0.42998448	0.3593472	0.95747536	0.66714585	-0.3548675	0.49551502	0.49336922	0.008532741	-0.63626814	0.12612946	-0.52596265	0.3188479	0.42397812	-0.23925616	-0.13300693	-0.45743242	-0.25418854	0.27460793	0.19275048	-0.3936958	-0.557707	0.20518449	-0.22458135	0.23379585	-0.5179654	-0.27645224	0.18492363	0.44249725	-0.82917714	0.1187208	0.23410165	0.23312823	-0.12735672	0.3438989	-0.32169414	-0.5950494	-0.00018478077	-0.12300795	-1.1348873	-0.15425797	0.1815283	-0.12508263	-0.04647859	-0.18827997	0.13529772	0.46363342	0.035984315	0.29293755	-0.42971605	-0.2615656	-0.2907103	0.44985262	0.170756	-0.4301317	-0.022261495	0.36828765	0.35350063	0.035062782	-0.42076975	0.15849935	-0.038854305	0.0717747	0.45246938	0.063550495	-0.060833048	0.3597031	0.13198574	-0.04761061	0.5829135	-0.39165652	0.5599211	0.044373572	0.025575705	0.99363756	0.76989573	0.054950047	0.43986708	0.8217515	-0.39245114	-0.83244085	0.23797539	0.5672713	-0.1101094	-0.2516758	0.07730845	0.274766	0.4409861	-0.41839334	-0.56252384	2.9445113e-05	-0.68953127	-0.046547376	-0.074497856	-0.2839903	-0.08312471	0.338679	0.511167	-0.7315551	-0.5401996	-1.5306154	-0.24668479	-0.30477393	0.29327458	-0.11168099	-0.6398628	0.25614247	0.5238485	0.4391915	-0.18740945	-0.27862132	0.3640183	0.33627176	-0.5744708	-0.15657887	-0.5871544	-0.15543589	0.9011866	0.8189779	0.33079568	-0.098962456	0.7102209	-0.60813075	-0.25834268	-0.06354185	0.26645446	0.0035881095
-0.072173685	-0.032940786	-0.018450035	-0.23522568	-0.022646502	-0.03200279	-0.47028095	0.38657546	0.31131405	0.39653876	-0.11225228	0.31870517	0.42414123	-0.0008307095	-0.34269223	0.33882183	0.36353505	0.24406965	0.10533129	0.116596095	-0.1311537	-0.31583607	-0.40185323	0.3270482	-0.6206705	-0.129225	0.07860346	0.021333473	-0.17623967	0.29500443	-0.035086446	-0.09499587	0.095151275	-0.3778974	0.55018127	-0.38639766	-0.16928251	-0.15089114	-0.50633836	0.20162033	-0.43744022	0.43717217	-0.7555448	-0.08047312	0.18117002	-0.06273197	0.51615536	0.24497205	-0.57078993	-0.30535388	-0.10624805	-0.44823325	0.6888408	-0.2543741	0.4549823	-0.50406414	0.47905594	0.48988944	-0.0869766	0.09008193	-0.25275218	0.070614316	-0.34129548	0.60774875	0.12579162	0.20174976	-0.2760469	-0.022553798	-0.1476587	-0.2324944	-0.074673116	-0.022758482	0.3325598	0.090203	0.0113655515	-0.27873462	-0.12236577	0.38124868	-0.37928164	0.10910933	0.0723199	-0.43934757	0.11930216	-0.076279625	-0.1832501	0.016452514	-0.076613	0.21080324	0.37704766	0.057749413	-0.14870979	0.0070160683	-0.38025385	-0.0019588876	0.3270391	-0.20895192	0.3548441	0.09302764	0.49441555	-0.18944597	-0.3901923	-0.29431376	-0.15413153	-0.17797822	0.035833128	-0.14650446	0.092576	-0.4512438	0.052214615	0.060765635	0.10836265	0.16147868	0.18457694	-0.47824955	-0.25535083	-0.015684348	-0.22718158	-0.59942424	0.41356096	-0.11198012	-0.13539584	-0.1357844	0.27648875	0.117314644	-0.09019776	0.21601923	0.0033420024	0.03750277
-0.3820762	0.49099413	0.58245987	-0.28078255	0.14483353	-0.5017713	0.35740983	-0.72631466	0.71166956	0.27306494	0.2820438	0.08515418	-0.198746	0.13169938	0.026271919	0.22395514	0.64858097	-0.53006536	-0.102449745	-0.095837526	-0.050346043	0.9700079	-0.6514001	0.03026984	0.117958724	0.54185456	-0.22953507	-0.45725417	0.5456915	0.2748102	0.25021645	-0.06334545	-0.5914672	0.7048297	0.2185612	0.19922088	-0.58914155	0.007609117	-0.017916724	0.2921165	-0.19439647	0.12883824	-0.591739	0.08750025	0.50655496	-0.21538624	-0.8475433	0.16524823	-0.70170504	-0.6897785	-0.41961032	0.87542003	0.054051757	0.26304847	-0.22924061	0.24055254	0.4371988	0.7666407	0.13169564	-0.33703685	-0.8263332	0.20270208	0.16133171	0.691897	0.39388564	-0.2797055	-0.20953	-0.7371677	-0.5697673	-0.35983944	0.038381398	-0.14390445	0.53158295	-0.4754356	0.101438574	0.35576957	-0.36211702	0.037085753	-0.21891224	0.10151245	-0.07550021	-0.5346642	0.36231524	0.2090248	-0.2506594	-0.2099333	-0.12842248	-0.13250244	0.63001275	0.6540308	0.36476982	-0.76340187	-0.48094788	-0.65523696	-0.039658427	-0.22483037	-0.27416262	0.7486785	-0.0009046991	0.01830159	0.28021398	-0.4287619	-1.5568768	0.18624556	0.47556782	0.6451339	-0.22081602	-0.24898635	0.4585786	1.04146	0.2620159	0.54892313	0.5981926	0.36679235	-1.5889057	0.4102433	-0.9928387	0.019266479	-0.06550571	-0.32250792	0.22123235	0.6318665	0.82633924	-0.37290144	-0.25970203	0.16377072	0.46708632	0.068641186
0.21346277	0.15804157	0.038168818	-0.010789777	0.14048617	0.2340909	-0.004393596	0.18698247	-0.028834736	-0.17527957	0.253957	0.24685901	-0.105801	0.1113481	-0.074112505	0.09947366	0.08911577	-0.013727844	0.23184595	0.2395982	0.059771366	-0.12767358	-0.11559082	-0.10011392	-0.20663378	0.09738824	-0.024260024	-0.044094726	-0.06829966	0.089535005	0.13284454	0.07887831	0.1722901	-0.009735935	-0.013086865	-0.23819453	0.107726745	-0.05075816	0.09772262	-0.25578764	-0.45868745	-0.15689602	0.22107643	-0.13056381	0.27418026	-0.29924557	0.042307448	0.13443804	-0.25380594	0.3894428	-0.22544332	0.095031455	-0.117759995	0.24507982	0.030079823	-0.23239878	-0.048927665	0.20501544	0.055773087	0.16452715	-0.12388691	0.23286471	-0.17885217	-0.10549556	-0.0803076	-0.13668887	-0.19917448	0.19791996	-0.062483042	0.07499419	0.07879293	-0.10372334	0.24170129	-0.14800794	0.032679003	-0.13915598	0.16378194	-0.026048988	0.1016324	-0.105227426	-0.21905835	-0.19753477	0.04258939	0.14071745	-0.2023256	-0.057399955	0.13177605	-0.046717156	0.11571954	0.09949338	0.09317611	-0.008602986	-0.45619068	-0.017980017	0.017237158	-0.17238398	-0.24787733	0.091957636	-0.10077767	-0.1725882	-0.14814818	-0.3361938	0.05500453	0.0735707	0.026535412	0.13300209	-0.11338464	0.05114284	0.17919697	0.08789273	-0.1536851	0.13173021	0.23004372	0.12564011	-0.11165657	-0.09076523	-0.20339476	-0.1392114	0.22486894	0.06744495	0.15129231	-0.24576557	0.4128852	-0.00074217044	-0.18822846	-0.049042724	0.2865377	0.2783649
-0.0056441855	0.25922364	-0.051807184	-0.0408227	0.089613736	0.04125196	0.017761491	0.22647071	0.31093985	0.16219862	-0.20220302	0.28340927	0.0579074	0.11466904	-0.086080916	-0.05964306	0.11277601	-0.12440065	-0.082370445	0.21943434	0.1335694	-0.1977039	-0.27278876	0.07974094	-0.29241276	-0.14588185	-0.083645694	-0.08211813	-0.21988173	0.13985737	-0.066564225	-0.28631535	-0.052282557	0.1395263	-0.08471109	-0.09651612	-0.1719551	-0.3951012	0.0422326	-0.036840178	-0.27210084	-0.030504381	-0.16292174	-0.0060538673	-0.039399765	-0.0615305	0.19201578	0.2552375	-0.12152142	-0.07477475	-0.16886058	-0.09452394	0.18318433	-0.07283044	-0.0067134793	-0.039611943	0.22635399	0.08030734	0.07089632	-0.05142668	0.116250165	0.15997584	-0.29268053	0.09563105	0.16215605	-0.057886597	-0.07122152	-0.17707025	0.17580895	-0.27031758	0.15237398	0.07629292	0.32325506	-0.1831136	0.1429259	-0.08263949	-0.013530331	0.0066444557	0.09672143	0.048120905	0.0759186	-0.18018827	0.10054267	-0.1790912	-0.20220217	-0.32821098	0.16973828	0.11563954	-0.21023577	-0.10019164	-0.07832955	-0.17214896	-0.1589167	-0.3495737	0.06087215	0.081958145	0.09193585	-0.1305919	0.08182248	-0.08541464	-0.16363083	-0.20142496	0.07754848	0.04436732	-0.08546237	-0.037808638	-0.20744133	0.111022525	0.1168093	0.18243213	0.094062045	0.06602193	-0.07970432	0.18861258	-0.062265	-0.117958516	-0.24021739	0.13121544	0.11797396	-0.17239323	-0.03930277	-0.042357	-0.06183931	-0.19365028	0.031890817	-0.01156813	0.13712463	0.091604546
0.18013719	0.02433848	-0.058383904	0.065045156	0.5147352	-0.1815065	-0.06635215	0.49513292	0.027435528	-0.06434809	0.23717053	-0.13696334	0.21161216	-0.07544045	0.1164275	0.45501438	0.2561274	0.31001082	-0.23868157	0.26731178	-0.18751682	0.053172283	-0.026770724	-0.4523805	-0.21733317	0.38296387	-0.14693396	-0.08435352	-0.059634443	0.056004338	-0.08904739	-0.17914839	-0.18235713	-0.013248833	-0.011855601	-0.15126646	-0.47311717	0.046497993	0.31828415	-0.5406138	-0.43919885	0.1565027	-0.027377898	0.31562132	0.31225356	-0.29852644	-0.24076678	0.067122884	0.1359029	-0.3388852	-0.033302177	-0.1685493	0.09829382	-0.22483765	-0.22836573	0.032430913	0.13864574	0.40447974	-0.26045477	0.06472515	-0.2973884	-0.101539604	-0.120518856	0.1532152	0.10080963	-0.13265795	-0.17888236	0.3964489	-0.018837048	0.13306499	-0.14545932	0.10915829	-0.065336496	-0.33591378	-0.03918506	-0.17824325	0.008994568	0.4723474	-0.45785818	0.08097682	-0.22221719	-0.094661914	-0.03448188	0.3635564	0.14337419	-0.22298542	0.34706756	-0.21115166	0.3779269	-0.13470419	0.09890099	-0.09563946	-0.5046066	0.3473178	-0.10352612	0.18799198	-0.19933042	0.25988883	0.34217477	-0.24939531	-0.05377118	-0.32416064	-0.41415954	0.08377815	0.010182791	0.25929704	-0.22820884	-0.004394797	0.33817363	0.28151515	-0.27961445	0.5678784	-0.21468069	-0.025365103	-0.008587466	-0.024683105	-0.054697793	0.09083231	0.34960115	-0.27181903	-0.3531288	-0.06259295	0.65463495	0.3408944	-0.12251997	-0.04007996	0.29489523	-0.17254052
0.02307917	0.05239046	-0.016488591	-0.06475991	0.07146356	0.041356385	-0.0086471755	0.07549621	0.077446476	-0.018099666	0.012346566	0.05066619	0.0022245627	0.023596566	-0.031448856	0.03463806	-0.0150727825	-0.07921946	-0.003114752	0.019106746	0.0035655876	-0.02398598	-0.05428675	-0.003717869	-0.09798827	0.006861462	0.0023437701	-0.045654636	-0.042844012	0.023820508	-0.0049627726	-0.06541883	-0.0020337764	0.06763318	0.013722514	0.02245681	-0.054915786	-0.07123272	0.0062309257	-0.06970657	-0.055737972	0.016081668	-0.08420823	-0.000811568	0.046045218	-0.0023282608	0.01703346	0.032894764	-0.07049428	0.029214619	-0.02153644	0.007834712	0.12042804	-0.033311848	0.003956345	-0.04467994	0.023288209	0.055459768	0.02450391	0.011570497	-0.017862018	0.05639267	-0.14150313	-0.009868485	0.054223858	-0.033381127	-0.028604005	0.0056025297	-0.047799658	-0.045866188	0.00866574	-0.010540772	0.024799218	-0.05765427	0.077458985	0.02428616	0.032263104	0.0006229407	-0.026917199	-0.03148708	-0.037697736	-0.14798354	0.04215701	0.064087406	-0.04782298	-0.05632733	0.063844725	0.008271166	0.07097772	-0.045788463	-0.02796131	-0.09366604	-0.04621654	-0.05302303	-0.055757016	-0.008858364	0.04769644	-0.020350428	0.026986945	-0.03618354	-0.046212025	-0.047211442	-0.07404524	-0.005498189	0.0180103	-0.027386136	-0.02649207	-0.011439295	0.052588306	0.024150753	0.03029582	0.061821498	0.030842055	-0.052739203	-0.03872831	0.025964199	-0.11454038	-0.04020341	0.06530999	0.056359876	-0.055320594	-0.05391704	0.037699033	-0.0010829058	-0.09342768	0.0009132174	0.091722496	0.009301286
0.008182936	0.22053882	0.09439534	-0.10890439	0.54327255	-0.026776547	-0.025812127	0.41203412	0.15835854	0.23556015	-0.08710158	0.20983815	0.0894372	0.012660713	-0.074030295	0.16821197	0.25467306	0.018001186	-0.21854585	0.22623877	0.18974465	-0.41817066	-0.3058095	0.031223264	-0.41226774	0.01309949	-0.14863358	-0.13059555	-0.2818344	0.22214767	-0.19368966	-0.10510141	-0.05754686	0.23674956	0.13762465	-0.13530295	-0.09060527	-0.0009785139	0.13990417	0.12674142	-0.24231775	0.06367351	-0.07278336	0.12807791	-0.08194605	-0.008334913	0.16110204	0.50705916	-0.010337273	-0.005845503	-0.14820655	-0.19844271	0.18168482	-0.16477574	-0.12439488	-0.35870284	0.4243056	0.2385905	0.033717062	-0.052540783	-0.29479676	0.2227882	-0.29835403	0.4128959	0.15316488	-0.19733515	-0.040370323	0.08677913	0.06832584	0.046459526	-0.22352213	0.32049173	0.16050799	0.16270791	0.03215507	0.0040308465	-0.22939017	0.36685678	0.09339254	0.14266057	0.1560313	0.016375441	0.081488326	-0.11353245	0.20263988	-0.11530467	0.0032257275	0.31324717	0.18874583	-0.09888053	-0.08726516	0.24174054	-0.23021969	-0.0052374303	-0.11521875	-0.025720686	0.19802195	0.2686289	0.3054661	-0.30433378	0.1683174	-0.37555876	-0.112966314	-0.40374878	-0.3589379	0.08932315	-0.027863234	-0.24034505	0.046541717	0.39323965	-0.04048275	0.32651812	-0.06979578	-0.058056995	-0.3687639	-0.051152363	-0.04280492	-0.21707867	0.47265413	-0.010242923	-0.18195628	0.07759336	0.44778094	0.041900504	-0.13383311	-0.14126536	0.098263785	-0.010960371
-0.35977936	0.38631254	0.4946177	-0.34686106	-0.10448253	0.54808146	0.37286726	0.23560734	0.30293816	-0.31763062	0.31324637	0.10623903	0.08503795	0.15444031	-0.21574055	0.4881672	0.72132325	-0.052074373	-1.0034757	0.12760702	-0.0049879258	-0.29190987	0.105643876	0.14005546	-0.49847087	-0.31960967	0.22838256	-0.14730102	-0.3950224	0.05035321	-0.018095775	-0.023597183	0.23367639	0.48350966	0.25943992	-0.11301188	-0.065268114	-0.5641547	-0.114880495	0.14167376	-0.39933172	0.22559744	-0.43527216	0.16261284	-0.1526228	0.29575154	-0.19184415	0.44510308	-0.15129583	0.5874275	-0.024691226	0.46619493	-0.021739315	0.14628811	-0.09707743	0.30819595	0.18418188	0.16776524	0.29485902	0.0930556	-0.5071793	1.0898639	-0.6166877	0.16594325	0.8514601	-0.18250489	-0.03790787	-0.62152797	-0.04682371	-0.61276597	0.81571007	0.26886714	0.41789103	-0.09780348	0.47640103	0.06926791	0.4592836	0.24643527	-0.06742102	0.70278203	0.4384594	-0.09763315	-0.088133514	-0.01043891	-0.77820766	-0.3653461	0.2969136	-0.35954005	0.32481685	0.019147117	0.6478155	-0.57788604	-0.17065026	0.25736356	-0.13326025	0.5886874	0.5586845	0.004767809	0.40146652	-0.57023966	-0.4324178	-1.0648044	0.28301552	-0.28440684	-0.12665512	0.083997376	-0.46632713	0.22027157	0.5169083	0.92381275	0.24904817	0.107784145	-0.19556987	0.8073949	-0.91276544	0.8327805	-0.57639086	-0.14994739	-0.57038504	-0.003785283	0.18129358	0.3738883	0.58496016	-0.61221826	-0.56233156	0.16345912	0.5826139	-0.7068734
0.12820718	0.0012012788	-0.28764206	-0.22262855	0.052018803	0.07400321	-0.025674257	0.16936049	0.01833742	0.21493483	-0.41039002	-0.27759805	0.16068271	-0.020319955	-0.20062552	0.5889782	-0.3327619	-0.2865566	0.1445358	0.2955142	0.01773346	-0.21078482	0.12584187	-0.10017452	-0.07987858	-0.1749869	-0.41037428	-0.35393456	0.08566433	0.07268143	-0.45024502	-0.23577437	0.21625291	0.059523627	0.07987095	0.17669311	-0.38793486	-0.4714406	-0.1098193	0.017163593	-0.35690516	-0.15429285	-0.04038647	-0.12961388	0.6478893	-0.06826806	0.22707519	-0.20441751	-0.111010976	-0.23853666	0.1323007	-0.045591917	0.17539836	-0.34935543	0.07412298	0.041447718	0.47785538	0.5763534	0.22077946	0.26701057	-0.26109457	-0.13742451	-0.7906795	0.24288021	0.23537041	-0.17976405	0.30796453	-0.3613842	0.00078995293	0.018086985	0.20940852	0.36408117	0.07406699	0.024442941	-0.016292319	-0.3898285	-0.15600519	-0.20288599	-0.43637988	0.041206177	-0.242302	-0.32251006	0.08271262	0.03115352	-0.117431425	-0.24711694	-0.24397631	0.12730452	0.4158241	-0.12855414	0.044760093	-0.60368884	0.061568953	-0.29096973	-0.35639775	0.08050036	0.5239518	-0.20013121	0.08379927	-0.26627025	0.1644963	-0.54890734	-0.28931668	-0.21412711	-0.13808624	0.26866245	-0.09304088	0.077761434	0.41501465	0.14624958	-0.16284221	0.4038328	-0.059683982	0.05451546	-0.114899054	0.5311357	-0.23650213	0.19585335	-0.19831003	0.25077677	-0.23364134	0.10323602	0.40537375	0.20659253	-0.30016184	0.06507329	0.057421923	0.20863947
-0.4040313	0.41089645	0.49471396	-0.33288997	0.14883845	-0.3796458	0.57859373	-0.66282254	0.7532047	0.4582943	0.20741096	0.06315829	-0.19605239	0.17337047	0.12139	0.30032396	0.562343	-0.3623176	-0.14431626	-0.1352512	-0.2143088	0.88698167	-0.77068317	0.077861786	0.054185566	0.36182314	-0.25816324	-0.4851454	0.47782677	0.21032786	0.19161752	-0.18584086	-0.5985905	0.76004076	0.39442185	0.15342109	-0.6450732	-0.07417001	-0.028040078	0.27243912	-0.17511223	0.06608147	-0.7456589	0.07071878	0.42985225	-0.39347076	-0.75582004	0.18493779	-0.68292594	-0.60964125	-0.4264372	0.88035935	0.11229519	0.24882954	-0.19738255	0.3927179	0.7549283	0.6976687	-0.11947687	-0.49764118	-0.9256107	0.093594566	-0.067421235	0.733056	0.33282134	-0.23540021	-0.12000736	-0.7937278	-0.5092011	-0.31699356	-0.10464231	-0.24322076	0.5841127	-0.47081566	0.023547845	0.31656668	-0.345914	0.014194722	-0.24402583	0.10057076	-0.18907781	-0.62920254	0.5787645	0.264779	-0.011328711	-0.1088016	-0.025211204	-0.15799388	0.63002336	0.58639526	0.4853389	-0.5046538	-0.3256541	-0.6119369	-0.12217349	-0.19327803	-0.21719114	0.9286817	0.17892651	-0.07427932	0.32446647	-0.37071887	-1.4971145	0.09811406	0.4464791	0.6043507	-0.46013817	-0.27406943	0.34680903	0.9596498	0.3620974	0.5457907	0.8336246	0.34467873	-1.4949173	0.53896	-0.8575819	-0.0111645395	0.049934413	0.018708777	0.22768816	0.5334303	0.7611005	-0.6736898	-0.13755547	0.1937961	0.5088437	-0.01692526
0.40037107	0.22377719	0.26038623	0.1674988	0.83050865	0.2834396	-0.1726621	0.5426734	0.23520817	0.48765984	0.52819353	0.3207553	-0.32227036	0.1398736	0.31965587	0.72266203	-0.2397458	0.23401771	0.0064479047	0.838423	0.2680786	-0.26017666	-0.10946983	-0.41990077	-0.061324656	0.5269266	-0.22146906	0.052539106	0.031109795	0.7928756	0.16934703	-0.35795555	0.69217	0.27870947	-0.015601844	0.020101689	0.32577184	-0.23612887	0.5952482	-0.5322917	-0.85208714	-0.040086936	0.2858895	-0.15393567	0.85709786	-0.7976302	0.09126211	0.4079182	-0.41325575	-0.14794272	-0.36360165	0.55872166	-0.60929966	0.0014759782	-0.028511468	-0.29386026	-0.50150466	0.68979466	0.35961747	-0.012109851	-0.23357305	0.38329095	-0.32440585	0.18717794	0.11169733	0.12046283	0.5254598	0.57361513	-0.0705653	0.17031783	-0.0574918	0.124596015	0.092124246	-0.43999195	-0.23091106	-0.54270893	0.49916098	0.26874694	0.054110374	0.23680747	-0.8107634	-0.85614073	-0.0662127	0.14776504	-0.29204962	-0.20163561	-0.48779187	0.29026544	0.33111116	0.09454855	0.47130048	-0.1781695	-1.2104015	-0.3343949	-0.63603526	-0.728712	-0.11835188	0.40385833	0.3346267	-0.11610774	0.31959102	-0.71814764	-0.7834317	-0.06046103	-0.4396012	0.6165043	-0.28057203	0.393625	0.5237818	0.06993916	0.17914549	0.9354524	0.14407879	0.34948158	-0.2398925	-0.27888086	-0.41204306	-0.008147858	0.78948474	0.20073543	0.17539665	0.13915208	0.8974507	0.36882874	-0.7673988	-1.074915	0.38448906	0.40941522
0.17987928	0.12817115	-0.11136776	-0.26330042	0.38946867	-0.2058233	-0.167827	0.2316338	0.03355921	0.320503	-0.077049054	0.06490884	0.06239259	0.20257284	-0.15609495	0.5096809	-0.035235815	-0.1660235	0.062321324	0.5293545	0.07873388	-0.48799258	-0.109086536	-0.23378581	-0.33972675	0.11963946	-0.54798484	-0.053527538	0.0050217537	-0.07122939	-0.47161567	-0.077726714	-0.036744397	0.36680394	-0.13491619	0.18638599	-0.20949389	-0.32414228	-0.019938946	0.11320297	-0.42109722	0.26494944	0.035684023	0.11832596	0.56748176	-0.14201091	0.50446033	0.119608745	-0.32294434	-0.3316371	0.1891659	0.15915014	0.18946947	-0.15161197	0.28608721	0.24207658	0.29302925	0.63965595	-0.00021869197	0.32041824	0.06172713	0.037740532	-0.5452827	0.4208339	0.013490496	0.063219756	0.05196763	-0.32567093	0.11250775	-0.061817314	0.03196676	0.26608562	0.2519098	-0.14508024	0.052190814	0.044118576	-0.07745548	0.13359803	-0.3664663	0.3843021	-0.4823699	-0.16852565	0.41183853	-0.05971332	-0.079241015	-0.041974116	-0.19632033	0.47714895	0.37514707	-0.15205838	0.15760317	-0.30958846	-0.10856502	-0.18921372	-0.025884334	-0.029226921	0.10148065	-0.11549477	0.35944062	-0.5521775	0.14187622	-0.31511644	-0.09782442	-0.037619676	-0.31997213	0.19299033	-0.17354687	-0.031944267	0.48825303	0.2508162	-0.028790604	0.54705036	0.32545575	0.12755021	-0.05656039	0.16428791	0.15190887	-0.009567145	0.050788205	0.30591875	-0.3107035	0.23655917	0.30412906	0.034002177	-0.076994136	-0.24797307	0.29965377	0.2021373
-0.915174	-0.145177	-0.8025397	-0.21203907	1.2151173	1.8634068	0.2310766	1.2760714	0.31505197	0.43368718	0.61149865	0.7057035	-0.020371128	0.9885447	-0.24975856	1.2517545	-0.24332462	-0.89044964	0.48739222	0.21466464	-0.2936214	0.5235863	-0.81662166	-0.26330605	-0.8540936	-0.5108113	0.629511	0.25353742	0.12367734	-0.80548215	-0.058447152	-0.9688889	0.35213676	-0.3095589	0.57966036	0.13681714	0.39499232	-0.78804237	-1.1695828	-0.82260185	-1.0827266	0.67455107	-0.6813255	0.36567467	0.03150509	0.32669288	-0.25398692	0.2220904	-0.025031999	-0.20892686	0.31055865	-0.05082178	-0.3900774	-0.38387057	-0.5898575	-0.093121946	-0.6481111	0.044695377	-0.007231763	0.31212533	-0.145124	0.19994387	-1.1707443	-1.0581511	0.15819187	0.87227684	-0.18005314	0.5409457	-0.5634047	-0.5498201	-0.14482367	0.16465953	1.028852	0.024921264	0.19781333	0.51148367	0.44081897	-0.8772335	0.5669439	0.59399164	-0.12471656	-1.0953573	-1.0631592	0.5096753	0.48322037	0.6304139	0.712741	-0.48067856	1.3402352	-0.3240852	0.5544277	-0.21821441	-0.32942992	1.4844638	0.39558265	1.0753227	0.41876888	-0.39009896	0.7177781	-0.83429396	-0.2896433	-0.5168634	0.08554335	0.8740339	-0.9114079	-0.06799396	0.49142498	0.30859116	0.06402144	0.8709786	0.27730104	0.7571066	0.38387117	-0.014694517	-0.62674093	0.9351875	-0.48673916	-0.49813044	-0.7694092	-0.87432486	-0.87137437	-1.3045946	0.5670875	0.20659783	-0.33458036	0.038611248	0.50208807	-0.5022719
0.087659694	0.12675843	-0.73872244	-0.2506436	0.85575205	-0.39119476	0.09973801	0.6486846	0.77049875	0.6092291	-1.1604192	-0.22476035	0.52992487	-0.23790593	-0.5167446	0.5124014	-0.15652649	-0.007976227	-0.0765531	-0.124780096	-0.069971606	-0.26809424	-0.56667525	0.13267012	-0.92334723	-0.03850137	-0.0647238	-0.09255615	0.19485845	0.36696598	-0.51632816	-0.116814606	-0.44618952	-0.77920103	0.095934585	0.18736975	-0.9783028	-0.5035665	-0.17058687	-0.36241314	-0.44725302	-0.5786171	-0.37545806	-0.7143261	0.30445883	0.19571969	0.27181894	0.43807685	-0.042602222	-0.3451024	0.13760169	-0.36420873	0.51784515	0.39817435	0.70482856	-0.3687695	-0.2381021	0.22684647	-0.048798688	-0.19033194	-0.33311498	-0.1991033	-0.18516916	-0.17041686	0.017779294	-0.087062865	-0.004151089	0.25478792	0.053005405	0.52605623	0.22825666	0.31259227	-0.16079201	0.6931139	-0.093500055	-0.24600771	-0.42587215	0.845569	0.04988665	0.16408128	-0.6563548	-0.90820664	0.58366257	0.31104377	0.21740974	-0.14737132	-0.34096545	0.25436318	0.62392765	-0.0835222	-0.019797603	-0.41840798	-0.27130014	-0.12071699	-0.48084214	-0.49023876	0.35770646	0.06341316	0.8583041	-0.31154427	-0.16867477	-0.88821894	-0.17943685	0.105776675	-0.0028531547	0.49220932	0.06276194	0.19875063	0.11480642	0.60445786	0.42121282	-0.12972464	0.31097546	0.23919494	-0.610492	-0.046438083	0.1343069	-0.53441334	0.31802085	0.26015204	0.1285623	0.49240446	0.70136565	-0.6635903	-0.7548683	-0.48059654	0.24159148	0.058570992
-0.70013744	0.025057007	-0.74456555	-0.28762656	1.262145	1.9993994	0.076622725	1.196251	0.77773947	0.4445157	0.52516747	1.1969918	0.43531165	1.3373775	-0.2421746	1.2310219	-0.036466923	-0.7159907	0.39291117	0.25562835	-0.038002472	0.7411792	-1.3138483	-0.02607468	-0.6733204	-0.45429358	0.78519183	0.5586834	0.15734218	-0.92659193	0.022586197	-0.88332856	0.53050554	-0.18788986	0.42543578	0.26179707	0.4940646	-1.0500878	-1.1246514	-0.46448892	-0.9378468	0.43615067	-0.63068724	0.3799545	0.20103529	0.30860487	-0.2727606	0.20736769	0.35073286	-0.12592469	0.18725547	-0.24287556	-0.29220435	-0.34292608	-0.4628447	-0.1511433	-0.8848134	0.13139926	-0.20868796	0.15450968	-0.19788598	0.060076516	-1.43299	-0.94561744	0.10461135	0.9160619	-0.3184817	0.2830519	-0.5593908	-0.61285937	-0.53931415	0.01769312	1.248364	0.009557574	0.25489846	0.63671815	-0.030963924	-0.9301743	0.5179175	0.45939702	-0.4873575	-1.0375398	-1.1209846	0.38148907	0.48244765	0.47513124	0.8009119	-0.65744466	0.99212074	-0.21249251	0.4350241	-0.22291286	-0.39463037	1.3535345	0.44853377	0.7820152	0.45626825	-0.39727184	0.9462708	-0.8838738	-0.08118709	-0.7970467	0.08691811	0.6748062	-1.1460383	0.14974767	0.3601221	0.28012145	0.119559124	0.6388285	0.36031857	0.89279	0.7652001	0.1952629	-0.7776823	1.0416348	-0.6130845	-0.18593532	-0.74221987	-0.6143479	-1.2008762	-1.0564635	0.47386286	-0.2339809	0.043278113	-0.44568288	0.5837359	-0.47619444
0.17070661	0.34557447	0.21859293	0.32427105	0.8806863	0.5412162	-0.37140256	0.5640852	0.4036634	0.008057375	-0.7275739	0.20211968	-0.5265775	0.3739979	0.28320235	-0.19632412	-0.2669571	-0.36976594	-0.21090972	0.3319409	0.18168439	-0.29340586	-0.6043456	0.3347955	-0.29664418	0.29105976	-0.6046544	-0.28114304	0.20944974	0.396323	-0.6934856	0.13696702	0.2755954	0.27827242	-0.01742059	0.48199242	-0.3223468	-0.6557932	0.06808311	-0.079952694	-1.0724374	-0.16976666	0.10762322	-0.24412234	0.12122353	-0.24648863	0.36586478	0.69961065	-0.10181195	0.1780972	-0.31157637	-0.3274168	-0.25695974	0.3855896	0.19927439	-0.45732132	0.17830583	0.49695903	0.38515243	0.09480792	-0.3452396	0.17200533	-0.024680812	-0.024137381	0.620211	0.10952438	-0.10171027	0.37742645	0.13594076	-0.051501483	0.5197153	-0.43229628	0.5629015	0.19492623	0.110999964	0.98892474	0.6434851	0.15064596	0.35176253	0.68403184	-0.44265532	-0.84031826	0.34349254	0.5245444	-0.02006236	-0.24360816	-0.018576052	0.4083802	0.5904153	-0.44672933	-0.29036745	0.25548905	-0.73386806	-0.027124599	-0.15876757	-0.34058046	0.022586841	0.401659	0.5094059	-0.890329	-0.29815784	-1.4437708	-0.10272147	-0.20977893	0.21452738	-0.1400497	-0.72869545	0.2460588	0.6447052	0.5535477	-0.05954523	-0.2641235	0.49420464	0.37134326	-0.5961001	-0.22729287	-0.45612428	-0.19130827	0.86520255	0.95426714	0.32502127	0.007886966	0.67819506	-0.6144084	-0.22360197	-0.018125659	0.15523994	0.034277994
0.5086476	0.1894199	0.7118292	-0.58076984	0.655826	0.0028354865	-0.002926639	0.33994517	0.17213874	-0.25783703	0.72761065	-0.06418144	0.039255057	0.10709606	-0.3874842	0.37937263	0.5330108	-0.42658347	0.16637851	0.23387636	-0.088076286	0.21872343	-0.66670847	-0.5322016	-0.6374213	0.3330183	0.59557474	-0.21488833	-0.2657472	-0.33124274	0.47019568	-0.5403382	-0.6422274	-0.26551533	-0.5228564	-0.2581325	0.26078027	0.82550806	0.685289	-0.12764369	0.036920033	0.57208455	-0.08838949	-0.14253324	0.129333	-0.48439196	-0.29738966	0.32057667	-0.6521741	-0.43589076	0.26875618	0.55964243	0.5258915	0.113743864	-0.64237845	-0.30592033	-0.4338913	0.5684189	-0.28919056	-0.025752904	0.18949512	0.19883859	-1.1381168	-0.06342252	0.232682	-0.48319998	-0.33823758	-0.27199906	-0.33911294	0.03932475	-0.13967705	-0.19736154	-0.02203788	-0.087236024	0.28204906	-0.28804368	0.15698904	0.3872501	-0.2890325	-0.17100665	-0.5958794	-0.4426439	0.6459225	0.24835113	-1.0086606	-0.4444428	-0.22746122	-0.3041951	-0.08402701	-0.17933124	0.37183276	-0.32244965	-0.6347959	-0.5444078	0.43512747	0.021086564	-0.17346644	0.5034101	-0.095873326	-0.95725304	-0.5879799	-0.1779184	-1.1885588	0.43047112	-0.21470726	-0.10901017	0.1824383	-0.37666896	0.42246905	0.19599919	0.4212064	0.53759086	-0.2569814	-0.26051378	-0.60837495	0.5352482	-0.39746696	-0.3590479	0.7707674	-0.7769566	-0.67999005	-0.15209404	0.6203592	0.035243466	-0.40358242	0.34654927	0.61228544	0.02465733
-0.04940976	0.2213608	-0.05045474	0.32793114	0.7077252	-0.078988336	0.4531525	0.70008427	0.36297876	-0.11851882	0.6354505	-0.17408086	-0.018360501	-0.37966627	-0.2842256	0.5415326	-0.1183262	-0.009321654	-0.24340193	0.39932474	0.07116203	-0.14607552	-0.27555177	-0.38593885	-0.87325263	0.57297105	-0.30195114	-0.12122669	0.27461758	0.44391984	-0.058333077	-0.32687086	-0.27143404	-0.023173913	-0.079222284	0.18124777	-0.05427263	-0.40926516	0.48112747	-0.64048856	-0.32402155	-0.12159759	-0.08155541	-0.41599154	0.50831485	-0.67676497	-0.30177218	0.33889472	-0.17936103	-0.03210388	-0.4593603	0.49321693	0.0920128	0.36093488	-0.32841024	0.24257307	-0.19365175	0.54759276	0.17139082	-0.08839309	-0.6279491	-0.018902587	-0.34068674	-0.23075384	-0.13979122	0.07422752	-0.0052077253	0.2006777	-0.3481884	-0.22100088	-0.042413384	0.4419228	0.4483979	-0.16858317	0.39934233	-0.13431665	-0.33892983	-0.563802	-0.4417307	0.26523244	-0.33836183	-0.3441262	-0.2811595	0.20973685	-0.3255483	-0.79968286	0.06366139	0.15367171	0.30959055	-0.05490989	-0.13767631	-0.14197154	-0.59753233	-0.22050968	-0.13706444	-0.17617343	-0.2997394	0.14874259	0.39647213	0.2132908	0.045254275	-0.87221324	-0.065246634	0.18110244	0.63816535	0.4019307	-0.25166172	-0.30690876	0.25545365	0.3819695	0.02039731	0.13622655	-0.063000105	-0.06549859	-0.39435452	-0.0922594	0.11051296	0.42068836	0.2876099	0.023189256	-0.006421666	0.030816237	0.47513148	0.03852996	-0.6328717	-0.6549666	0.031078717	-0.23959386
-0.12917052	-0.07057389	-0.037709266	0.22455563	0.1740427	0.35975966	-0.095150635	0.25313294	0.5650791	0.20749374	-0.12492509	0.14731374	-0.34223402	0.024469754	0.21985891	0.04153654	-0.12081925	-0.42434573	-0.0497262	0.37881857	-0.24844581	-0.29920042	-0.4356839	0.16006254	-0.43155184	0.3481569	-0.32911006	-0.08295377	0.034828104	0.14375094	-0.33445743	0.14368549	-0.07332834	0.2894849	-0.18495353	0.106453836	-0.30464038	-0.7069973	-0.08374716	-0.21399139	-0.7035039	0.01782897	-0.13696553	0.024891824	-0.024123656	-0.27016884	0.023955343	0.13245615	-0.23058051	-0.14544977	-0.43233594	-0.24292485	-0.046296563	0.053080346	-0.20540991	0.006310337	0.17549805	0.32265285	0.09238521	0.08284215	-0.36619008	0.030930763	0.54412603	0.26306552	0.25446716	-0.010347672	-0.07265127	0.03535419	-0.08968591	0.07472725	0.13371329	-0.03219454	0.013230408	-0.056928333	0.2879858	0.23823285	0.45285365	-0.5600339	0.37204573	0.24503978	0.15610728	-0.126883	-0.14149952	-0.24909303	-0.019671455	-0.043014914	0.018695524	0.13232574	0.05788798	-0.056150727	0.06270807	-0.035987496	-0.20542218	-0.10988642	0.010044088	0.028379824	-0.0103200665	0.1277051	0.033722438	-0.21598312	-0.14147949	-0.39254218	-0.56549907	-0.36785746	-0.11550453	0.24429269	-0.30661568	0.44706243	0.41682836	0.24397817	0.24875443	0.2798087	0.23919414	0.10258445	-0.2817049	0.056700047	-0.48472098	0.004822137	0.340702	0.28299093	0.25949177	-0.2326957	0.087455645	-0.309188	-0.35480174	-0.043695856	0.4276289	-0.36867478
-0.013823483	0.22102103	0.12869947	-0.102722175	0.5330319	-0.020775905	0.060729902	0.32768562	0.14842986	0.31054142	-0.14400002	0.25878116	0.104158096	0.025599774	-0.13379876	0.2192076	0.26307645	0.01297583	-0.20338473	0.18235558	0.2200585	-0.32202938	-0.28242695	0.08275593	-0.40483135	-0.044749226	-0.16494456	-0.17587271	-0.34447142	0.20932247	-0.17175373	-0.13848956	-0.05761783	0.21494594	0.1486708	-0.12317789	-0.115771055	-0.042543627	0.07003073	0.1462865	-0.19194156	0.11244521	-0.06039313	0.11565674	-0.06212646	0.0034241574	0.118726306	0.4904137	0.0011336976	-0.010513582	-0.15348539	-0.11852873	0.15474282	-0.17058341	-0.14685486	-0.3158321	0.43864757	0.22309844	0.03579427	-0.02981606	-0.2355229	0.21598737	-0.3744756	0.40237305	0.1991603	-0.2051745	-0.03410805	0.015469516	0.0851668	0.010236356	-0.19413193	0.36108315	0.16376288	0.16053522	0.034954593	-0.008956788	-0.21053132	0.33415213	0.027060889	0.1786473	0.24238473	0.001998417	0.12338854	-0.1237887	0.15262124	-0.09531687	-0.024185576	0.27292252	0.18131413	-0.14256513	-0.0005684146	0.23838983	-0.21342587	-0.057463605	-0.109318525	0.022930307	0.2322171	0.2737309	0.3125739	-0.34349877	0.12452701	-0.34015495	-0.0521078	-0.35792527	-0.35073796	0.06648	-0.028645027	-0.1826172	0.03554436	0.42432317	-0.017231915	0.36943892	-0.018123273	-0.025559135	-0.4456231	-0.015583325	-0.013957783	-0.27350634	0.4160296	-0.02978455	-0.22456196	0.15630098	0.4611429	0.0041523585	-0.09781907	-0.11691851	0.16590144	0.0003393535
-0.39189225	0.009232499	-0.3162162	0.3411162	-0.1816255	-0.00072621193	-0.07861682	-0.24814075	0.49361837	0.017837137	-0.08291186	-0.13297449	-0.3916971	-0.06984779	-0.24619773	-0.6721649	-0.095932476	-0.026736064	-0.5720381	-0.1006679	0.51438046	0.1255596	0.16804808	0.82335615	-0.64631426	0.5345389	-0.49175742	-0.6814391	-0.48576906	-0.0027188708	-0.17425244	-0.54832894	-0.42176387	0.6511438	0.3330494	-0.7048432	-0.22297947	-0.11852903	-0.07756499	-0.3624968	0.32360315	-0.9937271	-0.7358317	0.33528566	0.5731368	-0.667963	1.279287	-0.21038511	-1.2004285	0.14127117	0.06226033	0.66853553	0.89263153	0.043552183	0.7046658	0.11407252	0.53660536	0.06610966	0.15164733	0.52259344	-0.5638176	0.08542471	-0.42711312	-0.20983693	-0.01905349	0.56810606	-1.0330791	0.24588734	-0.19184831	0.078014195	-0.63651353	0.41029304	0.120803885	-1.0240753	0.08010416	-0.5801586	0.3426681	0.3299178	-0.50537926	-0.97179925	-0.30527025	-0.15281181	0.019316195	0.7710622	-0.7321792	-0.04922442	0.760308	-0.17402494	0.11255766	0.016254531	-0.6514014	-0.16007647	-0.14236313	-0.8465769	-0.1980007	-0.024046067	0.25036702	-0.47326556	0.19893898	-0.21526648	-0.4706481	-0.45105544	-0.31150812	-0.006585666	-0.071804106	-0.08492205	-0.62188435	0.010963313	0.48913682	0.033815555	0.23178303	-0.8597006	0.3406061	-0.5140217	0.1416405	-0.046455964	-0.97173065	0.7968398	0.7108305	0.8128873	0.13443962	-0.67855734	0.3645336	0.69674784	-0.23260705	-0.62699735	0.41368032	0.6690608
-0.0026130662	0.06647654	-0.120112106	-0.07090724	0.22931376	0.022883678	-0.03719684	0.3316213	0.17432967	0.1302308	-0.11645388	-0.015074334	0.12655613	-0.008278682	-0.10807825	0.16309117	0.13465211	-0.20059349	0.037123796	0.24366958	-0.18569528	-0.024855085	-0.052786153	-0.034148056	-0.31711662	-0.061370205	-0.24220707	-0.08113124	0.06745748	-0.011759461	-0.11505053	-0.14969961	-0.030920638	0.1868691	-0.15820919	-0.10347725	-0.25015992	-0.17279388	-0.029077068	-0.00312959	-0.33386326	-0.01438656	-0.13641836	-0.01349756	0.13952151	-0.1963273	0.17195052	0.09363408	-0.13522707	-0.2375744	0.038787205	0.09785266	0.061393272	-0.087360285	0.12951809	0.027394922	0.20274927	0.23639324	0.13538188	0.116656914	-0.08432213	-0.009082055	-0.22585347	0.21942481	0.020652752	-0.085459895	0.006484913	-0.032178193	0.08346712	-0.059312742	-0.1170935	0.12971541	0.142723	-0.061360978	0.12578991	-0.040656164	-0.06699016	-0.18965547	-0.07998997	0.038751565	-0.029684747	-0.14138313	-0.06623304	0.07339115	0.05851843	0.040533375	0.09861008	0.2592132	0.06640054	-0.07880765	0.037404705	-0.16250572	-0.12927741	-0.09862595	-0.049471155	-0.021440264	0.080208324	0.05316888	0.16660234	-0.12478055	-0.06050524	-0.14782487	-0.30199757	-0.05947535	-0.03115596	-0.17364483	-0.022228269	-0.046267707	0.323847	0.14704698	0.09976754	0.24045007	0.040763594	0.011056409	0.044656165	0.1490623	-0.10095637	0.1463498	0.103432186	0.041524142	-0.05910339	-0.029207908	-0.039274693	-0.027653493	-0.016059158	0.06655334	0.034253307	-0.0046648905
0.904998	-0.42380807	0.25931296	-0.2248903	0.2912814	-0.42542872	-0.7383957	0.5229045	0.2736259	0.6510705	-0.620077	0.27935812	-0.56255794	0.19009568	-0.32061854	-0.3183737	-0.32252797	0.19745462	-0.374931	0.25870973	-0.20154566	-0.3802555	-0.3030382	0.6437558	-1.0682218	0.5454065	-0.75193346	0.28296497	-0.19940317	0.6527851	-0.654308	-0.15116644	0.2638937	0.36681816	-0.22927193	-0.4843187	-0.57585585	-0.58421224	0.08263099	0.43939596	-0.35070112	0.15090759	-0.67903423	-0.5774071	1.1194819	-0.213325	-0.15453039	0.25934654	0.2779741	-0.34367016	0.34052175	-0.18575996	0.01879719	-1.1252344	0.69527656	-0.42658672	0.18389991	0.4715924	0.28092527	1.2131358	0.16047238	0.46994326	-1.5567391	0.7887575	0.024476185	-0.0657169	0.012676435	0.27599964	-0.1544666	-0.021947153	-0.23171067	0.24537262	-0.114323065	0.4816192	-0.1669177	-0.30854487	0.05481225	0.33575854	0.1839115	-0.044813674	-0.31278336	-0.3871664	1.0729315	0.8150464	-0.2700559	-0.05255106	-0.432708	0.059066914	1.1797099	-0.40028825	0.23910005	0.41136882	0.04825421	-0.9054368	-0.06600194	-0.40232	0.9797875	-0.44959214	0.6195448	-0.41290238	-0.01883991	-0.8114869	-0.32079443	-0.13767347	-0.055963345	0.10937745	-0.12479962	-0.8024812	0.15781412	0.63561	-0.4321747	0.5266628	-0.19056301	0.59209615	-0.45038408	1.2084419	-0.34780675	0.0019323013	0.5627023	0.4853422	-0.28921166	0.12542284	0.39406312	0.35579976	-1.0168567	-0.068232104	1.0460474	0.028507303
-0.23240344	0.3490675	0.4187245	-0.25418827	0.10106651	-0.43201715	0.4371076	-0.78221595	0.8736486	0.23658864	0.102179654	0.109421566	-0.31790286	0.14981191	0.02817248	0.42728555	0.688554	-0.3618234	-0.12996972	-0.32802337	-0.09604101	0.98957574	-0.57697594	0.011596469	-0.07687582	0.5709577	0.03256525	-0.5555936	0.42288193	0.2796666	0.5099411	-0.36628938	-0.34521046	0.573707	0.4870699	0.29411548	-0.47297692	-0.20084023	0.019662306	0.46615773	0.060459863	0.14764203	-0.6981865	0.013954477	0.2298336	-0.34670922	-1.0405394	0.17778733	-0.37739235	-0.90686285	-0.30094016	0.8877655	0.18582258	0.12825511	-0.20960577	0.60366815	0.6726292	0.520223	0.23497927	-0.4675704	-0.90524596	0.19624916	-0.26248977	0.59973925	0.43119964	-0.18306054	-0.10951716	-0.7509478	-0.54064554	-0.3164176	0.18948565	-0.07063987	0.2281019	-0.67089987	0.0073302668	0.51357186	-0.24899402	-0.21347524	-0.29112825	0.088672824	-0.1603279	-0.34547517	0.47157314	0.2718593	-0.09829846	-0.24405572	0.09499197	-0.25231478	0.5839139	0.82049555	0.48386523	-0.72228384	-0.62552834	-1.1075287	-0.30792597	-0.14295262	-0.08323621	1.0091767	0.0934117	0.046989016	0.3581535	-0.39959198	-1.6585903	0.25830293	0.70124096	0.53291047	-0.4279869	-0.2862602	0.558363	1.0989985	0.42309767	0.49397942	0.60376567	0.5641777	-1.689553	0.4800945	-0.7353976	0.026178751	0.044477306	0.017673485	0.07980865	0.35317376	0.6873125	-0.4801583	-0.29842046	0.15698968	0.35417938	-0.30764616
0.04063257	0.27676642	1.0681137	0.24872886	1.337331	0.085975744	0.43059647	0.05557586	1.1291975	-0.33786848	-0.017486261	0.27830604	0.13885114	0.04617782	0.35920528	-0.20463237	0.7287297	-0.590296	-0.33054554	-0.4400163	0.3322632	-0.46019647	-0.3388592	-0.22663264	0.037236046	0.109709375	-0.024610534	-0.008614137	-0.11516509	0.5239781	0.20859696	-0.26184872	0.43147042	0.23425545	-0.0060260054	0.73788416	0.5288411	-0.20724547	0.4179684	0.72569126	0.6795178	0.3417738	0.0774978	-0.8288041	-0.53114504	-0.6421538	0.34733856	-0.20722207	-0.27876103	0.14663935	0.32155886	-0.029949298	-0.3226875	0.6137135	0.15071219	0.16995451	0.34694502	0.9346881	-0.16138878	-0.20660771	0.12844223	0.05137336	-0.6887811	0.23747088	0.020243157	0.42592672	-0.45135233	-0.6068308	-0.029942937	-0.77646744	0.3053345	0.57881606	0.19061594	0.61209947	0.25535405	-0.0123512	0.025964709	-0.24265352	0.047002558	0.37373084	-0.31301987	-0.22336935	0.18776816	0.20892113	-0.7451702	-0.080588326	0.5615201	0.012555566	-0.5484837	0.39140153	-0.12859167	-0.72888917	-0.52563566	-0.76217186	-0.020965314	0.76422	0.120215796	0.62593824	0.041657105	-0.56573266	-0.50373155	-0.5827862	-0.5842227	0.29192573	0.2393398	0.62655646	0.33786714	-0.25589877	0.34647313	-0.08404694	0.5333314	-0.042545915	-0.23343533	-0.5027742	-0.4299518	0.22687995	-0.5759746	-0.58695716	-0.24530226	0.15189767	-0.07869167	0.63821685	0.405336	-0.0076341215	-0.49121335	0.49101484	1.1059135	-0.46130693
0.31572723	0.024468156	0.020274298	-0.11574654	0.7034971	-0.12925348	-0.24190404	0.66669047	-0.14729714	0.22596185	0.22975427	0.016206287	0.30913168	-0.018633993	-0.0085058035	0.7702942	0.34786436	0.42834198	-0.20003124	0.4555345	-0.06738128	-0.31526324	0.17575446	-0.8436359	-0.3605567	0.36489958	-0.409404	-0.034956507	-0.22107176	0.06636173	-0.23238131	0.0020262962	-0.36468738	0.051490296	-0.066835515	-0.13241439	-0.44007182	-0.058344398	0.19350503	-0.48059952	-0.6765546	0.16708964	-0.02613218	0.098722786	0.30005103	-0.41779342	-0.11882245	0.05897748	0.24269807	-0.70213765	0.05473633	-0.16900371	-0.13177167	-0.54830426	0.002213233	0.00809182	0.26651084	0.5900452	-0.29897258	0.34153333	-0.51109964	-0.13196763	-0.57359415	0.3855234	0.08535716	-0.15200639	-0.23967789	0.42046207	-0.21009743	0.31037092	-0.3177071	0.15492944	-0.11334679	-0.34571978	0.067239165	-0.3185245	-0.008363908	0.89685017	-0.6683382	0.21173522	-0.46959916	-0.18580738	0.120791174	0.46798614	0.30318683	-0.30414066	0.14438748	-0.14300996	0.63147604	-0.24362704	0.29806477	-0.25569248	-0.4694991	0.4589254	-0.03589502	-0.00833847	-0.06764124	0.3127106	0.5749004	-0.43225566	-0.09668092	-0.411598	-0.6012584	0.13943687	-0.16493395	0.21552639	-0.24650124	0.15861171	0.3858544	0.30282578	-0.3326505	0.6958526	-0.17197496	-0.06471041	-0.076327115	0.17734355	0.13208365	0.11504036	0.5164514	-0.19258204	-0.50080734	-0.1182778	0.9153978	0.50950956	-0.056557912	-0.07681318	0.49816367	-0.23092867
0.24082285	0.014878237	-0.081206955	0.082493246	0.50525856	-0.13639465	-0.052081224	0.5096849	0.022966923	0.008911849	0.2523399	-0.051429734	0.18008187	0.009396276	0.11380943	0.5268975	0.3951687	0.22730069	-0.23049973	0.2553709	-0.13785867	-0.012095462	-0.10793658	-0.4603357	-0.38232046	0.35823247	-0.13608631	-0.082486436	-0.11257372	0.17168331	-0.035618097	-0.20293398	-0.11459455	-0.048362564	-0.050462257	-0.23098092	-0.46689466	0.000691041	0.306316	-0.4630216	-0.48061407	0.19907607	-0.00824675	0.28090024	0.20738684	-0.26991534	-0.34738588	0.02143816	0.12012689	-0.2963309	-0.08260202	-0.19257385	0.008267539	-0.1591649	-0.09284981	-0.046933994	0.1460624	0.34000054	-0.31717047	0.13481647	-0.31931046	-0.18388748	-0.22471063	0.1550171	0.027977116	-0.12846114	-0.21460098	0.39189604	-0.017643405	0.11407401	-0.12207047	-0.036925495	-0.055853575	-0.21630166	0.035850964	-0.24482551	-0.05865621	0.58525103	-0.48545876	-0.031240774	-0.18375812	-0.040270664	0.051552758	0.31572545	0.1067514	-0.2666878	0.32139647	-0.25738543	0.35858348	-0.1449298	0.2513743	-0.13902384	-0.4742619	0.3003304	-0.08517566	0.12915646	-0.21622093	0.27440134	0.25907648	-0.23505192	-0.08302268	-0.34477276	-0.4271746	0.06756897	-0.061817236	0.28220373	-0.1562484	0.118576996	0.22189583	0.36046904	-0.21797258	0.49720222	-0.22321485	0.02105485	0.027022	-0.03313689	0.1133812	0.20808336	0.49028033	-0.25004527	-0.33749613	-0.053593833	0.64743054	0.3457305	-0.10801533	-0.07991562	0.28680885	-0.17781632
-0.22150469	-0.05936123	-0.2669008	-0.29492885	0.19505073	-0.3451899	-0.2278874	0.043178815	0.2110705	0.2547315	-0.1673848	-0.18199699	0.027111007	0.22130312	0.21167818	0.49050558	0.57797974	-0.00030005845	-0.006233635	0.20009835	-0.18913418	-0.20833106	-0.0072935717	0.021665793	-0.29579854	0.26350424	-0.5319491	0.23672004	-0.15219633	-0.35967517	-0.48359516	0.22696772	-0.4956641	0.24039252	0.07981497	-0.023110243	-0.37695733	-0.14199004	0.0009107239	0.23439577	-0.35162312	0.05469829	-0.5262046	-0.11029157	0.28122962	-0.3987134	0.2367775	-0.022032803	-0.09634102	-0.36305913	0.06988055	0.27258423	0.045192454	-0.39752916	0.3023271	0.19410498	0.1868449	0.4626436	-0.18977635	0.031230008	-0.29069525	0.040351264	-0.3894548	0.5437636	0.1333661	-0.076324515	0.21937165	-0.27581367	-0.022435691	0.0042612464	-0.15456654	0.28998	0.26831752	-0.26301843	-0.0019809646	-0.22227234	-0.3018234	0.29447567	-0.1575035	0.082924135	-0.37899455	-0.30354902	0.13825822	0.2567706	-0.3470063	-0.28017893	-0.03583261	0.1974278	0.5516092	0.09539136	-0.11043978	-0.45463702	0.0135295745	0.082786575	0.034516633	0.33041275	0.21931802	0.12669303	0.4058019	-0.47088802	0.22250874	-0.326078	-0.3112644	0.08490498	-0.25396582	0.053896166	0.16075066	-0.06277946	0.1925502	0.04549583	-0.040603142	0.4595731	0.09194755	0.12472031	-0.31058952	0.13972215	-0.02266229	-0.14551169	0.22069366	0.06279201	-0.41728795	0.0078830095	0.59120035	0.03514976	0.28046137	0.12061329	0.495248	0.01846974
0.096301734	-0.04919348	0.15411212	0.34069556	0.7352788	0.3706219	0.34909394	0.5050736	0.5902961	-0.35003582	0.4029353	0.8607404	0.7559296	0.21640372	-0.085402064	0.27966753	-0.16572504	-0.4511098	-0.91359097	0.6653561	-0.056718644	0.06527263	0.08507479	0.057982955	-1.195766	-0.18467748	-0.13621451	-0.68559706	-0.85687035	0.09416737	-0.22132337	-0.018975629	0.81633	-0.27097997	-0.029744858	0.41479772	-0.7361207	-0.29541674	-0.8704035	-0.3436996	0.032758772	0.16958944	-0.7586152	-0.9888863	0.051461466	0.14738065	0.3951028	0.1284726	-0.8017635	0.2382054	-0.45592865	0.11991677	0.23453157	-0.86194825	-0.09831572	-0.5097904	0.2415871	-0.360373	0.32007402	0.343618	-1.0931939	0.5134029	-0.22469802	-0.35201392	-0.18907245	0.19114293	0.14339608	-0.5636863	-0.4544995	-0.4034549	0.050459303	0.21003312	-0.359621	-0.54260576	-0.01604869	-0.014591584	0.4442346	-0.46579325	-0.45565727	-0.15923792	-0.29359582	-1.1872021	0.3739801	-0.1790339	-0.80617905	-0.3822232	-0.11156109	-0.06712975	0.18485683	0.47742042	-0.068382286	-0.5157838	-0.42930967	-0.43347755	-0.3021826	-0.16350986	1.077204	-0.35370827	-0.33844057	0.34518155	-0.4831819	0.3345269	-0.166326	0.2086531	0.25374725	-0.059089053	0.07020419	0.48732433	-0.18611717	0.03186578	-0.17900956	0.3499309	0.113382675	-0.06580302	0.19321273	0.3968027	-0.4434953	0.13691236	0.08941634	0.38157472	-0.46710843	-0.6543936	-0.06625366	0.7311282	-0.31209248	0.19178812	-0.49393743	-0.19291273
0.02791985	0.1356932	0.0107549075	0.06487927	0.26933363	0.03303217	0.18517031	0.090380825	0.13283782	0.13769852	-0.15890485	0.1511975	0.061122593	0.006690218	0.14396353	0.02536763	0.18272713	-0.033185724	-0.15637858	0.030730324	0.062919706	0.006843798	-0.24955675	0.027797308	-0.32391238	0.055744834	-0.07998158	0.007339937	0.020129597	0.15353633	-0.03827825	-0.12798764	-0.06962659	0.021576399	0.014846696	-0.043336537	-0.24008125	-0.18083839	0.013185494	-0.051146466	-0.26336348	-0.088347174	-0.12296385	0.07475104	-0.026842522	-0.04962112	0.014464467	0.16614428	-0.13663156	0.053567093	-0.06434469	0.0047663045	0.1218499	-0.018093733	-0.09029029	-0.095362864	0.016146664	0.1250114	0.037650023	-0.011253431	-0.026395697	0.09548423	-0.11776542	-0.025909605	0.038020298	-0.13959512	-0.073667966	0.02934849	-0.01966929	-0.07178895	0.070862934	0.0891618	0.049628504	-0.020566147	0.050808206	0.039033003	-0.06534983	0.09141901	-0.05267858	0.14259923	0.04437694	-0.08599118	0.05587204	-0.037986543	-0.02953503	-0.1656886	0.022465168	-0.015346177	0.039572947	-0.13158335	-0.0064681577	-0.07251419	-0.15793133	-0.06488224	-0.12359409	-0.012113797	-0.049777977	0.0041678543	0.14235628	-0.25793898	-0.03138122	-0.31497312	-0.04538701	0.014795294	-0.06613469	0.07251768	-0.078506514	0.046875168	0.11511458	0.15508458	-0.010727945	0.08533041	0.017209277	0.09842047	-0.20564063	-0.08462305	0.00946486	0.068053074	0.16709955	-0.0150469355	-0.030499186	0.05154673	0.23838805	-0.00051811204	-0.07379027	0.056937966	0.16912632	0.03799368
0.451436	0.33943674	0.3058548	0.12516873	0.54892474	0.23220764	-0.42109486	0.6088181	0.32743803	0.51127684	0.36796778	0.29622138	-0.2861278	0.047995824	0.12007952	1.0289668	-0.24738364	0.11746777	0.14635393	0.70612186	0.24428539	-0.16371275	-0.121476024	-0.5859642	-0.19734848	0.4873235	-0.049617045	-0.12594824	0.09355051	0.73418427	0.2501176	-0.26741442	0.68959516	0.25880113	0.026701089	-0.098225184	0.4888437	-0.20453802	0.6689149	-0.64935416	-0.8994389	-0.039423715	0.3613869	-0.14582692	0.8614864	-0.99541515	-0.1819617	0.56854624	-0.5212452	-0.14964752	-0.30782703	0.77537465	-0.43221036	-0.0458384	0.0023729661	-0.30601725	-0.5537035	0.65961105	0.5700399	-0.12730731	-0.15436947	0.43407488	-0.51176584	0.07480692	0.19036144	-0.23314631	0.46046466	0.7670995	-0.098969914	0.35585448	0.016785005	0.2846965	-0.027465638	-0.5073206	-0.17242363	-0.6470057	0.44889608	0.38722578	-0.13950446	0.3614542	-1.0120877	-0.95542663	-0.037882205	0.25530314	-0.23654628	-0.33504358	-0.41467544	0.3326802	0.30303654	0.15036868	0.51624733	-0.24004869	-1.1260338	-0.4762614	-0.71257573	-0.8326282	-0.060890675	0.29330412	0.09187404	0.22281048	0.10859224	-0.7211141	-0.8242707	-0.014948373	-0.43825653	0.4953987	-0.18293607	0.45967224	0.51155007	-0.05314217	0.09936017	0.616608	0.197415	0.37861574	-0.15663008	-0.09145798	-0.5388932	0.010549807	0.7310227	0.15189186	0.067899995	0.048057437	0.9039695	0.35295373	-0.69499004	-0.95873505	0.5953105	0.39384598
0.49611434	0.014408767	0.21746889	-0.20242345	1.0962446	0.32277757	0.014045272	-0.05631996	0.42542842	0.1762279	-0.05248079	0.7096885	0.55367994	0.13945596	-0.26760048	0.24726938	0.7349137	0.18842135	-0.72525734	-0.037226673	-0.061237335	-0.24165268	-0.10705916	0.6029553	-0.7994904	-0.4504269	-0.32559678	-0.3152896	-0.30600172	0.4098124	0.24895799	-0.38819164	-0.3760506	0.6867071	0.60715616	0.34646642	-0.21142083	-0.48234886	-0.5162202	-0.054476988	-0.33629218	0.17845592	-0.4655928	-0.14578478	0.0031362479	0.13283038	-0.24589801	0.13028067	-0.1001456	0.28293762	0.23266149	0.59335035	0.2719865	0.54341584	0.30035186	0.20927359	0.47807303	-0.007161977	-0.48047498	-0.22221121	-0.7730672	0.25884616	-0.5065914	0.17457627	0.20117494	-0.276914	-0.6156097	-0.5764564	-0.06774343	-0.0042916024	-0.06116365	1.0383171	0.10635161	0.49981797	-0.40187913	-0.09248997	-0.8302428	-0.071545474	-0.028109336	0.5169245	0.5893562	0.06568026	0.867467	-0.10698903	-0.4926024	0.25949427	0.30336046	-0.1093979	0.0043993974	0.11308666	-0.30524534	-0.20970976	-0.19282457	-0.3421732	-0.25176448	-0.18275931	-0.15512682	-0.5879345	0.08497459	-0.6211916	-0.19412673	-0.824912	-0.15588309	0.21939847	0.5470405	0.008375519	-0.28084952	-0.446761	0.5673662	1.2137481	-0.038509674	-0.053087596	-0.015155174	0.3813545	-1.135902	0.3355397	-0.21754761	-0.7156318	0.024141686	-0.39066598	-0.02071346	-0.095527105	0.099361144	-0.40265936	-0.23360671	-0.10958131	0.12389387	-0.81819564
0.1305859	-0.00060617423	-0.016467713	0.004092337	0.31443214	-0.034078375	0.10982897	0.013954732	0.10871982	0.04583993	-0.062403042	0.06866331	0.009175826	-0.044327296	-0.11588014	-0.061550457	-0.07077741	-0.06506806	0.01925381	-0.005039367	0.032249127	-0.09327253	-0.13685288	-0.061453428	-0.1869222	0.21417627	0.08838463	-0.07854021	-0.027903477	0.052006803	-0.10001067	-0.19548015	-0.121713914	0.21402606	0.047946263	0.050178062	-0.07641541	-0.014996062	0.059423923	-0.021189343	-0.058007386	0.018404087	-0.20726116	-0.16229536	0.118308604	-0.13623449	0.09856286	0.30829564	-0.28770408	-0.060309164	0.15834612	-0.04216997	0.30598766	-0.16087605	-0.036280103	-0.1638874	0.100900926	0.17694174	-0.010704575	-0.03090294	0.06696163	0.22726482	-0.31877804	0.11502438	0.1031646	-0.12319018	-0.034089506	0.1364144	-0.1411542	0.10042985	-0.013908089	-0.26438662	0.12722583	-0.082596175	0.005566122	-0.007762459	0.08961079	0.056610115	-0.035202026	0.12213378	-0.02978062	-0.15386818	0.22966859	0.075649075	-0.014095	-0.14933813	0.1510794	-0.045890912	0.0075420844	-0.00040112704	-0.035383105	0.14885762	-0.07769433	-0.06688484	-0.08666056	-0.08753549	0.11358438	0.013172106	0.011050044	-0.343205	-0.104382016	-0.11717821	-0.03051192	-0.030074568	-0.103977	-0.11606669	-0.112990685	-0.009813366	0.108041644	0.06109252	0.081776164	0.044969156	0.040355727	-0.035596706	-0.11122768	0.015793813	-0.037838686	-0.038581237	0.12803769	0.047708247	-0.053372752	-0.08055865	-0.07946224	0.067270435	-0.27971575	-0.099924676	0.053118654	0.016597973
0.43533796	-0.1978209	0.1949334	-0.012606048	1.1153122	0.26009834	-0.05218182	-0.0041883118	0.48885536	0.15157709	0.1313928	0.82793355	0.5871101	0.018513305	-0.004310015	0.20945705	0.70410335	0.16083378	-0.6858246	-0.020003874	-0.07673844	-0.267017	-0.11511152	0.6117926	-0.7298837	-0.35611603	-0.25757265	-0.34425277	-0.25142184	0.44653496	0.24209581	-0.40292826	-0.4080474	0.5728099	0.6528852	0.3636028	-0.38858244	-0.42624113	-0.3804924	-0.13198462	-0.3264641	0.33153182	-0.35223392	-0.37240022	0.07223745	0.036240853	-0.22806744	0.10604605	0.015459051	0.29317904	0.18696523	0.5843389	0.33905327	0.53018385	0.19867866	0.2827479	0.5334065	0.0826045	-0.33376455	-0.12806518	-0.7852075	0.24002875	-0.48318362	0.22088662	0.26538846	-0.2231242	-0.5520336	-0.67867064	-0.18338245	-0.061799187	-0.035925932	0.9704548	0.14601393	0.50829315	-0.26192924	-0.14333075	-0.8202317	-0.15174843	0.054356918	0.34253255	0.34302446	0.17100899	0.85974	-0.061514117	-0.54950184	0.16794427	0.04331783	-0.036320888	0.044246864	0.19125424	-0.32861137	-0.2127216	-0.062325682	-0.34086126	-0.21907972	-0.12433662	-0.30206227	-0.52287304	-0.0109665925	-0.50818735	-0.18082018	-0.84656274	-0.09382633	0.24701995	0.59240454	0.029555248	-0.29448342	-0.5709191	0.7673796	1.2753335	-0.028862111	-0.12024262	0.026614154	0.35156447	-1.3214952	0.32332465	-0.19400243	-0.57151663	-0.06900256	-0.3346864	0.08019421	-0.107823014	0.26196784	-0.33283028	-0.22350287	-0.09185701	0.047024585	-0.837103
0.20168076	0.39604536	-0.061763104	0.16281672	0.20394324	0.27749217	0.5727919	0.50411224	-0.11570621	-0.77883744	-0.26583335	-0.18518585	-0.3199539	0.009933927	-0.038485724	0.0056510004	-0.07938758	-0.863506	-0.4164144	-0.5160777	0.025308505	-0.17011084	-0.06529551	-0.42240128	-0.5279228	0.16371502	-0.0034348108	-0.59634	0.009040497	-0.02734262	-0.45194817	-0.113374	0.44687197	0.5352966	-0.011274902	0.22670084	-0.52797365	-0.4592709	0.065748736	-0.16835156	0.14973044	-0.20127365	0.15080559	-0.07608043	0.13455726	-0.29856816	0.39904788	0.06332175	-0.25319666	0.54303545	0.08056092	-0.24369124	-0.04527515	-0.17019412	0.21790664	-0.33916727	0.16720803	0.34739357	-0.16602248	0.757053	-0.47781548	0.33628294	-0.54979914	-0.1957038	0.5848958	-0.1653463	-0.11564239	0.07422485	-0.120865285	-0.2874806	-0.34658077	-0.14892827	0.14222947	-0.48591736	0.015565821	0.5385302	0.040926687	-0.52706623	-0.24161187	0.03961626	-0.38942847	0.022301098	0.7208315	-0.038940527	-0.6812322	-0.2529865	0.23700073	0.2733163	0.46529803	0.027197981	-0.34462696	-0.045607917	-0.109825	0.0026301201	-0.43904546	0.20248395	0.39513195	-0.27749413	0.08215753	-0.31261435	0.017193733	-0.36957234	0.30678874	0.1965143	0.13045065	0.104701966	-0.26820415	0.33062991	-0.10386875	0.11074993	0.357078	0.31624478	0.38879246	0.2151471	-0.46166673	0.115406185	0.08854275	0.011914389	0.15619811	0.2619184	-0.10359453	-0.49046162	0.34289566	0.45104375	-0.19245614	0.020730725	0.48071522	-0.08285749
-0.7674445	-0.09563111	-0.5958155	-0.33196965	1.3455554	2.1308455	0.23126324	1.208216	0.44004518	0.31711102	0.511534	0.99364173	0.28316078	1.4038777	-0.11123177	1.2857057	0.046737976	-0.7920287	0.56191	0.22090241	-0.31482857	0.49333295	-1.1676029	-0.12776244	-0.824312	-0.60264784	0.63939923	0.39225134	-0.066048585	-0.87172776	0.039219894	-0.9146814	0.4466691	-0.33313513	0.6550204	0.17525539	0.40238395	-1.1381649	-1.0453186	-0.57434636	-0.99611366	0.5674823	-0.6168957	0.106092736	0.16539122	0.09220002	-0.25057563	0.15167782	0.12011175	-0.2741312	0.04287165	-0.2728926	-0.33596814	-0.38433045	-0.41193154	-0.2441132	-0.8316474	0.024724178	-0.14462239	0.1741846	-0.19493821	0.3017051	-1.6529336	-1.3031509	0.09788469	0.97991395	-0.21208172	0.35361436	-0.6463178	-0.6153824	-0.5499079	0.20179024	1.1300341	-0.19080387	0.21402955	0.60770243	0.01469652	-0.8266193	0.3893535	0.860121	-0.20217688	-0.93500537	-1.0451798	0.26209503	0.49453133	0.6139487	0.78259814	-0.36865485	1.0544665	-0.15006213	0.5923562	-0.21347773	-0.47142148	1.2272682	0.7034899	0.88655806	0.4240941	-0.29629502	1.2017994	-0.5466932	-0.09098944	-0.40045363	0.20002976	0.7000736	-1.0466422	-0.019116154	0.31246376	0.40555635	0.11321636	0.5829054	0.5116968	0.8937625	0.5698964	0.17590314	-0.52169895	1.1257678	-0.8138112	-0.24599443	-0.81855524	-0.57373786	-1.0974675	-1.2240591	0.4181904	-0.033380337	-0.017134933	-0.24435028	0.6210782	-0.3269664
-0.10107954	0.23221678	-0.15206783	0.16678122	0.5958925	-0.060757525	0.2682688	0.4435654	0.22038053	0.083403744	-0.14142878	0.24138734	0.095411256	0.09870925	-0.2527621	0.0384812	0.405932	0.0918173	-0.18576479	0.37308213	0.01601851	-0.06305285	-0.65376	-0.15334465	-0.82427645	0.12649088	-0.22991256	-0.17372805	0.3055353	0.20574833	-0.02037863	-0.25722885	-0.2497103	0.35048687	-0.42831227	0.036188938	-0.5387206	-0.2619022	0.22261019	-0.05831635	-0.6035094	-0.034684885	-0.18111949	0.044501826	-0.051992483	-0.112437494	0.21944582	0.60690683	0.019126737	-0.47151834	-0.011814196	-0.118324116	0.5070022	-0.16867538	-0.040166464	0.19207564	0.06304078	0.44257298	-0.021581976	0.067596465	-0.24462244	0.021865083	-0.4292807	0.29529616	0.071282186	-0.24878362	-0.011797242	0.18682021	0.35599667	-0.103106506	0.1770484	0.5783843	0.008856658	0.3029255	0.015228626	-0.08059948	-0.05787352	0.18648425	-0.37181005	0.29360554	0.33730882	0.016234735	-0.03804053	0.06634769	0.10567864	0.013997365	0.27108663	0.24253994	0.09257924	-0.39284447	-0.27096	0.005329653	-0.40243384	-0.03817818	-0.2385991	0.3002799	-0.13431911	0.15897721	0.3531466	-0.66000247	-0.0641899	-0.49268255	-0.3976019	-0.21688467	-0.2972008	0.08837535	-0.050706368	0.009594545	0.17413954	0.37385046	0.1410395	0.28120455	0.2683646	0.53772825	-0.16766691	-0.17113394	0.27783704	0.034657557	0.3758006	-0.02078069	-0.33803403	-0.11326401	0.37766638	-0.47540727	0.09693176	0.3595389	0.32441553	-0.26456738
0.042751376	0.17229202	0.18666838	0.1539748	0.3442771	-0.08313525	0.12155562	0.39645836	0.011580907	0.09455344	-0.20288436	0.03888396	0.14213555	0.014390142	-0.3581323	0.079314485	0.17110848	-0.13789086	-0.24801496	0.08136805	0.07077196	-0.3291289	-0.4981354	-0.20053895	-0.66589934	0.1396745	-0.24328592	-0.16685776	0.28900877	0.030050332	-0.21113166	-0.0718943	-0.036149397	0.111380346	-0.043031227	0.10117746	-0.22580191	-0.15159352	-0.037621494	0.08936211	-0.2654733	0.07067539	-0.23742528	-0.05950307	0.055821616	-0.22135343	0.3291539	0.4384241	-0.21237959	-0.07539972	0.03461533	-0.0725611	0.33333907	0.13535725	-0.08891384	0.11826408	-0.0602756	0.20423318	0.16756734	0.014383199	-0.2806489	0.0062185633	-0.16440897	-0.049883578	0.026327668	0.045454767	0.013712446	0.106925376	-0.0668817	-0.24681109	0.14369428	0.10860893	-0.05272643	-0.2208035	-0.08925653	-0.09339228	-0.060688213	0.09241578	-0.013800774	0.1495434	0.04273815	-0.19041325	0.069604985	0.24851614	-0.15835203	-0.10869136	0.12135356	0.17619106	0.1825115	-0.034292303	-0.16062137	0.032871787	-0.27269953	0.06391041	0.01617589	0.20777562	0.12995353	-0.105007164	0.11808015	-0.16850856	-0.34055534	-0.28424543	-0.29869092	-0.11435937	0.037717428	0.06740098	0.026144288	0.060457103	0.3192061	0.16131356	-0.15000668	0.052839827	0.04712072	0.26419988	-0.3240389	-0.3322052	-0.14163104	0.25842127	0.12138657	0.122232236	-0.061761085	-0.036015317	0.19983491	-0.09098863	-0.073095664	0.22039768	-0.036583923	-0.066956386
0.037135053	0.17984544	-0.22909664	0.13863711	-0.0055891126	-0.011501624	-0.020760626	0.22977263	0.02488459	-0.22349347	-0.35370508	0.025078822	0.024415556	-0.016622297	0.046797566	0.32907265	-0.09333226	-0.15848652	-0.016628869	-0.04088177	0.08839473	-0.16340062	-0.034819346	-0.090184055	-0.16395369	-0.083884686	-0.2006421	-0.43600065	-0.10503868	0.11652792	-0.10752527	-0.25259328	0.23809059	-0.10175661	0.14535995	0.2567104	-0.36220142	-0.36712033	-0.1000745	-0.27006942	-0.26422098	-0.15425178	0.009412914	-0.21338563	0.187209	-0.06826226	0.08830483	-0.060374364	0.21189792	-0.019559782	-0.043414667	-0.5838763	-0.027259713	0.0016964718	0.14618097	0.030946577	0.1786462	0.41736066	0.29458287	0.51501554	-0.370059	0.25089145	-0.5050389	-0.06794203	0.35457036	-0.09941321	-0.22957106	-0.17693795	0.12043887	-0.078443594	0.15689917	0.122175366	0.26549202	-0.2722404	0.19469123	0.19173905	0.10532443	-0.33999434	-0.24678312	0.051717404	0.010545806	-0.28492492	-0.10063291	0.17905052	-0.06052072	-0.043845076	0.21287245	0.2053287	0.22681779	0.016815001	-0.061907746	0.049490232	-0.046441205	0.11167726	-0.3089566	0.031057827	0.0540457	-0.011653463	0.056767493	-0.058633424	-0.3554316	-0.32961562	-0.046094753	0.13161813	-0.18951115	-0.042253304	-0.12364487	0.20794597	0.3650028	0.008511461	0.009250003	0.28255314	-0.13853818	0.054900885	-0.31288406	-0.06864955	-0.14887932	0.09669645	0.08099483	0.106556475	-0.16310908	-0.2718495	0.41487262	0.299388	-0.12013283	-0.07681056	0.17330708	-0.1279241
-0.05643925	0.34708205	0.07974977	-0.23892738	0.06616311	-0.30227995	0.31228462	0.26698896	0.28515643	0.12627514	-0.0369846	-0.05711076	-0.09865017	-0.14186008	-0.11002964	0.3037284	-0.093725964	-0.23642708	-0.17219119	0.69605124	0.20260462	-0.38466913	0.22136003	-0.43038335	-0.35287404	0.17004761	-0.36082175	0.083542936	0.23532693	0.51170075	-0.4632991	-0.043967504	0.110066876	0.15697566	0.3894592	-0.18709962	-0.27793318	-0.22519661	0.40916032	0.16434583	-0.46263632	-0.22246884	-0.051617574	-0.2854215	0.37090325	-0.08094668	0.82598436	-0.0053466894	-0.28922516	0.23590179	0.0067679156	0.17654684	-0.016643628	0.2064233	0.42266718	0.057491533	0.3275354	0.55190194	0.001881925	-0.11650807	0.060739867	0.3873655	-0.601653	-0.053091228	0.1590656	-0.112472	-0.05243276	-0.36915845	0.019837067	0.30024326	0.10500259	-0.04517419	0.12167523	0.04882939	-0.31485203	0.2334575	0.269218	0.40528318	0.227284	0.24801096	-0.34224653	-0.31398657	0.18013868	0.2178602	-0.1880447	-0.5174444	-0.26940486	0.4401614	0.61256963	-0.11228588	0.14184132	-0.3055642	-0.6752683	-0.33078882	-0.57448995	-0.16131452	0.041212227	0.07440176	0.14395168	-0.16192514	-0.25432315	-0.29068696	-0.25035006	-0.06030183	-0.02433432	0.2968259	-0.07208526	-0.15493748	0.7769284	0.18135278	-0.2618648	0.32816705	-0.35960737	0.13386881	-0.054336898	0.1043879	0.17715412	0.059167083	0.1341424	0.8879322	-0.24339794	0.29946482	0.65052474	0.079408586	-0.70121026	-0.050026648	0.70559716	0.24825287
0.7029038	0.18134083	0.51558906	-0.6749981	0.74215806	0.25485915	-0.09208059	0.39819613	0.526129	-0.6019669	0.89580065	0.030727457	-0.37589377	0.08192793	0.0797658	0.63478285	0.56004775	-0.58941126	-0.06864863	-0.14763403	0.1167251	0.27694145	-0.712235	-0.36061546	-0.38389334	0.5182497	0.665748	-0.41253534	-0.4686772	-0.24253115	0.55258596	-0.31236917	-0.25609526	0.058323234	-0.48938352	-0.11371505	0.042441566	1.223166	0.4648177	-0.07286062	0.09385934	0.43255448	-0.402168	0.10493095	0.515445	-0.5534472	-0.19168994	-0.14220546	-0.6163898	-0.43112847	0.3053118	0.62008125	0.26612294	0.0055103987	-0.73717254	-0.38921452	-0.57832575	0.5838148	-0.35120124	0.21975338	0.033669107	0.37552255	-1.061705	-0.10942884	0.03379599	-0.12510435	-0.19647971	-0.361414	-0.47145027	0.074057154	-0.28369078	-0.3624606	-0.072049744	-0.15523012	0.06341298	-0.14682725	0.3611327	0.6692768	-0.3403656	-0.5467794	-0.7489621	-0.5590987	0.6760367	0.15413046	-1.1670245	-0.32206196	-0.23772538	-0.4734538	-0.03479791	-0.144891	0.5011226	-0.28886232	-0.69129324	-0.36579	0.025858775	-0.087672874	0.22287853	0.38495955	0.21504219	-1.1200339	-0.15637425	-0.034112226	-0.9938375	0.5340393	-0.37000144	0.25561506	0.38078222	0.2107215	0.33619875	0.16196059	0.7644188	0.52013546	0.02309155	-0.32106608	-0.83034134	0.17382139	-0.11898553	-0.3269415	0.64459854	-0.478742	-0.6730248	0.008622654	0.76281106	0.098695	-0.24621841	0.36393574	0.3455157	-0.055974986
0.030198975	0.061630357	-0.0040547787	-0.06874072	0.25791162	0.1265012	0.019548666	0.23961268	0.15290548	-0.05327121	-0.055615395	0.088262714	-0.020105174	0.038651954	-0.13673267	0.009456908	0.021056619	-0.04711385	-0.19909541	0.073006	0.019567322	0.06804555	-0.2730598	-0.06384819	-0.16347629	0.12183763	-0.018895296	-0.12055083	-0.082301706	0.105633676	-0.00062634767	-0.12311455	0.009142175	0.07031595	-0.05979801	-0.019889427	-0.12899482	0.02728333	0.11790734	-0.06613483	-0.10380759	-0.047549337	-0.0037011807	-0.06514635	0.08771248	0.09814407	-0.018901285	0.26056007	-0.020149108	0.008429456	-0.13523482	0.08250686	0.1586061	-0.0053370045	-0.05989285	-0.017313562	0.024250029	0.12707205	0.1445668	0.05725127	-0.059233908	0.09835703	-0.28292137	0.10525518	0.083140574	-0.14522555	-0.0085209515	0.096610695	-0.21227027	0.0067283576	-0.08176743	0.056793764	0.038206354	0.032803923	0.038545534	0.0037733205	-0.028702257	0.20423026	-0.016301863	0.035593774	0.032317407	-0.1694558	0.0627121	0.16237396	-0.050254837	-0.17523699	0.17550775	-0.009239372	0.019715197	-0.1106328	-0.023356799	-0.033463236	-0.17789191	-0.108237736	-0.05374921	-0.058332745	0.008183416	0.08083855	0.052505743	-0.111248106	-0.041623116	-0.25452116	-0.25741038	-0.12027695	-0.02844565	-0.008448307	-0.07513965	0.026212057	0.072958134	0.25123462	0.022815721	0.08588009	0.046144847	0.093941934	-0.18232529	-0.01932134	-0.08051101	-0.012140532	0.102558546	0.0038930725	-0.10929826	0.002773202	0.11642938	0.07928586	-0.13348651	0.07607999	0.17931701	-0.1250366
0.22437596	0.29506066	0.11943516	-0.1505447	0.20872805	0.055749495	-0.18632522	0.19394232	0.35532022	0.14867194	-0.039211314	0.22997797	0.21157628	0.0033320438	-0.17205924	0.18314058	0.14277558	-0.11353506	-0.26847827	-0.09943861	0.24711877	-0.40357295	-0.050747268	0.17333049	-0.15075041	0.11486138	0.09520024	0.10113201	0.06386532	0.2198505	-0.099109024	0.06256877	0.11834356	-0.11155861	0.3346467	0.18216223	-0.10020395	-0.32293716	-0.11140075	0.0630785	-0.22520898	-0.099290386	-0.12050596	-0.32135233	-0.015115127	-0.105629764	0.0064168745	0.09950703	0.207972	0.13103594	-0.0895038	-0.051634368	0.05052968	0.043544244	0.2477596	-0.3284406	-0.046718575	0.20970556	0.14793661	-0.023958381	-0.28867087	0.20598857	-0.46625277	0.57210094	0.29158896	0.095436804	-0.17923616	-0.012311558	-0.14479469	0.06011578	0.18621716	-0.14670363	-0.08901885	0.1638251	0.10837556	-0.020370366	0.2680536	0.45382178	-0.1820391	0.14869706	-0.20726672	-0.4946776	0.40667757	0.2743181	-0.13872477	-0.23109354	-0.16482277	-0.1627433	0.06864648	0.020247573	-0.071685866	-0.07050835	-0.20739369	-0.08636193	-0.009964072	-0.31875092	0.22112465	0.0033725135	0.050576705	-0.2031285	-0.12757966	-0.5481439	-0.089914024	-0.17622398	-0.014945341	0.099785216	-0.19001918	-0.044754434	0.093216084	0.17418292	0.23486398	-0.20889834	-0.05881815	0.1521775	-0.2473722	0.15645905	-0.2701118	-0.36913335	0.2711122	0.1084247	-0.030064518	0.25847656	0.0016353505	-0.17640038	-0.011671723	-0.023539701	0.20910433	0.00017874183
0.02595038	0.1237638	0.042649	0.014925119	0.3215878	0.021474801	0.18262917	0.107068315	0.17136286	0.093534924	-0.14034629	0.16614094	0.044191346	-0.021255443	0.120041005	0.07143047	0.13708746	-0.011056285	-0.14757992	0.0009875094	0.07964083	0.005919306	-0.20807429	0.054289322	-0.27303806	-0.002790466	-0.08976929	-0.046609454	-0.015724346	0.1355881	-0.050714716	-0.1611771	-0.082657136	0.055473864	0.06643942	-0.003556529	-0.24001855	-0.1942376	-0.0049676145	-0.06389187	-0.24643634	-0.08967833	-0.10971583	0.07261896	-0.077026315	0.03869655	0.03039127	0.206745	-0.105571255	0.10115011	-0.04403819	0.019407474	0.11267347	-0.03331627	-0.11254216	-0.05312579	0.065414585	0.09679588	0.029760452	-0.06587575	-0.041624486	0.0859962	-0.116712175	-0.068381526	0.06628674	-0.11900006	-0.06149292	0.040565535	-0.007307997	-0.13358124	0.059442885	0.08103316	0.10342223	0.003755645	0.07480782	0.060279414	-0.09326769	0.064745225	-0.014712885	0.114355415	0.08664303	-0.100820296	0.038840454	-0.028561667	-0.0005326239	-0.13313067	0.04999848	-0.02368087	0.091011874	-0.090179026	-0.025184587	-0.12313827	-0.16299586	-0.08345153	-0.16738223	0.0011895581	-0.005123561	-0.029359573	0.08488529	-0.2510477	-0.006568136	-0.37261575	-0.022482185	0.0009911398	-0.030134177	0.05861656	-0.06814418	0.036008235	0.11511596	0.13166565	0.00313509	0.07616245	0.0077747107	0.07135415	-0.1513849	-0.057089392	-0.065694086	0.05157321	0.1345175	-0.0007261345	-0.046298213	0.090965025	0.24067874	0.028332934	-0.043920007	0.07201702	0.20470086	0.03175131
-0.032612603	0.20036097	0.089632906	-0.11744696	0.23155537	0.1231157	0.3090608	0.24615914	0.32831937	-0.1696114	0.08910074	0.3254081	-0.005670284	-0.11859848	0.021738041	0.24411508	0.3439386	-0.1716589	-0.10000131	0.053065952	0.18092857	-0.27024335	-0.42362046	-0.2897826	0.0039747218	0.052542504	-0.25982165	0.1437692	0.16606934	0.13345523	0.09307995	-0.4297994	-0.040777102	0.0139369285	0.4200855	0.10993575	0.20212227	-0.13155727	0.11672472	0.04736878	-0.36599842	0.20615204	-0.6930186	-0.10692299	0.19245914	-0.11073518	0.046863507	-0.045815818	-0.035079084	0.140108	0.010683353	0.19208932	0.10375197	-0.12523389	-0.026761532	-0.03492903	-0.092681974	0.30842844	-0.0069867005	-0.02949594	-0.29845566	0.4978916	-0.6699187	0.09031943	0.09614141	0.38878116	0.10988158	0.093006946	-0.095269956	-0.24407926	0.06464707	-0.15727668	0.070261106	-0.16135783	-0.12020672	-0.17959596	0.17124669	-0.071752	0.12741302	0.30629084	-0.030965092	-0.33170995	0.04016642	0.3201575	0.15289576	-0.40240997	0.08936951	-0.21038826	0.12415287	-0.15881014	0.22490107	0.121936895	-0.0615799	0.062062323	0.00086298486	0.033119455	0.050591405	-0.15995932	0.2609078	-0.30980852	-0.11542727	-0.30397174	0.047587313	-0.06379792	-0.40559042	-0.21012183	-0.19838825	0.26413828	0.58523697	0.04691723	0.30816317	-0.093018875	-0.05209722	0.089168444	-0.41116706	-0.25642	-0.4234153	-0.120381646	-0.22468129	-0.051155902	-0.046848483	-0.10188309	0.27332687	-0.009738474	-0.41060492	0.14454542	0.24025449	-0.18351358
0.030175684	0.005747408	0.12595543	-0.12588295	0.05361096	0.1073808	0.1741195	-0.08410215	0.10416494	0.021752862	0.06786973	0.09167107	0.092119426	0.052643817	0.015058409	-0.018960135	0.09673166	-0.2048986	-0.35302317	-0.0153708765	0.18268517	-0.20193587	-0.18926075	0.031433392	-0.26448998	-0.073632844	0.10072434	-0.066851534	-0.078773394	0.12579286	0.025508638	-0.035755627	0.15733613	-0.023810575	0.17511082	0.07659599	-0.1358255	-0.11491419	-0.052258328	0.039512645	-0.21094811	-0.21094531	-0.22915572	-0.14196937	0.1427066	-0.119197585	-0.013743275	0.13332354	-0.07247977	0.099717535	-0.2108147	0.12261373	0.1890265	-0.004416939	0.050526988	0.056123964	0.13777241	0.14558397	0.021647237	-0.0806365	-0.25126073	0.22165371	-0.41904154	0.1280279	0.16851093	-0.060576964	0.018713284	-0.046745002	-0.13118897	-0.08526352	0.08211153	0.18105294	-0.052852966	-0.0894	0.10114354	-0.09224562	-0.09504336	0.069886036	-0.14379041	0.030073203	0.010743095	-0.19410793	0.19783862	0.1472911	-0.26664564	-0.18184608	0.048840683	-0.04218248	0.06139657	0.056487553	0.060352445	-0.081093654	-0.12693803	0.021476517	-0.02611042	-0.05016104	-0.009954028	-0.06244346	0.15510842	-0.11803258	-0.07227548	-0.17062737	-0.019152509	-0.1813384	0.04409162	-0.09249463	-0.25894386	-0.11242339	0.19593827	0.22941141	0.096630126	0.08789543	0.072010905	0.21203254	-0.2898817	0.15685526	-0.16793397	-0.04637194	-0.026419887	0.100377455	0.1224807	-0.02233265	0.25498345	-0.025699485	-0.20266107	-0.059879996	0.0924261	0.012947926
0.19463015	0.35729444	0.32693714	0.3332102	0.82604456	0.512921	-0.37091815	0.43334368	0.32099512	-0.017858446	-0.55069953	0.32770503	-0.56301534	0.39466083	0.33859408	-0.34347776	-0.32384697	-0.22796653	-0.040244035	0.66960764	0.30231705	-0.39409393	-0.46282652	0.44692737	-0.24662969	0.17100039	-0.40314698	-0.17990422	0.04079579	0.44305998	-0.6572125	0.23227932	0.31726733	0.19756551	0.107921205	0.38477537	-0.22704077	-0.51721764	0.18810867	-0.22664541	-1.1613008	-0.037489668	0.17092295	-0.21819894	0.09316249	-0.12111583	0.10465028	0.504251	-0.17484543	0.3946252	-0.5256839	-0.27649862	-0.3088847	0.33601248	0.20511442	-0.4490193	-0.07137776	0.33066383	0.3654876	-0.026134059	-0.33311898	0.28200758	-0.19938014	-0.23058194	0.6941445	-0.029348796	-0.10827233	0.30943248	0.020143794	0.07140035	0.56718445	-0.42808807	0.7004461	0.03615137	0.15344524	1.0087618	0.67880565	0.30472168	0.43515548	0.58755845	-0.48938534	-0.9794728	0.45181873	0.531249	-0.14861374	-0.28053185	-0.09918767	0.21367423	0.48379585	-0.354773	-0.19840276	0.35185197	-0.73159015	0.028769331	-0.084392235	-0.52593297	-0.12705329	0.37783957	0.3929014	-0.7219261	-0.5630749	-1.4437644	-0.23959927	-0.24219441	0.14551742	-0.23856401	-0.7570724	0.23586574	0.5481332	0.56603205	-0.11695034	-0.31957018	0.512562	0.25674042	-0.64379156	-0.1699772	-0.71039706	-0.16081484	0.8480137	0.88002354	0.34075075	0.017219683	0.71257406	-0.49291217	-0.3377483	-0.15344195	0.27628243	0.08666732
-0.10626712	0.119724445	-0.06803652	0.024641702	0.081386864	0.6929116	0.38691464	0.53638935	0.08388469	0.33072248	-0.39591476	1.1288068	0.27006677	0.3820613	-0.6770537	-0.02874526	0.08092565	-0.44326666	-0.40690958	0.960864	-0.41301537	-0.95894593	-0.68742603	-0.12986472	-0.64641124	-0.68321085	0.5071293	-0.20171088	-0.20506376	0.15809734	-0.6233472	-0.39585143	0.090729274	0.20171455	0.13385728	0.26274922	-0.56724286	0.2705724	0.38103083	0.57033116	-1.169077	0.8741168	-0.38992167	-0.731695	0.71977705	0.55369496	0.5608367	0.8531785	-0.6004315	0.4061882	-0.044819172	0.709785	1.2525554	-0.63342667	-0.030061036	0.0610789	0.10349379	0.48336905	0.037073806	0.4930543	0.43361393	0.38156408	-1.6524723	-0.33716974	0.961887	-0.5121149	-0.25685123	0.19725338	-0.21531661	-0.5568026	0.65654993	0.9130088	-0.31583104	-0.7621399	0.3696293	0.5076773	0.27870724	-0.0507353	-0.019288737	0.64572537	0.5400978	-0.941078	0.29548976	0.36797285	-0.06319377	-0.32972908	-0.09835796	0.2567049	0.2115775	-0.2778476	-0.63521975	-0.215322	-0.32256567	-1.1052815	-0.28109992	-0.48850733	0.5606332	-0.70789826	-0.6144177	-0.5638182	-0.0401018	-0.14529571	-0.35766873	-0.13807954	-1.1533742	-0.6502531	0.17996803	-0.8735917	0.25653383	0.29355738	-0.14050297	-0.49897158	-0.047101423	-0.3102684	-0.11057089	0.92870957	-0.63945836	-0.17582765	0.14277877	0.7210451	-0.86058027	-0.98708606	0.3533077	0.3895898	-0.23539104	-0.2611453	0.108628504	-0.39735642
0.15593524	0.06582801	-0.18948923	-0.17940581	0.1342851	-0.000598045	-0.06596451	0.10373492	0.074228816	0.3843472	-0.4085604	-0.29519212	0.11836086	0.060294002	-0.07813209	0.41933703	-0.20942675	-0.37121478	0.12886192	0.32357487	0.05608299	-0.11618528	0.12966102	-0.26545003	-0.24174768	-0.12689705	-0.29559812	-0.15520118	0.20014782	-0.041449536	-0.31255487	-0.094473094	0.13023254	0.2039543	-0.0006286757	-0.169863	-0.31716666	-0.27526104	-0.056789562	0.14481705	-0.40326315	-0.09200353	-0.035296384	-0.12180724	0.39618394	-0.16260064	0.14580172	-0.06926657	-0.23733434	-0.19402213	0.03757031	0.29790694	0.14051518	-0.2311924	0.13719837	0.014604639	0.38239136	0.36469886	0.29414976	0.256519	-0.032876927	0.028895782	-0.41275102	0.2750445	0.24582149	-0.17809452	0.23640552	-0.24428153	-0.07936914	0.08089434	0.045919683	0.31617966	0.14399727	-0.055663124	0.08992509	-0.30852175	-0.1003413	-0.0751704	-0.22811268	0.13921776	-0.2898812	-0.19091421	0.18597443	-0.06280992	-0.19562785	-0.13130102	-0.22037591	0.30135506	0.19402975	-0.16482842	0.08884112	-0.46770707	0.12183279	-0.30601466	-0.34144408	0.0074328342	0.31633043	-0.008705978	0.09806019	-0.15131582	0.047681432	-0.3978308	-0.32293463	-0.11511413	-0.03509606	0.10868653	-0.15435837	-0.080446534	0.30151772	0.18145368	-0.115248926	0.32209656	0.016553598	0.04058293	0.05490556	0.53927666	-0.22004378	0.19388828	0.10332087	0.2216371	-0.2574273	0.07534584	0.27192423	0.15444776	-0.2208387	0.031821933	0.20200175	0.12718461
-0.43129006	0.90078217	-0.20848104	0.47359207	0.890623	1.0520664	0.37482658	0.8338516	0.16283132	0.35082144	-0.07228978	-0.27784598	-0.36383948	0.29704922	-0.1526792	-0.11906688	0.32078767	-0.85122275	-0.97854567	-0.23228301	1.0639814	-0.34486943	0.12636478	0.21302263	-0.77878773	0.16204551	-0.16217062	-0.7356146	0.5271958	-0.025976265	0.14499661	0.0056985486	-0.006513782	0.8878894	-0.28881443	-0.024450496	0.5194164	-0.5544129	-0.01622167	0.46354538	-0.17777136	-0.31233057	-0.33921015	-0.011041954	-0.083974965	-0.04034784	-0.2802941	0.25852123	-0.05117521	0.22620383	-0.13116471	0.6159591	-0.5489382	0.3636764	0.68455815	-0.07835431	-0.39023688	0.032689534	-0.20871797	0.0894042	-0.8259091	-0.007968738	-0.5634049	0.2995127	0.18579638	0.51059675	-0.1363846	0.035810113	-0.3191999	-0.23765585	0.0077687567	0.038776886	0.2997916	0.16870011	-0.28073555	-0.100567766	0.35683313	0.37979615	-0.067871824	0.086832546	-0.5159403	-0.14403793	0.52934676	0.618056	-0.5451286	-0.85750026	-0.22105844	0.16912153	0.38942912	-0.7230255	-0.247959	-0.22356696	-0.56479627	-0.30645022	-0.7039849	0.0200949	0.3082484	0.011844888	0.60721743	-0.8181906	-0.52256197	-1.3798299	0.2731662	0.21118464	-0.48430908	0.17209387	-1.0068927	-0.2313405	0.37316754	0.6701773	0.027039848	0.35987276	0.3557144	0.9311979	-0.29808146	0.09230451	-0.28277907	-0.49431992	0.37066275	0.52899396	-0.11420645	-0.8494814	0.98310614	-0.21446608	-0.08411606	-0.042822096	0.18955381	-0.267159
0.5203511	0.31651163	0.3282066	-0.28737172	0.71282005	0.016196068	-0.07432524	0.23542511	0.3810713	-0.39035428	0.7795177	0.10673491	-0.31501648	0.09405791	0.027486173	0.41621223	0.43963632	-0.639943	0.08685677	-0.39639887	-0.22784992	0.14221735	-1.025332	-0.39958733	-0.5028208	0.6569257	0.92506474	-0.08257781	-0.54828423	-0.49688542	0.65066946	-0.49115717	-0.3373299	-0.017724378	-0.79749477	0.06761244	0.34897137	0.78202975	0.791072	-0.22659293	0.19920516	0.43931738	-0.37123826	0.012207495	0.028822845	-0.31000265	-0.322543	0.35724512	-0.82085663	-0.32885703	-0.01858645	0.5748013	0.22819604	0.17750572	-0.5337996	-0.15188888	-0.4461009	0.4077731	-0.19683318	-0.19663087	-0.21395947	0.32346427	-0.8263107	-0.16002055	0.15137249	-0.404709	-0.36813098	-0.22385716	-0.5724728	0.11878679	-0.5705888	-0.23695908	0.085176125	0.008595761	0.43888554	0.0016259414	0.17063247	0.73285717	-0.12622717	-0.50703275	-0.5768555	-0.17264584	0.59501666	0.32755542	-1.2111851	-0.41749665	-0.18904069	-0.16870317	-0.041453503	0.1487208	0.2012071	-0.3893844	-0.399315	-0.5147769	0.01613132	-0.036038257	0.047170345	0.6131501	-0.11877394	-1.1616001	-0.41200975	0.08770674	-1.0206082	0.5267594	-0.08653037	0.23723242	0.23669215	-0.24356546	-0.09944983	-0.07800215	0.9153486	0.77802825	0.030937906	-0.41299212	-0.7471341	0.078667805	-0.61837035	-0.4509135	0.7985095	-0.673043	-0.4908594	-0.40999037	0.73576266	0.039407887	-0.4327001	0.2936754	0.57753813	0.040599145
0.08808818	0.100695014	-0.07108527	-0.06902398	0.09977835	0.05605217	0.10428838	0.18808609	0.12527096	-0.2045851	0.10885437	0.3267052	0.089539014	-0.028541412	-0.04010085	-0.015998354	0.26846412	-0.012801192	-0.21296363	0.12835413	0.03650048	-0.13344412	-0.22266963	0.083132714	-0.36600837	-0.030523894	0.015097676	-0.019503513	-0.07786819	0.012161279	0.14666419	-0.11765988	0.057601877	0.081053734	-0.070620395	0.2219099	-0.09329283	-0.1803324	0.16896541	-0.1151911	-0.25322637	0.10385882	-0.07711135	-0.05025986	-0.0057478473	-0.20675221	0.06481864	0.12248986	-0.07794637	0.09495858	-0.108884335	-0.02619139	0.2352148	0.009010275	0.17841691	-0.1773607	-0.014733474	0.16592948	0.040942416	0.15691327	-0.26794818	0.16950692	-0.0530629	0.08269362	0.0048808176	0.05053863	-0.0040237824	0.11958966	0.002728669	-0.1025155	0.057152275	0.20378935	0.021319576	0.019282293	0.15170963	0.10172066	0.2006031	0.008933694	-0.052713595	0.02421833	-0.014503019	-0.13479936	0.16015394	0.07146246	-0.045117155	-0.10402038	0.24288148	-0.05038868	0.082582615	-0.0045011537	-0.090228565	-0.08243634	-0.27076003	-0.23971955	-0.081222415	-0.06611381	0.04041349	0.05166006	0.14920317	-0.17308061	-0.13211335	-0.118431576	-0.022899734	-0.053576417	-0.02053385	0.15414019	-0.11790272	0.13527787	-0.008285888	0.08926824	0.05786422	0.1653439	0.084406644	0.17983799	-0.19282681	-0.033363782	-0.029570155	-0.15262529	0.2100988	0.17783426	0.017411303	-0.19948585	0.02414447	-0.19125977	0.054622307	-0.049269598	0.31964126	0.14373136
0.24380705	0.1353698	0.40568632	-0.27974063	0.561401	-0.009427169	0.005516052	0.2732335	0.27163947	-0.45214006	0.6843464	0.20791936	-0.2544988	0.01838632	-0.21478099	0.34254834	0.39852047	-0.7054379	0.14671576	-0.3402439	-0.25883922	0.19206904	-0.7894413	-0.48233342	-0.6601885	0.62546104	0.7243298	-0.16986367	-0.3892172	-0.305993	0.90809524	-0.40698832	-0.45253098	-0.21700817	-0.90992707	0.016609507	0.328001	0.6109789	0.64465326	-0.19413494	0.05983165	0.2468676	-0.11761126	0.107434526	0.102935925	-0.30286333	-0.42117414	0.54242265	-0.460485	-0.5971529	-0.020671507	0.8419042	0.15383264	0.18493772	-0.67000204	-0.1936103	-0.37172404	0.51377547	-0.1505068	-0.12721284	-0.15766753	0.09189638	-0.94266534	-0.19756804	0.047110926	-0.29951823	-0.3067185	-0.16926	-0.43828434	0.048979796	-0.4192911	-0.07979042	0.16472457	0.08138147	0.2406427	-0.12057671	0.19047531	0.6508726	-0.0099463	-0.29299536	-0.5262342	-0.5122471	0.5440794	0.4123053	-1.2096208	-0.6486369	-0.1425658	-0.4534617	-0.012525454	0.14577645	0.5318836	-0.36116517	-0.46742406	-0.56715584	0.3827036	-0.06927534	-0.084498666	0.51100284	0.0760931	-0.9959376	-0.66871184	0.015511021	-1.306412	0.3073355	-0.12624757	0.16301851	0.19688167	-0.06410105	-0.11558868	-0.062830664	0.68945956	0.52267975	-0.09530456	-0.29324612	-0.86654454	0.100702316	-0.6531385	-0.4810483	0.74696916	-0.7424498	-0.5871536	-0.5402777	0.6651509	-0.029135833	-0.3258187	0.30867046	0.4545243	0.079122126
0.025977029	0.0036363136	0.12526552	-0.10895456	0.06123572	0.06560525	0.17452383	-0.10485561	0.106840655	0.05247568	0.047364518	0.0845468	0.08674781	0.041502353	0.0325011	0.01885081	0.09145005	-0.16546738	-0.3516658	0.01175417	0.19101654	-0.19302268	-0.17429699	0.015492154	-0.25367573	-0.08985554	0.08432531	-0.076147474	-0.092087395	0.130588	-0.011939589	-0.06778679	0.14545958	0.011439125	0.22955908	0.056728397	-0.12790993	-0.053356543	-0.047380168	0.039664272	-0.23865263	-0.21018092	-0.20013092	-0.16334668	0.17063047	-0.15487613	0.051044963	0.1229274	-0.08289199	0.08508192	-0.1811937	0.1240495	0.1680221	-0.025211653	0.025721645	0.049529828	0.1446865	0.17404981	-0.010082846	-0.11992993	-0.2569271	0.22467054	-0.3545203	0.1287859	0.14286683	-0.07849106	-0.0029005168	-0.026998136	-0.119880445	-0.10979845	0.041434374	0.16336223	-0.0633516	-0.10828703	0.08418517	-0.090820186	-0.1545444	0.07564078	-0.13245915	0.050273288	0.04502423	-0.18555802	0.16947412	0.13138181	-0.23244472	-0.124197	0.06571043	-0.017769825	0.044519547	0.06234088	0.102049954	-0.047707345	-0.1313896	0.08391818	0.0042548575	-0.060378928	0.004556326	-0.03066964	0.16758297	-0.14348392	-0.032744553	-0.16358319	-0.07490482	-0.17343688	0.003662907	-0.07578801	-0.24725702	-0.14791523	0.22221434	0.19788843	0.1118536	0.093682304	0.076144546	0.16672984	-0.2842413	0.20674022	-0.164998	-0.05917915	-0.03897058	0.12618989	0.122164786	-0.014041462	0.28022042	-0.041195817	-0.16509175	-0.04849892	0.084774196	0.005932628
-0.1785169	0.13685352	0.08882134	-0.09571647	0.49485147	0.025516553	0.2821587	0.50002885	0.32020512	-0.0016188971	-0.0726374	0.24544547	0.19382009	-0.06713875	-0.5203812	0.17227182	0.04443825	0.029246073	-0.09276938	0.020093255	0.3802757	-0.050139267	-0.48284042	-0.14434268	-0.4415663	0.3272478	-0.20569354	0.3298018	-0.09845885	0.54573363	0.093499415	-0.33898327	0.06278952	-0.21808594	-0.26749507	-0.03212506	-0.043270554	-0.12179668	0.061423335	-0.2550091	-0.1188943	-0.18548208	0.007160947	-0.48266146	0.22299205	-0.26403052	0.09409988	0.52600974	-0.07378794	-0.013077027	-0.22899142	-0.13645767	-0.028773297	-0.06384723	0.28381002	-0.26856336	-0.135776	0.2712287	-0.0005066506	0.13325654	-0.1902634	0.24699554	-0.47504035	0.3334755	-0.13729523	0.40840396	-0.12638405	0.36046743	-0.12318491	0.31314078	0.067329995	0.08869302	0.18254513	-0.17019616	-0.017131172	-0.42274445	0.050596736	0.42135993	-0.20281729	0.24661537	-0.2624173	-0.34773755	-0.092664376	0.12924038	-0.183258	-0.49255738	-0.13248578	-0.01931972	0.030388836	-0.16521065	0.0285533	0.059732653	-0.32233256	-0.0032110247	0.14640768	-0.07323636	-0.18719123	0.017577166	0.2747346	-0.37625995	-0.4200062	-0.14389889	0.18916337	-0.10909201	-0.03594853	0.2568225	-0.08284642	-0.16979806	0.07549073	0.075749114	0.23162593	0.10841495	0.19470057	-0.01678422	-0.69420666	-0.35268366	-0.2142467	0.12307873	0.2869985	-0.038941454	0.20851491	0.1723738	0.6817815	0.2548323	-0.4301883	-0.097496286	0.105108015	-0.19307938
-0.21496014	0.5469354	0.55994034	-0.22710362	0.10804029	-0.4952381	0.30913857	-0.74986064	0.71473247	0.30987477	0.13269088	0.13067044	-0.16706	-0.0021799642	-0.016766297	0.4812103	0.8214486	-0.5995219	-0.18089142	-0.13041204	-0.36040983	0.7625613	-0.91257083	0.15948772	-0.3077633	0.52141136	-0.0142944995	-0.65834075	0.1348573	0.2560876	0.220175	-0.20078352	-0.6266691	0.640367	0.4668929	0.018407265	-0.44018674	0.19036153	-0.103768766	0.36490607	-0.22887199	0.07069286	-0.5760786	0.24821578	0.42622763	-0.26891986	-0.97248477	0.36553556	-0.57379645	-0.74145055	-0.33142057	0.98128134	0.2996151	0.27170393	-0.015322068	0.45680064	0.7865221	0.47683144	0.11222655	-0.55016136	-0.9619267	0.11851107	-0.15780377	0.8361239	0.22777636	-0.4278633	-0.023698244	-0.7100138	-0.7295058	-0.15295875	-0.017804587	-0.35589027	0.22386461	-0.56453186	-0.0957883	0.17966832	-0.44016057	0.033644207	-0.4292826	0.17798497	-0.041551836	-0.41733524	0.27402246	0.14966732	-0.074408285	-0.2750533	-0.021406425	-0.14634088	0.6521788	0.5731988	0.2768917	-0.78878134	-0.5075391	-0.99555194	-0.26872137	-0.27049038	-0.16827779	0.8354699	-0.0630276	0.13959792	0.40543193	-0.22079141	-1.4113215	0.10939286	0.38752145	0.5501089	-0.34263945	-0.56031233	0.49558514	1.1412151	0.32633787	0.47343302	0.7516833	0.47516093	-1.637524	0.7730584	-1.0170715	-0.09343256	-0.12490639	-0.29720697	0.2271432	0.450695	0.75421524	-0.4405351	-0.28397864	-0.02491905	0.55736285	-0.054795913
0.08618711	-0.016209366	-0.0606595	0.08884928	0.19276491	0.060749445	0.028560923	0.19726242	0.07282932	-0.1389807	0.23234046	0.00966954	0.08494743	0.06419949	-0.036471136	0.30396885	0.19801249	0.064873606	-0.121258534	0.14946492	-0.035138365	-0.008469062	-0.11587645	-0.040165067	-0.20814754	0.24720436	0.04112456	-0.0860672	-0.0013886979	0.06669457	-0.080446765	-0.07502205	-0.0154578285	0.02569911	0.021173516	0.1339833	-0.17530929	0.10833009	0.12549129	-0.24670011	-0.27645326	0.092607565	-0.16191511	0.04572366	0.22161104	-0.17478265	-0.3124154	-0.07441869	-0.02624775	-0.103169926	-0.074958555	0.026168842	0.1283428	-0.085846566	-0.096040644	-0.13787103	0.021042323	0.27767107	-0.04677247	-0.022134794	-0.13284124	-0.09765421	-0.1453183	-0.007076848	0.021565298	-0.19339585	-0.08247021	0.08101996	-0.17275739	0.002575157	0.053163465	-0.114989236	0.14785306	-0.026493859	0.106129214	-0.029944008	0.008134722	0.13531035	-0.17751503	-0.050214417	-0.10763633	-0.052201215	0.006256176	0.10937934	-0.12869082	-0.18240488	0.22909205	-0.055696446	0.21390952	0.040665213	0.035882432	-0.1291905	-0.3993613	0.050464425	-0.07792907	-0.13700652	-0.18888132	0.23307681	0.07071776	-0.24026659	-0.13945757	-0.1867169	-0.35025695	-0.085481666	-0.079732746	-0.036252275	0.016592713	-0.010584783	0.27679294	0.16366395	-0.023762887	0.3078745	-0.049820963	-0.0438649	-0.06759049	0.019611076	-0.20153977	-0.06914009	0.24862848	-0.14531118	-0.26812008	-0.15819025	0.24131091	0.078390315	-0.14500076	-0.05564102	0.029417997	-0.041188728
0.030611621	0.021636926	0.011342132	-0.035589036	0.13552795	-0.00142694	-0.08497268	0.22632124	0.16127883	0.10797199	-0.031771824	0.2043069	0.039544806	-0.093341246	-0.15439154	0.13056663	0.106770456	-0.12454964	-0.13392033	0.10990112	0.07914302	-0.12834099	-0.110667095	0.004164196	-0.26056635	0.10221256	-0.005288564	-0.09220327	-0.059829447	0.09825687	-0.08433956	-0.09020544	0.07677635	-0.03904197	0.10342519	-0.066201806	-0.12464063	-0.1679975	-0.006244701	0.05064437	-0.1578887	0.029158494	-0.047645688	-0.11555769	0.12937468	-0.08934335	0.02567489	0.15525736	-0.094147734	0.03542361	-0.024997175	-0.040647317	0.22746742	-0.057144746	0.025063153	-0.05073251	0.1315199	0.08885779	0.03606411	0.017142596	-0.1555925	0.13128434	-0.15274374	0.21611118	0.15687513	-0.0075771557	-0.052936167	-0.006753781	-0.10231977	0.04090907	0.04958866	-0.01419411	-0.0055175913	-0.16538718	-0.012017818	-0.08874494	-0.001608879	0.100911304	-0.12298829	0.12417725	-0.044434234	-0.24535877	-0.002225798	0.09423493	-0.049002618	-0.19194706	-0.07174693	0.03797318	0.07718728	-0.045709405	0.008003226	0.01742331	-0.12739372	-0.09487805	-0.008243633	-0.19538142	0.17612915	-0.0154756745	0.03120203	-0.08962405	-0.07915151	-0.16568536	-0.11501801	-0.050344013	-0.09958462	-0.027062403	-0.087573774	-0.0502609	0.16320644	0.086653315	0.04884441	0.09928975	0.04908755	0.0030550826	-0.08622113	-0.00370828	-0.08837744	0.0056556915	0.19829889	-0.027553597	-0.06718848	-0.0174058	0.008200996	0.079903506	-0.03375008	0.008323487	0.06064891	-0.12464369
-0.38752994	0.15448052	-0.39546943	0.27710235	0.9776703	-0.018038744	0.16452841	0.59480095	0.3497243	0.30281153	0.3862994	-0.21966444	0.37883207	-0.21949305	-0.70184803	0.34218618	0.08995479	-0.12669957	-0.072895996	0.29928532	0.14128962	-0.45839405	-0.6667115	-0.3960788	-0.7713619	0.5944061	-0.6314721	-0.01258777	0.39315557	0.24159032	0.037997276	-0.15810041	-0.101380184	0.16643988	0.07036263	0.1224177	0.19530007	-0.654427	0.61006737	-0.28002927	-0.32312545	-0.17096798	-0.23610987	-0.11227945	0.33613667	-0.8932399	-0.3793126	0.27970314	-0.24709934	-0.5139016	-0.18827492	0.56462157	0.26501167	0.11642993	-0.6518392	-0.21774071	-0.7335916	0.5359401	0.45694938	-0.36938602	-0.3196824	-0.21679136	-0.141194	0.3043056	-0.06889774	-0.36102816	-0.02166857	-0.11869571	-0.350518	0.05735886	0.3930824	0.59995884	-0.10317583	-0.07879686	0.478044	-0.2545005	-0.54651576	-0.22503042	-0.2640387	0.4032875	-0.51379967	-0.20509458	-0.30294362	-0.19674379	0.030449484	-0.80352014	-0.07769997	0.31424418	-0.43351004	-0.2726476	-0.40245235	0.21161783	-0.60426617	0.038635604	-0.19523355	-0.15803306	-0.23791154	0.18854898	0.4524427	-0.0561253	-0.05197666	-0.6539129	-0.5882088	-0.32274127	0.097627476	0.12288481	-0.4056831	-0.27043554	0.14549418	0.44290322	0.663241	0.5951362	0.19177496	0.26173395	-0.41533327	-0.017880484	-0.34467253	0.17376748	0.6000627	-0.25843877	-0.29648158	-0.12041362	0.57146704	0.115875244	-0.5120098	-0.49167764	-0.015276768	-0.041478828
-0.21583657	0.051951263	0.009586467	-0.26276585	0.12393165	0.07582543	0.307395	-0.0026899	0.24095875	0.08966592	-0.0060836016	-0.06498181	-0.032888938	0.020469718	-0.062943116	0.094009	0.059170634	-0.24683051	-0.113915384	0.12764357	0.12227875	-0.1718566	-0.509744	-0.17532362	-0.29114586	-0.017603386	-0.05421152	-0.07899336	0.08419817	0.11889749	0.25247312	0.013387898	-0.31906804	0.04950168	-0.23325881	-0.1654188	-0.08383388	0.14198239	0.2981696	-0.033395704	-0.17408992	-0.089124136	-0.09352473	-0.18895003	0.17979608	-0.21518916	0.19116777	0.5122577	0.008591059	-0.06401577	-0.5452824	0.3389371	0.34781608	-0.051241234	-0.119620204	-0.13066143	0.034706526	0.12600534	0.2598461	0.06147829	-0.012722358	0.22089577	-0.52359253	0.44392166	0.081038386	-0.23909123	0.00331237	0.028326191	-0.14251126	0.16229725	0.008584307	0.17735681	0.3794575	0.053288054	-0.042180836	-0.05036437	0.22937639	0.3449792	0.07110078	0.09724382	0.057387322	-0.0041036042	0.12778358	0.25043237	-0.08611602	-0.52009207	-0.082859784	0.08865135	0.18230814	-0.13891542	0.33315217	-0.18574901	-0.16397054	-0.26236776	-0.086943164	0.15664472	-0.01781494	0.32507902	0.06681643	-0.019785298	-0.27426663	-0.3982157	-0.29339972	-0.24901536	-0.069932684	-0.0009168448	-0.19386315	-0.06622934	0.22584651	0.27935013	-0.010146749	0.24493495	0.16150269	0.059947483	-0.13798054	-0.22879772	0.120679125	0.13606392	0.23489217	0.16284579	-0.118619554	-0.018086556	0.41621643	-0.2019866	0.13623944	0.0021047734	0.2745169	-0.14173423
0.2867796	-0.15790896	-0.12614118	0.009433423	0.46944577	-0.15649219	-0.011273785	0.44634652	0.07427523	-0.12266579	0.2532141	-0.088548526	0.16835502	0.06323725	0.11301673	0.50824285	0.22934808	0.2438408	-0.15956236	0.25049597	0.00079318136	-0.020625338	-0.22744796	-0.36356574	-0.20197107	0.22931786	-0.17208154	-0.15424268	-0.06220046	0.08723833	-0.107493706	-0.13720198	-0.17678928	0.044118088	0.053007897	-0.15220872	-0.31920314	0.16429584	0.27229372	-0.61241955	-0.35122845	0.091381274	-0.07862582	0.441386	0.12374652	-0.29931918	-0.32099217	0.080229476	0.13426954	-0.16326323	0.040713355	-0.18158704	0.090321474	-0.1324687	-0.13378292	-0.06573793	0.112086676	0.25967488	-0.20716909	0.017623192	-0.2379397	-0.23166913	-0.04711865	0.103074916	0.091174856	-0.1937794	-0.30955198	0.46843213	-0.056529514	0.11843882	-0.05641918	-0.06906161	-0.043209102	-0.29936352	-0.022764204	-0.029137317	0.02506117	0.548484	-0.39941427	-0.04594679	-0.14487368	-0.14812747	-0.13081367	0.44865745	0.16430417	-0.23452942	0.51960415	-0.33758417	0.389063	-0.10009807	0.15181288	-0.040701974	-0.49284115	0.315657	-0.1620866	0.26297453	-0.12447239	0.23025306	0.26494157	-0.32706705	-0.19620003	-0.28641292	-0.46550208	0.07190731	-0.056273438	0.21836108	-0.31146207	0.016455095	0.09788176	0.36305812	-0.09872902	0.4598917	-0.22005065	-0.0036962775	-0.07505103	-0.010296541	-0.09755096	0.05370742	0.47716254	-0.33320624	-0.37623796	-0.11373846	0.41449082	0.23624898	-0.05154664	0.15334822	0.28980905	-0.047517836
0.20627822	0.19379729	0.18657506	0.15441094	0.26464075	0.30009577	0.005275712	0.4310123	-0.11919236	0.22662613	-0.011730745	0.50022477	-0.49226877	0.17809504	-0.03763439	0.06943034	0.20760982	0.038277213	-0.2983782	0.3428087	0.28302714	-0.063975796	-0.09519834	-0.0035386437	-0.39566973	0.19784737	-0.04310351	-0.08212832	0.055737786	0.104551636	0.078970775	-0.16949154	0.17122301	-0.0043769614	0.03067565	-0.0075172726	0.0837592	-0.18900281	0.38325706	0.16371396	-0.3981845	-0.13772207	-0.3953835	-0.09665964	0.3818432	-0.1496569	-0.13606556	0.7862864	-0.1991411	-0.08827516	-0.42128927	0.036474798	-0.2080502	0.028976137	0.3175007	-0.094307944	0.13613167	0.24508683	0.1999404	0.3163457	-0.2832309	0.32492074	-0.47322768	0.21443793	0.37384948	0.21219544	-0.20032157	0.46128845	-0.32377705	0.32154763	0.075084716	-0.51027304	0.2828321	-0.05312486	-0.2146292	-0.15093674	0.30226395	0.31719375	0.2378007	0.4621619	-0.48991498	-0.61604923	0.085637	0.39819127	-0.15024386	-0.4162165	-0.4422164	0.15767217	0.05395191	-0.010244481	-0.15670754	0.21611442	-0.18342417	-0.38356155	0.24626157	-0.8093985	-0.12004212	0.13191457	0.3197188	-0.37682202	0.07595928	-0.79293346	0.021429043	0.21135485	-0.25598484	-0.19942157	-0.22911856	-0.090452075	0.8662041	0.24682267	-0.18950874	0.113373205	0.47472692	0.39292818	-0.73933226	-0.4022822	-0.10613656	-0.09106807	0.8889026	0.16776364	0.35717845	-0.090593584	0.5640554	0.15659803	-0.518936	-0.21002744	-0.09465849	0.0016329957
-0.32297015	0.29495072	0.5256398	-0.45902854	-0.09925201	0.41417292	0.29235658	0.23637533	0.4599346	-0.38267186	0.28705528	0.03337717	0.09757614	0.17527723	-0.008055792	0.45255986	0.6778733	-0.06620961	-1.0144672	0.08245309	0.07425993	-0.27811304	0.02265612	0.23325263	-0.3323405	-0.36004916	0.21506885	-0.059084583	-0.39261305	0.040201627	-0.0040968074	-0.021833183	0.28505453	0.4306891	0.31567216	0.090797685	-0.029082917	-0.6059445	-0.085025184	0.18070598	-0.3904211	0.1745558	-0.42896327	0.18289231	-0.2229301	0.27309674	-0.23278944	0.3032268	-0.16798897	0.5717846	-0.107843846	0.36052486	-0.079306275	0.13055283	-0.15494157	0.21392688	0.11209343	0.012313638	0.21284859	0.038902704	-0.6561643	1.1373717	-0.5736903	0.30994505	0.94835556	-0.16892369	0.03949558	-0.71206224	-0.15342306	-0.7098596	0.7473176	0.22147135	0.44708213	-0.30038813	0.6277855	-0.027568644	0.4422717	0.36262715	-0.08642625	0.58583057	0.38819697	-0.1979397	0.2152593	0.028904976	-0.75742155	-0.50463736	0.32896522	-0.39662865	0.23720096	0.33750883	0.601186	-0.35425276	-0.22971648	0.3599761	-0.10375384	0.5426876	0.39952925	0.061179947	0.38557914	-0.631508	-0.3486421	-0.96475095	0.16664796	-0.34922162	-0.17802991	0.14993845	-0.4853262	0.27613476	0.6121363	0.8252722	0.24293277	0.11343445	-0.15618002	0.82462513	-1.0199293	0.71043044	-0.76911604	-0.35769424	-0.567484	-0.07073235	0.131473	0.48568583	0.6852193	-0.5269726	-0.5026284	0.20762539	0.57780105	-0.5542606
0.8283338	-0.03800806	0.7531425	-0.18608601	0.26998976	0.56045866	-0.34357822	-0.33849546	0.9667054	0.33949038	-0.69339305	0.5093786	-0.2669826	-0.010923061	0.51285154	0.64446867	-0.34783164	-0.66428244	-0.39217177	0.52031225	0.090118535	0.013659744	-0.052199826	0.27066764	-0.33005524	0.053199675	-0.46069354	-0.3471982	-0.114311256	0.6465888	0.20770472	-0.11742902	-0.077373125	0.46408802	0.6056879	-0.2270834	0.18622693	-0.15736556	-0.29879573	-0.08452734	-0.46499473	-0.56440455	-0.7829192	0.06917623	-0.3768023	-0.3647038	-0.46402973	0.29284236	-0.017220337	-0.09342988	-0.61706525	0.81712633	-0.41440976	0.011099574	-0.40096268	-0.07791065	0.49550655	0.27115908	0.21688813	-0.115235336	-0.64726233	0.57271683	-0.12753688	1.1017715	0.27956966	0.1959502	-0.47057682	-0.007651884	-0.4075408	-0.13405356	-0.3729137	-0.2996757	0.55050766	0.37860292	0.38832146	-0.010805281	0.50200814	-0.4405505	0.39250645	0.333635	0.43111005	-0.84031415	0.49285594	0.5448131	-0.32262626	0.16015446	-0.0064081163	0.20763302	0.06830617	-0.058105003	0.8197444	0.20008492	-0.5701074	0.123835094	0.25661075	-0.33547974	0.110136144	0.895449	0.47872064	0.18760882	-0.26154697	-0.28326708	-1.3531702	0.04167687	-0.09842906	-0.1479943	-0.44448105	-0.14072245	0.49872845	0.81744057	0.29053137	0.7922825	0.2984203	-0.3206317	-0.5470569	0.79787827	-1.066821	0.32222524	-0.04584539	-0.34301707	0.15680301	0.2764249	-0.45611486	-0.49557653	-0.8168964	-0.1191785	0.7027672	-0.14961296
0.1927021	0.21113072	0.045605347	-0.017834958	0.36581835	0.10129283	-0.075965434	0.2905272	-0.004364593	0.15730788	0.23580395	0.21925958	-0.16358	0.09897	-0.018560164	0.07899613	0.056265768	0.07085381	-0.022063468	0.2661268	0.17747563	-0.14794444	-0.0006077936	-0.057663772	-0.1753727	0.10785567	-0.06477768	-0.04975089	-0.02489495	0.2922657	0.008766645	-0.034061123	0.27228883	0.0477647	0.0037246463	-0.013307096	0.18939693	-0.039659355	0.28437987	-0.11431644	-0.45672226	-0.019594057	0.16736628	-0.096820794	0.26463848	-0.42860827	0.10383431	0.15305476	-0.3266481	0.12976475	-0.1532195	0.024643363	-0.2511298	-0.0056483946	0.2296743	-0.33063075	-0.08825314	0.22825855	0.063013874	0.16963787	-0.027854582	0.17275532	-0.28893837	-0.04499239	0.15603544	-0.08514004	0.035734702	0.50254637	-0.079613246	0.049043648	0.0050131143	-0.09653367	0.0929009	-0.21820024	0.035799436	-0.22238368	0.15221673	0.17252176	-0.011435803	0.04761519	-0.41127247	-0.40790227	0.13258888	0.107833296	-0.2651253	-0.120611	-0.1547041	0.23206612	0.28558898	0.047867976	0.13760494	0.016676039	-0.41596135	-0.10003178	-0.05861263	-0.3886262	-0.042467922	0.12540841	0.104401335	-0.14174572	0.0033911387	-0.5230729	-0.077147044	0.11472548	-0.16892192	0.056372453	-0.064158425	-0.13420253	0.32440796	0.016733965	-0.09741531	0.1464569	0.17342421	0.19510166	-0.044250246	-0.06302201	-0.11641832	-0.012988112	0.49902448	0.18740508	0.07805549	-0.16691503	0.5317917	0.2250319	-0.47026497	-0.3522903	0.15160318	0.09633026
0.086752936	0.69987375	-0.19603272	0.14815336	1.1132042	0.29450265	-0.30053824	0.7960695	0.6944999	0.5026216	0.8114266	0.06983409	-0.06382201	0.18055339	-0.11273107	0.44376802	-0.65861446	0.14437883	0.03638942	0.69913536	0.1258646	-0.31374213	-0.7759145	-0.2571639	-0.39170417	1.052748	-0.45253363	-0.8316464	0.36067048	0.518689	-0.12697285	-0.40259716	0.2112537	0.57280576	-0.08911261	0.08458015	0.19485848	-0.35694927	0.84688854	-0.30524427	-0.9535609	0.10020642	-0.17910472	-0.24405512	1.1494673	-1.8911259	-0.50484496	1.050128	-0.74554855	-0.5177331	0.08256268	0.16577028	0.107842304	0.09015798	-0.2903091	-0.2812726	-0.5670147	0.7501913	0.7134006	-0.4100382	-0.37873155	0.0914604	-0.38146803	-0.17921172	0.38578856	-0.732329	0.02991365	0.41484866	-0.15956174	0.017021656	0.33263633	0.15907583	-0.24758531	-0.57095826	0.34066847	-0.3291089	-0.4876531	-0.11117116	0.067144774	0.40400326	-1.3175145	-1.0227469	-0.30181363	-0.020704096	-0.07462699	-0.75329393	-0.20936039	0.67623174	-0.43550318	0.35573134	-0.3642512	0.117760494	-1.0751313	-0.07378058	0.3176828	-0.93007565	-0.09559164	-0.011658359	-0.21724078	0.12845688	0.5663961	-0.6920667	-1.0154017	-0.29548272	-0.13231042	-0.09759873	-0.47822702	0.24486178	0.4929571	0.54343665	0.6297523	0.501938	0.49354708	0.7197678	-0.41766685	0.07444993	-1.0202776	0.04387152	1.1158104	0.17633599	0.2117957	-0.5370681	1.1543499	0.68754613	-0.7950488	-0.75616455	0.18272221	0.06600973
0.35749048	0.011104463	-0.14847167	-0.2195962	0.5590882	-0.18508528	-0.17216372	0.6741998	-0.15236257	0.19907239	0.19299771	-0.1229339	0.28513315	0.022086905	-0.07954862	0.8247813	0.285371	0.301077	-0.14417729	0.4894896	0.0036447265	-0.37414616	0.18590923	-0.73883694	-0.42287728	0.36023048	-0.48675796	0.039742578	-0.1528143	-0.18512107	-0.33325204	0.07644713	-0.3262818	0.0015106432	0.058795314	-0.17207491	-0.47372395	-0.00961092	0.17117976	-0.55842	-0.5751276	0.029965105	-0.02937945	0.3339171	0.329605	-0.21088034	-0.15357758	0.06340494	0.31175447	-0.5565374	0.10143277	0.017247083	-0.05892172	-0.4786094	0.1146092	0.12853348	0.3645531	0.5902635	-0.2490788	0.27307445	-0.42549932	-0.32646227	-0.55758715	0.42351478	0.23638564	-0.11907726	-0.22992852	0.30085683	-0.25247103	0.3764802	-0.13046035	0.0867192	-0.09773262	-0.39976445	0.028471068	-0.36568072	0.09419459	0.8962023	-0.6929523	0.20085776	-0.5616751	-0.09158764	0.23130982	0.57007813	0.382544	-0.37975648	0.22016992	-0.16571705	0.6878438	-0.2534243	0.23264216	-0.38272017	-0.44951728	0.38545105	-0.1303058	0.127141	-0.14006364	0.2285359	0.49916494	-0.53348094	-0.14297965	-0.46883023	-0.5384219	0.04193009	-0.28312585	0.16593604	-0.4190816	0.10400897	0.4357106	0.33003473	-0.27413824	0.65779996	-0.21760651	-0.17823322	-0.10047795	0.13167208	0.15137832	0.065185286	0.39375392	-0.1751329	-0.526523	-0.06257914	0.92463875	0.52256453	0.013154916	0.056321546	0.5040934	-0.11883169
0.06009991	0.025363192	0.14408357	-0.44380167	0.622987	-0.17720048	0.023202172	0.65382427	0.22292408	0.15445016	-0.060118146	0.21414647	0.07113047	-0.32425487	-0.5253984	0.24334148	0.33802125	-0.13258487	-0.3877399	0.3952165	0.17094152	-0.58128446	-0.49786767	-0.041323144	-0.8594798	0.28592393	-0.15001959	-0.5594804	-0.4351415	0.1941603	-0.1197516	-0.1752858	-0.10677275	0.26725712	0.28404978	-0.42361155	-0.4487591	-0.18302546	0.24103144	-0.05176947	-0.12753887	0.16008073	-0.12938465	-0.08508886	0.33785617	-0.1684935	0.12419291	0.5574571	0.19914065	0.08083456	0.16421132	-0.94145423	0.6909816	0.04993968	0.2051048	-0.11371746	0.15713575	0.1793641	0.014481719	0.10662464	-0.35927585	0.31055722	-0.49971786	0.45124185	0.39615953	-0.46310097	-0.23840432	0.044929262	-0.046221983	0.08814118	-0.10780217	0.34204385	0.112246	0.16222042	0.01624748	-0.39421687	-0.28260514	0.08242395	-0.14767216	-0.020074643	0.46027803	0.17825261	0.07478158	-0.27656177	0.05339848	-0.16251422	-0.29702708	-0.109149076	0.04122518	-0.29143718	-0.36792752	0.3944548	-0.08272638	-0.17881668	-0.4745419	-0.3883047	0.28540438	-0.04583726	0.01699925	-0.8158303	-0.43760496	-0.5850618	-0.0064307	-0.40542307	-0.61450136	0.106342204	-0.2211754	-0.35731694	-0.07994443	0.16466439	0.030119108	0.022949278	-0.073375754	-0.05661333	-0.3876433	-0.019599712	-0.02670896	-0.086852126	0.43355942	0.0180251	0.11368072	-0.20620525	0.2691019	0.036456876	-0.07582124	0.17000614	0.307777	-0.32575974
-0.3957303	0.18600519	0.7062861	-0.5841025	0.36241898	-0.24203326	0.01976358	0.50356454	0.17444673	-0.2826802	-0.29643726	0.15415744	-0.26459697	-0.0137162935	-0.64668983	0.28739977	0.07363736	-0.025227739	-0.1312821	0.16694449	-0.097657196	-0.6852031	-0.012227147	-0.967196	-0.5617998	0.48265946	-0.70202804	-0.12047821	-0.16054311	0.40765214	-0.30803448	-0.13957657	0.17023273	-0.2565849	0.09652335	-0.0213948	-0.49683374	-0.21913312	0.116944484	-0.4346567	0.07838426	0.13369395	-0.07953029	-0.6889101	0.09553659	-0.23709507	0.8390622	0.8089653	-0.19941448	-0.18562472	-0.40359497	-0.7666731	0.22640407	0.5564858	1.0837435	-0.9763229	0.118549526	0.42202705	-0.4167764	-0.06354768	-0.3057353	0.03489502	-0.4081256	-0.045065586	-0.16073592	0.023148753	-0.0070968946	0.3405436	-0.5226968	0.34167096	0.12103372	0.03556363	0.5614581	-0.23203778	0.08857314	-0.20726936	0.19108324	0.026421614	0.049097642	-0.057782635	-0.42184424	-0.21305433	0.37011042	0.256043	-0.8012006	-0.4797711	-0.2505819	0.767764	0.3650141	-0.11011771	0.6711229	-0.15477128	-0.71030027	-0.4926428	-0.27323496	-0.32203847	-0.37094918	0.28810355	0.5223953	-0.62978184	-0.43932235	-1.1444564	0.106135525	0.45740646	0.2639364	0.3124989	-0.03815888	-0.20110954	0.5057506	0.12832822	-0.060879916	-0.17933106	-0.045800038	0.2973153	-0.30398148	-0.63453907	-0.14204077	-0.21980238	0.3448773	0.41004908	0.7280497	-0.032878578	0.97658855	0.012226047	-1.262366	0.079368	0.07023195	0.021894645
0.058540206	0.17762831	-0.23572809	0.102502175	-0.022189878	-0.03958728	-0.033802085	0.20864473	0.09553337	-0.26314482	-0.4379366	0.028371569	-0.0010453194	-0.0014118713	0.10249443	0.2995667	-0.15580758	-0.17432922	-0.06154046	-0.084305115	0.084364526	-0.16419889	-0.062094867	-0.08314994	-0.17501625	-0.09075107	-0.20394221	-0.50248134	-0.11812375	0.07812748	-0.073961034	-0.30234	0.22156636	-0.09967657	0.18328907	0.28985363	-0.38410354	-0.35113677	-0.10381056	-0.22775918	-0.24613668	-0.099885926	0.03155106	-0.16757934	0.17598024	-0.08053411	0.098482035	-0.031757087	0.20823999	-0.041233253	-0.036647867	-0.5867416	0.008518192	0.007817979	0.1513696	-0.043526947	0.2342848	0.43168855	0.26374453	0.51566714	-0.39803833	0.2221845	-0.4515801	-0.06563911	0.3472656	-0.0714481	-0.19138776	-0.21668284	0.096716285	-0.14003152	0.15274918	0.1003057	0.2527397	-0.2563321	0.17869318	0.15520118	0.089186594	-0.35222605	-0.25389835	0.021561004	0.013751159	-0.29981482	-0.024801187	0.18857498	-0.06729059	-0.06062065	0.24244043	0.23209351	0.27954477	0.02756887	-0.013208465	0.09891171	0.0020519271	0.12252417	-0.30245608	0.0071488065	0.08389562	0.0064292364	0.09234461	-0.08684373	-0.29017904	-0.2978967	-0.07963862	0.16048981	-0.17860112	-0.03532853	-0.18371436	0.19556239	0.38234207	0.03823513	0.049688604	0.2814843	-0.10339815	0.02560567	-0.31904638	-0.050126236	-0.18496972	0.039965767	0.08912862	0.09935273	-0.12226063	-0.25438333	0.4007413	0.25849316	-0.15769859	-0.068045594	0.13753983	-0.09676333
-0.38290587	0.1678232	0.3799162	-0.094652474	-0.21189567	-0.10820097	0.19524544	0.2249256	0.70683545	-0.08303322	0.08301166	0.23257953	-0.2923613	0.23222491	0.06090474	-0.07643456	-0.20752041	-0.119077735	-0.31230167	0.51535773	-0.3827811	-0.056730397	-0.65727043	-0.16570002	-0.33775014	0.23965627	-0.21320209	-0.30951244	0.1768691	0.3239662	-0.13437872	0.13554977	0.13644812	0.11773823	0.044378147	0.4860157	-0.8467779	-1.1780972	0.04250276	-0.25169417	-0.5736338	-0.10858019	-0.16984895	-0.58616716	0.07636815	-0.3327277	0.1997248	0.7936454	0.11683476	-0.09148879	-0.39882436	-0.9301169	0.39300972	0.059932213	-0.22661734	-0.67900866	0.48280296	0.48400643	-0.21401289	0.45152164	-1.0101497	0.7783301	-0.48533008	-0.052507494	0.674157	-0.23141201	-0.28432983	-0.2832825	-0.20922644	-0.2342125	0.32030532	0.2312748	-0.19295882	-0.011637714	0.869638	0.18358469	0.5604168	-0.8024534	0.25533983	0.15677303	0.5144077	-0.19457862	0.13617896	0.18771985	-0.36107686	-0.17932694	-0.00061461277	-0.050366826	-0.013103118	-0.59979016	0.56010586	0.25609443	-0.7570556	-0.066515	0.101972915	-0.03701935	-0.38329375	0.41445538	0.46135443	-0.7948106	-0.40404293	-0.8470052	-0.522054	-0.2537653	-0.09454542	0.24194278	-0.25441566	0.29184824	0.67470527	0.5790479	0.16461223	0.0032244916	0.11612603	0.79676855	-1.1298437	0.8611652	-0.31265876	-0.2759551	0.15634969	0.5433673	0.0019792463	-0.15996385	0.04019906	-0.6998515	-0.7235401	0.30208007	0.37448752	-0.56905293
-0.018242348	0.08954763	-0.16469453	-0.10064905	0.23890384	0.18313104	-0.09467931	0.22076795	0.19502537	0.16279446	-0.027347252	-0.03795411	0.10536237	0.02150378	-0.07923383	0.21634208	-0.13181011	-0.19729972	0.0648966	0.32105854	0.016405165	0.08248364	0.0112930825	-0.052576013	-0.22223261	0.0048110117	-0.30958426	-0.12862204	0.11242658	-0.0066161156	-0.06883646	-0.07212187	-0.05559609	0.028257675	-0.065224774	-0.15382631	-0.26110047	-0.15549229	0.065258555	-0.11362404	-0.39393598	0.07573585	-0.08127506	0.07798585	0.20480058	-0.13539429	0.095901765	0.1604581	-0.114023805	-0.13780403	-0.100379184	0.18778187	0.0052160253	-0.10603098	0.008319087	-0.036598746	0.19391496	0.1725433	0.058791835	0.09482413	-0.14345634	0.078335345	-0.2619353	0.124162294	-0.09474596	-0.10087236	-0.040195473	-0.074700415	0.13959238	-0.04178424	-0.118374825	0.0878889	0.11171158	0.07872028	0.055933017	0.13540561	-0.072058134	-0.22286582	-0.008920794	0.014427799	-0.061375216	-0.15982355	-0.018002734	0.06853816	0.15995413	0.019255912	0.06281569	0.14799923	0.07535471	-0.1612926	0.18702587	-0.18961667	-0.09495343	-0.09727925	-0.038667332	-0.0516014	-0.003845708	0.17646581	0.20651771	-0.16326834	0.022086654	-0.27236804	-0.21823129	-0.08055363	0.03647758	-0.0582188	-0.10498549	-0.06764625	0.16881515	0.2790757	-0.004304118	0.25239372	0.09022611	-0.1200249	-0.020075435	0.20846601	0.005797507	0.055065196	0.04504347	0.08430328	-0.0643429	-0.029881403	0.124034435	-0.024428157	-0.10277183	-0.015962783	0.05876853	-0.015198968
-0.038958844	0.14778782	0.02843208	0.036135275	0.28432027	0.008827229	0.13536534	0.111338586	0.1762978	0.13100879	-0.10695342	0.13472244	0.01795079	-0.031651072	0.12486587	0.08466668	0.12359903	0.014719379	-0.10411697	0.010344757	0.06131491	0.012670818	-0.2238311	0.077428974	-0.26365563	0.014546766	-0.07926408	-0.036248222	-0.016766133	0.16547535	-0.034214295	-0.1599761	-0.0853309	0.037910394	0.081743486	-0.0050334334	-0.24076338	-0.16629	0.017374367	-0.074578896	-0.24407801	-0.06455732	-0.12567191	0.08397185	-0.029690873	0.036865175	0.021804556	0.2105944	-0.14911337	0.082778506	-0.057963673	0.011257977	0.15176545	-0.0060409424	-0.057732172	-0.05093553	0.049215	0.122451805	0.039855704	-0.069572404	0.0069158487	0.09363752	-0.091841	-0.05500694	0.04694469	-0.11458422	-0.02683522	0.043682236	-0.018569637	-0.13450511	0.07782834	0.06302179	0.06874562	-0.0065618316	0.05614367	0.07053993	-0.0557798	0.0877295	-0.013150067	0.14723885	0.07568671	-0.12179446	0.025505977	-0.0084086675	-0.016325504	-0.12754966	0.08572124	-0.0021016628	0.05486939	-0.11929494	-0.0017050749	-0.113705166	-0.15764824	-0.06429197	-0.16147548	-0.016149443	-0.03556418	-0.01074205	0.09810339	-0.20218252	0.0002340242	-0.33108902	-0.062372766	0.0004921397	-0.039382808	0.050073545	-0.036779225	0.039609402	0.08299435	0.12197201	0.017955791	0.05565779	-0.020408303	0.030600395	-0.12629887	-0.07804386	-0.040851608	0.04257513	0.14734642	0.020439593	-0.055604614	0.07257558	0.2256533	0.032843344	-0.036508594	0.030137459	0.19280028	0.021453282
-1.1559546	0.6390159	-0.37137175	0.011026738	1.1876479	1.4636736	0.23059069	1.399328	0.31138575	0.41174537	0.3139424	0.94718236	0.016034557	0.581893	-0.054337658	1.3498964	0.3609383	-0.504219	0.11564034	0.23681095	-0.12718913	0.253536	-0.47484672	-0.25978646	-0.77858293	-0.42675436	0.26546836	0.18023258	-0.21526136	-0.85958356	0.11124494	-0.3536081	0.059369672	-0.4318948	0.31166267	-0.08402604	0.5002931	-0.74930054	-0.45796373	-0.4192759	-0.84533435	0.6728309	-0.5129258	0.14312017	0.3865471	0.47955295	-0.08328159	0.26367265	0.5936871	0.11901191	0.6624506	-0.03803782	-0.20070955	-0.35441595	-0.24173702	0.649521	-0.02736076	0.122560784	-0.07775829	0.14562595	-0.62112206	0.60304093	-1.1365873	-0.93505365	0.21062271	0.850235	-0.027667439	-0.20989437	0.43157783	-0.346583	-0.15236643	0.27501377	1.1688927	-0.07234681	-0.36250928	0.49452496	0.16820629	-0.32493776	0.100724384	0.764021	-0.55292916	-0.66013294	-0.55173653	0.20606393	0.19969432	0.1436462	0.34330747	-0.1237214	1.214742	-0.01404319	0.3226063	-0.5675765	0.07135057	1.1487917	-0.16630884	0.7323872	0.68379015	0.05764296	1.1062466	-0.99853885	-0.14237711	-1.1343144	0.119452946	0.55947274	-0.5004953	-0.31430975	0.0018392372	0.32642815	0.56422704	0.19580819	0.17007767	0.22291377	0.13466161	0.013639405	-0.35641268	0.9545002	-0.6440723	-0.6006831	-0.75368065	-0.6475784	-0.5091861	-1.345496	0.59702414	0.31543607	-0.07825445	0.11613501	-0.030153077	-0.5815112
0.05303252	0.3744359	-0.027795328	0.15189812	0.32940105	0.1011644	0.099961326	0.17016666	0.3099648	0.33094507	-0.17743431	0.24480926	-0.14227238	0.0169819	0.13306874	0.06843314	0.22372134	-0.055922255	0.08469346	0.2546929	0.0843897	0.05331213	-0.17552681	0.26169413	-0.26193255	0.05115363	-0.24114223	0.031868953	0.23785947	0.2667792	-0.2967735	-0.3063247	-0.033868212	-0.0069103874	0.26430738	0.051417813	-0.3758932	-0.37555674	0.20111437	-0.102793805	-0.6103734	0.06855339	-0.3694612	0.32565817	0.14331865	0.031806245	0.08835531	0.24402344	-0.31086847	0.058637075	-0.044059575	-0.2152731	0.024539925	0.0071238857	0.14077543	0.09423603	0.115668125	0.2876251	0.08539339	-0.08059737	0.039986208	0.11872395	-0.3276902	0.14802307	0.12386903	-0.11408502	-0.24005722	0.017288538	0.12687048	-0.1489695	0.19997783	0.011606214	0.28943297	-0.054919172	0.0353687	0.54598194	0.013221149	0.0782979	0.20245361	0.47351885	-0.24083082	-0.4578392	0.23591341	-0.06002537	0.0020113706	-0.161224	-0.12518054	0.20060253	0.09426264	-0.11191141	-0.11922885	-0.19178127	-0.1980383	-0.32401288	0.18856646	-0.35701272	-0.116607115	-0.05036654	0.19388187	-0.4111349	0.10417643	-0.506037	0.077632405	0.053261187	-0.09049504	0.11990374	-0.113674134	-0.16087456	0.47757217	0.17436594	0.021486642	0.06831086	0.3200886	0.19216383	-0.1198549	-0.28260607	0.051995832	0.034399223	0.57553166	0.25027817	-0.013265871	0.23952046	0.3142926	-0.104844026	-0.31843746	-0.30793357	0.20210019	0.163292
-0.027790457	0.11216588	-0.15480013	-0.09785049	0.23284107	0.22564031	-0.1030855	0.21872054	0.206587	0.18323264	-0.030160625	-0.044323284	0.11227887	0.043116335	-0.084793545	0.24878113	-0.13102086	-0.16128358	0.116388224	0.34375072	0.056370955	0.054721106	-0.02255771	-0.07850169	-0.2511665	0.0036066007	-0.30961943	-0.120995544	0.08815613	0.020617487	-0.070450015	-0.025150556	-0.06870841	0.038406253	-0.02178934	-0.12492501	-0.21359047	-0.10330645	0.08492272	-0.087056644	-0.39849174	0.05387393	-0.09070178	0.075933464	0.19419973	-0.15240836	0.07996163	0.13966063	-0.15323612	-0.08785469	-0.09335758	0.16243604	0.0126564335	-0.08200515	-0.00511276	-0.055463526	0.15603016	0.1871253	0.05839872	0.10543947	-0.11867314	0.09925749	-0.26011577	0.105623536	-0.08684925	-0.10423925	-0.045886327	-0.10038584	0.09488624	-0.030292045	-0.116590634	0.07014933	0.15184487	0.06614101	0.057979606	0.12982498	-0.042169467	-0.21693987	0.028541207	0.02746461	-0.062031902	-0.16595055	-0.049103886	0.035129428	0.16552787	0.014284766	0.025783964	0.1717413	0.059951365	-0.17055818	0.17754152	-0.18384767	-0.12012497	-0.090196505	-0.010832895	-0.08519304	-0.039969686	0.18032767	0.18488683	-0.18528183	-0.0046511735	-0.24699785	-0.2150694	-0.08621359	-0.0038728009	-0.09977975	-0.075702704	-0.08592507	0.12939848	0.27706233	0.03208319	0.25061664	0.089605	-0.16282424	-0.01848845	0.17121215	-0.008497156	0.06313199	0.047924828	0.075512245	-0.07878307	-0.049901865	0.122199014	-0.02004072	-0.12829787	-0.0047578053	0.03618224	0.0011355566
-0.15194848	0.16309088	-0.11090178	0.0354929	0.28500834	0.32689184	-0.0065726927	0.39795148	0.0961702	0.12216599	0.081019945	0.31238464	0.031636063	0.31456614	-0.11361962	0.11532564	0.39684844	-0.22072107	0.0047212187	0.14779007	-0.116052344	-0.21830282	-0.23537554	-0.2089511	-0.5258788	0.013708221	-0.41966552	0.09118161	0.25264242	-0.119925335	-0.15429522	-0.20330937	0.0783502	0.37410283	-0.40428188	0.026863331	-0.071512766	-0.2790404	0.14312485	0.0016458022	-0.48814473	0.029757122	-0.021575483	0.09426937	0.0026050478	-0.14275618	0.12498616	0.3628133	-0.009463775	-0.21897396	0.02015152	0.15118665	0.12683608	-0.1575476	0.035955504	0.27346388	-0.042164244	0.49264798	0.11221617	0.20705654	-0.15263864	0.038432717	-0.3349219	0.37985814	-0.08633543	-0.019433774	0.072054856	0.103242055	0.33519545	-0.19614683	0.1048845	0.3107223	0.14215338	0.055594787	0.056493632	0.10082292	0.31610996	-0.24494618	-0.29762208	0.1982317	0.07384283	-0.017114412	-0.04458096	0.19481197	0.018397482	0.28230458	0.135901	0.38963246	0.21114206	-0.19988626	-0.0909384	-0.1841776	-0.4514012	0.018188478	-0.098276645	0.307423	0.06900901	0.11906839	0.26394758	-0.4681212	-0.2406544	-0.46636865	-0.27492628	-0.108393766	-0.13533701	-0.020661125	-0.03157488	-0.019157832	0.34939024	0.15861359	0.16139226	0.4162065	0.2932277	0.44205046	-0.091977805	0.14390275	-0.08876213	0.12286427	0.20658456	0.050696105	-0.29707518	-0.3504306	0.17276496	-0.26010665	0.20173852	0.110121906	0.074331	-0.19878943
0.15826198	0.19957413	-0.014793331	0.24265294	0.07713857	0.028224135	-0.11144725	-0.046197623	0.5119172	0.17124623	-0.11470499	0.13203162	-0.27111956	-0.01043071	-0.12786129	-0.020473666	0.16448435	-0.0541709	0.11141839	-0.016723385	0.06206103	0.004708581	-0.13098566	0.19692332	-0.1567615	0.0063610086	-0.3724812	0.09392456	0.035792828	0.25249913	-0.09127362	-0.2785185	0.045532744	-0.2782855	0.19854215	0.04659657	-0.13013594	0.21421356	0.6925154	-0.10532236	-0.44246694	0.09964639	-0.31302032	0.2588882	0.21242303	-0.062346254	-0.4064199	0.3004854	-0.05841525	-0.21983391	-0.2888289	-0.05930727	-0.36315724	0.044117093	0.053034928	-0.051552575	-0.32483476	0.28124988	-0.1245496	-0.084643796	0.032286927	-0.036212184	-0.25866863	0.20626247	0.30749738	-0.42916	-0.5030945	-0.048456755	-0.1855545	0.36722794	-0.09121599	0.10146873	0.20029894	0.116614364	0.16658434	0.34012035	0.18471482	0.43561676	0.2819234	0.3614906	-0.3701163	-0.7056496	0.39599115	0.36235937	-0.2835582	-0.30337614	-0.2530925	0.12220903	0.18491372	-0.4002231	0.09083491	-0.17640959	-0.6435824	-0.37978792	0.26594996	-0.6289373	-0.21760514	0.067220904	0.28151506	-0.5247411	-0.1397013	-0.71830684	-0.34961313	-0.2575661	-0.5330557	-0.30738685	-0.061417013	-0.41630787	0.4402884	0.3093057	0.21430334	0.33702248	0.4361527	0.054536738	-0.09100241	-0.52546674	-0.3672904	-0.07393088	0.96335703	0.28187683	-0.2637849	-0.1604814	0.31231174	-0.117639765	-0.057042513	-0.1974338	0.354363	-0.18355219
0.17287067	0.036459092	-0.015200279	-0.2774571	0.44440538	-0.0647908	-0.20141365	0.568464	-0.12604268	0.28281623	0.02980017	0.030937828	0.22901419	-0.078361444	-0.1685436	0.51854503	0.22610396	0.12405657	-0.15507165	0.38377023	-0.051512945	-0.365336	0.15944222	-0.6202062	-0.46282232	0.2348805	-0.35412836	0.054231532	-0.12313535	-0.10854653	-0.22706923	0.15257387	-0.39375702	0.014442272	-0.09009926	-0.07432745	-0.3845484	0.09478665	0.22377697	-0.2250388	-0.5162852	0.078299284	-0.10258855	0.07399886	0.2795487	-0.14601211	0.071568266	0.25182593	0.18286863	-0.58808184	0.022801315	-0.023018641	-0.050317865	-0.51442134	0.22787775	0.07953356	0.22879274	0.5976583	-0.026914915	0.27497137	-0.3436382	-0.024127774	-0.669834	0.52228135	0.2751257	-0.095415175	-0.21047275	0.26949105	-0.3692048	0.40414953	-0.19234222	0.24847601	-0.03184065	-0.36912757	0.06549213	-0.41580674	0.0494474	0.6910809	-0.44359696	0.32689357	-0.5323515	-0.16015708	0.33406788	0.55016273	0.1987203	-0.39719468	-0.068931326	0.07263264	0.6667791	-0.325884	0.16590439	-0.32025394	-0.2137835	0.41562867	-0.023265382	-0.05225036	-0.123011336	0.116913736	0.48325965	-0.5168617	-0.12963812	-0.52573633	-0.43076286	0.07156564	-0.31966764	0.04696706	-0.23302473	-0.02300706	0.43605968	0.15421344	-0.27013525	0.48353055	0.02093124	-0.1840793	-0.20094556	0.10461585	0.15012316	-0.05061236	0.39472213	-0.061255135	-0.43168533	-0.20402656	0.76800555	0.48738194	0.062332295	0.05906278	0.39394975	-0.21069755
-0.0006285056	0.06973071	-0.20875677	-0.06448229	0.26464424	0.19857106	-0.047118735	0.16731173	0.15413943	0.18363608	-0.054726224	-0.026685955	0.11880751	0.062742904	-0.061697092	0.23916115	-0.15868914	-0.22523658	0.088593215	0.3456824	0.021721233	0.07597637	-0.0041715275	-0.014380837	-0.18090655	-0.0037117093	-0.27937433	-0.17441148	0.09306148	-0.046870235	-0.070121996	-0.08294698	-0.034193106	0.044285446	-0.08152241	-0.14045385	-0.25096	-0.14387573	0.050558824	-0.08928235	-0.39532655	0.066302806	-0.12720686	0.100976594	0.21069114	-0.111703254	0.08577359	0.14766786	-0.15096152	-0.122680254	-0.11058001	0.15738016	-0.011844231	-0.08947527	-0.006174057	-0.013410192	0.16320865	0.16244628	0.034131348	0.093095325	-0.12502977	0.08751254	-0.23917346	0.11581458	-0.06828106	-0.059189737	-0.09751617	-0.09682438	0.08504585	-0.03653351	-0.09867224	0.017020067	0.09060859	0.059822436	0.06547258	0.1372664	-0.04661984	-0.268763	0.021506468	-0.014183112	-0.06169225	-0.18960927	-0.0274021	0.08801763	0.17078573	0.0064623775	0.08482207	0.14225072	0.11808092	-0.13382362	0.20133151	-0.20814973	-0.09398731	-0.09957417	-0.0257807	-0.043865975	-0.02839924	0.17226183	0.15947519	-0.1664418	0.041570913	-0.23967254	-0.23999634	-0.08935881	0.013164288	-0.07434916	-0.103347726	-0.062695526	0.16018394	0.30032763	0.016391022	0.22556265	0.08162203	-0.13651392	0.007059171	0.25724846	-0.006379591	0.07349398	0.0333794	0.086232096	-0.07900945	-0.045780774	0.116858855	-0.022520423	-0.15512712	-0.009957635	0.09388514	0.0070815873
0.39116287	0.117498085	0.49348152	-0.27061138	0.4374595	0.012444588	0.064365506	0.36801293	0.42237973	-0.51161623	0.7232205	0.31176877	-0.30622163	-0.11108719	-0.23519683	0.3864769	0.45555088	-0.63317084	0.05281893	-0.3574912	-0.19190954	0.2547661	-0.70053405	-0.60863465	-0.6930629	0.47252846	0.7519876	-0.15191597	-0.5893724	-0.15724643	0.9126239	-0.47801426	-0.44986162	-0.11399392	-0.89280707	0.21416019	0.5367783	0.6198216	0.5474446	-0.21323949	0.2089074	0.28945822	-0.23265286	-0.05956466	0.2068334	-0.3309554	-0.30911732	0.2865654	-0.32950762	-0.4773226	0.23251882	0.5429559	0.05051352	0.24239294	-0.59222746	-0.2164303	-0.31486845	0.4722334	-0.15707523	-0.05180179	0.023012962	0.10327227	-0.9670886	0.0011141457	0.16666692	-0.39785546	-0.3073318	-0.23763388	-0.4543611	0.038269762	-0.27043235	-0.20637107	-0.04482015	-0.123119645	0.12100011	-0.10841199	0.42487338	0.46605372	-0.017409075	-0.33275783	-0.62732995	-0.49932724	0.5301482	0.3680939	-1.0338869	-0.73808444	-0.07576638	-0.37687904	0.1460828	0.05085381	0.42405632	-0.29645887	-0.31290224	-0.68140817	0.23978646	-0.026951438	0.06775505	0.40297252	-0.023120336	-0.904929	-0.4757968	0.03028099	-1.2116287	0.40006667	-0.22057149	0.17711823	0.16180526	-0.14918369	0.16882522	-0.08606662	0.5821257	0.48588553	-0.19438082	-0.21940167	-0.9596844	0.20614034	-0.52907336	-0.49696344	0.9116353	-0.84020674	-0.65134954	-0.39005274	0.68310344	0.003604161	-0.49919477	0.44070828	0.4523345	-0.110435694
0.11633573	0.2881484	-0.097175755	0.027482906	0.088641725	0.19147879	0.42079	0.34947073	0.06639123	-0.26081035	-0.11553775	-0.09566814	-0.27419257	0.24092656	-0.08556266	0.08973613	-0.1066484	-0.5791957	-0.4064932	-0.29834756	0.15314017	-0.20867547	-0.017428076	-0.065445475	-0.32124388	0.10968665	-0.04958971	-0.35270962	0.0005034852	0.036506746	-0.22414143	-0.0001290605	0.32574403	0.21372116	0.022606753	0.2156141	-0.22114098	-0.20147972	-0.060401578	-0.06011302	0.058517784	-0.19056009	0.0104251085	0.0010246754	0.09416522	-0.31067246	0.04529225	-0.025393637	-0.0028170375	0.2315189	-0.07117757	0.22953339	-0.027413351	-0.09092776	0.119474985	-0.08932607	-0.0027795932	0.4079178	-0.07718797	0.39076465	-0.26196593	0.049785644	-0.393047	-0.012399183	0.31917438	-0.06784181	-0.028470786	-0.042190168	-0.18597306	-0.18617994	-0.04984069	-0.09858852	0.1204079	-0.17214252	0.08557467	0.33628678	-0.14637513	-0.30508438	-0.23597664	-0.14190993	-0.52135503	-0.14435741	0.50833976	0.025974713	-0.5461477	-0.27076507	0.10547482	0.25156572	0.38426423	-0.031403255	-0.12447094	0.069437005	0.0050556115	0.15863138	-0.15589125	0.14516781	0.103850536	-0.26760024	0.25233674	-0.15783288	-0.20037678	-0.2989236	0.25557443	0.15811977	0.009302095	0.032438897	-0.22901118	0.16662091	0.050761648	0.22607027	0.21276905	0.29656193	0.33115596	0.17502971	-0.41542518	0.103924535	-0.052739535	0.016711084	0.010542973	0.019180471	0.079959825	-0.32178128	0.30712757	0.32682577	-0.15898652	-0.22291152	0.3252343	0.062053747
0.41410747	0.4724038	0.82410353	0.06959355	0.89308107	-0.06631481	0.66799575	0.19342253	0.15872446	-0.49727523	-0.42743352	0.8352516	0.9014835	0.6138923	-0.4951551	0.56980723	-0.5703657	-0.3540596	-0.6161069	0.15081783	0.3031726	-0.35213414	-0.47618723	0.0018148154	-0.6518162	-0.8094201	0.17410542	0.33300826	0.53377134	0.21509132	-0.26003918	0.014025991	1.0390953	0.4232708	0.39454937	0.741981	-0.2914057	-0.38729984	-0.2970703	-0.11966339	-0.19426438	0.029808225	-0.067711875	-0.08457004	0.7707271	0.43774828	0.35246012	0.1635429	-0.3476248	0.050531145	0.029204626	0.59121186	0.65039635	0.3282503	1.0817734	0.41919276	0.40459347	1.1367806	-0.04077815	0.5895952	0.34515738	-0.4899403	-0.3488952	0.7961556	0.13972083	0.36929217	0.38843602	0.45853364	0.19168992	-0.7171985	0.044707604	-0.14866367	-0.6230485	-0.5931741	-0.23713054	-0.46752754	-0.41100582	0.4017048	-0.8364882	-0.3106006	-0.8240778	-1.1256616	0.261086	0.38311785	-0.73971784	-1.3749318	0.221264	0.044889808	0.52394706	0.59933484	-0.09553081	-0.33842155	-0.66365796	-0.5688867	-0.33033943	0.4517561	-0.54160565	-0.05203531	-0.20747273	-0.43791014	0.30471808	-0.28867432	-0.34692937	0.0055289622	-0.08322414	-0.16752471	0.00263478	0.16914034	0.45232946	-0.21915899	0.3796932	-0.115300804	0.46610847	0.09994248	0.20305644	0.5827917	-0.47259736	-1.0167254	0.05146586	0.42714462	-0.22164544	-0.11301728	0.16694795	0.045050446	-0.025839997	0.06472473	0.14894909	-0.03726903
-0.21622919	0.009600559	-0.3647223	-0.18978953	0.12096882	-0.16627687	-0.0509024	-0.0406765	0.19669396	0.18580319	-0.06708597	-0.17571712	-0.012201741	0.17145967	0.10914649	0.30088624	0.48013744	-0.10172024	0.09498338	0.3046575	-0.21997729	-0.16912323	-0.1012679	0.2675351	-0.42438954	0.38493478	-0.49310592	0.24042398	-0.032714333	-0.4642221	-0.5851751	0.260508	-0.5297152	0.3454923	-0.18093064	-0.103324935	-0.41417027	-0.34932742	0.11472047	0.19071132	-0.48800495	-0.036739033	-0.5843163	-0.10933078	0.18805966	-0.4652183	0.12462222	0.105893165	-0.22911002	-0.24395105	-0.045089316	0.22133015	0.0063837855	-0.4600158	0.2642698	0.2854443	0.17465015	0.51094705	-0.113529414	-0.010748605	-0.35277557	0.013444349	-0.22769135	0.43544355	0.08615801	-0.010221863	0.2239166	-0.23246953	-0.13601366	0.18817401	-0.08007116	0.33987966	0.32105812	-0.13826886	-0.013718893	-0.28387675	-0.12275737	0.13552862	-0.028280888	0.116186626	-0.48290405	-0.2117137	0.23062442	0.28155926	-0.29269522	-0.23087385	-0.10650578	0.34759185	0.6893694	0.025566017	-0.061850235	-0.577364	0.08555684	-0.018622048	-0.02634701	0.4020959	0.06885776	0.13246588	0.3950348	-0.3619703	0.2982413	-0.5315744	-0.19103418	-0.05182315	-0.25000176	0.16478921	-0.047639824	-0.14622219	0.2875196	0.1810863	0.044483095	0.2738933	0.069351695	0.24702787	-0.19311044	0.19752428	-0.058330115	-0.107449956	0.1542279	0.10288755	-0.34194893	-0.05228897	0.5208391	0.06336906	0.267084	0.27113372	0.40631694	-0.012465543
0.023759497	0.18680349	-0.16773845	-0.060776897	0.2547743	0.036426548	0.03834801	0.11887471	0.11528708	0.10809918	0.08051437	0.1317555	0.060844414	0.0003221324	-0.06911368	0.19187716	0.060175393	-0.11620737	0.064502105	0.3395525	-0.015215655	-0.04036833	-0.12122074	0.044544272	-0.11630048	0.04947251	-0.14057362	-0.086738124	0.05777487	-0.019420596	-0.13663985	-0.20723742	0.044578377	0.09650042	0.13661997	0.10246958	-0.09958944	-0.07721862	0.123730086	-0.16732718	-0.331198	0.15393409	-0.04839942	0.1588579	0.29994372	-0.07069216	0.16549353	0.10716611	-0.25440037	0.078606166	0.054196812	0.044864792	0.1545934	-0.08953618	0.022439698	0.16147248	0.080319546	0.2938459	0.12690549	0.08177697	0.07853037	0.04535269	-0.22741109	0.16172394	0.029538732	-0.04948645	-0.1321138	0.04429383	0.06395891	-0.12730573	0.112908304	0.03457467	0.19718848	-0.05385443	0.059124276	0.17422648	0.032087218	-0.016576182	-0.116681345	0.07359413	-0.33986795	-0.27974212	0.12806222	-0.03205759	-0.06132385	-0.0830781	0.04119417	0.1899927	0.038105242	-0.0422767	0.045704085	-0.18100694	-0.10311925	-0.13102536	0.074633785	-0.12841916	-0.10307623	-0.04527403	0.02346013	-0.26335418	0.013163341	-0.20884566	0.07074047	0.029911716	-0.12191065	0.15567183	-0.06967266	-0.14439967	0.25643164	0.11129378	-0.009045596	0.18182562	0.19195515	-0.031598914	0.0025077502	-0.052754868	-0.05138729	0.0061602173	0.16396797	0.0548254	-0.06299627	0.004973352	0.15850544	0.094164066	-0.16228083	-0.21609639	0.06802306	0.057339452
-0.24752034	-0.24353477	0.29924363	-0.6497532	0.5854736	0.42697808	-0.22876416	0.27452078	0.8092306	-0.42939603	0.394278	1.0433526	-0.74024177	0.5545071	0.3120238	0.22482605	0.005686438	-0.4567096	-0.8148115	-0.29029116	-0.17905156	-0.573619	-0.88460827	0.16249895	-0.42668098	0.32132247	0.79805666	-0.99154896	-0.656444	-0.2962587	0.69254196	-0.18812959	-0.7641487	0.4669736	-0.90908027	0.56250167	0.26890093	0.305569	0.6936558	0.2372122	0.4178651	0.54378796	-0.23905712	-0.27495822	-0.5158175	-0.7596782	-0.25494325	0.7007542	-0.7792144	-0.38385633	0.3348625	0.2495871	0.7262145	0.65547377	0.20413172	0.41602856	-0.180584	-0.3278506	-0.09084857	-0.6400248	0.14401093	-0.49254593	-0.64596224	0.07370128	-0.023777328	0.2273074	0.3841342	0.018405454	-0.60377336	0.05204543	0.004842235	-0.091940165	-0.15472014	-0.3665627	0.1866399	0.13330203	0.076883644	-0.25377664	0.14809924	-0.55643106	-0.40744892	-0.311861	0.1599616	0.53093266	-0.6980503	-0.5096504	-0.383913	-0.4292112	0.16458386	-0.40094417	0.84853417	-0.23154908	-0.3754786	-1.1918321	0.24273218	-0.039840072	-0.23517701	-0.4248572	-0.3982271	-0.87743944	-0.3434395	-0.1455916	-1.1186317	0.13346347	-0.3120958	0.34709746	-0.7791923	-0.432126	-0.11204299	0.21440959	0.8258431	0.0589533	-0.21024211	-0.15404093	-0.69079286	0.13498774	-0.3717067	-0.5026027	0.8107139	-0.2810884	-0.1774882	-0.20747927	0.2712461	0.47662213	-0.18929596	0.018151833	0.60399765	-0.12723295
0.30459735	-0.0067202067	-0.07262711	-0.1511994	0.5104348	-0.19767672	-0.12439607	0.5935619	-0.14969508	0.14001924	0.2653074	-0.12750846	0.23235632	0.06767171	-0.034022704	0.7195361	0.30872604	0.31026766	-0.20693974	0.44679287	-0.056434497	-0.26674187	0.18724419	-0.65439874	-0.5100838	0.36508873	-0.42483157	0.120899595	-0.14081904	-0.13096215	-0.29958907	0.16226965	-0.44601515	0.011032731	0.06295012	-0.11489231	-0.36303955	0.08820091	0.18754818	-0.3674752	-0.5888295	0.09120067	-0.012083932	0.28857478	0.36407435	-0.3454916	-0.052888334	0.10092683	0.22338046	-0.5878517	0.030594712	-0.117113724	-0.07506423	-0.44301412	0.051652014	0.14550819	0.2053461	0.553145	-0.252659	0.35543624	-0.3957488	-0.15002427	-0.66398335	0.44972718	0.19943208	-0.2051052	-0.2019533	0.2797568	-0.24569379	0.35171893	-0.22980803	0.12816624	-0.07717274	-0.38861358	0.08956405	-0.27870703	0.13649653	0.9103756	-0.5719612	0.27453023	-0.53133476	-0.06449436	0.17439748	0.6005625	0.18826628	-0.2797642	0.16540873	-0.18144496	0.8214953	-0.24421002	0.21438287	-0.30980372	-0.44773448	0.4160826	-0.14864175	0.20312902	-0.22725604	0.33445296	0.610519	-0.5277467	-0.2744052	-0.46537519	-0.6461415	0.05135279	-0.24159102	0.14968047	-0.25699624	0.023519123	0.5033795	0.3745471	-0.37120023	0.674172	-0.15331599	-0.16939937	-0.14116557	0.114999175	0.18563333	0.15687105	0.45519748	-0.15331517	-0.6213512	-0.18522754	0.8892971	0.5063368	-0.03189006	0.060653027	0.45949793	-0.10672141
-0.0043964447	0.12645146	0.1010105	-0.28628486	0.3985738	-0.29489562	0.09544806	0.504212	0.30292955	0.26719588	-0.056562435	-0.07033209	0.16548066	-0.23302406	-0.04137207	0.45413485	-0.15580513	-0.4456745	-0.20610169	0.54775536	0.23449558	-0.5221046	0.22920209	-0.95831794	-0.4394007	-0.06252793	-0.24166796	-0.00019323305	0.27090514	0.07952622	0.38287184	-0.1554039	0.45099947	-0.08257907	0.30953205	-0.5441286	-0.0441608	-0.20249219	0.30754203	0.053597603	-0.38454834	0.003847928	-0.09819946	-0.6451666	0.5080541	-0.11487359	0.7404195	0.2727526	0.07544565	0.03316689	-0.25520828	0.19232412	0.034287494	0.4082875	0.15886693	-0.06815134	0.30717707	0.33598018	0.2780375	0.31500897	0.059201166	0.5723203	-0.43858433	0.011772637	0.08050271	-0.09084835	-0.06731583	-0.036705147	0.0911358	0.1644307	0.23531118	-0.05171317	0.101978905	-0.29566073	-0.30051583	-0.048067488	0.016933287	0.019988518	0.24605523	0.17478968	-0.15172815	-0.29693213	-0.20367381	0.40931973	-0.27863076	-0.54901063	-0.13857698	0.1466513	0.255376	-0.21017917	0.34701446	-0.21557018	-0.044007752	-0.34434068	-0.5586928	-0.45095506	0.33024007	0.16638865	0.56283945	-0.18510309	-0.3222946	-0.4619069	-0.3264899	-0.31417784	0.3007241	0.19461761	-0.33850074	-0.2332044	0.6252964	0.41616523	-0.6739888	0.30330807	-0.18510403	0.21306387	-0.4254464	0.27350745	0.084764756	0.14495428	-0.06606633	0.33037803	-0.17411332	0.2105532	0.31910145	0.26634	-0.5642264	0.013124654	0.49727443	-0.02841195
-0.15237103	0.20331764	0.30618146	-0.2642754	0.43021676	0.25163272	0.013742991	0.10700736	0.8732836	-0.033291973	0.05164782	0.16708943	0.073103406	0.049783986	0.22977589	0.24119328	0.20102112	-0.29267687	-0.5875132	0.091490164	0.31437957	-0.45855525	-0.47671	0.25469533	-0.4299175	0.123244494	-0.05938219	-0.28454378	-0.3194969	0.14505433	-0.05326424	-0.1233197	0.24556388	0.20602253	0.2858093	0.4188766	-0.15441695	-0.14249098	-0.1462875	0.07001571	-0.034333218	-0.103735805	-0.33533144	0.12695229	-0.12029954	-0.25729814	-0.1396998	0.031798907	-0.0066825137	0.19367346	-0.28599346	-0.031921685	-0.06581172	0.5110206	-0.040581938	0.09932884	0.30743247	0.21304952	0.0515721	-0.108968034	-0.5073025	0.66763836	-0.24899489	0.6093485	0.058632076	-0.006351232	-0.13273904	-0.5639989	-0.09663021	-0.38123327	0.12492363	0.11844176	0.17279372	0.114729755	0.14849475	0.28617868	0.0835974	0.19380645	0.037743706	0.2749653	0.27221367	0.031451274	0.22993676	0.033218008	-0.25865898	-0.11709322	0.2420983	0.16574804	0.017694186	0.12270188	0.1578267	-0.29823405	-0.40460873	0.030140746	-0.13364102	-0.01463999	0.073732585	0.509479	0.18447971	-0.5805899	0.012035752	-0.53964	-0.5317372	-0.34287906	-0.050399955	0.54549855	-0.31689817	0.005669725	0.0249679	0.67478555	0.1639379	0.51504326	0.06738474	0.31974697	-0.5964035	0.46540725	-0.27280807	-0.19860238	-0.017462462	0.07926761	0.18706198	-0.09833088	0.50949377	-0.54974794	0.19102703	-0.1555735	0.2592279	-0.20108362
0.027476856	0.11424092	0.14500248	0.1757037	0.36427897	0.40075588	-0.13123982	0.4799257	-0.14775619	0.2602384	-0.13314012	0.3731108	-0.569012	0.24483562	0.01956705	0.12389707	0.16152129	0.06532876	-0.4160708	0.3462292	0.2123621	0.04097098	-0.025747987	-0.09590795	-0.38927943	0.20515187	-0.026752552	-0.1844818	0.03016181	0.19534056	0.07588573	-0.10169268	0.11388315	0.063987456	0.02857304	0.036886748	-0.007828906	-0.18567437	0.37859562	0.08629625	-0.40676025	-0.2197946	-0.3926478	0.09075995	0.2607546	-0.057092	-0.16843665	0.80304945	-0.105048	-0.18253312	-0.531398	0.08858214	-0.12029384	0.0560469	0.1506401	0.009544768	0.17075184	0.20721726	0.11190095	0.29560256	-0.17169462	0.34898716	-0.56661505	0.21826929	0.4063998	0.13876306	-0.32383877	0.36149132	-0.46250954	0.32032606	0.10108686	-0.3856293	0.27444276	-0.054279316	-0.16955666	-0.016873218	0.26947036	0.59560895	0.2847666	0.60619736	-0.39025453	-0.66765773	0.17787659	0.39218417	-0.22063954	-0.49677703	-0.3694089	0.10206362	-0.062819116	-0.20796882	-0.21838453	0.13514182	-0.20433308	-0.3488598	0.3663671	-0.7881302	-0.15951794	0.099528536	0.44761106	-0.44255468	0.04355285	-0.842872	-0.06826654	0.22202462	-0.32426763	-0.13781483	-0.14834107	-0.21976411	0.83413994	0.31262496	-0.25931218	0.21590854	0.44997078	0.46754768	-0.8283217	-0.40871283	-0.060008027	0.029810373	0.7697725	0.14468822	0.13418163	-0.0016997553	0.32351214	0.15112643	-0.47594067	-0.019302687	0.050825324	-0.17765993
-0.32860246	0.14979023	-0.13853894	-0.107215405	0.1434694	0.15112983	0.20039427	0.08979944	0.28298065	0.12582368	-0.029968439	0.06401877	0.021892326	-0.028285144	0.13290301	-0.028453117	0.097251825	-0.0098358	-0.28032094	0.0848215	0.05290969	-0.061481036	-0.31171432	0.111241944	-0.4853106	0.053278636	-0.062323567	-0.17392066	0.17250891	-0.08574402	-0.32815194	-0.20819896	-0.13371935	-0.017844345	0.21408834	0.16298757	-0.4596843	-0.08828914	-0.17014502	-0.2521851	0.058066666	0.14759699	-0.13237558	-0.018324248	0.16589268	-0.040423412	0.025268031	0.27555144	-0.23465554	-0.0779062	-0.14312664	0.017812653	0.5003715	-0.18205227	0.13413031	0.04207063	-0.1684252	0.1704844	0.006180377	0.08735195	-0.37396175	0.4162661	-0.3447993	0.15460806	0.11650554	0.0063550016	-0.06479537	0.18620484	0.11081099	0.039120197	0.15872563	0.12345843	-0.15981984	-0.04486674	0.19181472	0.085914664	0.19121155	0.16653053	0.1260565	0.111776374	0.05930498	-0.12886487	0.07768184	0.052594975	0.18651302	-0.08892427	0.050905406	-0.073903896	0.047337927	-0.25517046	-0.10626689	-0.14295699	-0.030774016	-0.077172406	-0.21305475	-0.037462972	-0.00998703	-0.012125327	-0.0043867575	-0.3396158	-0.36732835	-0.22844851	0.10963042	-0.20379478	0.19972716	0.07962144	-0.08732522	-0.019874372	-0.019937431	0.26094228	0.048865665	-0.045423966	0.059481908	0.21534309	-0.5900679	0.012913385	0.14806794	-0.015453873	0.067196734	0.18589392	0.21541522	-0.1031683	0.26288337	0.22097462	-0.19226469	-0.062353004	0.032307535	-0.08756288
0.37273565	-0.06500703	0.90142155	0.019991912	1.2769866	0.010462325	0.49426833	0.00097034767	0.092152804	-0.113397226	0.06642283	0.90038806	0.9144373	0.5153774	-0.111333705	0.6990781	-0.48419437	0.17725047	-0.5601336	0.22945906	0.48448652	-0.5930239	-0.31025365	-0.24467836	-0.28108528	-0.7071916	0.016436586	0.24938865	0.11839392	0.008874218	-0.1739073	-0.2366606	0.4778167	0.2344077	0.24459493	0.6444802	-0.5241483	-1.1187644	-0.17954637	-0.027369324	-0.2053979	0.09126871	0.29676545	-0.56056714	0.55800754	0.43413022	0.5221947	0.15846775	-0.17371963	-0.32954842	0.10540328	0.7890499	0.6116927	0.9253101	1.1134263	-0.11373605	0.69501185	0.67318285	0.06701464	0.23327614	0.49319136	-0.2801842	-0.43566352	1.0166758	0.13850366	0.0355688	0.37440675	0.47973993	0.16195719	-0.405331	0.3701464	0.098707244	-0.3352785	-0.8643463	0.29030567	-0.49165303	-0.44693723	0.21801445	-1.0102985	-0.65227604	-0.7550769	-0.8105447	-0.3231835	0.46560055	-0.6214445	-1.396194	0.21302733	0.14012375	0.47446722	0.3670865	0.16813608	-0.53412944	-0.9679872	-0.5057108	0.19149593	0.37312365	-0.46866193	-0.022348396	-0.1872947	-0.32789886	0.034744814	-0.2654857	-0.2819844	-0.5602021	0.21693528	-0.185479	0.028827047	-0.019209836	0.28580818	-0.0070913015	0.44682992	0.12048043	0.17864221	0.1922496	0.10270824	0.66656417	-0.7900848	-0.19558856	-0.12941247	0.6728876	-0.08233863	-0.23026651	0.5619979	-0.03904412	-0.3154216	0.30333906	0.11645377	0.1444913
0.015434325	0.11080209	-0.090505704	-0.15888235	0.37345627	0.055729542	-0.09589056	0.1618519	0.18567917	0.20443669	-0.07150617	0.10477747	0.098612815	-0.10891127	-0.06281877	0.26230887	0.2294567	-0.119504236	-0.055733457	0.27390686	-0.011519165	-0.21095465	-0.1473008	-0.08914766	-0.31149927	0.017279848	-0.20313498	-0.085980065	-0.039076876	-0.052874256	-0.16034597	-0.3075982	-0.008555566	0.102018684	0.18176123	0.010230765	-0.13857548	-0.0664942	0.13250916	-0.09658091	-0.31148827	0.183058	0.024222208	0.27353865	0.12104849	-0.08445774	0.07793551	0.1823633	-0.20380643	0.06700747	0.11662031	0.12444139	0.122461185	-0.06450218	-0.1548679	0.039960135	0.102471955	0.16242483	0.08211128	0.013138621	0.089849174	0.17252786	-0.15166521	0.23253918	0.037791423	-0.20644462	-0.14595798	0.050448798	0.10360357	-0.19876611	-0.04464109	0.1769398	0.22769324	-0.03603049	0.06274991	0.26543963	-0.028720982	0.085405506	0.046586752	0.2511782	-0.3037923	-0.21130772	0.14698954	-0.07335661	-0.06060863	-0.063832164	0.050502144	0.2126674	0.017983938	-0.08063622	0.038023308	-0.10250353	-0.0906035	-0.1750162	0.1391929	-0.000995418	0.020353466	-0.08826228	0.1166184	-0.2794499	-0.047462955	-0.3993912	0.07220734	-0.05014082	-0.21454927	0.21490152	0.02850477	-0.096812025	0.24199589	0.10600828	0.03066387	0.12941277	0.2328146	0.010185179	-0.06092178	-0.07965919	0.0334409	-0.10109543	0.31202677	-0.08153555	-0.1284439	0.14331172	0.27603748	0.0049425536	-0.1250015	-0.24368443	0.1346063	-0.01607862
0.72963744	-0.4097461	0.28560048	-0.23551624	0.046080194	-0.24287133	-0.86417747	0.10505207	0.15240632	0.63656884	-0.625165	0.108061716	-0.36607635	0.12402915	-0.25875315	-0.34259188	-0.3077608	-0.007863874	-0.20077619	0.32408506	-0.29173577	-0.8463591	-0.33963954	0.72245735	-1.2839161	0.7275756	-0.8104454	0.01765905	-0.19995151	0.71948534	-0.66886765	-0.20209415	0.15983501	0.32305348	-0.12226118	-0.38334206	-0.50379294	-0.6092311	0.2316739	0.26234156	-0.3524313	0.12727278	-0.70481634	-0.51352423	1.1492712	0.16925526	-0.12644535	0.2106605	0.24780968	-0.40147233	0.21716234	-0.35905185	-0.08453842	-0.95067555	0.63179314	-0.41460124	0.27330875	0.3756935	0.22033077	0.9691893	-0.17589961	0.49122503	-1.5025758	0.7709705	-0.10558365	-0.047207795	0.12682384	0.17123044	-0.11259817	0.17018338	-0.38258535	0.21965355	0.0633814	0.3472633	-0.40683594	-0.29659602	-0.14980935	0.36200944	0.21383885	0.10483467	-0.14079644	-0.6595557	1.2593247	0.90725446	-0.072933964	-0.4439796	-0.7133835	0.0035055708	0.90467185	-0.3709586	-0.12788294	0.3047991	-0.016200967	-0.76573867	0.3891694	-0.7372427	0.9814013	-0.39547166	0.8009509	-0.5376485	0.015730154	-0.99892	-0.1382179	-0.2875319	0.0020216904	0.21950398	-0.050021533	-0.8970276	0.30375943	0.46760526	-0.38534683	0.3530223	0.09960327	0.51620376	-0.25343317	0.8440524	-0.38583073	0.1304335	0.59417546	0.53281707	-0.0760667	0.28126425	0.575531	0.34386888	-1.2211144	0.15539844	0.8846343	-0.06378358
0.57772714	0.7416489	-0.5228099	0.14775714	-0.22767659	0.89206475	-0.82726663	1.366448	0.2204235	0.08509827	-0.37622482	-0.48870733	0.04893447	-0.26627243	0.017024763	0.9433715	0.11759346	-0.38661042	-0.6537	0.18125272	-0.22623034	-0.13914512	-0.78672606	-0.011460258	-0.1959602	0.027813502	-0.7777408	-1.0493321	0.22583038	-0.23123567	-0.19392252	-0.60972315	-0.21506451	0.012482904	0.27329838	-0.18538146	-0.20320426	-0.36350515	0.18906003	-0.70845085	-0.46247688	0.44538954	-0.8791213	0.14083384	0.1198657	-0.34097946	0.065206036	0.4148228	-0.14680125	-0.21140009	0.07519079	-0.39202517	0.24742194	0.36647046	0.06252256	0.1132085	0.57975686	0.16774905	-0.31457874	0.36441326	-1.2360705	0.6010255	-0.31626925	0.51580286	0.13500357	-0.02945814	-0.6165064	0.19718282	0.0921667	-0.23461692	-0.30510637	-0.33362544	-0.6927521	-0.12181235	-0.058630634	-0.32845327	-0.053329565	0.07785042	-0.13493708	0.3758873	0.039208204	-0.8921025	-0.3937274	0.30305204	0.17384651	-0.27679136	0.11632528	-0.10172255	0.5063321	-0.76531774	-0.08245456	0.3056057	-0.5198012	0.2909603	-0.3407923	-0.08957533	-0.21665893	0.7598567	-0.21396776	-0.64234084	-0.51317483	-0.46621892	-0.47068632	0.37045005	-0.27696395	-0.28608057	-0.2188282	-0.1806276	0.72684497	0.43463868	0.59054	-0.06922304	-1.0123506	-0.13191059	-0.8464402	-0.7459316	0.12785898	-0.24719748	0.2597448	-0.14706177	-0.6181762	-0.4562876	0.35563168	0.3515119	-0.0022212774	0.7088189	0.031741675	-0.342696
0.24092823	0.27962124	0.7919999	-0.26421088	0.019216357	0.01650686	0.010274857	-0.2592992	0.5923818	-0.3350478	-0.16615522	-0.19203599	-0.2550002	0.2769121	0.14729622	0.83701634	0.7817102	-0.5340711	-0.08635363	-0.33181962	-0.41667727	0.49471965	-0.47168285	-0.0005453281	-0.048768874	0.13059293	0.018852515	-0.7151991	-0.22549239	0.4536764	0.23624894	0.069545686	-0.1857526	0.4651875	0.22021084	0.016142206	-0.2898547	-0.35568002	-0.43047413	0.25232738	-0.33857614	0.43022832	-0.635855	0.2783607	0.6163201	0.20391993	-0.9021946	0.22200437	-0.67451423	-0.6185662	-0.5925824	0.9963185	0.33495656	0.19864123	-0.21421713	-0.11719806	0.31154814	0.22119185	-0.18426672	-0.85333055	-0.97794896	0.05141839	-0.43839926	0.6808226	0.19428913	-0.25343043	-0.07274497	-0.47884563	-0.8168358	0.083312474	0.083301865	0.32493594	0.43429124	-0.27890384	0.532065	0.3644061	-0.11061862	0.15479612	-0.16341315	0.07869738	0.21194363	-0.26202667	0.41192228	0.24344221	0.13320269	-0.44601908	0.13357368	-0.38489538	0.97651213	0.18348978	-0.06018296	-1.1163793	-0.41732654	-0.57302845	-0.07722744	0.26857653	0.18315029	0.9452196	-0.05236753	0.6129594	0.64314926	-0.28310648	-1.100299	-0.77807605	0.39697066	1.0907393	-0.654226	-0.08520184	-0.11200562	0.939445	0.17709899	0.001912564	0.9790502	0.54801196	-1.030133	0.49392766	-1.0545748	-0.34537897	0.013934818	-0.31654212	-0.117334865	0.3685992	0.70146424	-0.31491974	-0.33733267	0.13144444	0.8483781	-0.47634622
-0.027657302	0.36525857	-0.26192826	0.2709017	0.6677262	0.14241207	0.63345146	0.5793621	0.5322143	0.053413197	0.3067411	-0.41542274	0.040287614	-0.23712376	-0.45125517	0.4493099	-0.10397668	-0.40045077	-0.4526622	0.2690922	0.04915238	-0.29140005	-0.29800722	-0.46973386	-1.1210026	0.6641936	-0.39875314	-0.01610898	0.4229511	0.2548509	-0.3167913	-0.24770197	-0.3826718	0.051988762	-0.28373703	0.011977193	-0.36520278	-0.4301662	0.5814991	-0.53225756	-0.4413725	-0.12672451	-0.27149647	-0.016300071	0.32067475	-0.5090922	-0.2595351	0.2332406	0.013327606	-0.19466165	-0.52220285	0.45329702	0.13061237	0.16714409	-0.13160081	0.36836222	-0.336949	0.7056438	0.11103074	0.142456	-0.4591491	0.06346107	-0.13893262	0.1432529	-0.10241408	-0.10750413	-0.14190647	0.19722217	-0.32523406	0.008626548	0.11997405	0.35878682	0.15533787	-0.062722035	0.28322122	-0.34011313	-0.2115254	-0.5547784	-0.4111264	0.16341496	-0.14159161	-0.079344094	-0.28307217	0.29165182	-0.25798887	-0.55854374	-0.11995916	0.39003277	0.21201321	-0.28784087	-0.24980704	0.023150701	-0.40884596	0.06906474	-0.31850976	-0.028946128	-0.38662547	0.24229538	0.063292146	0.059761025	-0.13407278	-0.72760254	-0.1570953	0.04578499	0.25031117	0.296706	-0.25300893	-0.32109457	0.28618628	0.35873735	0.28117013	0.12356107	-0.15531132	-0.07925208	-0.50875306	-0.073414534	0.25333202	0.43291223	0.51599777	0.09461393	-0.07007304	-0.19387971	0.50742954	0.22934529	-0.32601762	-0.30826038	0.04789624	-0.26835823
0.22858845	0.0439225	-0.18942042	0.16366027	-0.00035553897	0.21077798	0.13374493	0.41915065	0.10657292	0.04781215	0.04857299	-0.23218292	0.09653349	0.17203096	-0.18192016	0.3848964	0.20379509	-0.16443478	-0.38405123	0.25424215	-0.043424286	-0.20705053	-0.313321	0.037398357	-0.5421814	0.40648437	-0.15654384	-0.28921977	0.36911994	-0.13028492	-0.061787147	-0.26913923	-0.07903972	-0.052904252	0.02242638	0.20659485	-0.28141987	-0.14811328	0.20586376	-0.12133418	-0.40582404	0.10836134	-0.43540478	-0.13727824	0.13398205	-0.1406918	-0.22595882	-0.010516369	-0.1956926	-0.13615073	-0.15863164	0.14540517	-0.14634268	-0.034556303	0.18837272	0.11498168	-0.016649416	0.2582065	0.053332806	0.19778568	-0.30338752	0.30360276	-0.03390333	0.46604383	-0.0070162616	0.15462936	-0.26566407	-0.19258775	-0.19746831	0.06987889	-0.103798404	-0.058432538	-0.31404588	-0.08012011	0.08998182	-0.18085378	-0.024884164	-0.033725064	0.03966333	0.21548536	0.12800007	-0.15736787	0.06360014	0.14689411	-0.09035506	-0.43903327	-0.11419163	0.09640146	0.07189958	-0.23268017	-0.27573436	0.055823084	-0.28178495	-0.04969539	0.0027200342	-0.37166533	-0.054006718	0.38342044	0.19429204	-0.14988232	-0.09894201	-0.099686846	-0.40319696	0.15568295	-0.07984361	-0.17433678	-0.085194424	-0.14723743	0.4977719	0.09671034	-0.08672606	0.3006646	-0.22134481	0.017246518	-0.3448491	-0.14996533	-0.0534857	-0.071854904	0.4288913	-0.0748894	-0.08017207	-0.44129258	-0.042406756	0.20666935	-0.16184586	-0.069262356	0.076581985	-0.3928414
0.0018475438	-0.07600331	-0.44589236	0.86900973	0.49846506	0.08355329	0.21699387	0.5102835	0.20108967	-0.3164627	0.7760265	0.12873721	0.07075725	-0.13836403	-0.19295475	0.1952034	0.39314315	0.7376968	-0.18372811	0.5295927	0.41078952	0.30549702	0.20192523	-0.19698626	-0.51527643	-0.648272	-1.2633278	-0.5501777	-0.23118515	0.18117315	-0.06482845	-1.3169612	1.1036386	-0.3495567	0.06945079	0.26095814	-0.6300448	0.118665144	0.43451485	-0.46644598	-0.6757507	0.72621745	-0.44715595	-0.29137817	-0.009327082	-1.9746348	0.46438786	0.99445754	-1.4649287	0.6496759	0.18664983	0.24024181	0.03303492	0.2213799	-0.30863056	0.00044462268	0.17980321	0.28420675	-0.4071013	0.34034744	0.05422557	0.44040325	-0.10656003	-0.2709684	-0.13033076	-0.88916236	0.092617296	-0.030579047	0.7054372	-0.17560682	-0.12597212	0.21713929	-0.4897364	0.04590375	0.042520728	0.3418632	-0.18260062	1.2151307	-0.17422697	0.3102467	-0.4309179	-0.5101551	-0.5990341	0.13250843	0.2879486	0.46485734	0.40688577	0.3926237	0.70190936	-0.12942454	0.0040433453	0.013757526	-1.077128	-0.6197943	-0.69745266	-0.28144336	0.43500054	0.45801914	0.34248227	-0.10645294	-0.5755333	-0.69658524	-0.9738779	-0.25864124	0.8702982	1.1655811	-0.4133192	-0.00331544	0.0237918	0.5024626	-0.2642141	0.47773474	-0.121237576	0.6314416	-0.64695805	0.7792977	-0.0631029	0.16221307	-0.3633758	0.19777434	-1.0084956	-0.17534779	0.3585315	-0.4202198	-0.09574827	-0.29879597	0.6789486	0.32599786
0.12138455	0.031693842	-0.21711798	-0.25068992	0.15130934	0.0076246206	-0.07523079	0.111326456	0.20598182	0.38439262	-0.4937941	-0.36086744	0.12003834	0.050725285	-0.0650854	0.4284312	-0.23302108	-0.36696884	0.08980604	0.22174212	0.03148773	-0.1319893	0.06691039	-0.26016194	-0.22678433	-0.07707305	-0.2889755	-0.1163576	0.17080772	0.040492225	-0.31343806	-0.106368594	0.15258059	0.15016201	-0.019743705	-0.07779911	-0.34243327	-0.31505334	-0.011574185	0.087703966	-0.32840255	-0.11307506	-0.040221445	-0.118477024	0.32849336	-0.1486044	0.17185198	-0.06729873	-0.13068607	-0.24392647	0.041404877	0.38225594	0.0054166787	-0.23930207	0.095369935	0.12054427	0.28120476	0.43121448	0.16049393	0.26577455	-0.033573236	0.06624387	-0.42997795	0.2496673	0.3305283	-0.15442923	0.24293418	-0.29323518	-0.087747656	0.03188222	0.027524455	0.31347948	0.075193234	-0.030758398	0.10679813	-0.20811126	-0.04270871	-0.082924284	-0.16027579	0.1376257	-0.28483623	-0.30584663	0.21050495	-0.034410324	-0.21334983	-0.06523526	-0.35840946	0.2287753	0.20868117	-0.18513241	0.021793855	-0.5133974	0.1385732	-0.40297857	-0.36197406	0.05442606	0.36113292	-0.020527247	0.18521212	-0.124549605	0.09863745	-0.41286862	-0.29499456	-0.13846007	-0.014595101	0.10890193	-0.0725336	-0.06584609	0.17735551	0.26163954	-0.10031816	0.3379624	0.045324516	0.09980404	-0.0806917	0.53059727	-0.19032492	0.16214336	0.0006782273	0.21498272	-0.30003804	0.081045665	0.25232473	0.063489296	-0.1597855	0.050846696	0.21335636	0.119708836
-0.009763733	0.14771393	-0.08261233	0.022751391	0.08281587	0.0076926877	0.3573802	0.21508022	0.026523925	-0.1244582	-0.056902852	0.21705964	0.040656283	-0.15884115	0.11079507	-0.07908103	0.15830882	-0.039577372	-0.078334644	-0.010844116	0.018798519	-0.42547208	-0.1069854	-0.28597414	-0.065421745	-0.036627058	-0.18329386	-0.10290915	-0.050858103	0.10722606	-0.0969279	-0.11361538	-0.11090017	0.22462277	0.14013968	0.20135854	-0.16023211	-0.07148972	-0.09997241	-0.13617498	-0.18543729	-0.049925786	-0.24262255	-0.07243889	0.22542305	-0.008399551	0.16454433	0.29084533	-0.08883643	-0.006440619	-0.0053660003	-0.024833715	0.23971845	-0.02337637	-0.13543965	-0.047864858	0.15666094	0.2595938	0.16745336	0.009367795	-0.18234542	0.37529516	-0.3771636	-0.017353756	0.14063545	-0.15169081	-0.07978257	0.100338265	0.0479489	-0.17302099	0.040215667	0.1234874	0.38722953	-0.3316664	0.01911722	-0.009090524	0.06697233	0.047603156	0.00816878	0.062298615	0.1257955	-0.0071372846	0.04453497	0.095856115	-0.09040272	-0.3073935	0.15744168	0.08019182	0.07886244	0.05894104	-0.23926881	0.008346595	-0.14293355	0.025703527	-0.16230202	0.00707087	0.24477984	-0.14001954	0.078718565	-0.20641182	-0.19708966	-0.44870746	0.034787547	-0.05133511	-0.11491076	-0.08129015	-0.117682554	0.022606717	0.26015177	0.081351176	-0.0150038	0.20098107	0.0502619	0.017332388	-0.08036948	-0.006749108	-0.131031	-0.21153127	-0.034143917	0.09509016	-0.16572176	0.16006275	0.25901425	0.028127292	-0.18747078	0.22365308	0.19008039	-0.10524189
0.1940766	0.27488527	0.2734252	0.0798414	0.34924245	0.062815376	-0.5321034	0.42328706	-0.11143277	0.63759303	-0.048281983	0.6026995	-0.33805636	-0.19548477	-0.032451212	0.32532495	0.11254678	-0.14774777	-0.02042081	-0.15324017	0.017811831	0.4527717	-0.067891456	0.06683826	-0.17780952	0.17198971	-0.48749796	-0.42619744	-0.14008689	-0.05681621	0.08085355	-0.28394738	-0.3071924	-0.37725538	0.3943964	-0.18837589	-0.10232742	-0.36615455	0.33560386	0.09937478	-0.5357965	-0.13420954	-0.25490215	0.0014060553	0.583473	-0.2914415	-0.15937383	0.95027906	0.010725797	-0.5998851	-0.1673864	0.50404936	-0.2632267	-0.1320633	0.43017235	0.03046744	0.015541213	0.6976646	0.0010403184	0.55940115	-0.43680146	-0.11610995	-0.44970825	0.6477006	0.769717	0.07013575	-0.4364259	0.25048825	-0.2209253	0.34161794	0.116764	-0.3062118	0.15638843	-0.24950893	-0.06516201	-0.10057983	0.09559692	0.16571733	-0.09163717	0.3737788	-0.64047027	-1.1062452	0.17014001	0.33924213	-0.040468115	-0.63190365	-0.5240317	0.30005205	0.30375758	0.07896141	-0.16980924	0.028189646	-0.24512872	-0.4292276	0.21944384	-0.9905619	0.088263266	0.33237496	0.5062493	-0.16008475	0.5075693	-1.1760741	0.09878787	0.3641905	-0.50410515	-0.5109964	-0.011268638	-0.26254648	0.7760484	-0.05710038	-0.18768366	0.104997054	0.64066184	-0.29535943	-0.8979075	-0.1641272	-0.048577424	-0.3376676	1.0411294	-0.0917603	-0.08361402	-0.27366948	0.3738544	0.22659494	-0.21505508	0.28538015	-0.13893269	0.09501715
-0.10575047	0.22103593	0.004888977	-0.17956807	0.45066568	0.22076836	-0.09141753	0.3961597	0.47527397	-0.26980802	-0.24215697	0.22613868	-0.3644208	0.1615903	-0.08942916	0.07605092	0.02578001	-0.029641941	-0.45426273	0.22590117	-0.076535404	-0.15188941	-0.22793682	0.23620477	-0.21677637	0.029628828	-0.023959035	-0.080613814	-0.10005083	0.20239078	-0.16295345	-0.029070752	0.17814286	-0.019673273	-0.03859697	0.07986926	0.06106801	0.28853825	0.45359695	-0.026576774	-0.11351758	-0.09263171	-0.20126142	-0.2693904	-0.2602634	0.21839093	0.2442527	0.39608195	0.33802596	-0.2971036	-0.4925847	-0.009649042	-0.059198514	0.12593198	0.24086612	-0.29940036	0.06548121	0.26185405	0.20044711	0.17109376	-0.11455677	0.20801133	-0.15173014	0.44689608	0.46268448	-0.18715972	-0.13514975	0.08270159	-0.044552475	0.0052025896	-0.28618905	0.11668892	0.2183811	0.3615403	-0.005761704	-0.047697403	0.38246828	0.38890713	0.23540251	-0.016268173	-0.09873226	-0.43726683	0.48208913	0.06723212	-0.08676685	-0.15840249	-0.17840889	0.14991957	-0.17022891	-0.16502947	0.075215586	-0.1466959	-0.4485457	-0.35961038	-0.2091294	-0.3353221	0.26045015	0.12399202	0.0822351	-0.58026725	-0.24417304	-0.84172195	-0.33447063	-0.1468636	-0.2830474	0.15639149	-0.25959498	-0.2170578	0.0021213926	0.3469465	0.098463066	0.07486976	0.18128556	0.41348466	-0.38225612	0.0052317795	-0.27983704	-0.44803038	0.49658972	0.3140081	-0.11682961	0.43417692	0.1476282	-0.41449088	-0.2206504	-0.1324847	0.13995135	-0.20628606
-0.01881404	-0.024055442	-0.013754952	0.18565966	0.26997197	0.10161269	-0.08116225	0.24633536	0.30838358	0.39309803	-0.4414831	0.2824229	-0.020849822	0.16729969	0.17694253	0.109735236	0.44622666	-0.17885254	-0.45796043	0.03428969	0.039170377	-0.17194416	-0.38326728	0.13333929	-0.3829865	0.042104132	-0.3232708	0.098947	0.051948495	0.25385883	-0.21448061	-0.15855592	-0.18193042	-0.2613178	0.08902669	-0.099987224	-0.2584245	-0.25148296	0.13597965	-0.06582262	-0.29860926	0.158842	-0.30146915	-0.0027856692	-0.028417142	-0.01681538	-0.011656845	0.50580376	0.10861953	-0.0116675915	0.020967463	-0.15418252	0.07636734	0.05909408	0.060429033	0.056669336	0.26715472	0.09173661	0.15455596	0.17538005	-0.15144493	0.1745729	-0.08516503	0.62066245	0.26484558	0.22078675	-0.33515647	0.04771484	0.06879355	0.07485539	0.07638334	-0.042287257	0.0312547	-0.25044996	-0.12427534	0.12959793	-0.04186528	0.15816864	0.22227173	0.47485152	0.40520614	-0.3068281	0.024925118	0.41763625	-0.19404368	-0.5223852	-0.09094194	0.17685437	0.4303387	0.033938594	-0.28521273	-0.004723342	-0.21410535	-0.20557778	0.10787592	0.035114188	0.21397293	0.38458487	-0.12602115	-0.27070782	-0.16091113	-0.38485053	-0.16357626	-0.23892063	-0.32641116	-0.11885359	0.17304611	-0.08100427	0.512839	-0.018742334	-0.06784917	0.088320225	-0.06708061	0.022882221	-0.26007214	-0.23300801	-0.041458465	0.0013544678	0.6753869	-0.10733285	-0.102389954	-0.012169849	0.2061541	-0.124490365	-0.06471646	0.09955967	0.2096369	-0.2666928
0.013623924	0.35014233	0.4622672	-0.22451182	0.57620084	0.045220573	0.28872156	0.065077536	0.99437034	-0.2690427	-0.009940945	0.33591792	0.092941746	0.21475558	0.46281746	0.14854209	0.45421675	-0.12548819	-0.5374966	0.30945686	0.22874266	-0.63517594	-0.587243	0.4225436	-0.5406756	0.12754475	-0.29595158	-0.50201684	-0.15998353	0.15375017	0.026899284	-0.20787327	0.16232869	0.39120844	0.46973246	0.5579594	-0.07942684	-0.24279928	-0.15820563	0.06931256	-0.09814999	0.023591602	-0.7031551	0.08829381	-0.1518	-0.30857506	-0.11917525	0.30264115	-0.049277127	0.06891933	-0.17064723	-0.30343154	-0.034203928	0.6207095	-0.1445043	0.13072549	0.6313279	0.12996165	0.16023304	-0.28485903	-0.5979198	0.5516997	-0.31324098	0.63663167	0.20253961	0.23427393	-0.16900899	-0.7816261	0.004500823	-0.61015505	0.020278778	0.24594608	0.213981	0.11291968	0.22652718	0.21619461	0.04502123	-0.09863976	-0.01722456	0.25884485	0.425472	0.07270014	0.16137622	0.060299292	-0.4963811	-0.17516056	0.2692146	0.047250587	0.008089205	0.41020036	0.021999713	-0.3367816	-0.529493	-0.22914916	-0.072805844	-0.06555867	0.04895461	0.47467235	0.19168387	-0.6203527	-0.012601349	-0.7144403	-0.65864617	-0.23664196	0.089532025	0.55542904	-0.37677625	0.16508786	0.47932243	0.7747155	0.023244947	0.61513233	-0.0730767	0.42808554	-0.7055728	0.59489083	-0.47463453	-0.19175878	0.06995723	-0.10430358	0.24287902	-0.12868425	0.4458448	-0.66820055	-0.033527166	-0.33930987	0.046352886	-0.41686815
0.26801768	0.04097443	0.007714601	-0.26363197	0.65389764	-0.13760655	-0.28667814	0.7036278	-0.18933019	0.1297542	0.24330826	-0.19811557	0.21562125	0.17029662	0.057237644	0.80853826	0.31012353	0.42321035	-0.2404996	0.5406375	0.0013121954	-0.4245894	0.21598373	-0.6868261	-0.447056	0.38513386	-0.48431498	-0.087171674	-0.23260929	0.101845115	-0.29073626	0.07916929	-0.25982192	0.15486263	0.09074558	-0.15809622	-0.35011053	0.0191296	0.0944757	-0.46006063	-0.58996683	0.21747085	-0.11138199	0.1653343	0.12768033	-0.33973822	0.13210659	0.10704753	0.21999684	-0.6074481	0.16279674	-0.06536081	-0.023506118	-0.48052588	0.080335334	-0.03150522	0.29298955	0.45345166	-0.4262191	0.2265451	-0.39503622	-0.24989344	-0.5073429	0.3495298	0.16515982	-0.049770348	-0.20809273	0.27738193	-0.22741298	0.37610385	-0.18509583	0.11984219	-0.121828824	-0.36298797	0.09860091	-0.13138781	0.09995568	1.031509	-0.5194094	0.26842666	-0.5083845	-0.17956029	0.1734683	0.5104996	0.23645917	-0.23113693	0.12713942	-0.2456695	0.7970007	-0.13325247	0.27253717	-0.3264627	-0.407923	0.40325934	-0.07394629	0.12728481	0.0050537055	0.24089575	0.4574234	-0.62707007	-0.13902216	-0.30518475	-0.56986165	0.083858624	-0.17481072	0.31950852	-0.34114814	0.108972244	0.40670303	0.18515776	-0.43463108	0.7974825	-0.11183499	-0.024748543	-0.12209272	0.06649899	0.16127841	0.029318761	0.5458937	-0.16978519	-0.6129475	-0.08115718	0.92418915	0.46468696	0.015600412	-0.06827519	0.59514016	0.026435861
-0.5509722	0.28332448	0.58966774	-0.442817	0.38722387	-0.42033967	0.0554028	0.23595071	0.24983226	-0.6036998	-0.68685156	0.0096741365	-0.45986816	0.11722159	-0.20636027	0.51835	-0.05492783	-0.040749587	0.0128193265	0.34344047	-0.26502007	-0.37924477	0.11112218	-0.6551223	-0.41668218	0.5053814	-0.52109516	-0.27625418	-0.17391409	0.5314902	-0.4767216	-0.4209604	0.075161114	-0.04813625	-0.16758722	0.04890998	-0.41850513	-0.44459563	0.4773082	-0.20325735	-0.08240605	0.18955503	-0.042498745	-0.4446889	-0.14773887	-0.5103545	0.63900554	0.8487813	-0.27772266	-0.115105204	-0.5627964	-0.71948844	0.16476305	0.4750704	1.0450683	-0.81859505	0.35388562	0.18540384	-0.12746984	-0.30810818	-0.5057299	0.15475504	-0.30917025	-0.17012732	-0.13888559	0.27713832	-0.1365648	0.4004581	-0.450883	0.6070356	-0.053495113	0.16651791	0.47443977	-0.33505026	0.24615759	0.09648525	0.49883148	-0.031580642	0.08022697	0.19959536	-0.5698563	-0.3021951	0.4339344	0.36359006	-0.691292	-0.6499896	-0.116144225	0.2276203	0.55970895	0.12822512	0.9032089	-0.06266257	-0.4827963	-0.59927636	-0.12878942	-0.20621519	-0.22076993	0.43999675	0.6517237	-0.49520937	-0.04122763	-1.1416332	-0.12635581	0.35919732	0.6514404	0.7207671	-0.2284776	-0.32415712	0.23825614	0.071770765	-0.33284563	-0.078763574	-0.5678443	0.31023785	0.042577095	-0.8217998	0.06625774	-0.08446913	0.32823914	0.53560215	0.5652308	-0.41453868	0.67657465	0.29569212	-1.4539877	0.3254977	0.016550826	0.14788543
0.65401113	0.48541683	-0.1912381	-0.41412488	0.08640577	0.59175587	-0.18618226	1.0717456	0.44191897	-0.065460786	-0.17614345	1.0013282	0.22570263	0.30242762	-0.3915303	0.13816997	-0.031430695	-0.83804655	-0.68891156	0.9490146	-0.19373514	-0.8154441	-0.5635132	-0.16401231	-1.1113242	-0.48594096	0.76311153	0.16731282	-0.5950071	0.32829168	-0.40548193	-0.64875865	0.0010199748	0.27118284	-0.11882843	0.24758641	-0.40684983	0.2602873	0.34701318	0.5542763	-1.0978082	1.1303688	-0.35824537	-0.91728103	0.75006276	0.67969424	0.45389044	0.5696928	-0.28606674	-0.2007419	0.07846129	0.842256	1.1788101	-0.5332789	-0.47863138	-0.18597656	-0.329906	0.47026473	-0.06852204	0.7365146	-0.19313794	0.67287165	-1.6073763	0.25261655	0.34868398	0.17859854	-0.21851857	0.31267625	0.17854765	-0.41589502	0.39434782	0.6861135	0.14355868	-0.59997153	0.36630967	0.21474122	0.24062489	-0.027498469	-0.10128203	0.17380306	0.051897656	-1.0264574	0.42713588	0.07802474	0.13015033	-0.53196996	0.08326025	0.58507675	0.3472177	-0.7850925	-1.1626406	-0.13145135	-0.45147848	-1.2819599	-0.26915333	-0.2950796	0.76810074	-0.7727137	-0.31797993	-0.22134453	-0.12056047	0.098117545	-0.4994225	-0.0718956	-1.1604486	-0.78039634	-0.05276016	-0.5705001	0.66265666	0.13525105	-0.6443814	-0.019891968	-0.46696472	-0.6071879	0.30224484	1.026788	-0.8127592	-0.32335174	0.72232234	0.5949559	-0.6631873	-1.2752365	0.3340376	0.15846446	-0.26746023	-0.24461658	0.4014832	-1.0583636
0.30982068	0.4578487	0.40813684	0.18182689	0.55558455	0.3708937	-0.3519179	0.6656261	0.4042015	0.5306851	0.25594673	0.31209868	-0.25247067	0.32696477	0.14217252	0.74414366	-0.16284333	0.076796904	0.09392051	0.49195075	0.26821285	-0.38538563	-0.096102096	-0.5635152	0.017025707	0.5319314	-0.24079013	-0.119333416	0.07440739	1.0104473	0.26765674	-0.31499097	0.43062797	0.2973854	-0.028263032	0.111180335	0.458656	-0.4174652	0.7283257	-0.5754192	-0.7705397	-0.12542515	0.2699864	0.110111035	0.5785421	-0.95901453	0.033993322	0.49182215	-0.37733603	-0.17279527	-0.18457006	0.71198976	-0.36925876	0.09565331	0.1775291	-0.32277387	-0.49814093	0.81647676	0.5014563	-0.09142864	-0.023232242	0.28950915	-0.38226387	0.18897238	0.3354285	-0.23397782	0.4013263	0.7504554	-0.1409343	0.5601115	-0.04900238	0.5321509	-0.13912657	-0.2982194	-0.08269857	-0.5420423	0.5309041	0.17273757	-0.09208487	0.27085984	-0.885876	-0.75422215	0.14505179	0.0075148284	-0.5095398	-0.52387834	-0.6163983	0.3814553	0.4215319	0.13178928	0.3924472	-0.30977577	-1.0321562	-0.33064348	-0.36158273	-0.40897992	0.09535995	0.19119656	0.14013928	0.16139649	0.15147011	-0.6188473	-0.73792917	0.014356864	-0.6100312	0.36023796	-0.24932978	0.29235223	0.20085171	-0.02735972	0.2997637	0.8026801	0.13790867	0.41170692	-0.008665772	-0.33940536	-0.70656216	-0.013338931	0.92437637	0.19230083	0.07775961	-0.058863636	0.65182084	0.24579787	-0.7045655	-1.1575872	0.5268374	0.29470062
0.049802367	-0.004158934	-0.029751722	0.063312806	0.23971877	0.18361448	-0.0703132	0.0050247055	0.25001782	0.013915807	0.15630394	0.10305295	0.05941618	0.045270067	0.027867544	0.2474033	-0.019476706	-0.028816216	-0.11622907	0.21732327	-0.010568977	-0.13699706	-0.188012	0.014974844	-0.17571376	0.16104372	0.027333926	-0.087758474	0.14301285	0.13745552	0.08432509	-0.080887444	0.1997939	0.17053847	0.1936031	0.094938055	0.1108259	-0.14748767	0.25873432	-0.1810208	-0.2003423	-0.032326862	0.038904976	0.08515316	0.16198072	-0.29060256	-0.043591302	0.21617264	-0.059611127	-0.11572914	-0.21616791	0.018840179	0.06646721	-0.14427143	-0.07862595	-0.26314703	-0.0876294	0.20620264	0.086727336	-0.09017586	-0.07059272	0.015673755	-0.00907025	5.5684992e-05	0.119461045	-0.119881555	-0.0070855506	0.2514615	-0.058813825	-0.06702221	0.047507204	0.044195775	-0.085486464	-0.1534424	-0.024003725	-0.030463539	0.06552318	0.028544068	-0.021778153	0.053001393	-0.21272007	-0.30928874	-0.022750603	0.10526084	-0.023082234	-0.17017893	0.02497225	0.039490696	0.051366385	0.023091221	0.103053555	-0.027988102	-0.44030175	-0.07630915	-0.23834264	-0.17081456	-0.008558935	0.21754523	-0.05171639	-0.031630725	0.08317527	-0.28397152	-0.2837522	-0.13879116	-0.099966735	0.022038208	-0.11569308	0.015763726	0.15213642	-0.023695	0.22345567	0.27279302	0.057595555	0.008953572	0.18635906	-0.18850414	-0.25449565	0.028361795	0.29439658	0.067136586	-0.01736938	-0.08338129	0.17635827	0.131974	-0.23702796	-0.12009795	0.09985842	-0.010220248
0.20240466	0.59119374	-0.25350168	0.26752433	0.46681717	0.13866065	-0.037360214	0.6554917	0.3470407	0.8892686	-0.86792636	0.019380921	0.047409493	0.23748247	0.30588877	0.6625126	0.2173643	-0.33489725	-0.15494919	0.30246842	0.24187149	-0.45101526	-0.18500629	-0.08405852	-0.6422247	-0.03977574	-0.5823953	0.014254904	0.0027302564	0.13312253	-0.61420196	-0.18631575	-0.032570817	0.07106316	0.20938013	0.0154739125	-0.3886228	-0.60421276	-0.056873553	0.24595948	-0.48550025	0.11073969	-0.43330297	-0.055155147	-0.14644405	0.14123653	0.45674285	0.047999453	-0.23722774	-0.2694036	0.16363305	0.12177814	-0.17100495	-0.35047728	0.15644392	0.15095355	0.62624294	0.5777735	-0.1269495	-0.2007425	-0.0070001404	0.31831288	-0.6142022	0.18721773	0.36764574	-0.15122482	-0.11146003	-0.6163502	0.24025145	-0.2017042	-0.1358523	0.52975464	-0.0030415053	-0.12317683	0.1676089	0.39228565	-0.30976954	0.36271533	0.26816648	0.70145136	-0.18284874	-0.33626005	0.20245056	-0.38120982	-0.15321477	-0.24052764	-0.4148277	0.44195768	0.26218387	-0.17711581	-0.1022139	-0.33156216	-0.0911429	-0.22957683	-0.33096445	0.2898328	0.10076891	0.06355304	0.28602242	-0.5601977	0.19079228	-0.4939731	-0.17152363	-0.066826485	-0.23645017	0.10314032	-0.11965849	-0.041620553	0.45134023	0.29070136	0.16400748	0.1622468	-0.21506432	0.15313509	-0.29474896	0.0018297484	0.2542977	-0.0025816364	0.24842916	0.13614534	-0.5423078	0.17825866	0.6174068	0.14220682	-0.21660505	-0.18820435	0.21303	0.14836907
0.055345606	0.2985122	-0.20572492	0.39526224	0.8075246	0.23481955	0.52419543	0.6716351	0.28797424	0.06061582	0.2720509	-0.2596195	-0.045773476	-0.0979359	-0.43042645	0.5548079	-0.17864281	-0.26662052	-0.1854304	0.11070771	-0.004363715	-0.34357002	-0.32424414	-0.48820207	-0.9905023	0.7262896	-0.43674093	-0.26917234	0.26824576	0.42280844	-0.1804572	-0.3268971	-0.33952177	0.13855664	-0.15915577	0.026232492	-0.38531262	-0.55727834	0.31238782	-0.5552932	-0.43326437	-0.2030368	-0.10375119	-0.04604927	0.369667	-0.73355204	-0.25834343	0.3800196	-0.19782642	0.031124858	-0.3974796	0.39727896	0.141648	0.25098276	-0.060000814	0.3505929	-0.19407368	0.83417505	0.25382003	0.051799677	-0.4334517	0.10523071	-0.09626085	0.085908785	-0.19420242	-0.09422971	-0.09750258	0.117459565	-0.38094124	-0.007854045	0.06114069	0.09333169	0.29206902	-0.2521193	0.39318785	-0.25395215	-0.22121164	-0.66484666	-0.3214106	0.37887427	-0.28471124	-0.29955363	-0.28310046	0.24834974	-0.28873667	-0.6460927	-0.04760694	0.45075065	0.21767254	-0.034085587	-0.35293373	0.1323829	-0.45306942	-0.0688014	-0.19154008	-0.24573562	-0.37571168	0.32116583	0.10170141	0.1012122	0.05987338	-0.6076227	-0.38389564	0.07634281	0.51506406	0.25347564	-0.07941987	-0.43893176	0.21100758	0.321059	0.18827878	0.23369895	-0.12325908	-0.25837678	-0.47186252	-0.086977735	0.17683583	0.48110873	0.47869596	0.084515885	0.09892737	-0.15736552	0.42869523	0.1942462	-0.59107983	-0.4963335	0.06379766	-0.029105827
-0.08781432	0.28661796	0.14114298	-0.1269318	0.3892214	0.07317805	0.4222247	0.5421817	0.3341976	-0.08473708	-0.068300754	0.09767313	0.16518013	-0.052736774	-0.42063513	0.15434282	0.06082035	-0.04980093	-0.1944354	0.1104683	0.39135763	-0.007132482	-0.39113665	-0.07474479	-0.41806906	0.35754907	-0.11762095	0.2526059	-0.11368502	0.64985013	-0.00839522	-0.36811915	0.11131578	-0.07281898	-0.23587924	-0.06428024	-0.1418498	-0.07377276	-0.018787846	-0.3541462	-0.2925609	-0.14692289	0.021192914	-0.5410779	0.18082748	-0.31949985	0.23472786	0.4964161	-0.19266428	0.0775203	-0.25393167	0.0034488828	-0.06534412	-0.11015669	0.23329934	-0.29832554	-0.029797196	0.15366031	-0.09081775	0.10562753	-0.22847901	0.30189988	-0.40950722	0.37902313	-0.021714093	0.39547524	-0.013733506	0.35316643	-0.10768765	0.29976684	0.038052764	0.025076821	0.15077144	-0.11769718	0.0106130745	-0.4475758	0.08020946	0.46277878	-0.21779072	0.32814786	-0.24797818	-0.34198034	0.022870915	0.11007373	-0.2129834	-0.4330346	-0.2193901	-0.06488408	0.18313923	-0.112695575	0.031536225	0.021053804	-0.22161853	-0.07019179	0.14370395	-0.016116852	-0.16018891	0.033314884	0.19631615	-0.3466974	-0.3349796	-0.19359863	0.24589607	-0.08223263	-0.001132757	0.3308828	-0.2603778	-0.2427168	0.065430194	-0.039412275	0.08182443	0.22643259	0.24940512	0.09176583	-0.67505664	-0.34379685	-0.16058324	0.062049493	0.3476398	0.10673524	0.22823417	0.23362936	0.752782	0.21263634	-0.43927553	-0.041920777	0.22075073	-0.19686554
-0.06555793	0.042967707	0.05262609	-0.0011054677	0.29851764	0.075303875	-0.007815499	0.24662918	0.06471867	-0.045167737	0.00872032	0.093335874	-0.079813726	0.17338637	-0.013923526	0.07490958	0.11262426	-0.003609611	-0.26835412	0.10827769	0.044130217	-0.051992144	-0.30895433	0.0811416	-0.21623105	0.12038058	-0.041319467	-0.15274183	-0.089220405	0.04911251	-0.08569137	-0.116997704	0.01297023	0.12358302	-0.19218485	-0.021237018	-0.24870613	0.13465315	0.28841534	-0.06695005	-0.040667914	-0.012590769	-0.1588981	-0.15805808	0.072080545	0.028454632	0.06575751	0.20126107	-0.06683568	-0.021392377	-0.07295152	0.052725036	0.17355102	-0.040821604	0.079979375	-0.008130487	0.03559267	0.12080892	-0.005432101	0.030121988	-0.07955609	0.21961802	-0.3296006	0.16385554	0.17044902	-0.24169971	0.06567301	0.07236113	-0.27146903	0.015775073	-0.17713003	0.13966101	-0.00623009	0.004969879	-0.023679856	-0.20688859	0.03751308	0.2260203	-0.037677985	-0.07602475	-0.06195695	-0.20767187	0.015615075	0.09470327	-0.16887106	-0.1427434	0.08850106	-0.050013714	-0.04446429	-0.18288438	0.037820697	-0.06530993	-0.18209219	-0.106991716	-0.07329786	0.004792239	-0.121053346	0.07247048	0.017263418	-0.20878248	-0.10287664	-0.20877789	-0.1868576	-0.04738253	-0.18010537	0.13460846	-0.1350176	-0.10117175	0.107359864	0.14798571	-0.14061874	0.10249932	0.21125811	0.0060489657	-0.26914206	0.06947118	-0.044446792	-0.10934369	0.13692513	0.017960083	-0.20567474	-0.12003282	0.2219126	0.016860656	-0.09910743	0.006584153	0.13216971	-0.03961205
0.26044697	-0.040463377	-0.021965714	0.21934211	0.045797005	0.22432365	0.05803767	0.49783292	-0.047694117	-0.0066956356	0.15109551	-0.07983931	0.14157929	0.23630421	-0.21994196	0.3077519	0.29087391	-0.124850065	-0.42343476	0.1623837	0.000904181	-0.12405579	-0.22061642	-0.005437918	-0.5387521	0.43008226	-0.103600875	-0.34332103	0.25481778	0.023366831	-0.030211147	-0.35563475	-0.005584665	-0.08078435	0.04432826	0.16983503	-0.20747198	-0.013504725	0.12523213	-0.26921555	-0.37988913	0.26555404	-0.5640902	-0.093825445	0.16130155	-0.12969008	-0.20110188	0.016455624	-0.33037975	-0.16619906	-0.06596011	-0.008499365	-0.014491145	-0.0051209563	0.20826598	-0.06711988	-0.0024231568	0.24509679	0.1268064	0.2122608	-0.31739506	0.3299164	-0.17283115	0.34998038	-0.003490128	0.12166534	-0.25804156	-0.09814614	-0.2243841	-0.0051602144	-0.20043245	-0.057082824	-0.3319063	-0.09979182	0.06894663	-0.2575952	0.17730463	0.15763524	-0.026152827	0.072173715	0.13472962	-0.28006297	0.030984415	0.18160132	-0.19203022	-0.43059894	-0.094066426	-0.027465647	0.037394788	-0.15034248	-0.33922035	-0.0006700014	-0.4556956	-0.13588504	-0.1310984	-0.43658453	-0.006255972	0.427182	0.059562135	-0.18071422	-0.13916825	-0.05977125	-0.43231136	0.18759604	-0.04604609	-0.24751875	0.104194544	-0.09408594	0.46373925	0.013093551	-0.16755731	0.36751953	-0.22511365	-0.040765814	-0.23025803	-0.11190783	-0.07642359	-0.10242794	0.52842367	-0.13768452	-0.10521555	-0.41455626	0.0043958123	0.1906566	-0.120572805	-0.09791983	-0.07373879	-0.3742827
0.05564006	0.3463109	-0.033493802	0.19436164	0.23833044	-0.17675951	0.24111548	0.21886529	0.04463392	-0.06291131	-0.041139778	0.27557716	0.20305957	-0.09652443	0.10167402	0.12120083	0.36878002	-0.06542358	-0.26916257	-0.010175882	-0.112155735	-0.39836296	-0.28380197	-0.39608216	-0.35027075	-0.0110151125	-0.39537156	-0.072381936	0.26870248	0.06586567	-0.061625957	-0.091770574	-0.3347622	0.39058846	-0.12081701	0.17706221	-0.13325238	-0.0734596	0.025328167	-0.20239025	-0.2872284	-0.0042656865	-0.19918096	0.035121668	0.18466799	-0.23045301	0.36173144	0.29181844	0.038414586	-0.23193873	0.15713315	-0.07874954	0.21096453	-0.037472054	-0.1841272	-0.012078896	0.042547233	0.3570661	0.103292964	0.058321074	-0.29179433	0.1461799	-0.17704101	0.23339632	0.16567425	-0.16323835	-0.04987342	0.059224255	0.25959602	-0.19357784	0.00446503	0.23642777	0.32104325	-0.20195946	-0.16344626	-0.08905201	0.13444647	-0.037249006	-0.17098461	0.22259808	0.17090823	0.11155488	0.084845856	0.24425702	0.00014925521	-0.21261172	0.20312783	0.13137923	0.20271093	0.0037017348	-0.341839	0.10217168	-0.3131233	0.10010698	-0.20436412	0.30924684	0.16831279	0.041705664	0.26009724	-0.26393864	-0.25673074	-0.4472921	-0.17136788	-0.023606097	-0.06960519	0.08008442	-0.040183995	-0.094752334	0.3156511	-0.055591978	0.09870992	0.3858742	0.23307131	0.113551766	-0.07641507	-0.16588059	-0.038530983	-0.2238958	0.06328378	-0.017035097	-0.31221798	0.0565972	0.431966	-0.2137261	0.023094151	0.3788496	0.25956106	-0.1526007
0.1395997	-0.24589847	-0.19746973	-0.06883995	0.1945067	-0.14968866	0.336982	0.34716913	-0.06275826	0.02372312	-0.20187952	0.13715613	-0.060834832	0.05473947	-0.22120179	-0.075893685	0.008696307	-0.5190658	-0.7575517	0.28504032	0.54942304	-0.2647778	-0.3920951	-0.19843411	-0.52548736	0.34091735	-0.089398675	-0.15420973	0.36445135	0.14517209	0.15373804	-0.17258155	0.11703175	-0.056654897	0.19498791	0.13195987	-0.17333013	-0.3251008	0.027282828	0.20642623	-0.49318102	-0.13490184	-0.28293607	-0.46510294	0.30958217	-0.16686778	0.47578675	0.4078655	-0.6435925	-0.0665902	-0.40684	0.032059744	0.25592113	0.26743641	0.14700344	-0.32208908	0.118758775	-0.021756297	0.24286729	0.0430334	-0.2140518	0.06909993	-0.44855154	0.30362093	0.07744901	0.25521338	-0.05444169	-0.175102	-0.27207655	0.14586012	0.0809215	-0.2724479	0.09748223	-0.24860124	-0.018266104	-0.21233383	-0.026285054	0.330586	-0.019948354	0.06629978	-0.1393004	-0.23145722	0.36572266	0.3765791	-0.17765969	-0.8164796	-0.07270638	-0.19302356	0.27779043	-0.2893784	0.1301319	-0.3207235	-0.3441386	-0.1702458	-0.32720917	-0.30361167	-0.018897364	0.2987365	0.31880742	-0.42628017	-0.2565583	-0.3321296	-0.34839717	0.0144332405	0.013531131	-0.07893373	-0.55676335	-0.0878793	0.22442266	0.06800575	-0.48548293	0.11783632	-0.030074572	0.20038444	-0.12393063	-0.3047532	-0.030412951	0.02157079	0.12810819	0.09021105	0.046115957	-0.2643204	0.16589975	0.012959791	-0.32619625	0.26763672	0.12300071	-0.07751808
0.026969865	0.10970415	0.059824385	0.019552328	0.29438922	-0.016934002	0.16481614	0.07365808	0.15285143	0.13700578	-0.143285	0.16660623	0.055284686	-0.015071676	0.16082796	0.07778072	0.15408622	-0.007289912	-0.12473687	0.012323499	0.044915855	-0.00819136	-0.20411481	0.08621064	-0.28138736	0.012882346	-0.13061795	-0.028177965	0.045337483	0.12739228	-0.04886298	-0.10957478	-0.06783557	0.029083023	0.09907215	-0.02595402	-0.23886624	-0.11982643	-0.01429263	-0.045710165	-0.25489372	-0.07092388	-0.16420919	0.12150334	-0.039738342	0.021575259	0.07672373	0.15412357	-0.16573818	0.06446116	-0.041221987	0.015047288	0.14594804	-0.032674614	-0.06618136	-0.0729464	0.07703963	0.16946927	0.022635354	-0.083224736	0.010668082	0.046491932	-0.05598105	-0.014188762	0.06588835	-0.11679952	-0.06174731	0.035286587	-0.05488586	-0.14216347	0.020442124	0.064159445	0.0046435087	-0.014889498	0.055552345	0.028059792	-0.06895537	0.06358992	0.010877866	0.12574333	0.09695454	-0.11041269	0.0656484	-0.019181369	0.01619112	-0.14143862	0.056183796	-0.036731668	0.05982508	-0.09581975	-0.020474792	-0.10087062	-0.166171	-0.09994472	-0.12556764	-0.03510322	-0.02123806	-0.02011732	0.08245528	-0.25257283	0.026950723	-0.3157682	-0.106010735	-0.0026321248	-0.04946485	0.033739723	-0.053943433	0.013142094	0.109914474	0.11352823	0.047325153	0.09807898	0.07650503	0.019775845	-0.1752471	-0.096827656	-0.05066983	0.03291234	0.15047751	0.010018955	-0.05753581	0.060766563	0.19145086	0.052338593	-0.02197585	0.023046238	0.16899475	0.041689716
0.2740735	0.057304524	-0.018294074	-0.17216218	0.7205671	-0.09032794	-0.27533272	0.65561223	-0.14321032	0.15849754	0.19534405	-0.1637166	0.26332596	0.18352999	0.13192013	0.7896	0.19076401	0.41809744	-0.2921887	0.43674046	0.094994105	-0.36043358	0.18718876	-0.6440007	-0.44754437	0.24055777	-0.53016144	-0.059644494	-0.17399013	0.10363712	-0.2651037	0.06691242	-0.2653198	0.049927454	0.20083858	-0.1482957	-0.32876435	0.0155781675	0.10148138	-0.48698997	-0.61094016	0.117421724	-0.085076824	0.17078544	0.21199596	-0.33396193	0.12549315	0.17309226	0.19163068	-0.6627511	0.028121129	-0.050918903	-0.18545161	-0.47448307	0.040203877	-0.06801651	0.29039875	0.5674029	-0.32014427	0.23332964	-0.40058598	-0.15361837	-0.50842756	0.41049686	0.18024187	-0.12044335	-0.31023586	0.33480904	-0.16383037	0.37397692	-0.24742126	0.21003479	-0.08874087	-0.41034013	0.03548469	-0.16134132	-0.004072075	0.99526954	-0.5655069	0.31937748	-0.5452554	-0.18931977	0.117417805	0.5341879	0.31467798	-0.31339702	0.067386694	-0.15120402	0.798156	-0.24429204	0.21046968	-0.31105322	-0.45343813	0.4426629	-0.060578685	0.063680686	-0.010259325	0.3964491	0.5244835	-0.61641586	-0.07863551	-0.38807014	-0.62389493	0.07277197	-0.2154705	0.25038	-0.35059994	0.027484976	0.3870557	0.2256686	-0.36904377	0.8217544	-0.04891631	-0.11165936	-0.15354463	0.085853405	0.2572315	-0.03920193	0.58007944	-0.09644424	-0.54053485	-0.009695183	0.81551766	0.49519232	0.050208535	-0.079316996	0.4345549	-0.023106048
0.053661954	0.19137558	-0.13170472	-0.031384807	0.31667754	0.02923273	0.05006806	0.16603647	0.14418294	0.11792755	0.099610485	0.13317403	0.039784886	-0.009009945	-0.08114552	0.17659257	0.083690986	-0.08921237	0.06982931	0.35542494	0.03839964	-0.039107442	-0.09037784	0.052717686	-0.16511296	0.022835724	-0.12220612	-0.052508123	0.024521207	-0.0060447063	-0.13249627	-0.17417616	0.00539539	0.10391053	0.12991716	0.08137981	-0.10310412	-0.08669671	0.13449092	-0.15402721	-0.35456005	0.15493731	-0.058447435	0.16894034	0.27190304	-0.088225394	0.1713469	0.11640259	-0.27655035	0.10497125	0.040364098	0.040464018	0.13721147	-0.080873296	0.018925687	0.13543563	0.075644255	0.2131272	0.11778678	0.04345883	0.080646455	0.043588594	-0.21078517	0.15558028	0.0154383425	-0.066678576	-0.1678191	0.070410304	0.08040869	-0.13303763	0.13763376	0.07335446	0.2115381	-0.056246843	0.055938613	0.16660902	-0.022398703	0.015468684	-0.10888544	0.09932432	-0.28968704	-0.24277933	0.13870008	-0.03484299	-0.10645732	-0.07467833	0.07425635	0.14873202	0.049049128	0.0016126627	0.05934909	-0.13207376	-0.09080708	-0.13044533	0.09690386	-0.06521734	-0.06783998	-0.06311558	0.025191544	-0.23627694	-0.020695448	-0.20777956	0.057659104	-0.0101705715	-0.10445234	0.15732077	-0.06928461	-0.13767691	0.20731105	0.09949362	0.018320473	0.19146788	0.21161526	-0.040236413	0.015889514	-0.10243708	-0.042306155	-0.020565502	0.16544738	0.04888115	-0.0959092	0.038451277	0.14957008	0.09380639	-0.17712201	-0.23931532	0.11222609	0.05092585
-0.048478473	0.21123554	-0.1480747	0.19249655	0.6386924	0.23788492	0.010024719	0.27007177	0.63181394	0.5905386	0.1644506	0.48653066	0.098322734	-0.12031458	0.18635568	0.4347403	0.23424102	-0.0071710004	-0.09015253	0.47822976	0.19604151	-0.19617188	-0.5535638	0.2665062	-0.34379724	-0.06564604	-0.5042808	-0.04715445	0.23259707	0.3933323	-0.15338847	-0.59910446	0.29879132	-0.083515115	0.5281968	0.37936458	0.109561875	0.048867397	0.6597415	-0.012412224	-0.721157	0.2275301	0.044903476	0.10756929	0.6201552	-0.25479203	-0.21906683	0.28935564	0.021612719	-0.27317908	-0.074994385	-0.19195397	0.5837278	-0.079655275	-0.04113149	-0.03967411	-0.25217324	0.6384082	0.2695366	0.084422335	-0.100288585	0.33335015	-0.43354142	0.5600211	0.3373198	-0.24746957	-0.20059268	0.1852752	0.31097034	0.10477232	0.09798848	0.118142046	-0.3593481	0.21724528	-0.04322327	-0.15662386	0.22945982	0.15996844	-0.13905294	0.26089072	-0.2182185	-0.3685965	-0.03794063	-0.1475119	0.23282768	-0.536307	-0.14157724	0.22211137	-0.029838527	-0.5459292	0.24104676	-0.06559878	-0.6094205	-0.38775748	0.05911921	-0.66193926	-0.2054431	0.22629037	-0.32320815	-0.5464398	0.22263746	-0.4701707	-0.10705765	-0.44340223	-0.8802171	0.2290643	-0.13920377	0.11828632	0.4865343	0.120231085	0.488256	0.34282988	0.4043764	0.31739062	-0.121598706	-0.55575645	0.013218811	0.182112	0.526778	0.11283624	0.099594444	0.24320634	0.20725153	0.15918477	-0.27814534	-0.7188004	0.06281045	-0.41584352
-0.17305247	0.28465492	-0.083702445	0.023988608	0.25564334	0.26469028	-0.009491904	0.39001557	0.08563674	0.036890507	0.068720594	0.26986608	0.09054197	0.21244201	-0.14481832	0.22455049	0.4761412	-0.22064099	0.05626535	0.036024887	-0.22727068	-0.1260717	-0.20871493	-0.27927727	-0.45369056	-0.03740278	-0.44727513	0.07316478	0.29992145	-0.11859979	-0.178461	-0.20192105	0.031855512	0.30150566	-0.34707803	0.06754676	-0.16856396	-0.18221168	0.14765733	-0.08022767	-0.4327814	0.09156064	-0.064740755	0.12818012	0.016824337	-0.14784105	0.100780636	0.2796326	0.04665403	-0.30130592	0.08548576	0.1540801	0.1654448	-0.14046234	0.12559621	0.27949616	-0.04955023	0.5012121	0.14691491	0.23510444	-0.18867543	-0.037242692	-0.3761005	0.3123547	-0.076839276	-0.025592672	0.021115161	0.080661885	0.35977596	-0.13080443	0.094758324	0.33292225	0.100778766	-0.035876628	0.045068495	0.06431485	0.32126462	-0.23335879	-0.37430134	0.20559439	0.061701413	0.03567034	-0.046418827	0.22421409	0.072760105	0.22135758	0.20938352	0.41538545	0.22142796	-0.13027498	-0.13659501	-0.22022757	-0.3869385	0.065781966	-0.03320698	0.33146578	0.016317725	0.20010109	0.27770624	-0.3621685	-0.17918961	-0.43354654	-0.37861434	-0.14859346	-0.06777497	-0.050014876	0.020027429	-0.061876256	0.35696307	0.06785899	0.19017677	0.45436946	0.28546926	0.27855098	-0.1028768	0.030169973	-0.06213207	0.048509065	0.16735215	0.055147253	-0.3167876	-0.3035634	0.22832504	-0.19747515	0.21451549	0.19370677	0.111936115	-0.22319612
-0.07291302	0.37686676	-0.29297587	-0.04949542	0.0013230068	0.33919117	0.6366304	0.51997036	0.85332745	0.0051653343	-0.017954897	0.7304661	0.24769299	-0.119220346	-0.15769997	0.50016624	0.16689523	0.25505996	0.2231496	-0.029416341	0.00074249186	-0.097359896	-0.8558675	-0.20412965	-0.6152994	-0.09010606	-0.56367695	-0.44959798	-0.30644563	-0.25447878	0.036182147	-0.12983562	0.17580344	0.16633122	0.0023310785	0.59629714	-0.6147621	-0.07040982	-0.21843366	0.25982648	-0.47927412	0.40618488	-0.5202787	0.21990545	0.0638391	-0.4968929	-0.08158874	0.475948	-0.4075559	0.062466633	-0.18610021	0.25284937	0.15988642	-0.1580108	0.10281457	-0.040948793	-0.5198167	-0.03883543	0.19023485	0.18438438	-0.19378841	0.47996587	-0.47845253	0.05552701	-0.26444784	-0.14380102	-0.03323072	1.21997	0.07516637	-0.08831687	0.2676127	-0.17811203	-0.20778626	0.20439035	0.6108349	-0.041073754	-0.04167375	-0.006580316	0.23905148	-0.1196605	-0.08333225	-0.38861996	0.22819941	0.53008825	0.28315547	-0.31423548	0.39365932	0.16879724	0.21475428	0.28835553	0.037379876	-0.5240209	0.11758738	-0.17415294	-0.06109247	-0.23486562	-0.13628475	0.13269156	0.17037787	0.3248805	-0.15493092	-1.0512558	-0.3858466	-0.27740476	0.37254956	0.24569632	-0.04409545	-0.52566016	0.1331814	0.41527626	0.1868851	-0.4144294	0.056965142	0.6043589	-0.4501643	-0.33576757	-0.42581978	-0.20784526	-0.2705305	-0.003524804	-0.2524872	-0.17059137	0.54072917	0.3185508	0.041313827	0.49984396	0.6605253	-0.43721145
0.40530202	0.14486602	0.37377593	0.14571723	0.40253004	0.18774591	-0.62575746	0.36222807	-0.035231546	0.5238186	-0.1735852	0.58109796	-0.3363572	-0.00070870575	0.009273857	0.33548936	0.083272345	-0.23631692	-0.07974517	0.00041101157	-0.030433346	0.33353034	0.020745678	0.11507898	-0.21331407	0.09549415	-0.44167897	-0.29135135	0.1508085	-0.04340889	0.055933066	-0.3336342	-0.27547556	-0.2966489	0.2296902	-0.1643385	-0.008562485	-0.33217216	0.4380685	0.08865032	-0.61457	0.016949896	-0.35396436	0.108097695	0.5327533	-0.33849123	-0.2745304	0.93715715	-0.13305238	-0.5058885	-0.057149477	0.24868166	-0.21906957	-0.115211695	0.51794577	-0.16079383	-0.0033505368	0.41095966	-0.11105665	0.5640779	-0.451993	-0.0034932646	-0.566143	0.61784834	0.727309	0.1200173	-0.5524014	0.3879711	-0.0734471	0.34904218	0.099100545	-0.36854854	0.10209773	-0.24402095	-0.28071144	-0.21901523	0.070262335	0.33957118	-0.083552584	0.3867602	-0.54066455	-0.91103774	0.22514509	0.55135936	-0.029277543	-0.4439611	-0.5542127	0.21628101	0.3501754	-0.009504766	-0.052665275	0.0014148327	-0.32597974	-0.4415537	0.23767869	-0.9919337	0.17700733	0.22877245	0.4670227	-0.25472388	0.35935622	-1.118171	0.23445769	0.29879978	-0.5188936	-0.52828026	-0.00872781	-0.2278302	0.87103176	-0.11120427	0.01707457	0.072729975	0.41080442	-0.10727522	-0.5983269	-0.24518144	-0.2367361	-0.37703067	0.9782206	-0.08433856	-0.1716733	-0.10629977	0.4703308	0.19395897	-0.38842636	0.15414248	0.274314	0.061245617
0.059199043	0.020585615	-0.033852644	0.06565521	0.17039119	0.23484617	-0.06178415	0.02239672	0.24363963	0.028452028	0.1861503	0.12547043	0.085614175	-0.0063628126	-0.0008634716	0.21899645	-0.04573578	-0.015046318	-0.11894368	0.26964673	-0.0069130375	-0.13347432	-0.18384002	0.019626468	-0.20811564	0.14626999	0.030015487	-0.064928524	0.118094265	0.10551242	0.104203865	-0.05840182	0.17572987	0.14456981	0.1800312	0.09751568	0.07697447	-0.23325382	0.23667845	-0.22734256	-0.23986816	-0.07835474	0.072779186	0.04449417	0.20850368	-0.31745443	-0.015475713	0.19373412	-0.067540124	-0.15553896	-0.2040195	-0.07135491	0.15414721	-0.118047684	-0.14445256	-0.21667919	-0.087963626	0.22012532	0.14580286	-0.12334537	-0.028292868	-0.021720616	0.01643304	0.010386735	0.0967176	-0.13261366	-0.01200003	0.23646006	-0.06070149	-0.032496992	0.03687013	0.027108904	-0.04665372	-0.1690694	0.0032597294	0.029303113	0.04334204	0.023532176	-0.042810787	0.0525453	-0.1881548	-0.24361926	-0.03344215	0.0052622003	0.013641385	-0.15503871	0.027752662	0.04811067	0.0636072	-0.012651967	0.1263497	-0.028508028	-0.42894113	-0.111290015	-0.2537654	-0.19445004	-0.077364095	0.16183098	-0.051229123	-0.030316843	0.053338192	-0.22959796	-0.25059414	-0.14102699	-0.115335986	0.051933747	-0.1333014	0.0005773881	0.13186458	-0.06154942	0.18062744	0.21430238	0.061923787	0.085657045	0.18961406	-0.2028051	-0.24902874	0.042116083	0.24740598	0.04710846	0.029219832	-0.051637646	0.16400293	0.1579664	-0.27529928	-0.16734959	0.0977711	-0.056537658
0.06433233	0.10633406	-0.06470399	-0.07650772	0.2068413	0.09833056	-0.015532395	0.13473478	0.15757525	0.11948166	-0.06784636	0.017513586	0.06951428	-0.00956073	-0.04467453	0.1789442	-0.051117346	-0.18272953	-0.023358317	0.22548383	-0.06421157	-0.009506681	0.06593065	-0.0731047	-0.18085916	-0.043702222	-0.15543443	-0.060815636	-0.01570827	-0.0129217515	-0.08838822	-0.09455403	-0.0096127475	0.099480905	-0.050261553	-0.11751809	-0.15760611	-0.095090084	0.012350258	-0.057400342	-0.2738519	-0.033120334	-0.10628693	0.0016276899	0.15298775	-0.084594116	0.1254506	0.06351246	-0.0690246	-0.055499673	0.00938441	0.101961404	0.03395545	-0.050912824	0.008312624	0.012892812	0.14337604	0.12716073	0.12737565	0.09153939	-0.04193091	0.09510264	-0.15824914	0.10985384	0.055056933	-0.07529034	-0.04609172	-0.031950302	-0.06711671	-0.023877764	-0.0702877	0.0861763	0.13284145	-0.012121674	0.13438956	-0.009290553	-0.08467338	-0.13884166	-0.010357174	-0.033657752	-0.08622268	-0.12540728	0.08393921	0.045779396	-0.0050309873	-0.0026201108	0.057384454	0.14999683	-0.040931366	-0.09563329	0.018266622	-0.14918478	-0.045673516	-0.12114624	-0.04125898	-0.046865214	0.04417595	0.021024395	0.08633767	-0.078412615	-0.030821921	-0.18496738	-0.18942955	-0.029044874	-0.03824089	-0.07518995	-0.05017071	-0.031207943	0.15238926	0.18875802	-0.002887249	0.15363061	0.028700827	-0.039952308	-0.017834825	0.2066601	-0.14439979	0.08926498	0.021195706	0.06963897	-0.049477592	-0.024057567	-0.011124942	0.029728211	-0.0858817	0.031504434	0.06509694	0.025092304
0.4436897	0.42562258	1.0664772	-0.039172534	0.9805236	0.556196	0.06740696	0.050617628	0.79292446	-0.19530472	-0.20708875	0.5575571	0.19292484	0.40439108	0.027034767	-0.030587127	0.95959526	0.2317717	-0.779932	-0.43490976	-0.58973193	0.21707372	0.16322863	-0.19941854	-0.1890579	-0.065995105	-0.8827332	-0.21634759	-0.48549846	1.1272773	0.2863275	-0.30418456	-0.17509587	0.68220794	0.299544	0.84173226	-0.20632453	-0.19947179	-0.38898435	0.49820927	-0.54612476	0.027085261	-0.20831159	-0.51939875	0.31778952	0.20839627	-0.53445584	-0.14877556	-0.35222253	0.13010609	0.4416181	0.9293807	-0.11065851	0.5835896	0.13860473	-0.083111666	0.08701616	0.5623749	0.053371124	0.22897404	-0.33127108	0.5620663	-0.22776064	-0.07943279	0.4809313	-0.1226341	-0.65589434	-1.1691062	-0.2668739	-0.66500765	0.6810872	0.6687731	0.65570086	-0.71091086	0.51601285	-0.15580906	-0.1477505	0.06673029	-0.422337	1.0532345	0.36293712	0.42352083	0.45238835	0.254302	-0.49766055	-0.74549186	0.09680317	-0.4477655	-0.011225446	0.3475115	0.5349759	-0.04598625	-0.2992286	0.09951419	0.2355143	0.36381745	0.11719301	-0.5930575	0.18853393	-0.95671105	-0.30232644	-0.46423092	-0.26728842	-0.501587	0.35962126	-0.17590722	-0.20841596	-0.67690754	1.2426785	0.52039075	0.50728333	-0.41456687	-0.5703818	0.514928	-1.0947951	0.28803116	-0.4832953	-0.2613497	-0.772775	-0.42672718	0.11667193	0.8158051	0.63051105	-0.15272796	-0.8584327	0.18659306	-0.22945996	-0.9541142
0.055697203	0.014449827	-0.13650408	-0.34469455	0.5733436	0.6310909	0.32469884	0.013604907	0.0903046	-0.32485747	1.0267643	0.091336146	1.2035016	-0.16059212	-0.39266998	0.2688288	0.3699309	-0.03565005	-0.3210577	0.538206	0.31237093	-0.6218619	-0.10581673	0.5325518	-1.0501168	-0.30308163	-0.45183843	-0.5366827	0.17565472	-0.33656818	0.08251972	0.4428956	0.38847432	0.1594424	-0.02882947	0.009473431	-0.30653664	0.2426525	-0.40657508	-0.070567526	-0.26860577	0.5994963	0.088267356	-0.26625243	-0.6626061	-0.17834881	0.644069	0.26858672	-0.42754877	-0.20092635	-0.34490258	-0.44686273	-0.0027359305	0.19541015	-0.28125432	-0.42065287	0.29833317	0.38911393	0.32031396	0.10305857	-0.78619576	0.13656226	-0.56099004	0.12899283	-0.006018527	0.037016075	-0.19876578	-0.13631648	-0.153913	-0.8201565	0.092787005	0.07759401	-0.16652241	0.030496642	0.34509087	0.03875838	0.7058406	0.10793255	-0.21941683	-0.36241883	0.2700349	-0.051804833	-0.05214994	-0.2564271	-0.70132554	-0.37192613	-0.31928942	0.25924453	0.29766703	0.4291701	-0.4754235	-0.8961634	-0.56607926	-0.2639529	-0.4521982	-0.38322097	0.0683201	0.27946103	-0.7658847	0.15062672	0.14195804	-0.2427244	-0.7423006	0.42347607	0.9589619	0.49217516	-0.3316843	0.30316556	-0.51295733	0.4545201	0.05744126	0.3279493	0.44793123	-0.021229856	-1.2114246	0.6939807	0.27062735	-0.29216492	0.5550109	0.432314	-0.28350553	-0.0005844587	0.7595357	0.3431929	-0.14716889	0.056365773	-0.7513332	-0.017170256
-0.015854025	0.057963382	-0.19428049	-0.08637223	0.25711292	0.21660125	-0.11019051	0.1802492	0.21080182	0.18491983	-0.039725292	-0.008103996	0.11089034	0.035057407	-0.05060942	0.21334489	-0.1503706	-0.20396014	0.09777157	0.2929204	-0.01191127	0.0974015	0.011356372	-0.021978365	-0.21058097	-0.0496303	-0.2993377	-0.10291727	0.08110746	-0.028429786	-0.09799721	-0.062170357	-0.06477822	0.042964227	-0.09056277	-0.16518568	-0.27028084	-0.14266613	0.039245788	-0.07676315	-0.3482872	0.05814066	-0.09660186	0.093406804	0.19714102	-0.11560033	0.08787065	0.14967257	-0.12950468	-0.11943824	-0.10093186	0.19059655	-0.027357228	-0.13556047	-0.033355612	-0.023284663	0.14945471	0.16249737	0.06647784	0.110714145	-0.08929982	0.045442842	-0.27044904	0.076137185	-0.100015715	-0.13238698	-0.05543896	-0.080082014	0.09449249	-0.024780883	-0.1498322	0.087513834	0.071843654	0.06365426	0.09402957	0.13915578	-0.08205123	-0.23479891	0.049935997	-0.0011591797	-0.013300772	-0.18094827	-0.083451256	0.09364553	0.15965305	0.031635683	0.09295813	0.1295665	0.08871811	-0.1832918	0.17990516	-0.22161192	-0.09665008	-0.13459876	-0.016267238	-0.021288004	0.008644022	0.09754655	0.17980902	-0.17898029	0.03743895	-0.2876929	-0.24294609	-0.11254844	0.025698436	-0.06311932	-0.06927111	-0.06279054	0.16107838	0.29066944	0.021559207	0.22897425	0.136888	-0.11006815	-0.029387731	0.1783056	-0.04099482	0.06573285	0.020704525	0.07875346	-0.06962652	-0.0374198	0.098664425	0.026974108	-0.17770348	0.0019902496	0.049451467	-0.053928584
0.051981367	0.099517405	0.13049869	-0.07659377	0.034092635	-0.18793549	0.15349716	0.4833795	0.3786653	0.032764014	-0.30581397	0.32349187	0.13814193	-0.10874787	-0.09898164	0.28407684	-0.17575376	0.043107774	-0.66495943	0.21897112	-0.40953565	-0.09997059	-0.846158	-0.3997972	-0.2423087	0.49829024	-0.29379606	0.10262297	0.057474867	0.081692584	0.062488142	0.22318046	0.078081764	0.06584559	0.22701722	0.35808775	-0.6441126	-0.79140747	-0.47581464	-0.19489644	-0.4130147	-0.5398126	0.044814702	-0.5623647	-0.14905164	-0.7669739	0.2525561	0.5952188	0.38239583	0.87046957	-0.6143583	-0.4649738	0.12825753	0.28404814	-0.08023253	-0.93741626	0.001766858	0.15446708	0.23248853	0.29504642	-0.78110313	0.5103823	-0.26766038	0.34993777	-0.045597617	0.1568768	-0.256403	0.022754893	-0.14796743	0.18975459	0.3826419	-0.23776573	0.18749288	0.046979465	0.48370242	0.062048256	0.9121539	0.19598281	-0.20286347	0.119622335	-0.19920743	-0.3587057	0.69740975	0.43126535	-0.24564622	-0.27252677	0.47570756	-0.589049	0.38623264	-0.16319165	0.48927957	0.035447724	-0.62926924	0.13824949	0.13930438	-0.12588605	-0.23010616	0.69598323	0.95112056	-0.54591966	-0.9173193	-0.39581656	-0.032697096	0.041777898	-0.17452791	0.25864455	-0.56235677	0.062269412	0.058333788	0.37510127	0.3723673	-0.197665	0.1501802	0.36514628	-0.6538908	0.10195508	0.041356947	-0.39277875	-0.2997394	0.27459794	0.3544939	0.01470633	0.5881006	-0.80289614	-0.0040830714	0.13188158	0.59198135	0.04418491
-0.006259172	0.22676222	0.6631539	-0.37709624	0.26513338	-0.1082812	0.31678167	0.20500718	-0.034424264	-0.74091	0.762413	-0.058045696	-0.27562505	-0.07271931	-0.20929493	0.16144705	0.27303186	-0.4598196	-0.3182227	-0.14689466	-0.10849365	0.33295143	-0.70539427	-0.47613665	-0.60325897	0.5771968	0.71956325	-0.29995263	-0.4232885	-0.023056362	0.45011842	-0.2963067	-0.28301132	-0.7298363	-0.62785095	0.61838347	0.086242735	0.56309766	0.62763596	-0.034075987	-0.045466162	0.14428216	0.09623791	-0.062359206	0.25277013	-0.6957088	-0.21455526	0.43152806	-0.9033093	-0.649213	-0.0022149181	0.6128785	0.17474243	0.2551817	-0.6481551	-0.19687718	-0.4033983	0.2691041	0.32619855	0.15399604	0.34606084	0.11958317	-1.11636	-0.034907408	0.19909358	-0.68572646	-0.579891	-0.27429134	-0.37601748	0.16811506	-0.33331284	0.14161932	-0.072316624	-0.00018204306	0.4338977	-0.31513664	0.5831416	0.4071328	-0.2982631	-0.44411603	-0.44742885	-0.35445613	0.77671003	0.23851998	-0.9453638	-0.561799	-0.2820019	-0.59846073	0.08872795	-0.2660772	0.65270156	-0.36756718	-0.3948424	-0.30051625	0.18106112	0.13506468	-0.20108725	0.6425728	-0.19626297	-0.9254948	-0.5616849	-0.049078386	-1.066963	0.41023704	-0.2820417	0.3747041	0.030992268	0.13174167	0.013695342	0.18122333	0.31888953	0.53323793	-0.015912067	-0.12806045	-0.9438956	0.07481439	-0.40994415	-0.41912842	0.9723249	-0.5648949	-0.75889647	-0.3326052	0.76012385	-0.03590875	-0.45236948	0.25748006	0.5241504	-0.25249395
0.29352874	-0.09045262	-0.124821804	-0.14679691	0.620847	-0.12589608	-0.25386322	0.68500173	-0.26008645	0.09875428	0.2618205	-0.176042	0.1405834	-0.022532009	0.008990105	0.82796794	0.19575235	0.41377455	-0.16677454	0.59552926	0.017574862	-0.41666353	0.13104412	-0.69958836	-0.46492565	0.18510588	-0.50257504	-0.040920455	-0.21616648	0.017548574	-0.24146926	0.1205878	-0.3155748	0.13981166	0.117633596	-0.18534239	-0.31970075	-0.01185606	0.16209616	-0.57152605	-0.59498346	0.08213621	-0.05420496	0.15957671	0.1417151	-0.34111878	0.06427199	0.12209167	0.18132971	-0.615875	0.07058491	0.015122243	0.01646519	-0.5483768	-0.07176803	-0.035210308	0.24267231	0.56274796	-0.33450505	0.2532005	-0.45480084	-0.2649376	-0.54498315	0.33723843	0.109176874	-0.120504245	-0.26477218	0.39464456	-0.15989676	0.42664197	-0.24586162	0.1775068	-0.06870052	-0.398235	0.16006795	-0.3042113	0.1112214	0.8719437	-0.5319759	0.26769435	-0.50370395	-0.15869705	0.11781844	0.43611023	0.40484697	-0.24695915	0.2236154	-0.17602833	0.76449394	-0.33669642	0.19206919	-0.3096188	-0.4714861	0.48254505	-0.100206584	0.20278603	-0.027364668	0.34250164	0.6255004	-0.58926505	-0.11746045	-0.33733958	-0.5613857	0.08283338	-0.24788608	0.20200744	-0.38586193	0.15610388	0.3416062	0.29161	-0.3529915	0.752957	-0.11681645	-0.10752622	-0.0047996105	0.061461717	0.15890248	-0.033282142	0.42221332	-0.1497065	-0.53665537	-0.052844763	0.849262	0.4692773	0.016761169	0.024553284	0.53832734	-0.057393603
0.022460472	-1.1228821	0.42629877	0.04298871	0.62769395	0.551381	0.2812669	-0.13647297	-0.1561887	-0.12906893	-0.9330013	-0.43126804	0.056544617	-0.62034154	-0.08258195	-0.075262584	0.6605726	0.1538701	-0.51443976	-0.076883614	0.15368423	-0.02217255	-0.7468547	-0.59818995	0.3922091	0.49812233	0.024751294	-0.4874747	0.7525981	0.49978057	-0.39762676	-0.08033266	-0.074126825	0.29757637	0.10365992	0.109340295	-0.98060215	0.08009327	-0.039352156	0.08860335	0.070939034	-0.05078735	-0.6810765	0.6354509	0.008555549	-0.3897404	0.1589742	0.7118923	-0.3620821	0.303055	-0.26459175	0.66963637	0.12437198	-0.20471045	0.15772618	0.097364046	0.2391739	0.20681283	-0.22291377	0.18671075	-0.05031346	0.21483281	-0.1935925	-0.13643765	0.4002985	0.62651825	0.104208566	0.14022748	-0.25722817	-0.25679755	0.48020822	0.39817303	0.7510111	-0.07565262	-0.009315462	0.31371066	-0.7859263	0.15801114	-0.14793661	-0.113633536	0.12785698	-0.053660177	0.5075292	0.25641003	0.19101627	-0.123161264	0.71576077	0.03877744	0.71999204	0.32468617	-0.256235	-0.057818584	0.41226384	-0.071023665	-0.5591853	0.23650037	0.67376375	-0.38191405	1.1131636	-0.71732354	0.2299666	-0.63191384	-0.21992572	-0.15299775	0.5542286	-0.10342479	-0.71478444	0.21265717	0.95186263	0.09471618	-0.33282265	0.11322545	-0.39866048	-0.27762625	-0.423976	0.11583535	-0.654923	0.14340785	0.36467	-0.20091121	0.29364598	-0.2534701	0.019009504	0.44848192	0.39858416	0.37558344	0.8653784	0.44015598
-0.06984252	0.24810128	-0.047095846	-0.14116263	0.26741412	0.030285565	-0.00062405656	0.35005462	0.31395912	0.352204	0.114028044	0.2990357	0.16534068	-0.19239399	-0.21645918	0.26755324	0.13213769	-0.019395052	-0.08288665	0.4654824	0.17894144	-0.12744984	-0.27319795	0.14943491	-0.43099993	0.10127971	-0.17546457	-0.04834699	0.15501988	0.17135416	-0.29722255	-0.36665	0.14983389	-0.14863095	0.29369193	0.05688729	-0.23032212	-0.30087975	0.09778062	-0.17547165	-0.38083604	0.24506947	-0.1040133	-0.018415464	0.39869592	-0.15193455	0.053835128	0.2203783	-0.23558004	-0.0017665051	0.01035556	-0.20490347	0.49375585	-0.18603383	0.16203016	0.10917925	0.09061945	0.24342638	0.2435209	0.18083431	-0.15790127	0.28702512	-0.40196082	0.49695837	0.24962606	0.054948814	-0.24612767	0.13394244	0.33206108	0.07865874	0.31662035	0.053355448	-0.08057365	-0.08204064	-0.0029986675	0.025212923	0.32541665	0.12816799	-0.23917505	0.15173486	-0.056894936	-0.4202444	0.09295516	-0.044965804	0.13322248	-0.32188982	-0.12548293	0.14280191	0.030553775	-0.19856022	-0.06783521	-0.12626556	-0.118830524	-0.27923274	0.073214635	-0.3758459	0.09013546	-0.07527487	-0.16990525	-0.37199458	-0.22001703	-0.14304328	0.2779096	-0.13681298	-0.1156313	0.14767975	-0.2248373	-0.11335556	0.28214046	0.21710129	0.16322176	0.17272808	0.14475052	0.11254605	-0.29770103	-0.068427786	0.09037454	-0.018407727	0.46880016	0.0867531	0.029438857	0.18756849	0.17947823	0.30492565	-0.1931936	-0.37384343	0.006526169	-0.1954376
0.09789799	0.3467263	-0.13536705	0.096139304	0.6372138	0.18573727	0.2606916	0.7158719	0.39523783	0.040458977	0.32745588	-0.22878084	0.1676065	-0.2286134	-0.5108534	0.6321852	-0.11960147	0.10997007	-0.1777212	0.35019743	0.039549883	-0.16302353	-0.30597594	-0.47128555	-1.0588604	0.640748	-0.40514943	-0.03362622	0.167802	0.44520342	-0.070111215	-0.19576755	-0.45358807	0.12303118	-0.15924644	0.2768325	-0.28938755	-0.4253525	0.2835714	-0.5748848	-0.4817891	-0.16391122	0.07113199	-0.16808523	0.27677888	-0.62151444	-0.39715	-0.04458048	-0.14496118	0.11856471	-0.5006305	0.6905005	0.047319688	0.23976226	-0.24478589	0.29905346	-0.3994601	0.813251	0.46733043	-0.115060315	-0.27837712	-0.07357732	-0.09509589	-0.0046558953	-0.4077177	-0.107693665	-0.24890664	-0.050567914	-0.20636708	0.13207668	0.13853827	0.21911094	0.2969234	0.08299789	0.6240212	-0.10942186	-0.091936365	-0.43251744	-0.3064638	0.32898176	-0.25159624	-0.1060271	-0.27620584	0.107975036	-0.2155427	-0.57159555	0.061627965	0.39524925	0.04719743	-0.10784473	-0.4118141	-0.19864587	-0.5141212	-0.11174911	-0.09777472	-0.31872687	-0.43035844	0.34473363	0.15536812	0.19452445	-0.15681095	-0.49643373	-0.5090328	-0.060247358	0.5600132	0.3886612	-0.26324308	-0.3838187	0.21990296	0.48955718	0.13330816	0.43037888	-0.10505032	-0.11100818	-0.3734573	-0.114198625	-0.043918077	0.34482396	0.58591187	0.016331179	0.020928623	0.036113784	0.5400589	0.17003162	-0.37213698	-0.68219113	0.24266003	0.010502265
0.109473966	0.27979723	-0.07171864	0.26516652	0.6294196	0.32876107	0.043271385	0.20081699	0.5136362	0.22805895	0.04913297	0.280766	0.0387851	-0.21471871	0.012110847	0.5696428	0.033896174	0.091039136	-0.07723082	0.41564137	0.14150317	-0.14411508	-0.45671844	0.13647018	-0.27907023	-0.05850072	-0.4670381	-0.17903005	0.12329932	0.37655762	0.23136143	-0.44941786	0.19039123	-0.06819012	0.24967149	0.37570307	0.20739363	0.2256928	0.6560417	-0.17856325	-0.7239261	-0.08148674	-0.03236673	0.007397446	0.41048804	-0.25869757	-0.20762701	0.19495657	-0.019094259	-0.40655282	-0.34680924	-0.051727872	0.3143167	0.054692607	-0.3205772	-0.12378242	-0.2759677	0.66859794	0.24424218	-0.13849197	-0.014724576	0.16609642	-0.28203255	0.35425374	0.15502945	-0.3394804	-0.19350037	0.21758468	0.096185885	0.050659887	-0.22628683	-0.08649323	-0.09586674	0.1690527	0.15617496	-0.11910059	0.100696824	0.21692361	-0.061195176	0.24042633	-0.14242518	-0.28613573	-0.061749548	-0.082606256	0.3773916	-0.3619555	-0.05243703	0.021928357	-0.12515682	-0.5181123	0.23877588	0.0788367	-0.6753879	-0.28188363	-0.257964	-0.5888209	-0.41461807	0.347618	-0.16141967	-0.28507075	0.3002241	-0.5285847	-0.42699245	-0.4054942	-0.71546066	0.1714898	-0.21243879	0.09713739	0.4654438	0.25067455	0.27923563	0.4375179	0.16009115	0.2467778	-0.066071786	-0.5736857	-0.09753018	0.15379906	0.49355224	-0.037182927	-0.1333329	0.01527766	0.24642454	0.093133	-0.29497358	-0.5148892	0.11089957	-0.2427747
0.07934617	0.11521639	-0.10064401	-0.11533728	0.21497068	0.12728004	-0.007512217	0.082551554	0.15555675	0.12727375	-0.107746124	0.01675534	0.057675865	0.00080431724	-0.04949255	0.16824529	-0.06593239	-0.19649622	-0.0040928354	0.21743345	-0.0442272	0.0003950371	0.04531789	-0.0441891	-0.24305123	-0.06259648	-0.14990976	-0.034798324	-0.04030963	-0.020900723	-0.046697814	-0.09890077	-0.0033461384	0.11606332	-0.040733024	-0.10861639	-0.15522638	-0.08229271	0.03165525	-0.024864154	-0.27292502	-0.048773468	-0.021688707	-0.022740332	0.15521471	-0.0555836	0.07757257	0.06457414	-0.08207883	-0.04106497	-0.021314902	0.17058967	-0.024648132	-0.06643102	-0.027414074	-0.018257642	0.066252425	0.13604307	0.11532097	0.110154696	-0.035472423	0.092295766	-0.17191531	0.06395043	0.052856594	-0.107765645	-0.03861473	-0.052875947	-0.048149977	-0.054291297	-0.08906783	0.041815512	0.13743207	0.040068097	0.16176952	0.05245661	-0.019239591	-0.11331617	0.01436043	-0.008481854	-0.09600578	-0.15003876	0.096684285	0.0606262	-0.00025149548	-0.027848244	0.006450052	0.1579121	-0.013881177	-0.15969843	0.028783262	-0.17559183	-0.03066168	-0.17156136	-0.06019684	-0.04712873	0.08180307	0.016243855	0.10517092	-0.059719007	-0.04930437	-0.20140404	-0.17828523	-0.07567157	-0.011749008	-0.056423664	-0.067460164	-0.046632346	0.14613082	0.21988077	0.029972358	0.1436485	0.019767422	-0.03656578	-0.023743832	0.21747972	-0.16915888	0.1131921	0.07850364	0.061692953	-0.07050131	0.0043674367	-0.0042574387	0.0289982	-0.12774962	0.0092351325	0.09988991	0.041882455
-0.17958201	0.5716133	0.48480657	-0.09637198	0.0055340873	-0.25714096	0.3381344	-0.5499918	0.7826787	0.3592815	0.31036398	0.22088279	-0.27334	0.3551392	0.032800473	0.29352748	0.5387805	-0.2684662	-0.08921846	-0.37952363	-0.44292057	1.0410779	-0.87395537	-0.12715293	-0.26549935	0.71108776	-0.095602326	-0.4568487	0.86548537	0.21324791	0.30625778	-0.22950147	-0.3090057	0.45280167	0.52863973	0.46049336	-0.31484702	0.012663741	-0.25390285	0.2692881	-0.1406991	0.10391472	-0.7640125	0.08949645	0.38532692	-0.2643267	-1.1157436	0.5005892	-0.27444932	-0.8877122	-0.24680011	1.0094526	0.22842143	0.35398576	-0.16837797	0.39035627	0.74967885	0.5909139	0.31675774	-0.47734457	-0.77794653	0.29950127	0.0038078176	0.5522016	0.40116003	-0.19983664	-0.32594824	-0.64593035	-0.5916101	-0.20131584	-0.121106714	-0.34584904	0.34319043	-0.4839159	0.10909888	0.54903984	-0.10963026	0.111946754	-0.341588	0.10869099	-0.23024935	-0.22100107	0.6536958	0.09984882	-0.1579334	-0.14267492	0.25557747	-0.36662003	0.5579672	0.5868468	0.49701405	-0.9434515	-0.68253297	-0.77932227	-0.22828561	0.01066598	0.047998052	0.8762661	0.05266732	0.21106799	0.294166	-0.4821566	-1.7146535	0.11370412	0.53318304	0.7617928	-0.38977095	-0.6072872	0.44018844	1.0525591	0.16403686	0.5451506	0.59040153	0.38272756	-1.4384135	0.3547479	-0.865317	-0.303012	0.14322583	-0.049680788	-0.027086953	0.30043826	0.27287173	-0.39360258	-0.42204908	0.39734787	0.4256488	-0.01660717
-0.115785755	-0.05805997	0.5849164	-0.87092584	0.29222745	0.14597002	0.45157993	0.32523984	0.20908523	-0.49810702	0.16789477	-0.015433392	-0.2544035	-0.2979732	-0.20875522	-0.034119315	-0.086949	-0.68236023	-0.2997755	-0.06435146	-0.11472777	-0.041397847	-0.93593407	-0.5415259	-0.49329588	0.15575626	0.7373099	-0.22618835	-0.31189767	-0.22719896	0.19132556	-0.13116056	-0.3901119	-0.087659575	-0.5808162	0.115223244	0.29417953	0.43029177	0.81892854	0.121421725	0.36124074	0.27918613	-0.10739519	-0.21782888	-0.13887437	-0.37836653	0.2875001	0.63840145	-0.8703893	-0.17223825	0.076013945	0.7052015	0.6515581	0.14948913	-0.49730727	0.017080424	-0.43774378	0.19600418	0.16488524	0.5264477	0.148409	0.010543176	-1.1631466	0.13965714	0.14815056	-0.6881823	-0.09260296	-0.16056712	-0.38403136	0.6238923	-0.15644526	0.12953784	-0.07027419	-0.122265026	0.46559608	0.06338053	0.28360918	0.1571991	-0.013208104	-0.5247353	-1.0345541	-0.4963059	0.6648573	0.062920496	-0.86926496	-0.10688702	-0.43648133	-0.2076272	0.25957125	-0.53092676	0.32058927	-0.440414	-0.033085976	-0.52269804	0.31741115	0.43616378	-0.41380155	0.17748712	-0.09491931	-1.032815	-0.2444581	-0.19592464	-0.5295599	0.0573938	-0.0027128335	0.021165999	-0.23685555	-0.444878	-0.10558849	0.06493802	0.31056988	-0.0007053029	0.11619032	-0.36017236	-0.8141741	0.4043905	-0.41389772	-0.46426222	1.0689363	-0.37847203	-0.2505483	-0.3095161	1.0156829	-0.11295712	-0.41205382	0.45128772	0.58464116	-0.22701083
0.037155904	0.31288585	-0.2400792	0.061219554	0.6215343	0.23793255	0.31472105	0.796943	0.43008712	0.110613406	0.41307408	-0.1865718	0.16703092	-0.19476527	-0.5474765	0.57600486	-0.20063594	0.024063641	-0.13488398	0.37645218	0.11502278	-0.29532522	-0.21439938	-0.43541345	-1.2059888	0.57515	-0.43256545	-0.03992149	0.15759566	0.46161616	-0.16964234	-0.10851021	-0.40488005	0.2342514	-0.14162679	0.11746806	-0.2957555	-0.50263554	0.2020718	-0.5120394	-0.39906132	-0.27340093	0.118402995	-0.19129968	0.16823997	-0.6682732	-0.3375591	0.052945413	-0.1243592	0.21768308	-0.46152446	0.63421786	0.0504904	0.26345083	-0.13957024	0.33836922	-0.44662383	0.7464815	0.45403042	0.03916496	-0.24812363	-0.12453811	-0.11612479	0.02955216	-0.41804647	-0.13926893	-0.23719111	0.0025359625	-0.20107886	0.1583277	0.14503582	0.20615377	0.19958279	0.16284278	0.6858444	-0.12561856	-0.1242609	-0.66412926	-0.24039672	0.26695174	-0.20039763	0.0029316668	-0.2734724	0.053907275	-0.29729933	-0.5578678	-0.01139104	0.56874865	0.051252365	-0.23796634	-0.44894236	-0.13219635	-0.5727357	-0.10146881	-0.06689939	-0.3511952	-0.4677449	0.3474038	0.17186642	0.17903616	-0.28842947	-0.49567416	-0.45083684	-0.11415808	0.5691347	0.32404476	-0.27258003	-0.48986065	0.1357857	0.5326736	0.22381292	0.2934006	-0.13151719	-0.035817567	-0.39481106	0.006403994	0.15879399	0.41619265	0.5003691	0.08868664	0.10783385	0.022377068	0.56673557	0.21099584	-0.48998535	-0.77038836	0.16255508	0.015632346
0.04220975	0.057650685	-0.06520447	0.07666769	0.074515775	0.22938854	-0.013772899	0.23189598	0.13013424	0.06256523	-0.0497916	0.06824677	-0.022900794	0.08388574	-0.033341587	0.17698993	0.060670447	-0.11854126	-0.056340646	0.09965957	-0.03207212	-0.026640082	-0.07516189	-0.05355356	-0.12648444	-0.03677188	0.054313526	0.0068087913	-0.12826887	-0.003748558	-0.053728547	-0.065565385	0.007559281	-0.04430389	0.15046084	0.06674863	-0.11917055	-0.04448371	-0.018408706	-0.011483097	-0.26367238	0.090864815	-0.13879655	-0.04700155	0.04493346	-0.034979645	0.024549177	0.12781785	-0.06825814	-0.019915031	0.015915364	0.037656166	-0.02206676	-0.120570935	-0.027767034	0.06100534	0.05101203	0.15032333	0.02470184	0.034597073	-0.11671632	0.13705017	-0.30394796	-0.035390124	0.09185304	-0.0012742031	-0.1181616	-0.08909511	0.02411017	0.007111958	-0.055305656	0.09495024	0.06764226	-0.025450451	0.0523616	0.070268475	-0.07580476	0.011088202	-0.0809351	0.0976934	-0.058743462	-0.2420626	0.01572578	0.013872558	-0.10212627	-0.015746858	0.012836825	0.03226307	0.07763204	-0.05837313	0.06355177	0.017063534	-0.07067708	0.14254147	-0.026240012	0.12034379	0.037297577	-0.028109297	0.13709684	-0.20522307	-0.031814348	-0.20877032	-0.074365824	0.06467659	-0.12503085	0.0048514977	-0.009624801	-0.108501874	0.17104919	0.07398264	0.10730724	0.09584757	-0.023009714	-0.07862689	-0.2650357	0.037595216	-0.08020453	0.00092653936	0.052982233	-0.02575683	-0.056671284	-0.1176772	0.19008507	0.092926145	-0.17798273	0.07144362	0.07102415	-0.09021944
0.006899647	0.09087298	-0.024129817	-0.059645925	0.03841922	0.044763103	-0.0071273255	0.103835	0.09724411	-0.056061693	-0.0030742183	0.025303148	-0.023965793	0.0021148738	-0.035118748	0.038685653	-0.05829427	-0.0654133	-0.0034047663	0.05849448	0.0047156694	-0.016507158	-0.035372436	0.0053566457	-0.083308205	-0.0005736655	0.025328698	-0.046279985	-0.038591877	0.0023603071	-0.022058748	-0.036611684	-0.0011667535	0.033528745	0.016717728	0.042999838	-0.078840174	-0.09709177	0.019361792	-0.05299485	-0.0573501	-0.00023244775	-0.07269534	-0.026516536	0.06630248	0.0041376976	0.047000106	0.052227873	-0.06395621	0.043451514	-0.029462634	-0.00796378	0.11047303	-0.040436845	-0.036329735	-0.059969988	0.037608005	0.10995445	0.014889913	0.0022432818	-0.05920875	0.07399899	-0.1423576	0.0015326965	0.06663945	-0.071919166	-0.030714063	-0.0216503	-0.0307879	-0.034916982	-0.006628006	0.022347601	0.07338318	-0.04301985	0.067513786	0.021892903	0.010770477	-0.008434511	-0.034173496	-0.034913562	-0.032801565	-0.12100339	0.061553523	0.044337623	-0.04110949	-0.07117687	0.078891516	-0.0053043384	0.09684362	-0.0354799	-0.019582093	-0.056054324	-0.05280545	-0.042017315	-0.04792585	0.029417237	0.019416183	-0.03062562	0.0459009	-0.07252712	-0.051155996	-0.088896185	-0.057315916	0.012449661	-0.037918147	0.0060702446	-0.047215205	0.004607528	0.07815694	0.050144594	0.024682041	0.05196249	0.023766147	-0.003973661	-0.07862159	0.036930166	-0.11869572	-0.046778917	0.031820495	0.03317175	-0.031387404	-0.07910678	0.061650265	-0.011665015	-0.09143116	0.028202726	0.09899914	-0.022132112
0.07633737	0.12293515	-0.03580159	0.24618459	0.5964785	0.058737148	0.11903485	0.7639922	0.21389441	0.122560404	0.25974894	-0.07879664	0.26053855	-0.2078647	-0.31900764	0.5839154	0.1757356	0.069505475	-0.11362607	0.042496055	-0.111544326	-0.027011875	-0.067040734	-0.566167	-0.86159694	0.42789602	-0.08940119	-0.04796991	-0.15241739	0.67891407	0.04960489	0.010313704	-0.2577355	0.03223758	-0.065660626	0.13700618	-0.08418019	-0.1224813	0.2760112	-0.39764586	-0.3559053	-0.048421044	-0.026764171	-0.06848289	0.082586095	-0.4689899	-0.18363975	0.11082959	-0.13170953	0.06778918	-0.27169243	0.4747221	0.19972293	0.11230071	-0.18222706	0.2067335	0.018775232	0.638497	0.3993556	-0.10535174	-0.09663927	-0.124291	-0.25533763	-0.049239736	-0.10138676	-0.13766177	-0.28348532	-0.20598044	-0.17999858	-0.06317791	0.16549112	0.032238238	0.16999702	-0.05928385	0.33632404	-0.048160527	-0.20294556	0.07735711	-0.09956006	0.44455433	-0.19685274	0.016414544	-0.25232872	-0.041552808	-0.4047659	-0.6036459	0.14113736	0.26005885	0.020692816	0.042694785	-0.25373262	-0.110563904	-0.31544667	0.0011913341	-0.19124204	-0.21303116	-0.13809346	0.02598817	0.18132482	0.19473082	-0.07677432	-0.41827393	-0.45723212	-0.09698756	0.68311006	0.33924606	-0.051382355	-0.24549843	0.36580667	0.44675997	0.0025240898	0.35352153	-0.10860825	-0.046377335	-0.31852525	0.09622575	0.062309686	0.120889746	0.26552495	-0.12832648	-0.11984467	0.13614231	0.24937443	0.017956963	-0.11622048	-0.48099145	-0.019371226	0.12953813
