0.43395126	0.5339993	-0.25509536	0.19764759	0.5812024	0.38485444	0.6840718	0.47133225	0.10113839	0.13877726	-0.055941068	0.32653773	0.20940644	0.3039803	-0.02301469	0.054523986	-0.32025474	-0.11749969	-0.42226136	-0.70507765	-0.08933257	0.07776477	0.57437307	0.064739116	-0.5007226	-0.46398515	0.0056881714	-0.72904706	-0.12594432	-0.23804371	0.03299949	-0.24591617	0.5306333	-0.25844717	-0.33703804	0.13409622	-0.04656782	-0.439244	0.44388297	-0.22084428	-0.23127119	0.04398506	-0.17663917	0.13952339	0.07879343	0.24722005	0.0259254	0.52999794	0.43960792	0.21300013	0.13374826	-0.4051607	-0.24529101	-0.26884905	-0.51883847	-0.072794124	0.70757616	-0.04766975	0.63357925	-0.09329876	0.269863	0.37803063	-0.5636877	0.087092645	0.352745	-0.085635856	-0.138016	0.12731099	0.22068122	-0.11332713	-0.037117727	0.619092	0.27339914	0.039269954	-0.20719722	-0.080663085	0.44295648	0.42910975	-0.18198279	0.24122192	-0.25575104	-0.784312	0.32637674	0.3072793	-0.3814955	-0.9209848	-0.5116161	-0.62962264	0.5236152	-0.26318485	0.15387538	-0.18092385	-0.5504886	-0.051892545	-0.10634917	0.1270895	0.3460649	0.07050004	-0.24253793	-0.49181986	0.39021066	-0.8792541	-0.16488633	-0.33905736	0.16467589	0.26884073	-0.8029002	0.23462671	0.003981587	0.66900855	0.62707734	0.3444458	-0.07093646	-0.12196817	-0.54534173	0.27111688	-0.40042785	-0.21536829	0.23242964	0.107952096	-0.2021418	-0.18176658	0.45408356	0.24659267	-0.07429258	0.17560871	0.3442049	0.038006004
0.18703239	-0.019499663	-0.04896772	0.14343706	0.114088796	0.013564374	0.16728117	0.14188065	0.21804076	-0.11624771	0.18289836	0.23001967	-0.006403558	0.09257741	0.032994874	0.15355359	0.011915208	-0.05549488	-0.06718828	-0.071574315	-0.029795706	0.026757313	0.05335283	0.108422786	0.034321297	-0.08215785	0.081838086	-0.10094962	0.021361453	0.2580191	0.021935064	-0.15242548	0.09043398	-0.036622472	0.04376389	0.09816619	-0.22954123	-0.27205276	0.21403342	-0.064295635	-0.22857477	-0.011913503	-0.14234875	-0.15075825	-0.02730596	0.06832832	-0.10880976	0.25235173	0.21196285	-0.0067514367	-0.09969008	-0.07315661	0.029276831	-0.06739893	-0.0234272	-0.18744722	0.11846005	0.031945113	-0.19840544	-0.053264935	-0.10708224	0.21858607	-0.15045282	-0.13884416	0.129419	-0.0014461612	-0.12366227	-0.18312581	0.023668466	-0.012398217	0.12619859	0.05046762	0.14044058	0.078098774	-0.108550765	0.2276199	0.10369779	-0.19960661	-0.24774387	0.058080178	0.0071591	-0.27749756	0.281072	0.115384415	0.13813806	-0.1791887	-0.102945976	-0.15263133	0.22006117	-0.09724837	-0.036437098	0.120736465	-0.29532075	0.009535085	-0.14331485	-0.26096568	0.25618172	0.1360781	0.07474962	-0.33009812	0.0052307174	-0.33011872	-0.278068	-0.31482166	-0.0010185564	0.14290814	-0.2787249	0.081663996	0.14270568	0.21674235	0.07111378	0.24799949	-0.018483846	-0.090021044	-0.2596035	0.14299744	-0.2411789	-0.032596856	-0.04505246	-0.03101225	0.046760917	-0.1111187	-0.016645417	-0.07344124	-0.29168457	0.062171455	0.14464855	-0.020789294
0.1439216	0.85044575	0.4515963	-0.6112184	0.15608044	-0.1612081	-0.72948945	0.20329021	0.43447572	0.092078716	0.1270668	-0.20209806	0.10497621	-0.32620215	0.31499964	0.56197816	0.32147935	-0.30406457	-0.075194374	-0.41660282	-0.45261234	-0.3759029	0.3510523	-0.16304186	-0.09787355	0.8096402	-0.55295116	-0.48354557	-0.15148543	0.33097008	-0.15080895	-0.4193345	0.048305128	0.046870563	0.105129175	0.4149969	-0.16249418	0.14437298	0.12763849	-0.0027477008	-0.3798364	0.6049051	-1.0564743	-0.050954044	0.5072956	-0.40093562	0.696456	-0.27290562	-0.084390365	-0.34395605	0.2340102	-0.12143909	0.19789825	0.12277558	0.40120217	-0.7564631	0.416287	0.9803721	0.19392554	-0.029954437	-0.95892805	0.75025815	-0.3722504	0.84992385	0.2353665	0.022073556	0.25479382	-0.29244787	-0.49709916	0.30140853	-0.66637474	0.11391143	0.27776968	-0.55568063	0.3137571	-0.75494593	-0.09799949	0.037834056	-0.5845739	-0.28226286	-0.41139704	-0.5544925	0.25852793	0.5041453	0.053598206	-0.015736496	0.35407692	0.3325269	0.043669987	0.22510348	-0.3092647	-0.30870077	-0.46877152	-0.0033801685	0.035719976	-0.21100459	0.29243055	0.65351117	0.59370196	-0.58776194	-0.24199983	-0.76776546	-0.6531555	0.07670466	0.056708187	0.1731013	-0.18801568	-0.050948355	0.040472522	-0.094591185	0.044375133	0.67219186	-0.48653907	-0.29479527	-0.3842133	-0.22307892	-0.34393153	-0.08597519	0.091000125	-0.21725234	0.38439953	-0.6186849	-0.14186846	0.07777775	0.13401392	-0.012546007	0.84064585	0.1955391
0.42154393	0.16142742	-0.47968665	-0.31533068	-0.18052469	0.065500736	0.015234938	0.16446501	0.54152787	-0.42517343	-0.16402863	0.25906646	-0.061664946	-0.3264832	-0.23904525	0.54780096	-0.20623209	-1.1535008	-0.38184243	0.07078377	-0.30180934	0.048414633	-0.23385964	-0.55365974	-0.6609349	0.3696008	-0.046878215	-0.4721647	-0.12135428	0.23811688	-0.13086371	-0.15576956	-0.020609051	0.47223386	-0.3822287	-0.12524204	-0.582245	-0.84003025	-0.014380802	-0.32076138	-0.1170692	-0.005887953	-0.27940005	-0.17085153	0.23491761	-0.16962203	0.33397287	0.24636777	-0.365009	-0.09910785	-0.40347537	-0.28518388	0.11281556	-0.16823773	-0.10150266	-0.31268016	0.3849984	0.5278878	-0.008390048	-0.02624153	-0.45365262	-0.12666337	-0.5483639	-0.53556794	0.0378162	0.162787	0.05527343	-0.45516473	-0.35035884	-0.77329385	-0.20756102	-0.32734272	0.35488713	-0.2581691	0.35100174	-0.2295567	-0.12177242	-0.63911146	-0.2432469	-0.5197406	-0.39748237	-0.7041173	0.32645935	0.14610742	-0.12621592	-0.06739411	0.43408096	-0.102958106	0.068139434	-0.16877723	-0.0221095	-0.31944612	0.09653524	-0.4073718	-0.5108162	0.17859739	0.2071148	-0.2988081	-0.08946423	0.31908667	0.13093744	-0.6826256	-0.082597256	0.2248487	0.5036208	0.28217643	-0.37999016	0.52599657	-0.11671121	0.28173548	0.3223791	0.2084967	-0.12098635	0.014663228	0.083606675	0.08494676	-0.4619612	0.18677212	-0.049751595	0.18733393	-0.19786023	-0.084242955	0.17100398	0.21715246	-0.51192904	0.5283403	0.5166758	-0.020559521
0.23740934	0.29942834	0.18323863	0.12712932	0.22858708	-0.508881	0.31418037	0.03074717	0.23390329	-0.055821724	0.08211664	0.2877501	0.457599	0.19090746	-0.03069233	-0.1765496	0.68372166	0.0430713	-0.6554798	0.16635688	-0.18234713	-0.74788463	0.22948563	0.6366296	-0.510574	-0.10615472	-0.24334165	-0.40413627	-0.28739026	0.18948466	0.3606265	-1.252679	0.40948167	-0.098606855	0.041172206	0.14977196	-0.41718405	0.1997779	-0.073155865	-0.4148293	-0.38068467	0.051980205	-0.5980442	0.033779826	0.026266938	-0.06837477	0.25139773	0.4021344	0.88682914	0.20630689	0.16786094	0.17239612	0.6817143	0.10439645	-0.07396952	0.43086308	0.9418071	0.32810888	0.61476517	-0.17680016	-0.74194247	0.7602929	-0.9357579	0.2751684	0.050024413	-0.3699717	-0.36123526	-0.22213197	-0.48466963	-0.27955234	-0.37582007	0.7888806	0.19937542	0.3484957	0.22793224	0.3342397	-0.5697602	0.39557967	-0.2150869	0.59490454	0.5157764	0.18644887	0.6431192	0.63678205	-0.5980396	0.082245186	-0.6721344	-0.2688265	0.5074359	-0.11179708	-0.43571585	-0.060597103	-0.20892718	-0.60511	0.5212023	0.03778287	0.32270014	0.17923543	0.34272403	-0.3486926	-0.2762663	-0.32097027	-0.09101077	-0.06322561	0.27253756	0.051134884	-0.17739978	-0.14338784	0.38358808	0.9430151	-0.38227314	0.45604125	0.20565683	0.6853637	-0.90161735	0.16668151	-0.6574616	-1.255839	0.22699264	-0.023873452	-0.1412082	-0.3128587	-0.35771134	0.1552978	-0.4114724	-0.30996957	-0.03259647	-0.35700324
0.034197636	0.21488655	0.028631326	0.037126042	0.15436576	0.0893982	0.09156403	0.120264165	0.15753685	0.0174472	-0.047324613	0.05547985	0.029448662	0.03141804	0.22607598	0.0144444825	0.02476087	-0.114839114	-0.20381074	-0.11818903	-0.029238084	-0.13986844	-0.21866935	-0.055791803	-0.21738985	-0.05081281	0.024988402	-0.11790821	0.03851619	0.097774886	-0.015739067	-0.12031817	0.05362588	0.12115084	-0.028335914	0.04775001	-0.13709581	-0.07503325	0.034823403	-0.017190237	-0.052419133	-0.042088807	-0.18255946	0.118455276	0.018851819	-0.07841678	0.044548742	0.23512028	-0.14796957	-0.015719235	-0.1176988	-0.036928296	0.22448258	0.0077314517	-0.113666385	-0.0023725752	0.24093844	0.096859634	0.09095665	-0.042652275	-0.0039663357	0.09013302	-0.13225336	0.03067893	0.04963499	-0.054102123	-0.07050686	0.14963666	-0.10901366	-0.065403126	-0.043755554	-0.00015477052	0.06765583	-0.100673765	0.048585016	0.09327579	0.019828364	0.1603181	-0.052112088	0.010042836	-0.02232359	-0.16454022	0.115275025	0.12952699	-0.085810706	-0.19875763	0.03962504	-0.102407604	0.07595187	-0.01976549	0.072741285	0.057021406	-0.18031593	-0.061738398	-0.0521986	0.03001533	-0.0121290665	0.12960123	0.017657045	-0.26001266	-0.02400902	-0.25625458	-0.24915104	0.084733546	0.026469426	0.07650102	-0.09878634	0.041913584	0.088245206	0.20794968	-0.06249938	0.14030741	0.0843106	-0.053655434	-0.18939437	-0.113546595	-0.13104835	-0.112467386	0.1911354	0.022131313	-0.14205745	0.0122307995	0.16945276	0.027791873	0.0035128505	0.041330542	0.008714837	-0.032968055
0.33299345	0.20350948	0.06520563	0.29154235	0.18620637	-0.19249092	-0.045418665	0.01387186	0.06684062	0.108122386	-0.070502676	0.09492521	0.12726642	-0.15041925	-0.059784625	0.068745665	0.43718743	-0.31063095	0.0065810955	-0.012082845	-0.3273062	0.00941076	-0.08282551	0.31652343	-0.45682538	0.19419633	-0.13784932	-0.54460025	-0.10051354	-0.05531618	-0.04712921	-0.50761163	-0.27738926	0.34979728	0.27926823	-0.12615006	0.055020157	0.2546819	0.26530817	-0.03567163	-0.7780995	0.5488717	-0.16956909	-0.10311499	0.15551889	-0.34005025	0.23939183	-0.077683456	-0.43912095	-0.023994336	-0.60210997	0.13835745	0.25676635	-0.004980635	0.36233777	-0.076533526	-0.20170645	0.45551705	-0.053285845	-0.48847678	-0.67643744	0.12032239	-0.084346116	0.23225902	0.16676311	-0.07085752	-0.3242186	0.15240736	-0.35888216	0.14489171	-0.28193885	0.15361388	-0.11617417	-0.18935184	0.33148855	-0.17034195	0.11143553	0.026370553	-0.011836821	-0.014224644	-0.20377323	-0.4393879	0.19920377	0.34464672	-0.09018921	-0.36176673	0.3353066	0.007507453	0.32515937	0.19162814	-0.029407548	-0.100111656	-0.4337722	-0.2593509	0.039336145	-0.77168655	-0.003926668	0.54149914	0.20814653	-0.07612873	0.10332269	-0.3956655	-0.7616166	0.19087711	0.013904717	0.11460834	0.073562555	-0.13235044	0.105528064	0.20153916	0.03250559	0.08744924	-0.1425729	-0.053501736	-0.12657608	0.015744898	-0.16265911	-0.008432651	0.5744632	-0.045225486	-0.09562876	-0.32875013	0.42287228	-0.3594833	-0.22383468	-0.1662391	0.23795266	-0.3068698
0.59312147	-0.07682574	-0.09247949	0.27668545	0.55372894	-0.047471564	0.06546028	0.38509536	0.6723669	0.5367005	0.0768249	0.47692403	-0.24101417	-0.050378826	0.5915429	0.31293648	0.01244913	-0.690162	0.035190385	0.114022076	0.030600162	0.1441311	-0.1719295	0.67575824	-0.55505204	-0.06683259	-0.19889238	-0.47114715	-0.5528286	-0.10857671	-0.49377126	-0.72592217	0.83772635	0.063714035	-0.1928528	0.32499257	-0.703376	-0.50651306	0.37314332	-0.091724135	-0.3285622	-0.145343	-0.33305505	-0.5152146	-0.48563203	-0.46723247	-0.16516031	0.271494	-0.31972027	-0.07053243	-0.22414935	0.020501502	0.17916128	-0.23995033	0.33689937	-0.26357242	0.35400498	0.025004672	-0.16205883	0.015168853	0.01885	0.04189141	-0.22029454	0.21524335	0.40609297	0.5050862	-0.14785683	0.18417215	-0.23589963	0.16703981	0.18671083	-0.70870274	0.30341652	-0.013833771	-0.07821159	-0.044800375	0.19032454	-0.46746513	-0.38715324	0.07284879	-0.3775234	-0.42974436	0.20815729	-0.46041283	-0.10593753	-0.20929849	-0.3864129	-0.2059159	0.27143446	0.29691	0.065271005	-0.1588516	-0.21825922	-0.24035336	0.2883848	-0.6088724	0.27328217	-0.17604735	-0.045579698	-0.16359895	0.6241109	-0.62909424	-1.1456012	-0.0689403	-0.23569974	-0.057888232	-0.38396436	0.7544759	0.6273565	0.25598928	-0.22947522	0.3699615	0.0056447834	0.090906575	-0.9561016	0.25655985	-0.88349205	0.34487224	0.7623499	0.14878646	-0.47424093	-0.10141421	-0.09215956	0.31663266	-0.757169	-0.3267972	0.31483257	0.24924786
-0.4890743	-0.54409295	0.82653034	-1.1959498	0.45431885	-0.07388348	0.09878876	-0.034019183	0.9886232	0.20231706	0.4695363	0.25843528	0.05283821	-0.15278219	-0.21670271	0.55002534	0.72493476	-0.19639975	-0.7266726	0.43001798	-0.18726884	0.13942751	-0.56843376	-0.21222773	-1.1986043	1.1138234	0.069971405	-0.26983663	-0.15166536	0.39351776	0.06703561	-0.19486693	-0.82024074	-0.31623396	0.65494335	0.47608912	-0.3869589	0.5008381	0.34755445	0.3683444	0.18027303	0.28133038	-0.8811773	0.026817087	0.33230323	-0.8274198	-0.45111105	0.26956752	-0.50351036	0.02562314	-0.10858346	0.30590993	0.7528311	0.39578333	0.18739612	-0.6018272	0.5103794	0.20917997	-0.37275904	-0.31014812	-0.71896523	0.35386693	-0.29253134	0.57382065	0.3205617	-0.2981993	-0.17263322	0.17803301	-0.12733787	0.51898766	-0.26099572	-0.19285204	0.43063396	-0.02297167	0.02350974	0.6791672	0.6220624	0.4799681	-0.73408806	-0.4035959	-0.40373477	-0.33774328	-0.034722913	0.153639	-0.4533182	0.15021642	-0.22428593	0.031832334	0.14543997	-0.87107515	0.51650596	-0.46211675	-0.30410844	0.11780397	0.26050153	0.36541605	-0.007345115	0.54462796	0.22858757	-0.733542	-0.32700714	0.23335133	-0.22868432	-0.36485064	0.22996774	0.30172873	0.063957885	-0.23865086	0.359678	-0.21240605	0.065458216	-0.77096355	0.19430073	-0.13291998	-0.74355984	0.399855	-0.8696092	-0.23633422	0.36624092	-0.26197377	0.9035887	0.20930769	0.9120713	-0.19180052	-1.0783175	0.7411767	0.6476993	0.43473727
-0.054617345	0.25709382	-0.3839915	0.09652526	0.1159786	0.113284245	0.009867079	0.23493104	0.13910058	-0.058572844	-0.19870271	0.09522773	0.11827704	-0.22238876	0.043859087	0.21097721	0.005782044	-0.21473241	0.1091284	-0.28303844	-0.009203868	-0.025563357	-0.1441666	-0.2021427	-0.12140514	0.01900868	-0.31819466	-0.46560696	-0.20976067	0.01942005	0.10786279	-0.084737584	0.10711684	-0.12751508	0.012906218	0.24288376	-0.38707244	-0.44341883	0.011784348	-0.15061261	0.010958617	-0.22154777	0.19809331	-0.19689748	0.2100705	-0.03513088	0.14001662	0.08163526	0.0288581	-0.07767453	0.001213439	-0.3931702	-0.078357816	-0.16844107	-0.11063411	-0.21652983	0.05523654	0.4694872	0.010742714	0.26441714	-0.2042381	0.22644779	-0.3860419	0.02318464	0.30074602	-0.25861412	-0.25861976	-0.0036510043	-0.07969257	-0.036732096	0.022783244	0.061768066	0.18277489	-0.18443742	0.014469458	-0.1508939	0.004326539	-0.047206726	-0.09538268	0.23517837	-0.08760681	-0.4902639	-0.18746373	0.16446447	0.10044745	-0.09810414	0.059928972	0.19293576	0.23861453	0.05118722	-0.1269996	-0.3418917	-0.0827925	0.18107113	-0.22985801	-0.18901634	0.11768439	-0.03837734	0.10934629	-0.1676933	-0.10688234	-0.58737206	-0.22203045	-0.13506714	-0.08167684	-0.045215543	-0.15653965	0.28877443	0.15427569	0.11854702	0.009346572	0.24059772	-0.10057523	-0.035848472	-0.11756426	0.018646225	-0.1424525	0.047404338	0.03745437	0.16011785	-0.23441976	0.075103246	0.292443	0.29235995	-0.13786876	0.09231822	0.43455938	-0.3695624
0.27414078	-0.13014004	0.14326371	-0.06670708	0.82366484	0.20034538	-0.11602834	0.35517177	-0.101048045	-0.15084934	-0.05890623	0.43669513	0.13822861	0.088825256	0.064878926	0.34459493	0.009674872	0.04347761	-0.5320957	0.067566834	0.10186136	-0.26476243	0.03279567	-0.34455222	-0.410086	0.4546697	-0.09866959	0.004431062	0.12310295	0.3156896	0.28484264	-0.34831387	-0.015006523	0.31419662	-0.5125274	-0.03117206	-0.3640719	-0.020061502	0.06143273	-0.5915673	-0.7336844	0.003299832	-0.13129228	-0.23360269	0.35630924	-0.5638549	0.26375902	0.7238248	-0.13935167	-0.3954427	0.09383141	-0.3559706	1.0828769	0.0007496368	-0.12821342	-0.2296815	0.16884057	0.27346644	0.3204089	-0.026201619	-0.6238053	0.2701601	-0.44049758	0.3001292	-0.26298732	-0.26423913	0.32440057	0.59065825	-0.07486225	0.3263529	-0.41505787	-0.17993592	0.12327507	-0.2080114	-0.41993672	0.18382193	0.287901	0.20573461	0.13006213	0.20809095	-0.4495284	0.12543304	-0.6511833	0.3419742	0.05710697	-0.34595346	0.22740252	0.21496414	0.1683234	-0.06365998	0.4449634	0.29871625	-0.43875918	0.30360347	-0.43638504	-0.23820974	-0.48598763	0.14244482	0.56699663	-0.5978337	-0.04534931	-0.7832351	-0.0014869663	-0.0781299	-0.1007381	0.26494387	-0.16951478	-0.09306146	0.16443366	0.44695982	-0.075175956	0.39096466	-0.2334979	-0.07707497	0.15596023	0.035041355	0.22998673	-0.29902703	0.22004946	-0.48529917	0.13060796	-0.23065935	0.24574788	-0.08119677	-0.5664427	-0.11393584	-0.1434017	0.015990498
-0.035501927	0.10772514	-0.058939647	0.041024826	0.16871417	0.14524825	-0.05669294	-0.00675491	0.15855664	0.031100916	0.01970733	0.12063795	0.07885939	0.11479222	0.16193312	0.20458002	-0.07740346	-0.1049531	0.13367295	0.025811665	-0.07010321	-0.11356153	-0.15664409	0.01432014	-0.056830086	0.071867995	-0.09151137	-0.21728154	0.018070161	-0.044549003	-0.085058264	-0.22062825	0.15584725	0.20697568	0.09769126	0.14764592	-0.15523064	-0.07131678	0.24638441	-0.092708826	-0.23656517	-0.055205937	-0.08283029	-0.035985176	0.16062921	-0.22710386	0.22124131	0.2910109	-0.3372303	0.01744773	0.035047397	-0.0140737565	0.25216904	0.004990856	0.021724818	-0.015493964	0.25304824	0.18156306	0.095367014	0.013851971	0.052034955	0.028441252	-0.063398205	0.15903062	0.24939552	-0.12325336	0.06361133	0.10342978	-0.038978573	0.078721374	0.22734472	0.024504077	-0.049229205	0.035417967	-0.057559486	0.049397368	-0.09183571	0.12204586	-0.10483598	0.001243215	-0.12582627	-0.25815922	0.0009219703	0.15165265	-0.052328795	-0.2697878	0.050422803	0.11991669	0.027920876	-0.21811	0.114578925	-0.16431083	-0.14481042	-0.05478994	0.06041379	-0.060302384	0.0094727725	0.17868176	-0.045821887	-0.22910357	-0.0031222552	-0.3746345	-0.17154403	-0.021421054	-0.02479334	0.08272195	-0.013308995	-0.15951297	0.17253585	0.06642194	-0.047491107	0.2251297	0.09428836	-0.0018368129	0.0497784	-0.04657848	-0.07633786	-0.033992555	0.22205512	0.06042915	-0.1732428	0.09250635	0.18395098	0.10125902	-0.097780176	-0.17362069	-0.05761347	-0.05850209
0.015719697	0.16787012	-0.034203853	0.06370502	0.10565835	0.21652102	0.058527257	0.003288894	0.12607932	-0.09470685	0.011298564	0.12811746	-0.023058685	0.18734843	0.13993505	0.24822325	-0.08489262	-0.2606211	0.051093765	0.07152343	0.04205461	-0.22782306	-0.26920545	-0.13363355	-0.199364	0.043236446	-0.03791801	-0.13295136	0.030110246	-0.017919486	-0.07005722	-0.2390591	0.23806752	0.37854415	0.0591027	0.2308018	-0.10501234	-0.04508617	0.18547942	-0.12009352	-0.23793186	-0.081345774	-0.035488844	0.043395847	-0.00016253268	-0.15418212	0.18918926	0.3402696	-0.36381242	0.026271703	-0.222219	0.02335028	0.27779105	-0.053040825	0.040400807	-0.09714372	0.37699386	0.123210385	0.17033829	0.03674207	-0.01588553	0.10536784	-0.025250798	0.20289446	0.11459183	-0.11169109	0.019300133	0.12080367	0.050690565	0.10996997	0.099203974	0.049635004	-0.02576495	0.019668495	-0.07176815	0.13684835	-0.032812648	0.08582084	-0.11787959	0.013979525	-0.10092818	-0.26147258	0.060870204	0.11642905	0.013660635	-0.28593692	0.035108276	0.08548085	-0.037218913	-0.23085245	0.19299199	-0.06677476	-0.29596877	-0.092247956	0.18101919	0.04472072	-0.008523603	0.15235063	-0.106286846	-0.14214228	-0.04305095	-0.41055137	-0.13484474	-0.12029098	0.0027369468	0.053414	0.04157385	-0.13016237	0.13868123	0.071748875	-0.075043045	0.34695405	0.26757288	0.051983617	-0.11166134	-0.19481495	-0.07800365	-0.054979134	0.18380241	0.12210537	-0.27763245	0.1570848	0.25186014	0.024394223	-0.05692665	-0.15549038	-0.07108429	-0.13493589
-0.04267456	0.22528283	-0.3861476	0.06651158	0.090427294	0.117893256	0.021166494	0.22802241	0.10833614	-0.0047649196	-0.19564515	0.10317442	0.1246553	-0.19169977	-0.021024922	0.22165276	-0.017463377	-0.20255618	0.11272138	-0.25768277	-0.01695326	-0.043565717	-0.14065416	-0.17105225	-0.15370037	-0.039971147	-0.28466034	-0.44988883	-0.22288817	-0.01333739	0.11797758	-0.07763349	0.12440393	-0.13717161	0.025209825	0.24765162	-0.37889156	-0.43945783	0.03480985	-0.13517551	-0.008123217	-0.22904801	0.2224944	-0.19378735	0.23773816	-0.016643174	0.13997898	0.02510875	-0.0047829617	-0.07492552	0.041632354	-0.35455614	-0.10850608	-0.20877211	-0.11405376	-0.24107026	0.015012764	0.45748633	0.034543365	0.23912053	-0.16331373	0.1848303	-0.41545233	0.042954713	0.30116442	-0.29153866	-0.26831612	0.004118073	-0.09919442	-0.01866224	0.048179362	0.093742624	0.18015464	-0.13924089	0.06304958	-0.16805574	0.030384257	-0.060530767	-0.08851631	0.22091268	-0.12511292	-0.54065055	-0.19304074	0.17080677	0.08986643	-0.085137	0.01437503	0.19377396	0.2679763	-0.004011728	-0.12450006	-0.34175292	-0.065822646	0.18592711	-0.20573966	-0.20244095	0.10969146	-0.02954829	0.08541963	-0.17217949	-0.12417283	-0.5513727	-0.23303321	-0.17013699	-0.1452376	-0.08139093	-0.13583292	0.28733042	0.16921885	0.06322013	-0.0055771577	0.25271198	-0.0657282	-0.046220556	-0.16544722	0.046246514	-0.14936095	0.059299	0.056973852	0.17918217	-0.28423578	0.040330365	0.3270156	0.3143032	-0.14899568	0.066214815	0.47570726	-0.35369787
-0.030985396	0.3599615	-0.2688389	0.14806145	0.06900109	0.2309258	-0.4366452	0.22946087	0.5701272	0.11059655	-0.012971959	0.14674735	0.23838586	0.47244975	-0.13840683	0.15278542	0.06611209	-0.41038546	-0.21910782	-0.1671912	-0.0017110297	-0.21752974	0.3855771	0.24977309	-0.57112724	0.001883924	-0.026779525	-0.15593123	-0.25986773	0.32515782	0.050987653	-0.104617774	0.27385512	0.2819479	0.02529674	0.1468033	-0.51460904	-0.3982706	-0.3813973	-0.27058184	-0.71801525	-0.042459976	-0.47688603	-0.1729618	-0.027632853	-0.38496837	0.20644234	0.24901527	0.22034799	-0.13217843	-0.09404106	-0.30457526	0.43400082	-0.30458757	0.28087658	-0.8195329	0.5166779	0.5635303	0.045498617	0.55239016	-0.5086932	0.6599706	-0.47741416	0.616164	-0.11060704	-0.4359406	-0.05086638	0.1152228	-0.24963017	0.3380161	-0.048740696	0.43133396	0.32672855	-0.30539733	0.3114803	-0.20887747	0.31661466	-0.041961465	0.14607204	0.45679942	-0.013975509	-0.2511758	0.4125603	0.1579052	-0.08454271	-0.032456923	0.20482986	-0.26253867	0.08523721	-0.12593359	0.28914922	0.097574435	-0.35381445	-0.123129	0.049994092	-0.16236359	0.20879486	0.35920763	0.33798018	-0.58320105	-0.59782666	-0.7161802	-0.76856047	-0.19645205	-0.3075242	-0.34135625	-0.3357021	0.10324024	-0.02125797	0.24357764	-0.15954572	0.4946008	0.26849025	-0.042987738	0.20479836	0.014269547	-0.23003735	0.047207765	0.09654543	0.0025205784	0.43658498	-0.69444066	-0.31284907	-0.27747035	-0.36408395	-0.402485	-0.007819939	-0.12541758
-0.18182233	0.124264345	-0.0762169	-0.09588937	-0.06127465	0.16172421	0.20831834	0.5534976	0.26813456	-0.11405349	0.04982774	0.25854152	0.009253108	0.18167387	-0.16081521	-0.004298874	0.063666835	-0.3189169	0.21293229	0.07830292	-0.021769937	-0.23274593	-0.042659532	-0.086419925	-0.28360447	0.0059655225	-0.16890834	0.081403315	0.24693337	-0.08467368	-0.14758249	-0.30403054	0.029012067	0.099955514	-0.04806793	-0.23581547	-0.42339936	-0.22170724	0.42554176	0.27731243	-0.45901123	0.052028414	-0.18490581	-0.10583271	0.073334016	-0.21761547	0.06709221	0.5142631	-0.0952027	-0.11776038	-0.22789267	-0.04102762	0.025929201	-0.33946374	-0.407685	-0.2084146	0.23157533	0.4661801	0.08678482	-0.31134537	-0.19340912	0.0046921205	-0.17837073	0.37405726	0.19561139	-0.21827467	-0.16926345	-0.10878822	0.36374578	0.16380936	0.15145625	0.15535375	-0.027307024	0.015224869	0.35386172	0.1724449	0.13301341	-0.039871	-0.25574684	-0.100543275	-0.012478806	-0.4247265	-0.005434605	0.22507545	0.047705296	-0.1787631	-0.028960032	0.3663476	0.14092447	0.021275926	0.043206263	-0.12331175	-0.14976613	0.034655362	0.15587838	0.09169804	0.013928068	0.23743778	0.16604157	-0.40737867	-0.061135374	-0.39987212	-0.4130841	-0.3804165	-0.2786546	-0.19853875	0.0113145085	-0.20915613	0.35309714	0.12706077	0.4777095	0.30998147	0.1612485	0.23083036	-0.1622168	0.08374814	-0.032864686	-0.14930189	0.1375898	-0.10466309	-0.35301772	-0.22962974	0.18418398	-0.2807985	0.09595287	0.14210439	0.1961543	-0.1405969
0.08353218	0.07140382	-0.04444032	0.0077332347	0.22487713	0.1559914	-0.21647148	0.15712117	0.05058587	-0.081074744	0.0752982	0.11984343	-0.0746313	0.07505902	0.05929732	0.17562942	0.007511921	-0.05338682	-0.03260412	-0.114209466	0.049992047	-0.11290804	0.051451925	-0.05138215	-0.085553154	0.24212992	-0.095799804	-0.12058345	0.04778743	-0.09237118	-0.0050824527	-0.06928913	0.005453825	0.12961802	-0.0023191592	0.02528037	-0.057333436	-0.23970261	0.12071301	-0.26535967	-0.18576409	-0.048108924	-0.1420895	-0.05651561	0.17068191	-0.2719303	0.13973556	0.14451638	-0.18732485	-0.011592549	-0.19465595	0.04966025	0.25154933	-0.017393906	-0.0003310282	-0.17497823	0.06845922	0.27197027	-0.08428406	-0.08799291	-0.10766301	0.055859886	0.042530593	0.071118765	0.008658235	-0.030652756	-0.0338679	0.07846025	-0.084624745	-0.09796611	-0.041862216	-0.012187212	0.026850143	-0.14592423	-0.082040556	0.08283379	-0.06176001	0.0057542124	0.010381827	-7.6664764e-05	-0.09744802	-0.16209146	-0.08293971	0.106093004	0.081928134	-0.081270196	0.081950866	-0.010870295	0.08387914	0.12729304	-0.14043254	-0.11326273	-0.17743362	-0.06592029	-0.07267242	0.008133898	-0.0055230386	0.014231725	0.09043912	-0.008706689	0.03465021	-0.29392523	-0.15211666	0.08250611	0.06226116	0.09816321	-0.112524085	0.14412117	0.10834068	0.1255296	-0.05839666	0.28829432	0.036292996	-0.09581775	0.2663219	0.02510102	-0.14966798	-0.0046360856	0.14346246	0.11454834	-0.011869113	-0.08328965	0.0033616829	-0.02943757	-0.057869487	-0.22948278	0.031766012	-0.09943074
0.3349778	0.30582005	0.09026537	0.14725894	0.2486995	-0.56946903	0.31751338	0.16044979	0.38226762	-0.24437964	-0.0038573334	0.1712016	0.5829871	0.10154262	-0.019047284	-0.1692487	0.6049583	0.04774066	-0.8894662	0.08575107	-0.18628375	-0.59658915	0.1431628	0.509727	-0.48281214	-0.27465844	-0.16916892	-0.46339425	-0.35299906	0.32697862	0.3827593	-1.2691479	0.49033687	-0.014756381	0.18826765	0.006261392	-0.48463988	0.13515033	-0.027105728	-0.17029637	-0.11027828	0.13070257	-0.7148031	-0.03510353	-0.0672683	-0.13236777	0.2698255	0.32915	0.74129224	0.329827	0.018986406	0.17072716	0.6048031	0.06683755	-0.005212314	0.4358575	1.0750757	0.42035818	0.56194305	-0.11454536	-0.76704884	0.8178964	-0.86761475	0.18404146	0.17487109	-0.3040386	-0.22429083	-0.1733436	-0.60183454	-0.33299172	-0.37023893	0.7070506	0.14102554	0.28652897	0.25921944	0.31640247	-0.58395404	0.4207464	-0.20818241	0.7242224	0.46462756	0.30595407	0.64942366	0.46107766	-0.60579336	0.023689995	-0.61075324	-0.29535493	0.3911588	-0.08073564	-0.42709026	-0.18401149	-0.16907763	-0.49729025	0.45799488	0.1258644	0.4269301	0.1481765	0.27269447	-0.36633086	-0.29173255	-0.24856125	-0.14299299	-0.040338583	0.20853959	-0.027567944	-0.08560079	-0.13481347	0.3520179	0.842909	-0.42717576	0.38550457	0.27947307	0.7854143	-0.90851545	-0.028283905	-0.5775089	-1.2089915	0.526575	-0.012937426	-0.16991174	-0.26202285	-0.25119284	-0.028084574	-0.50802076	-0.17211802	-0.23011358	-0.4382228
-0.17151093	0.2692486	-0.15193497	0.09564496	0.12131044	0.18982609	0.40569624	0.1798483	0.45090568	0.10775242	0.0043369094	0.09248007	0.36421505	-0.03184506	0.048342824	0.040792067	0.2743961	-0.37572443	-0.17272127	-0.16955313	-0.19842894	0.021286555	-0.066599675	-0.34121025	-0.23353662	-0.17070615	-0.4539317	-0.36755848	-0.04480803	0.43458593	-0.11443058	-0.3289754	-0.23048036	-0.09475377	0.17803913	-0.06302582	0.005893727	-0.3844276	0.39589396	0.0107348785	-0.25132617	0.2462202	-0.34018704	-0.005829395	0.17131042	0.021814097	0.121253125	0.010945202	-0.1286179	0.11968104	-0.15140265	0.20678815	0.29246697	-0.18543498	-0.13179332	-0.26196063	0.31760484	0.1732012	0.34570208	-0.14583085	0.26748994	0.31894583	-0.24589425	0.28859687	0.036369465	0.21556327	-0.10797627	0.10460317	-0.0060252855	0.020920277	0.10499549	0.24867481	0.20870304	-0.11104362	0.051498502	-0.15944844	0.02330998	0.23747507	0.06280106	0.07261563	-0.50552607	-0.22146668	0.10203419	0.36050513	0.11015448	-0.5349439	0.17623128	-0.06387452	0.19756342	0.10745164	0.3982627	0.016196584	-0.24566913	-0.18401964	0.33446646	0.10307259	0.0105907945	0.19899006	0.20870575	-0.17366207	-0.033654813	-0.3639255	-0.3263301	-0.13542606	-0.022826977	-0.13331099	-0.021258552	0.08906405	0.33244783	0.08031424	0.6279724	0.07256987	-0.16841646	-0.19294976	-0.2005218	-0.21754654	-0.25623363	0.034454852	-0.13410112	-0.11267249	0.14055322	-0.041597016	0.095022425	0.29257208	-0.13803045	-0.050969455	0.20197108	0.012262305
-0.43939805	-0.05937842	0.5545162	-1.1423657	0.5088476	0.06898435	0.7085656	0.14103164	0.5287227	-0.45650354	0.5207438	0.69347614	0.32855988	0.14351451	-0.099621765	0.18276286	0.12795916	-0.37381557	-0.69059986	0.689505	0.27157903	-0.2494216	-0.39396563	-0.2218365	-0.7581899	0.72273684	0.11302358	-0.20457165	-0.0048905537	0.08260195	-0.27468768	-0.20929943	-0.22846268	0.17507143	0.57926744	0.33243707	-0.24588044	0.26959565	0.15162322	0.24946888	0.33985493	-0.08381426	-0.4504696	0.04897474	0.12846246	-0.28002033	0.5758132	0.55009	-0.5105359	0.8426492	0.021623671	0.39219007	0.42033786	0.10192481	0.10422628	-0.61030126	-0.08062621	0.32260612	-0.047493216	0.07600245	-0.36585632	0.58888245	-0.39168477	0.19228251	-0.057211872	-0.50314975	-0.11125035	-0.065273516	0.14741358	0.46889228	-0.35920754	-0.06251328	0.4080894	0.10095731	-0.39784488	0.52533156	0.39844692	0.57424474	-0.41453004	-0.35524446	0.10035315	-0.28706446	0.0034559024	0.88314074	-0.33123133	-0.022037994	-0.31592697	0.3715119	-0.04191974	-0.4118057	0.08116743	-0.42813626	-0.7555558	0.14572121	0.3635611	-0.107119754	0.6262722	0.7667982	0.29432055	-0.300801	-0.39097887	0.30203277	0.045154143	-0.32623485	0.1728543	0.4730531	0.28663364	-0.40129513	0.11894828	0.06328696	0.4452893	-0.22238761	0.4005562	-0.07375632	-0.3160418	0.44828555	-0.3999708	0.094632566	-0.45580408	0.080034986	0.5094469	0.20479213	0.41639912	-0.28040478	-0.5025114	0.82150614	0.9379358	0.556899
0.40580148	0.13872862	-0.3957055	-0.32492617	-0.1899292	0.08319003	0.043529015	0.101549536	0.5787543	-0.43014702	-0.16602974	0.30368957	-0.052227937	-0.2815888	-0.24025747	0.50034225	-0.2076588	-1.1480172	-0.40547973	0.114077896	-0.28793338	0.0804371	-0.30098176	-0.546231	-0.6966604	0.38913283	0.024002396	-0.4194493	-0.088878155	0.24187322	-0.18505917	-0.17055523	-0.06254891	0.4824424	-0.33346748	-0.04473763	-0.5669363	-0.76543844	-0.01696525	-0.29702136	-0.11222547	-0.009778847	-0.24475002	-0.20139682	0.20861717	-0.14002953	0.30195093	0.19988635	-0.4488475	-0.021179028	-0.4915824	-0.22488564	0.15259181	-0.21047859	-0.067347646	-0.32557338	0.33202517	0.5040811	-0.069653645	-0.15182194	-0.4419985	-0.14253849	-0.5103181	-0.6048376	-0.0067326683	0.21423787	0.06074091	-0.46244425	-0.34281787	-0.704489	-0.25403026	-0.35887995	0.36661953	-0.23927847	0.41402817	-0.17912659	-0.05162586	-0.6776445	-0.29674378	-0.56838566	-0.43974277	-0.71919906	0.40189818	0.15857051	-0.057442825	-0.065317556	0.47633645	-0.057978272	0.097510785	-0.11169093	0.006647107	-0.3268064	0.0037830614	-0.41617668	-0.52367985	0.09736762	0.16403778	-0.23514073	-0.055397447	0.359003	0.18624951	-0.6532255	-0.13157989	0.25356165	0.5296624	0.25994024	-0.42374265	0.5099865	-0.091560446	0.22330542	0.30501994	0.21211149	-0.18140975	-0.04824773	0.07003623	0.084229484	-0.4991549	0.1928118	-0.043327335	0.25084236	-0.20505154	-0.09344915	0.21439081	0.12789279	-0.54695606	0.46900302	0.52891797	0.015271633
-0.14263311	0.27296862	-0.12860192	0.089388184	0.10038329	0.22676767	0.43421987	0.21039231	0.43922812	0.102106094	0.025845531	0.10220846	0.37497133	-0.06455359	0.040026702	0.081306815	0.25694463	-0.38122934	-0.22064503	-0.19035983	-0.20749459	0.018034397	-0.060741533	-0.33637193	-0.24477248	-0.15645823	-0.4719011	-0.3864137	-0.02796249	0.41787177	-0.14077908	-0.34295937	-0.22626558	-0.08801795	0.22104989	-0.04732185	0.02535687	-0.3718079	0.37359658	0.0019082042	-0.29201707	0.25796935	-0.3512532	-0.043455802	0.18240187	0.005050407	0.12844871	0.024169138	-0.12364708	0.13409959	-0.16598828	0.19062077	0.29686755	-0.1578248	-0.12319074	-0.2413231	0.3184393	0.14624861	0.35951802	-0.14751554	0.25746316	0.36550906	-0.23007336	0.28623107	0.06494615	0.23205288	-0.10707603	0.09629518	-0.026622087	-0.015494092	0.08801434	0.19389902	0.22840326	-0.11548475	0.06340822	-0.19929221	0.03964548	0.20870137	0.068268195	0.04318424	-0.49509662	-0.21539466	0.11047574	0.33404157	0.09826934	-0.48936135	0.18279336	-0.05090097	0.15212834	0.13658892	0.33518255	0.034187376	-0.21324542	-0.1917366	0.37940288	0.10326811	-0.035591427	0.16114177	0.2109744	-0.11508308	-0.022965033	-0.35722253	-0.2692951	-0.13882661	0.030512068	-0.14423767	-0.03335371	0.13169178	0.35398388	0.07146977	0.5739813	0.02756701	-0.18971327	-0.1802522	-0.18183959	-0.22649795	-0.2583458	0.023280973	-0.15223669	-0.08808548	0.17356929	-0.04509269	0.1125327	0.27444357	-0.15930341	-0.050526623	0.1932652	0.031488866
0.14333424	0.7105511	0.1302791	0.17033122	0.24288651	-0.0751382	0.2121347	0.3916005	0.58654517	0.11334493	-0.09773366	0.18404993	-0.03965221	0.40156963	0.78176266	0.044997416	-0.13190511	-0.15919448	-0.13356951	0.03160629	-0.0237863	-0.37168676	-0.32688808	0.18177114	-0.5715642	-0.4390073	-0.06782047	-0.09798078	0.041302636	0.07444526	-0.14435034	-0.51335335	0.1284516	0.5064534	0.010964007	0.1259329	-0.3637468	-0.25160822	0.09169113	0.08983497	0.121161446	-0.023857452	-0.27402902	0.13153028	-0.36678702	0.049610786	0.57866883	0.4209601	-0.39251018	-0.23587726	-0.07357818	-0.28836113	0.034986626	-0.05144037	0.044466496	-0.030081104	0.69388634	0.4072194	0.1820109	-0.21086603	-0.33053464	0.15328535	-0.25255403	0.22634831	0.09035693	0.20583977	-0.13094237	0.10669777	0.06505522	-0.15884356	-0.19549449	-0.14825055	0.001394527	0.3070027	0.3509364	0.6141589	0.12756704	0.22715619	-0.010153449	0.024676453	0.24216186	-0.51417077	-0.0010053451	0.05232937	-0.33702156	-0.34284398	-0.3516365	0.15077499	0.24644196	-0.022550872	0.21354437	-0.1331097	-0.26590022	-0.21049382	0.23457949	-0.09762331	-0.13471514	0.6264425	0.24274682	-0.10278693	0.16327253	-0.39638776	-0.3922679	0.16794764	0.029821808	0.08367119	0.24412864	0.053008992	0.6295535	0.1652592	-0.27583668	0.1938396	0.13571514	0.010537479	-0.38017	-0.16155548	-0.24420589	-0.28007743	0.28523073	0.0980004	-0.5560447	0.3802395	0.0722155	0.1538651	0.042914312	-0.08952146	-0.11618219	0.02427582
-0.41019422	0.10733873	0.38643795	-0.27078715	0.47798303	-0.31272653	-0.30644578	0.039812848	-0.3074068	0.1960323	0.4503051	-0.17690288	0.05096628	0.31012937	-0.023323452	0.056142326	0.093539886	0.1695193	-0.24461234	0.38690782	0.29655176	-0.3703685	0.13277294	-0.5498579	-0.08632924	0.3262571	-0.52577686	-0.3408473	0.5813822	-0.15645838	-0.028655987	-0.07887149	-0.1415299	0.4797021	0.15946054	-0.2156244	-0.07878338	0.4518119	0.6419075	0.06664662	-0.78616226	0.082358934	-0.22664693	-0.018227879	0.35138813	-0.7143903	0.11502371	0.36836496	-0.2945969	-0.37290588	0.044320706	-0.14460118	0.5350516	-0.10738162	0.06752356	-0.30052337	0.71565586	0.5079597	0.12042072	-0.08428714	-0.30035573	0.10967286	-0.4439773	0.7429823	0.25588733	-0.40175623	-0.2754727	0.5731093	-0.34464327	0.08772556	-0.020399733	0.33726043	0.19520555	-0.45718765	0.152942	-0.39210075	0.25623962	0.562468	-0.017711889	0.19063167	-0.49623746	-0.26172954	0.0698592	0.5203474	0.03572449	-0.503429	0.17691617	0.18419743	0.29279605	0.10456049	0.32081017	-0.3274072	-0.10017322	0.30920634	-0.18510908	-0.46067694	-0.31940007	0.5292963	0.41178808	-0.011007838	-0.40725854	-0.8575829	-0.77437353	-0.09318815	-0.34283358	-0.24142867	-0.16471823	0.3595948	0.14139105	0.219748	-0.36799872	0.51692086	0.023020497	-0.24581331	-0.06352878	0.14635271	0.23298644	-0.10724326	0.41165257	0.0048331204	-0.3713645	0.08358497	0.49131864	0.164721	-0.04504181	0.14677432	0.5016605	0.05657653
0.028728675	0.26321787	-0.24559952	-0.110628396	-0.008732699	0.0974806	0.47806013	0.22910172	0.25832444	-0.26086858	-0.20048995	0.05181114	0.0942401	0.020892436	-0.07718516	0.07744863	-0.24015942	-0.5233358	-0.31163207	-0.21871592	0.2295137	0.028266596	0.06267551	-0.052597687	-0.24977791	0.22316813	0.053419854	-0.30480397	-0.2400833	0.084008746	-0.16178492	-0.16749719	-0.017506152	-0.079939194	-0.18449232	0.24499094	-0.3116548	-0.35321608	0.17018099	-0.08524169	0.048554532	-0.24512932	0.21664937	-0.2640637	-0.05912092	0.013209424	0.116067596	0.0892662	0.19908847	0.30591765	-0.01318149	0.08784738	-0.18585548	-0.40293875	-0.10603038	-0.32373583	0.14119875	0.26063016	-0.11207558	0.3313487	-0.16175269	0.02903008	-0.08768339	-0.0034247467	0.39658126	-0.21380806	-0.14371602	-0.014569866	-0.2653507	0.039736412	0.02042915	0.08216236	-0.087589845	-0.1024797	0.08946256	0.20944579	-0.13102569	0.18944845	-0.18281488	-0.08933749	-0.15197618	-0.18146232	0.40251234	0.09748084	-0.28897837	-0.20598803	0.05814198	0.1484081	0.27747777	-0.10810478	0.025858475	-0.24529356	-0.28229046	-0.15215929	-0.2146204	-0.0279563	-0.06344425	-0.30711746	0.0516873	-0.31125492	-0.106869586	-0.26511735	0.07060231	-0.18549748	-0.060636338	0.077460475	-0.24794003	0.29488903	0.076383874	0.25282738	0.2809172	0.22468165	0.28738034	0.15980147	-0.36148623	0.26178896	-0.1419092	0.052111506	0.23360941	0.056221567	-0.095083155	0.13771006	0.6072512	0.29745322	-0.2914703	-0.08013056	0.5546744	-0.05072835
0.20133804	0.15896575	0.058134314	0.15073521	0.5973385	-0.21945149	-0.069002755	-0.15101777	0.11812427	0.07674203	-0.26318726	-0.049084328	-0.24841884	0.14027739	0.07005402	0.31569582	-0.22181825	-0.098197885	0.026504187	-0.0001715286	0.03129044	0.19106802	0.07105617	-0.15578854	-0.68835306	0.6804904	-0.12444527	-0.26074064	0.11281681	0.020981416	-0.037828382	-0.43509525	-0.6905533	0.19119899	-0.030510372	-0.12621444	-0.41013005	-0.45472685	0.29958108	-0.66655606	-0.6018361	-0.35516885	-0.09968015	0.052521233	0.25670984	-0.6393056	0.35241702	-0.06365606	-0.51874393	-0.36941645	-0.9304214	0.41132328	0.6068453	0.04915167	0.11250851	0.3213001	-0.13156654	0.9150654	-0.19838017	-0.7548118	-0.44467133	-0.16111608	-0.19415736	0.20184393	-0.17059675	-0.24363078	-0.059033964	0.035491236	-0.07610872	0.017651673	-0.17068416	-0.39787528	0.07902002	-0.37641928	-0.15104908	-0.006790247	0.051135715	0.0023656813	-0.008856285	0.34542742	-0.6936299	-0.33770785	-0.047462583	0.8970375	0.10644237	-0.38694283	0.018711895	0.017528106	0.3599268	-0.18383844	0.24204947	-0.28182793	0.1590099	-0.034386452	-0.22889818	-0.44529808	-0.1992396	0.3558303	0.10109768	-0.1681352	0.142392	-0.5362244	-0.5823476	0.27909568	0.3265479	0.4906026	0.13910174	0.2879561	0.33671585	0.48071483	-0.08242584	0.48520482	0.42222324	0.39465678	0.039753407	-0.3782921	0.104928784	0.19468124	0.51368445	0.18530414	-0.3094116	0.22359955	0.6044157	-0.15765785	-0.97527504	-0.47693813	0.051741716	-0.017464103
-0.10159337	0.46889058	0.54232794	0.12568085	1.1106893	-0.044533428	-0.008354652	-0.16468045	0.65094143	0.40751815	0.5469946	0.435296	-0.078163676	0.27492055	-0.18865177	0.29585442	-0.35017484	-0.2929189	-0.30076453	0.34497526	-0.33957425	0.12931757	-0.70309323	0.17363256	-0.6942822	1.1205114	-0.09847957	-0.03887037	-0.3534997	0.414592	-0.35380012	-1.0095285	-0.40503323	-0.2540513	-0.32521126	-0.055038337	-0.82868594	-0.18005064	0.6152537	-0.42498365	-1.3711164	-0.045622464	-0.33895588	-0.3830055	0.33417583	-1.2989144	0.63937235	-0.09036005	-1.114057	-0.36595505	-1.0933189	0.45455852	0.4288568	0.06684818	-0.09343924	0.61754465	0.2849556	0.21005137	-0.004091388	-0.6481375	-0.16505338	-0.06857002	-0.7108213	-0.28533936	0.25228798	-0.39502192	0.5440556	-0.34239134	0.33602336	-0.16143557	-0.06562441	-0.31703228	0.32245356	-0.64077145	-0.29178074	-0.3222721	0.22091272	0.8347988	-0.42662537	-0.14672025	-0.6826706	-0.59286803	-0.56777906	0.03605866	-0.25562766	-0.5504409	0.4522155	-0.44960535	0.5049999	-0.23717959	0.97406936	-0.10744658	-0.8709201	-0.65547466	-0.13171151	-0.26587245	0.03536141	0.2681447	0.03365124	0.45012635	0.49181136	-0.3515996	-1.206216	0.64417636	-0.3972387	0.48148233	-0.5193843	0.26015526	0.96688867	0.524731	0.40600282	0.81155986	-0.008277927	0.42829815	-0.11609004	0.08829254	-0.74604243	0.26210368	0.20234762	0.07564052	-0.7429828	-0.51656544	1.3765833	-0.3737373	-1.097644	-0.74677956	0.43917486	0.32303932
0.40339014	0.15125501	-0.43550998	-0.299747	-0.16540605	0.07929883	0.10271744	0.12800078	0.55067354	-0.43719885	-0.20194581	0.30022252	-0.039939165	-0.29987586	-0.27250051	0.49739814	-0.17585629	-1.1678842	-0.4177607	0.090666935	-0.26845777	0.11199466	-0.3626828	-0.5950753	-0.6811953	0.39670375	0.05608689	-0.4219897	-0.056593265	0.2406913	-0.1681206	-0.15740407	-0.083883	0.48886925	-0.4052273	-0.025334105	-0.56489444	-0.7673588	-0.015349731	-0.3170078	-0.08914142	-0.0009308052	-0.20202081	-0.15319797	0.20629661	-0.16788143	0.25332853	0.22602849	-0.44569317	-0.03039519	-0.47005242	-0.2666737	0.16957898	-0.18992384	-0.113070734	-0.299859	0.29999816	0.50316924	-0.07726927	-0.122035906	-0.43289015	-0.11760085	-0.5069068	-0.5985073	-0.010110158	0.23475029	0.040437166	-0.46144375	-0.35157856	-0.6977061	-0.22335532	-0.34578037	0.38362163	-0.23207276	0.4141352	-0.1914977	-0.087592736	-0.6506333	-0.27210897	-0.54271585	-0.42639592	-0.6943494	0.36815825	0.17193408	-0.05877784	-0.081586614	0.4788741	-0.088146366	0.070572175	-0.13148247	-0.0033685039	-0.34042093	0.011024435	-0.3855231	-0.5315392	0.12107697	0.16713111	-0.267626	-0.07824934	0.34157357	0.18955621	-0.68433005	-0.12565295	0.23676884	0.52565527	0.2764756	-0.42576104	0.51046145	-0.14678802	0.20181549	0.3387259	0.20071624	-0.16391665	-0.037639	0.079275176	0.06539208	-0.47979483	0.19051914	-0.026904983	0.23758861	-0.21838525	-0.13007927	0.19766782	0.13821238	-0.5162118	0.54755104	0.554361	0.039654575
0.3356412	0.23669177	0.24128695	-0.04707972	0.32084796	0.0486232	-0.25542098	0.1324733	0.45741054	0.03436404	-0.17811172	0.23076507	0.11767432	0.010651108	0.014249712	0.39554846	0.076883875	-0.2534539	-0.084779896	-0.20521294	0.007327143	-0.28040245	0.47259426	0.07439487	-0.14826709	-0.042228565	0.17515424	-0.08422486	-0.30659643	0.021833317	-0.19784458	-0.0768598	0.16218285	-0.0006385401	0.052647036	0.4448828	-0.19100772	-0.06624695	0.27640498	-0.06473886	-0.58109957	0.32841098	-0.30170867	-0.07282869	-0.21416005	0.011187855	0.045439303	-0.038523175	0.2080403	0.08331691	0.075582184	0.07627092	0.010023486	-0.029671185	0.21776386	-0.14460781	0.16837545	0.1106048	0.24311571	-0.023520488	-0.114186764	-0.014152378	-0.5507977	0.23485614	0.15125838	0.25125653	-0.0178485	0.32198462	-0.262077	0.091029465	0.19962248	-0.16414554	-0.2338381	0.095645815	-0.0073959013	-0.14858647	0.028758649	0.20679346	-0.22087419	-0.09103666	-0.26415762	-0.29046217	0.2393617	0.29014558	-0.011569581	-0.48304862	-0.23681024	-0.16738404	0.053230196	-0.28850606	0.045732636	0.12017755	-0.15687656	-0.050416876	-0.07415208	-0.28066036	0.04471184	0.01746838	0.12488331	-0.20243996	-0.11812175	-0.55834085	-0.40068117	-0.16498183	-0.029830586	-0.11708731	-0.19868444	0.19911565	-0.05270421	0.03034481	0.11597687	0.08272255	-0.21953905	-0.037548352	-0.13532452	0.03436661	-0.081157334	-0.26464665	0.31476387	-0.10681893	-0.09076422	-0.019051112	0.1928634	0.03157623	-0.12627359	0.020715157	-0.004125827	0.13592432
-0.0038618846	0.12214366	-0.051747326	0.044968963	0.16620848	0.1623184	-0.0136768	-0.00023173078	0.1478159	-0.012795206	0.03404243	0.13717438	0.105804764	0.15626656	0.12983376	0.23185422	-0.05704114	-0.08418975	0.12160389	0.06530129	-0.052881602	-0.13394429	-0.1644106	-0.007474169	-0.082803816	0.052634306	-0.080831036	-0.20198607	0.01476508	-0.012082738	-0.076065116	-0.23408048	0.1501005	0.21942379	0.08112064	0.12432423	-0.13143909	-0.094627135	0.24298397	-0.09531838	-0.20884922	-0.03940691	-0.05385574	-0.014709288	0.14936627	-0.1974697	0.21363446	0.29397547	-0.2971455	0.04212203	0.024114598	0.045578606	0.22337876	-0.010632661	0.026746668	0.009242629	0.21699171	0.21085225	0.09274007	0.007942798	0.04442073	0.02374522	-0.058125816	0.13893795	0.2519451	-0.10731588	0.09532243	0.08360883	-0.024208844	0.06522426	0.20429684	0.012493237	-0.067504264	0.034017157	-0.0626186	0.0538075	-0.05333781	0.099192604	-0.098497875	-0.01560635	-0.12412231	-0.25248218	-0.034283355	0.180745	-0.06391419	-0.24660613	0.0721587	0.12036835	0.022452056	-0.17796542	0.13665512	-0.17081216	-0.13978867	-0.12534969	0.04274431	-0.052785806	-0.018454257	0.15569174	-0.026810136	-0.2233911	-0.007926506	-0.36119658	-0.15463524	-0.01757882	-0.037598327	0.06339891	-0.031178495	-0.15195633	0.15751316	0.094609015	0.013608658	0.24897645	0.09078427	0.02424218	0.09644392	-0.04638647	-0.07369588	-0.0065226723	0.2128197	0.09298061	-0.16278332	0.11388066	0.2146322	0.09767832	-0.12019219	-0.2074705	-0.040130388	-0.07649155
-0.2216841	-0.14447564	-0.046973497	-0.044289477	0.12524493	-0.22410864	0.06901601	0.0046782494	0.1976162	-0.05597425	0.13717021	0.09011074	0.120993786	0.27794665	0.008419782	0.16477221	-0.24368487	-0.49232188	0.03216981	0.27196437	0.015847309	-0.36721098	0.08423976	-0.19922838	-0.19551186	-0.11064214	-0.37410736	-0.17894115	0.42456076	-0.06896167	-0.27826276	-0.49034527	0.019275025	0.6630403	0.08646895	0.06961701	-0.3109612	-0.13098876	0.4665503	0.0795941	-0.32134277	-0.108517885	-0.062050916	-0.15526727	-0.015288405	-0.44163665	0.5840527	0.2680661	-0.62938964	-0.12564619	0.14212969	-0.11226889	-0.005736683	-0.02824239	0.14080052	-0.068368934	0.46069252	0.5466556	0.10876526	0.07501257	-0.04361498	0.030612402	-0.22413018	0.40803525	0.2570179	-0.09326709	-0.09552729	0.025965663	0.034957245	0.026206741	0.15305334	0.18189232	-0.15880819	0.2616369	0.106182605	0.03427144	-0.1996847	0.05036481	-0.06779422	-0.088149	-0.18467258	-0.4078928	0.10726612	0.21507265	-0.2959701	-0.35707074	-0.31233308	0.38051766	0.069710955	-0.2483913	0.19515724	-0.40078464	-0.25702274	-0.20380065	-0.020868812	-0.23671713	0.044506755	0.2710486	0.14798956	-0.3469073	-0.04268496	-0.58071584	-0.6187446	-0.053493015	-0.2420686	-0.010712701	0.0791076	-0.042174574	0.17198049	-0.011922478	-0.1851515	0.54174757	0.09143762	0.17390952	0.054764416	0.05014511	0.15111178	-0.20200482	0.14923406	0.16288748	-0.32572466	0.15157068	0.3378795	0.14655703	-0.2549002	-0.1850937	0.012512253	0.033118796
0.16146702	0.14635098	0.15086323	-0.13510689	0.21054351	0.017678471	-0.1693244	-0.1174665	0.15709233	-0.009132768	0.07613869	0.09945865	0.09826793	0.17148644	0.14166668	0.16384102	0.015496241	-0.08421579	-0.09288307	-0.03403328	0.028279034	-0.19152841	0.18992032	0.06955067	-0.2045643	0.011467048	0.031036705	-0.14603171	-0.080923036	-0.037049234	-0.18662408	0.13152699	-0.0595272	0.19677159	0.24100728	0.22745179	-0.056375038	0.2041074	0.16812652	-0.024952974	-0.30178595	0.31428048	-0.3439262	0.19692294	-0.00895806	-0.21568447	0.16252317	-0.029165005	-0.10975014	-0.050380766	0.045000836	0.025847115	0.24918264	-0.17796157	0.026786283	-0.17155285	0.37733713	0.4022436	0.048748493	-0.04086694	-0.13807537	0.0651701	-0.32244712	0.29290095	0.29463643	-0.17777391	-0.055376787	0.2565226	-0.09971595	-0.03264258	0.11254104	0.14548142	0.024740944	-0.0031971815	-0.02881598	0.038708616	-0.100750625	0.1811449	-0.1204875	0.07642507	0.117059216	-0.31092355	0.18606651	0.24811453	0.023197375	-0.1775784	-0.035327323	0.12352744	0.34508085	-0.28398734	0.02344491	-0.061129883	0.09312388	0.17752357	-0.18113448	-0.059360094	-0.1283363	0.26974604	0.087730534	-0.41390678	-0.0114894705	-0.43469378	-0.50543046	-0.11899607	-0.22529678	0.025083289	0.11664219	0.015797934	0.2946964	0.13559066	-0.053745843	0.20204778	-0.05701615	-0.4078356	-0.13789576	-0.011520696	-0.15429042	-0.14800389	0.16675176	0.05941269	-0.10770909	-0.0797527	0.041001555	0.14850882	-0.09567619	-0.16234025	0.12774274	0.15855674
-0.28007433	0.6005911	0.4301804	0.13360436	0.70458186	0.27996916	0.16122195	0.049233094	0.16370529	-0.051195677	0.088944405	-0.021511137	-0.20675944	0.57431155	0.24503863	0.13816512	0.21135776	0.48387748	-0.22320496	-0.07266295	-0.38392663	-0.16270413	-0.25854588	0.00081032503	-0.25900075	0.7982718	-0.081504904	-0.11739966	-0.036421005	0.64564085	0.17781799	-0.3312025	-0.37978682	-0.14433745	-0.1100953	-0.20454258	-0.28115302	-0.23944983	0.111045495	-0.055020247	-0.092147484	0.08477958	0.1603665	0.046792686	0.544974	-0.76627034	-0.049567387	-0.04681759	-0.59104925	-0.43440983	-0.6577652	0.46937743	0.96188056	-0.16232102	-0.027045473	0.15528597	-0.12667355	0.90429705	0.1551621	-0.48939723	-0.38625538	0.037632342	-0.3036675	0.27511504	0.22585993	-0.41183814	0.0054760454	-0.038280804	0.00440438	0.18070817	-0.12470059	-0.57119405	0.60823727	-0.6837203	-0.10654419	0.021588879	0.02628718	0.5187201	-0.5700451	0.023008915	-0.3644481	-0.305113	-0.4417504	0.6040315	0.09343858	-0.7971893	0.5158022	-0.023471933	0.59455436	-0.009789597	0.16889173	-0.2572002	-0.28903556	-0.34426874	0.014177879	-0.56123245	-0.7649492	0.49490428	0.31829807	-0.2959661	-0.2643347	-0.43871808	-0.08122705	0.489148	-0.058601588	0.22060712	0.11396497	-0.27688745	0.27724043	0.25124592	-0.27166998	0.3173121	0.43848616	0.1599127	-0.19417791	0.19989651	-0.4698539	-0.05449579	0.8385759	0.099964835	-0.13486354	0.19176044	0.6978126	-0.16829911	-0.5045213	-0.331449	0.3348514	0.34586075
0.14292265	0.17039736	0.0026232307	-0.056504343	0.07185034	0.17281798	0.07688029	0.24186347	0.15471302	-0.17710203	0.20916958	0.15625231	0.12102286	0.15321359	0.101081625	-0.02814149	0.0755496	-0.055235457	-0.08766608	0.13411468	0.030911949	-0.013502271	0.08175614	0.119382374	-0.21403956	-0.046902686	0.19112028	-0.14798287	-0.011784376	0.16416755	0.066931255	-0.23785609	0.11948429	0.14050679	-0.06330778	0.06152377	-0.13180032	-0.2732613	0.037483644	-0.019036304	-0.22747387	0.03406152	-0.12916544	-0.03621838	0.044625822	-0.12618306	-0.032176707	0.21063527	0.14768645	-0.033342086	-0.17216846	-0.0541254	0.061024845	-0.2002538	0.06250639	-0.3150116	-0.015481457	0.027372008	-0.045890708	-0.061718095	-0.18301503	0.05856261	-0.18392672	-0.03884038	0.25186476	-0.027860943	0.092097506	0.17244929	0.06281966	0.11956753	0.041715145	0.07566339	-0.085769095	0.078201406	0.051716823	0.08169996	0.10862371	-0.018770933	-0.18308595	-0.08423656	-0.09115914	-0.26972133	0.11069143	0.0965743	-0.08477435	-0.24168578	0.1535239	-0.17810157	0.17072603	-0.059936922	0.07659075	-0.14867006	-0.09642572	-0.16154224	-0.082852155	-0.12921982	0.06736369	0.09011617	0.202329	-0.15873991	0.06629166	-0.3892719	-0.10976765	-0.0359585	-0.08195189	0.2836911	-0.120781876	0.093301974	0.1177536	0.03600406	-0.03042082	0.107664034	0.097295076	0.20595847	-0.20162451	0.04263413	-0.14342412	-0.07972539	0.05759983	-0.049335226	-0.05089028	-0.040265903	0.040417835	-0.015975501	-0.010505153	-0.050537813	0.25047392	0.054194614
0.3312366	0.12466821	0.03918059	-0.22886911	0.5246281	-0.2410114	-0.08580506	0.02076448	0.72882915	-0.00025578885	-0.35529992	0.017121706	-0.71264595	-0.29946572	0.12729377	0.06482576	0.33053488	-0.71250075	0.15978931	0.5662174	-0.155144	-0.12238449	-0.039106816	0.15467459	-0.5813908	-0.024921581	-0.27583617	-0.4342087	-0.40128472	0.22923128	-0.33370957	0.07475569	-0.045927834	-0.2489069	-0.1993893	-0.15517896	-0.84397596	-0.26234034	0.24838541	0.06075582	-0.04194989	-0.10999826	-0.8050283	-0.26402152	-0.48488647	-0.6432304	0.089516506	0.3286387	-0.37978062	0.055178445	-0.19196306	-0.105265394	0.11965693	-0.31006795	-0.0037250496	-0.008298586	0.8784868	0.009363037	0.2939722	0.20164438	-0.052427486	0.26082328	-0.2546316	0.06960903	0.2291621	0.21255983	-0.21059658	-0.12200425	-0.20793143	-0.12354624	-0.15710989	-0.40194926	0.71252614	-0.03497734	-0.30239332	-0.33010483	0.01724929	-0.2868125	0.011156066	0.304116	-0.16268103	0.0859789	0.6017451	-0.15551549	-0.2881532	-0.20341368	-0.41627032	0.24895085	0.49613342	0.553057	0.12955853	0.09429704	-0.18985675	-0.035644684	0.30383706	-0.0042981235	0.2982329	0.04058385	0.06577464	0.13270877	0.29430932	-0.24752188	-0.63013107	-0.26188025	0.15518536	0.028392142	0.027034365	0.3636517	0.1256201	0.69848514	0.11278381	0.32192472	0.17766514	0.43284845	-0.6762099	-0.008256298	-0.19848922	0.34468514	0.12656933	0.21737291	-0.28275242	-0.03477253	0.35383448	0.19581565	-0.53151846	0.36514148	0.35872948	-0.059310433
0.07870863	0.24751103	0.06064052	-0.072937146	-0.08769181	0.11553255	0.12820332	0.04303798	0.25599587	-0.09347099	5.52319e-05	-0.06296675	0.06679382	0.008145847	0.09676872	0.15089992	0.07300732	-0.18566512	-0.23813798	0.12113416	0.07025646	0.023485664	-0.012090837	0.065675184	-0.26857498	-0.18976542	0.11032902	-0.089110725	-0.1734312	0.19690084	0.061701518	-0.086086646	0.033744577	-0.043854803	0.114697814	-0.06934793	-0.08461732	-0.08303178	0.028237877	0.10880342	-0.07802421	-0.06267237	-0.21354978	-0.086137235	0.029686036	-0.025570165	0.3203301	-0.02917383	-0.030076915	0.1477174	-0.044527367	0.03319051	0.08897837	-0.17791796	0.034697898	-0.009335982	0.2578792	0.107129924	0.022790143	-0.012079751	-0.041592803	0.16110034	-0.43843567	0.109072424	0.19452116	-0.056132466	0.0011035921	0.01029751	-0.06785798	0.092766345	-0.020594042	0.10616554	0.071123965	0.09049182	-0.091458105	-0.026092345	0.099315986	0.23139961	-0.17817383	-0.06832117	-0.17643829	-0.13663456	0.13684864	0.078056104	-0.1586262	-0.31172785	-0.2280308	-0.0021887033	0.2677897	-0.21435598	0.112809256	-0.02667331	-0.1650417	-0.108229496	0.014448781	-0.079941064	0.16725866	0.07077674	0.15562002	-0.21755654	-0.24181226	-0.1669956	-0.13245176	-0.0519101	-0.13018778	-0.0432099	-0.13774149	0.027861953	0.13556181	0.13619743	0.05035586	0.2372845	0.020318659	0.0126148425	-0.1674488	0.021180725	-0.0042574587	0.034639493	0.018444588	0.19785221	0.013956668	0.023130719	0.13824883	0.24387047	-0.13186403	-0.11194594	0.19400188	-0.0071633616
-0.06181002	0.27406627	0.56712174	0.16314766	1.2445953	0.20065495	-0.055912625	-0.1114697	0.59484804	0.13137265	0.4693834	0.15879911	-0.36338848	0.6108647	0.22610869	0.43419668	-0.098211475	0.059551187	-0.40813124	-0.22704262	-0.3364328	-0.4433933	0.16005224	-0.5770305	-0.4305368	0.60417545	-0.20602466	-0.057250116	0.3604115	0.9995567	-0.28572053	-0.3618394	-0.19101582	0.0733058	0.07245682	0.19604841	0.13292946	0.16300957	0.6074774	-0.13091636	-0.6597697	-0.016486136	0.11132425	-0.21194132	0.18385737	-0.59459	0.3388935	-0.3696608	-0.9018198	-0.50462323	-0.38782167	0.28606272	0.6278543	-0.1759346	0.23056556	-0.12474355	0.08792896	0.5287271	0.0143380575	-0.4371134	0.06620425	0.0018416129	0.3894519	0.04782893	0.63803	-0.3708858	0.67189384	0.391106	0.2658045	0.4101574	0.11929887	-0.4163132	-0.009993013	-0.11624912	-0.17563576	-0.45343775	0.107934535	0.24379057	-0.11170377	-0.20787264	-0.6427025	-0.74377924	-0.49423715	0.53926885	-0.25913218	-0.78826535	0.41115177	-0.030903986	0.30371237	-0.08298144	0.5829591	-0.5966096	-0.6294879	-0.26238635	-0.36201614	-0.24245113	-0.1367224	0.75270766	0.0068924488	-0.33087617	0.0017209474	-0.88593066	-0.8129608	0.39813432	0.1040738	0.034674574	-0.104117185	0.14765698	0.2590173	-0.025368549	0.15079904	0.26684204	0.25474343	-0.3334678	0.021499434	-0.10908996	-0.7457526	0.15635237	0.8125959	-0.00055174844	-0.1726513	0.043014698	1.0624868	0.45221856	-0.50033975	-0.70743144	0.35946316	0.73904246
0.28709647	0.3601272	-0.18568064	-0.06447344	0.23107697	0.27496967	0.80802333	0.62269175	0.4143753	-0.5913219	-0.21736005	0.19971646	0.1372232	-0.06323415	-0.049697686	0.11474577	-0.42814025	-0.6910794	-0.39505962	-0.3678859	0.24864878	-0.049885187	-0.04633454	-0.24865149	-0.49224016	0.26985845	0.103082895	-0.44517753	-0.2649565	0.050352257	-0.19092856	-0.11319472	0.051994957	0.012915755	-0.13983674	0.31611052	-0.39582497	-0.7271557	0.24042924	-0.21888897	0.1989794	-0.26047924	0.39173892	-0.28232715	0.036940243	0.07638467	0.36874965	0.38725132	0.27343825	0.46472734	0.18577449	-0.26963356	-0.31234178	-0.3143619	-0.23679025	-0.6444994	0.07153008	0.42981523	-0.2464185	0.53685445	-0.38392407	0.26935422	-0.076076545	-0.009129062	0.5589707	-0.4246461	-0.02687204	-0.14811553	-0.28195587	0.09245559	-0.17198947	0.03685418	-0.06898066	-0.23720068	0.14902201	0.09602608	0.018088998	0.02117724	-0.1625774	0.063172214	-0.029915696	-0.22038342	0.6716933	-0.08358823	-0.21556774	-0.19300586	0.10899892	0.29909205	0.2822442	-0.16719215	-0.22936817	-0.37011623	-0.3732534	-0.3296167	-0.5061219	-0.023917578	0.12879604	-0.45292908	0.080540925	-0.58400226	0.24056031	-0.23336177	-0.0044613373	-0.32085904	0.11457081	0.21334869	-0.43578765	0.41333205	-0.15579148	0.21367279	0.37511706	0.3291763	0.31607231	0.25009733	-0.30453822	0.41660145	0.027775202	0.10594051	0.36738425	0.23933166	-0.20633814	0.23289177	0.6943362	0.35998878	-0.3750728	0.15993348	0.7111664	-0.42763606
0.14418887	-0.01717523	0.010905304	-0.14069596	0.17549768	0.05842329	0.00924083	0.014956289	0.12952693	0.15628992	-0.004592498	0.059731092	0.04018441	0.0505904	0.05082171	0.13891432	-0.07706257	-0.23450547	-0.03358001	0.12036885	-0.013968704	-0.0049301386	-0.031167012	-0.01628536	-0.15112634	-0.0037361232	-0.13083316	-0.029803164	-0.048396	-0.02419098	-0.05091553	-0.18711331	0.08596163	0.21606323	-0.041621905	-0.02049225	-0.20980054	-0.105214454	-0.003815396	-0.13199729	-0.16282663	-0.06885235	-0.11903254	0.045632344	0.079755604	-0.117035836	0.101752624	0.16626376	-0.24991693	-0.059326213	-0.015926925	0.11036265	-0.0021412643	-0.008416764	-0.038579695	-0.0055179163	0.20472154	0.23236427	0.041953847	0.053993855	-0.22099613	0.016822726	-0.06773452	0.1134826	0.09227837	0.00025055697	0.014469874	-0.008706765	0.004188836	-0.07081538	-0.13169748	0.008537353	0.11553532	-0.058880787	0.06731616	0.017491426	-0.12160081	-0.13357812	-0.10850531	0.029694363	0.011149428	-0.13201813	0.04298718	0.06434755	0.074872606	0.040409926	-0.05466657	0.15502933	-0.0344384	-0.04301913	0.034581542	-0.113706596	-0.046349168	-0.04530866	-0.018476076	-0.09791283	0.07832083	0.16510947	0.05170018	0.036407482	-0.029974908	-0.19928287	-0.27246422	-0.051422775	0.030408852	0.017632581	-0.046537858	-0.09597628	0.13795346	0.050715066	0.0029546253	0.14025001	0.06768647	-0.046407524	-0.047312886	0.10211495	-0.12567043	-0.02076371	0.08778718	0.021731608	-0.10204978	0.063438386	0.040361274	0.05824254	-0.095356494	0.047388244	0.11804436	0.058102805
0.30734402	0.24365556	0.41729978	0.24085887	0.9846319	0.38326895	0.15386565	0.13475734	0.11167736	-0.056611944	0.31806126	0.16157615	-0.24234927	-0.024318038	0.13133864	0.3391914	-0.1562595	-0.10310595	-0.23459452	0.014693132	-0.23960368	-0.12798171	-0.36354366	0.16569713	-0.30445594	-0.24509498	-0.30882835	-0.12762545	-0.3677775	0.4034399	-0.20036034	-0.40094632	0.18232146	-0.016880022	-0.059063807	0.20332214	0.017122058	0.25227624	0.49970195	0.24180107	-0.64205587	0.22641677	0.1832302	-0.04804961	0.07216815	-0.09441349	0.44544822	0.09670378	-0.25405803	-0.2931271	-0.2341852	0.14401083	0.2809871	0.17629184	0.17135486	0.0015999491	0.26035163	-0.0004280681	0.09377137	0.29595906	0.08078827	0.21018635	-0.6124694	0.19740789	0.69645905	-0.013976008	0.1479987	0.25820318	-0.12399042	0.15998082	0.10855097	-0.4420723	0.3611695	-0.3937837	-0.20387988	-0.2574741	0.3492963	0.38582718	0.11103772	-0.058212526	-0.31476933	-0.1564377	-0.29720607	0.1995169	-0.20981117	-0.6504631	-0.17751466	0.42875776	0.687742	-0.24462384	0.22624987	0.122699164	-0.5673229	-0.31866074	0.32809275	-0.19184288	-0.1732017	0.37543747	0.15285003	-0.2692705	-0.31251615	-0.7246172	-0.5670937	0.2037873	-0.106180795	-0.19428134	-0.12779045	-0.17868389	0.87923056	0.1919215	0.028561467	0.10788912	-0.13895965	0.073772624	-0.5280001	0.32022503	-0.4360634	0.15948747	0.8794814	-0.37848926	-0.21113048	0.1683261	0.5951059	0.21768641	-0.40251788	-0.35195303	-0.11622996	0.35505572
1.211862	-0.04597342	0.9254579	-0.15538397	1.5057791	0.18429226	-0.5472245	0.16739483	0.27827036	0.32368922	-0.49032292	0.5425198	-0.51643443	0.055689987	1.1889493	0.30543068	0.50970495	-1.158308	-0.10589347	-0.008813602	0.02297834	-0.71598136	-0.2791347	0.39940685	-0.49417385	0.32382253	-0.8696562	-0.49307266	-0.51990426	0.42141268	-0.14722568	-0.6433634	0.6157192	0.18797597	-0.16067934	0.03615733	-0.969566	0.3458371	0.42442757	-0.024782684	-0.012755805	0.56566715	-0.17553753	0.37375113	-0.29435587	0.16818412	0.02804842	0.69804853	0.29847664	-0.5668153	0.33989212	-0.3967073	-0.062435597	-0.25963348	0.8527844	-0.1609473	0.8329239	-0.018386919	0.109112255	0.52565724	-0.5930102	-0.3305475	-0.6864905	0.95476663	0.15302955	0.9760133	-0.463137	-0.09131499	0.15763976	0.04407825	-0.4464518	-0.2767278	0.061528247	-0.2637532	-0.36908406	0.0040907445	0.89743316	-0.27667567	0.36077034	0.19733405	-0.341718	-0.5424733	0.1528703	0.04504405	0.11862033	-0.44623733	-0.028647773	0.052475903	0.39827034	0.36407483	0.5695657	-0.3652041	-0.4493457	-0.2620659	0.35375068	-0.99451774	0.44461498	-0.3067068	-0.019028114	-0.41974145	0.4350373	-0.5889372	-1.0552652	0.10070102	0.33605343	0.15142308	-0.5016457	0.15201947	0.25913876	0.49262193	-0.058845993	0.25147513	-0.6332254	-0.15656097	-0.45138654	-0.064623915	-0.58529377	0.69024676	1.0877509	-0.3577992	0.058731593	-0.25351733	-0.38865846	0.72718847	-0.84777015	-0.18744302	0.8424115	-0.34816894
-0.24656333	-0.11588629	-0.0063439105	-0.32459247	0.17585737	-0.37676728	0.24355386	-0.11363309	0.9213536	0.5714595	0.33346996	0.2836836	0.2520561	0.7803554	-0.07663294	-0.26811513	0.18604791	-1.0909243	-0.43685922	0.3639794	0.24825153	-0.17895849	-0.69504833	-0.17686461	-0.121007666	-0.23932463	-0.9672712	0.0060446705	-0.23425344	0.4441947	-0.3750179	-0.54535747	-0.5701547	0.7161246	-0.054117866	0.32018822	-0.4875486	-0.9533186	0.41699252	-0.24256213	-0.995587	-0.21776207	-0.21562059	-0.25504792	0.22279605	-1.1558765	0.7123788	0.02343347	-0.80747086	-0.2813363	0.54983985	-0.03147653	0.49293607	-1.254568	-0.020350885	-0.76501495	0.66465336	0.16675934	0.15591928	0.04468142	0.084676616	0.040982567	-0.24066633	0.6191205	0.37885094	-0.13982667	0.044323996	0.22609617	-0.10486006	-0.15131588	-0.71743464	0.44112593	0.07197902	-0.73200065	0.12199762	-0.4987404	0.049965966	-0.07825876	0.23943037	-0.42685863	-0.18888175	-0.13796088	0.4651507	0.02614825	-0.5687362	-0.20894612	0.7189778	-0.104257934	0.43822017	0.06169798	0.45349133	-0.054387286	-0.78884	-0.7837197	0.28168496	0.11363413	0.25633	-0.09250768	0.549036	-0.10420077	-0.25048077	-0.40375212	-1.0534581	0.5708363	-1.1539863	0.1558173	-0.001643769	0.5277253	0.20547824	0.35589916	0.6475091	1.2628291	0.2930876	-0.087265335	-0.17219616	-0.53672135	0.21030554	-0.19534424	-0.59221065	0.1607958	0.2498169	-0.44114235	-0.14090373	0.78195095	-0.20510419	-0.53773063	0.77047604	-0.0050693606
0.17300507	0.0073056575	0.036163356	0.06954926	0.073787466	-0.18488106	0.1423175	0.16200735	-0.043396175	0.02817424	-0.04270109	0.124075815	-0.059698753	0.16742842	0.041059513	0.016530296	0.081419714	-0.25209716	0.24161808	0.045129966	-0.04167428	-0.10751865	0.016414724	0.26978052	-0.40613404	0.07936784	-0.22155602	-0.2700078	0.19215919	-0.053312786	-0.20967007	-0.34344926	-0.09599946	0.5850681	-0.10329591	-0.17521058	-0.09882471	-0.08621788	0.37783018	0.13162637	-0.5312369	0.2675259	-0.09847743	0.03085117	0.115047045	-0.37195376	0.16507465	0.24106647	-0.21118625	-0.104427755	-0.37771803	-0.112734735	0.22064582	-0.22592783	0.030302126	-0.07191899	0.12196002	0.32669327	0.06525974	-0.31450415	-0.20375241	-0.17548898	-0.14236578	0.43917847	-0.02919522	0.11920724	-0.22927366	-0.09942394	0.18826307	0.15333754	0.09067252	0.2279801	0.09222776	-0.05755228	0.34228614	-0.12510104	-0.122962296	-0.20937033	-0.0650189	-0.08333808	-0.13806787	-0.37274307	-0.048093542	0.23586698	0.06289784	-0.17737281	-0.012116343	0.24941589	0.15429746	0.08336481	0.118851274	0.008846544	-0.21570772	-0.052950095	0.22214188	-0.40994218	-0.14673635	0.23375975	0.29006746	-0.08427706	-0.10887715	-0.37854797	-0.51494324	-0.14936395	-0.25902012	-0.05384976	0.16328146	0.13106133	0.1490333	0.013437773	0.117717385	0.34428793	0.17127939	0.18780412	0.0034488314	-0.052216373	-0.118496545	0.09581481	0.15069681	-0.15696199	-0.2995024	-0.30776063	0.14616856	-0.286633	-0.37659743	-0.13762757	0.078454815	-0.07676533
-0.122698456	0.15282339	-0.10050913	-0.09391073	-0.0961367	0.14331867	0.12520781	0.48887214	0.23947787	-0.024862664	0.051779117	0.3238839	0.060862534	0.18056639	-0.10227058	0.0197816	0.028823018	-0.33284754	0.23120496	0.14626889	-0.040817536	-0.17845345	-0.04734045	0.002478964	-0.3019187	-0.052372046	-0.07205488	0.103538655	0.2457335	-0.046579044	-0.17015025	-0.30721462	0.04009456	0.13364723	-0.13910547	-0.28337935	-0.41402796	-0.24551767	0.35409474	0.22602868	-0.50011885	0.027487308	-0.11267815	-0.11014599	0.045440096	-0.19702367	0.105630495	0.5181302	-0.0065813637	-0.09008576	-0.20904982	0.022744402	0.027567869	-0.42518556	-0.39356238	-0.21865791	0.2738669	0.41480944	0.021645466	-0.25153077	-0.26135686	0.013718187	-0.1977053	0.3313354	0.16480282	-0.22285885	-0.10786116	-0.11165024	0.42099872	0.18783733	0.13693538	0.22040221	0.0046925526	0.0067896815	0.3256002	0.1955134	0.1340337	-0.08720996	-0.281544	-0.13284792	-0.0082584275	-0.3858112	0.026096405	0.21900392	0.046383128	-0.11602404	-0.11018307	0.30949265	0.099155545	-0.0490596	0.050696284	-0.17175217	-0.14618783	0.0113383895	0.16477436	0.095708296	0.03787118	0.26950648	0.093847916	-0.33602384	-0.062815174	-0.353709	-0.49966985	-0.34483075	-0.31876862	-0.16611727	-0.0022406671	-0.19115302	0.28190166	0.17310323	0.48731232	0.37357792	0.22396863	0.26156756	-0.16277736	0.09263105	-0.017857842	-0.15919642	0.12031075	-0.07147957	-0.36466104	-0.117358394	0.16378558	-0.2516747	0.13863957	0.050790332	0.19895758	-0.13532518
-0.3866837	0.012917587	-0.84241134	0.006140408	-0.17869988	-0.66230506	0.17621005	0.80736387	0.079739064	0.6766141	-0.0020920977	0.5494774	0.71364653	0.14830075	-0.63247955	-0.94352055	0.5327709	-0.5159323	-0.48068407	-0.3144158	-0.42923725	0.21920949	-0.106667034	-1.1219012	-1.0484339	-0.14749262	0.020585038	-1.6233011	0.08568028	0.035738032	0.30432856	-0.69702613	0.91101843	0.3558497	0.053581472	0.40000227	0.0468258	-0.44748437	0.2180996	-0.056224577	-0.654407	0.12839574	0.26706353	-0.07745871	0.18320078	-0.8229565	0.07009395	0.35573432	-0.815039	-0.1257517	-0.9582225	-0.5360382	0.24613546	0.5274241	0.27739528	0.33020923	0.19659884	1.1334124	-0.09446623	-0.25906348	-0.044859365	1.0526582	-0.36286572	0.4554753	-0.10235181	-0.51303345	-0.53824174	-0.08076249	0.3216337	-0.1514998	-0.17403595	0.059281066	0.44714358	-0.06532845	-0.25258473	-0.7642945	-0.1267508	0.14934242	0.8705443	-0.26053765	-0.7343458	-0.14143753	-0.8092491	0.81884867	-1.106571	0.020051658	-0.6579552	0.6022464	-0.004140433	0.22803475	0.1589328	-0.93819153	-0.24382047	0.4023195	-0.3039637	0.3982658	0.27179775	0.32761195	-0.18449031	-0.76872057	0.063526385	-0.80650246	-0.4796546	-0.19942077	0.4913661	-0.5918846	-0.06054966	-0.13973525	-0.5478866	0.5276055	-0.16704285	0.18444675	-0.48466453	-0.68177694	-0.2258407	0.0092649935	-0.8077651	-0.5680987	0.8537903	0.07994513	-0.84102666	0.28359392	-0.14228591	0.24333645	0.2213636	0.47617897	0.23549235	-0.60064954
-0.7351338	0.36287883	0.6550465	-0.8321963	-0.3304692	-0.58503187	0.24545166	-0.5091288	0.83264977	-0.26110202	0.11778708	-0.1554649	-0.56707346	-0.61075056	0.18060133	0.014626521	1.0270886	0.5072197	0.30168483	0.43150234	-0.1449195	-0.78434235	-0.010620804	0.13562812	-0.43758538	0.8271663	0.112554505	-0.62066406	-0.17783508	0.8144071	-0.076465234	-0.23248902	-1.1041212	0.10110926	0.06378093	0.3949758	-0.99229765	-0.13918424	-0.34949625	0.2642289	-0.006432143	0.656184	-1.7236586	0.61193144	-0.049957965	-0.3902093	-0.08363212	0.06417742	-1.0427493	-0.215229	-0.31800112	-0.035331294	0.5055582	0.5040994	0.18412556	0.5053731	0.35959673	-0.35261387	0.21762891	-0.75819594	0.4114333	0.013695494	-0.29595178	0.42595884	0.08072333	0.42583346	0.15385208	-0.9365535	-1.2578557	-0.6041998	0.25598475	-0.31222892	0.46993843	-0.2694758	0.62825704	0.58697534	-0.2544362	0.15057136	0.1489345	-0.38148186	0.013696982	-0.5643116	0.51898897	0.6296562	0.031571787	0.044852935	0.070344366	-0.4246582	0.40528208	0.10095465	-0.5996191	-0.59844023	-0.64828146	-0.34454733	-0.35735592	-0.043380834	-0.02300568	0.06478156	-0.12706336	0.52001506	-0.4644168	-1.1796693	-0.55696815	-0.1831441	0.4291688	0.13151075	-0.34792453	-0.3353147	-0.100691915	1.6483933	0.17126223	0.089018136	0.5681749	0.4114613	-0.95228577	-0.012919452	-0.64262635	-0.6088425	0.63889873	0.6784095	-0.5492054	0.039215617	0.5342109	0.14852528	-0.92414683	0.3828585	1.0961616	-0.39095312
0.049180027	0.08310916	0.12822948	-0.16623023	0.21074831	0.031046623	-0.114600755	-0.079436585	0.08470519	-0.041004054	0.061523974	0.07329519	0.08147165	0.086250596	0.10721774	0.108659156	0.03620531	-0.043357354	-0.12534331	-0.066538	0.035511132	-0.1750857	0.07752068	-0.022608494	-0.15373944	0.0519457	-0.020289803	-0.10187542	-0.04163712	-0.046414707	-0.14370973	0.06788068	-0.04809602	0.14139035	0.1606553	0.1747336	-0.077097446	0.19136083	0.11155438	-0.019999603	-0.22311936	0.23403144	-0.244298	0.15013197	0.027073054	-0.15746772	0.15527005	0.04142337	-0.074494496	-0.03140139	0.072074324	0.019973537	0.19650409	-0.12267177	0.030952958	-0.14345089	0.26354474	0.30742863	0.047795795	-0.007984197	-0.13166177	0.060148954	-0.24702543	0.24221194	0.21306452	-0.13155392	-0.045598883	0.2284545	-0.087417126	0.044060174	0.07370534	0.13976184	0.049015433	-0.066727	-0.027694328	0.016772248	-0.044991426	0.17574248	-0.12557118	0.072243325	0.069513895	-0.2310275	0.1203022	0.22385362	0.046743773	-0.1722705	0.0152976485	0.049808405	0.24572055	-0.18490274	0.01723978	-0.08671197	0.0017512589	0.13859662	-0.16058092	-0.051131368	-0.11418048	0.18692447	0.0705046	-0.34416145	-0.012410277	-0.37855902	-0.36168674	-0.09680974	-0.1691496	0.014670388	0.04815646	-0.0056659044	0.15936603	0.0759043	-0.0707209	0.1626496	-0.016579594	-0.2988272	-0.13103722	-0.022399155	-0.11758439	-0.10722869	0.15049732	0.02165849	-0.086714044	-0.070535004	0.08477844	0.09378038	-0.053340334	-0.05076211	0.080803	0.11638253
0.25234413	-0.20670696	0.14275138	-0.9332113	0.5248536	-0.18804301	-0.6798924	-0.5277382	1.003426	0.19203956	-0.040572666	0.26533678	-0.29771587	-0.84175056	0.68641925	0.060821336	0.7362456	-0.2269766	-0.50411105	0.06261537	0.008154619	-0.472868	-0.7049	0.03885092	-1.0969675	1.4787555	-0.33488044	-0.104785554	-0.51658106	0.8017612	-0.13424742	-0.26568738	-0.5315132	-0.355846	0.28102812	0.2628085	0.032558706	1.0440181	0.41298875	0.13544026	0.14128874	0.10480412	-0.6317303	0.10625284	-0.016335538	-0.7698996	0.17203736	-0.093354866	-1.3154014	-0.0010142516	-0.42237774	0.16508771	1.0327886	-0.19566993	0.16546196	-0.054569	0.5740921	-0.37775025	-0.06495442	-0.258209	-0.08660069	-0.26908627	0.26432905	0.14818645	-0.47591302	-0.1998029	0.10153887	-0.28139415	-0.67459244	0.107176416	0.22324719	-1.1895157	0.612741	0.11918831	-0.70127136	0.24482654	-0.1490442	0.25490293	-0.1688547	0.29968682	-0.51187795	-0.17424366	0.18657449	0.60266846	-0.22849452	-0.3668864	-0.6417832	0.023847291	0.47058985	0.10983975	-0.20431831	-0.24034776	-0.37160102	-0.2803224	0.63037026	-0.21509814	0.027253205	-0.6281409	-0.19735478	0.3122583	0.097006425	-0.092643276	-0.79498255	-0.37549803	-0.16722807	0.45120218	0.17560717	-0.040617835	-0.41329324	0.47422975	0.07259134	-0.018796213	-0.2459487	0.47737095	-0.19859402	-0.27030107	-0.9216243	-0.35758728	-0.52429295	0.57429934	-1.1035596	-0.12936138	0.7775403	-0.22779164	-0.18432124	0.22717917	0.87737316	0.10089175
-0.21097887	0.04526887	0.8015364	-0.5193276	0.768507	-0.44540158	0.15943593	0.16960078	0.94568723	-0.4233861	-0.46429333	-0.39393073	0.061976973	-0.5715554	0.48626834	0.052757803	0.43220323	-0.75146645	-0.14855513	0.2148912	-0.17713836	-0.34190267	0.15041374	0.2210169	-1.1890713	0.79294586	-0.6740423	-0.470014	-0.4803667	0.25158757	-0.3469619	0.31236407	-0.5737905	0.091373384	0.5026279	-0.15151878	0.014968551	0.040528882	0.17698908	0.31235972	0.05582222	-0.011860348	-1.3441563	0.4784998	-0.33915222	-0.11091034	-0.07459839	-0.3105591	-0.63070196	0.08347915	-0.9726823	0.11093015	0.2673228	-0.09810616	-0.325318	-0.054253932	0.7006899	-0.061497074	0.15210539	-0.21430257	0.3525227	0.10606934	0.25778347	0.26158535	0.034835547	0.61946905	-0.029579077	-0.029313346	-0.71413153	-0.28866717	-0.54733205	-0.73360497	0.7219171	0.7439591	-0.14723216	-0.12879175	-0.20667315	0.19439378	0.20818669	-0.0039033352	-0.099416114	0.12312799	0.6138277	0.6897573	0.11561291	-0.021998828	-0.16391954	0.58793694	0.5649444	1.0769632	0.3838882	-0.31747368	-0.01640316	-0.13675582	0.61595845	-0.2386414	0.030963236	0.1765288	-0.077161446	0.020658094	0.3885476	-0.88019556	-1.0709746	0.1339959	0.066655524	-0.08608215	-0.3319632	0.059745792	0.581392	0.7341165	0.5411948	-0.14500946	-0.21021977	-0.29155156	-0.2542493	-0.0600289	-1.429891	-0.55612737	0.6163527	-0.04132736	-0.4522311	-0.25856555	0.60010046	0.16213867	-0.5980211	0.16233547	0.85280573	0.1328986
-0.12833498	0.12195947	0.4484722	-0.313423	1.3970033	0.7792092	0.5432949	0.9528623	-0.54144937	-0.08757209	-0.4765745	0.16139539	-0.07269252	0.14199162	0.3438029	0.0044983816	-0.15084608	0.1547246	-0.9963179	0.09360795	-0.7318581	-0.2628917	0.13624732	-0.15970117	0.1219076	0.03285643	-0.42340103	-0.6198231	0.005564791	0.86765015	-0.2281808	-0.5037888	-0.6154995	0.20540108	-0.2673568	-0.018855305	-0.068362735	-0.47911394	0.15853395	-0.7772555	-0.13894981	0.5301014	-0.31610966	-0.11792781	0.46324295	-0.21155927	0.681767	0.9473326	-0.2916217	0.44547933	0.5593399	-0.051593795	0.6776622	-0.27568105	0.20590465	0.18764699	0.6117409	-0.17359522	1.2019368	-0.5018466	-0.19327153	0.3634035	-0.63416684	-0.2596497	-0.1210724	-0.23655584	0.45318797	0.39680448	0.49081367	-0.41549075	-0.4080493	-0.47983047	-0.3355183	-0.594805	-0.67800266	0.46853217	0.33067524	0.25167704	0.19902173	0.23945495	-0.6705973	0.17615074	-0.5569419	0.4507734	-0.14802489	-0.85572577	0.31339955	0.040710825	0.7892358	0.42170912	0.51451385	0.22007936	-0.44161996	0.12991774	-0.33191484	0.57732457	-0.27679873	0.59505045	0.23981397	-0.19082485	0.44592363	-0.69074035	-0.44584692	0.13994026	0.6698139	-0.13727675	0.20813496	0.28839865	0.36340335	0.72193503	0.36390164	0.046243176	0.061725847	-0.0616712	-0.32482085	0.055966936	-0.33814958	-0.1289726	0.042885505	0.08142107	0.17488056	0.09079036	0.2834196	-0.10591821	-1.1479684	-0.18726742	-0.5867544	0.25018305
-0.14647882	0.24720494	0.14871854	0.050931614	0.202826	0.037061352	-0.13414732	0.028123686	0.38325316	0.1590818	0.039863393	0.022035083	0.11120185	0.19146048	0.25989762	0.28003672	-0.0014415166	0.012521744	0.0023337961	-0.04489646	0.0198514	-0.21485272	-0.2252862	-0.015304431	-0.054354638	-0.1353653	-0.07238207	-0.10656362	0.069895506	0.15021232	-0.08371278	-0.23918205	0.24468343	0.33258733	-0.04100697	0.32337382	-0.11211292	-0.015179314	0.2887087	-0.15400122	-0.22057359	-0.06734051	-0.13923447	-0.02215227	0.13626657	-0.15898775	0.14592768	0.40866345	-0.42164436	-0.049732853	-0.07916161	-0.068085395	0.39372328	0.10166586	0.070395105	-0.0073581487	0.51281965	0.23189287	0.1735325	0.012256498	0.16749537	0.13866155	-0.17568398	0.231259	0.23956986	-0.12144513	0.040108267	0.36988154	-0.09777141	0.059012506	0.18147606	0.052343342	-0.059237354	-0.014904542	0.12764433	0.037327874	0.018653385	0.25448972	-0.121832	-0.13239	-0.11430912	-0.2927771	0.14410041	0.25677863	-0.16110776	-0.4238941	0.12790325	0.1878321	-0.03211921	-0.22436595	0.43282226	0.08201369	-0.27521783	0.011867847	0.15828297	-0.005332285	-0.054059714	0.31371376	-0.05349359	-0.34732175	-0.049372625	-0.55068773	-0.25409555	0.18924764	-0.11319431	0.05203605	0.005449452	-0.0021402081	0.24929845	0.2058416	-0.060947686	0.35309038	0.1245637	-0.0072293943	-0.1420044	-0.24662516	-0.11393913	-0.006427268	0.44748396	-0.0061670807	-0.2390661	0.18516064	0.27123308	0.15762658	-0.055501405	-0.26470518	-0.05715764	-0.08794773
-0.015475248	0.18623374	-0.38894197	0.1032647	0.118887335	0.10756411	0.036542542	0.19040991	0.1033817	-0.105620675	-0.18013333	0.09299503	0.087111555	-0.19177304	0.047443263	0.23483871	-0.004213532	-0.19083409	0.10887635	-0.25124604	-0.0162644	-0.040092845	-0.120374374	-0.17677596	-0.13271907	0.018020427	-0.31383786	-0.4575977	-0.2693181	0.0001029331	0.11955099	-0.07214924	0.1843242	-0.14050247	-0.057302903	0.21374565	-0.3721439	-0.45314297	0.07909271	-0.110976964	0.07079922	-0.22867498	0.2401085	-0.19538027	0.20641236	0.039944757	0.11321764	0.052807618	0.056650974	-0.02605559	0.006864918	-0.38628724	-0.08517527	-0.26585343	-0.195401	-0.22953124	0.021966813	0.469974	0.0146122	0.25294405	-0.15673348	0.20772898	-0.36778036	0.0057482296	0.32363644	-0.2909522	-0.23714945	0.03872086	-0.08615843	-0.06156947	0.078065485	0.081625946	0.18674763	-0.11229867	0.02631017	-0.15104416	0.010442918	-0.059111062	-0.07262008	0.1724818	-0.12591894	-0.5632611	-0.20989805	0.16915004	0.10922375	-0.10859291	-0.0056448346	0.149256	0.32693562	0.04483446	-0.13325234	-0.38350785	-0.10058214	0.20517603	-0.21512862	-0.17526515	0.12005723	-0.10519602	0.07187479	-0.22289066	-0.12152309	-0.58057106	-0.19293919	-0.13914973	-0.18027797	-0.06852394	-0.1505354	0.333197	0.16808432	0.10926214	0.04393004	0.29039592	-0.063216105	-0.034892388	-0.14071372	-0.00756452	-0.21421689	0.049811095	0.031857565	0.16348226	-0.29353985	0.0018524965	0.32361743	0.36526942	-0.17620777	0.059042826	0.46189314	-0.378132
0.72479504	0.20771976	0.28394976	0.33647233	1.0479642	0.6195045	0.29855496	0.45611086	0.34450418	-0.3906343	0.26817274	0.0947191	-0.450863	0.2678764	0.6017101	0.10025556	-0.17784633	-0.1893468	-0.4830551	-0.64093804	-0.10470676	-0.31759378	0.18915443	0.23676671	0.029652271	0.18963204	0.14907335	0.07126722	-0.24416937	0.40719375	-0.4899626	-0.4716897	0.61963516	0.4999522	-0.48942822	0.81187457	-0.42383006	-0.24614276	0.76638633	-0.113892674	-0.801802	-0.4467374	0.25362378	-0.03151201	-0.68087846	-0.014443769	0.2509631	0.056666553	-0.20821787	0.06251178	-0.42308304	-0.015929524	-0.31826362	0.36265856	-0.22095524	-0.0947253	0.6286608	-0.032595403	0.70153815	-0.074871056	-0.35790962	0.46912378	-0.6698443	0.2831823	0.41479045	0.5434224	-0.07771573	-0.33029827	-0.07695799	0.34559384	0.7000132	-0.0827601	0.2552173	0.29122615	-0.122680716	0.42696765	0.088689595	0.09840521	-0.13403292	-0.099611014	-0.13353744	-0.68831533	-0.40152743	0.31252024	0.33340946	-0.929527	-0.24333672	-0.29688844	0.78186685	-0.6878778	-0.18087249	0.40354073	-0.5624373	-0.13445625	-0.2023506	-0.5602937	-0.7563907	0.36964726	0.38299784	-0.53786993	0.019328246	-1.4588134	-1.0391039	0.009005783	-0.033529826	-0.12071593	-0.8492319	0.023343865	0.47595736	0.077422455	-0.14102504	0.10477917	-0.08281168	-0.37064412	-0.57820755	0.27222732	-1.0560048	-0.26717615	0.27475512	-0.0917085	-0.1318712	0.055994194	0.36530805	0.053593595	-0.65225595	0.55023634	-0.22975385	0.43787205
-0.40295598	0.034779277	0.18383329	-0.23087317	0.6908634	-0.39193517	-0.34367758	0.15286571	-0.401079	0.026672982	0.60799354	-0.2632273	0.049314726	0.14547487	0.09146565	0.10004678	0.09744742	0.22674161	-0.28685978	0.44356832	0.4859318	-0.38903233	0.08357655	-0.62254894	-0.12839456	0.38762718	-0.61795944	-0.48215306	0.54808897	-0.1665286	-0.088128485	-0.18379997	-0.07612055	0.63745373	0.053633925	-0.23055778	-0.012698902	0.29516944	0.6052971	-0.011668104	-0.71220887	0.030885633	-0.029270802	0.062373556	0.3000164	-0.8252453	0.1421254	0.51102406	-0.1787666	-0.3703151	0.15421581	-0.24391878	0.5196569	-0.032330066	0.12912554	-0.24927442	0.7528612	0.55319244	0.10228804	0.10941163	-0.40101534	0.0969139	-0.30637136	0.7072997	0.23481873	-0.41778672	-0.24879305	0.71225005	-0.20974764	-0.09886732	-0.022786101	0.38398537	0.20389813	-0.42859188	0.054938957	-0.18279412	0.06808424	0.595308	-0.18533267	0.25205636	-0.35933897	-0.24253786	0.14639536	0.3211583	-0.036913138	-0.39731717	0.23102362	0.059182893	0.33516037	-0.0041033966	0.24861996	-0.386622	-0.015792793	0.24788931	-0.27396157	-0.4344883	-0.20529875	0.34608382	0.24338539	-0.19073279	-0.29626432	-0.9087486	-0.70312923	-0.055659045	-0.25438654	-0.101036765	0.0006117998	0.44418034	0.29114994	0.21722043	-0.35723856	0.5447887	0.08500307	-0.25807077	-0.14947607	0.12278575	0.30314687	0.02757107	0.4416557	-0.12702213	-0.29223564	0.21568109	0.32874763	0.2884559	-0.12029785	0.107579574	0.3843574	-0.09076448
-0.0075814836	0.33198243	-0.12257693	0.2200924	0.32133803	0.08153444	-0.03224811	-0.16558091	0.2125975	-0.01821304	0.034839723	0.24260195	-0.20356576	0.08449042	0.20181899	0.10302484	-0.062479164	-0.19561248	0.0017631612	-0.11191937	0.1304522	-0.2747752	-0.38234794	0.03533918	-0.36128107	0.2801111	-0.15317136	-0.13525058	0.16649395	0.061747722	-0.19179209	-0.12835677	-0.14581206	0.13414252	0.05881733	-0.15780981	-0.026826214	-0.14650978	0.21201897	-0.27790582	-0.23136999	-0.040010717	0.02437733	-0.019014161	0.020338535	-0.35764804	0.25730905	0.26886994	-0.36366424	-0.34595278	-0.3950034	0.29853785	0.45041203	0.12068448	0.08407219	0.07811466	0.13735795	0.38543385	-0.33811346	-0.2742192	-0.29817218	0.0014576041	0.06260706	0.08320957	0.0050259903	-0.025095934	0.0143086165	-0.14786956	-0.050826415	-0.07313209	-0.23817821	-0.27799317	-0.07373066	-0.14515525	-0.053021654	0.061883956	-0.051671192	0.15129252	0.0587149	0.10842445	-0.30662873	-0.26465383	-0.119213425	0.19455157	0.14654249	-0.1795777	0.075267486	-0.08675467	0.21005185	-0.037612416	0.27264136	-0.27913675	-0.44374338	0.0018802743	0.021129906	-0.18721177	-0.22395414	0.2921107	0.019196564	-0.21128051	-0.18426445	-0.39447683	-0.43369016	0.08955055	0.073509134	0.17117627	0.010381101	0.12577885	0.17874092	0.4927654	0.11736058	0.17210603	0.3404203	-0.047527466	-0.06971824	-0.10408072	0.0016913086	-0.05846093	0.4047308	0.1439438	-0.2814871	0.10549425	0.2417692	-0.09957454	-0.25893468	-0.3380389	0.0013021344	-0.14260913
-0.19955103	0.5024939	0.38924947	0.090734094	0.839201	0.2039015	-0.07315489	0.044189148	0.50614196	-0.14089423	0.051178485	-0.4015448	-0.1699923	0.48487937	0.25260428	0.26300865	0.09414637	0.3917263	-0.29768503	-0.05036016	-0.35068992	-0.12998244	-0.04422886	0.039665215	-0.3940921	0.96827245	0.044242576	-0.10575072	0.04751183	0.7302625	0.17418759	-0.24710244	-0.31105396	-0.20383438	-0.23629585	-0.097910546	0.2546898	-0.2544254	0.45223436	-0.24926056	0.024025211	0.096622586	-0.06371943	0.0073194574	0.29516083	-0.67717546	-0.0007498902	-0.18300179	-0.56736714	-0.26731333	-0.65960956	0.4949697	0.6977772	-0.14533447	0.034318447	-0.026975898	0.02718509	0.92297244	0.17353384	-0.68433243	-0.081715696	0.124446094	0.078246884	0.34670243	0.19605061	-0.4036304	-0.16870263	-0.06731514	0.041466415	0.12916474	-0.2572859	-0.56128216	0.26752996	-0.18361476	-0.22428113	0.08482204	0.19804367	0.79194945	-0.44805598	0.018467505	-0.33808953	-0.46887693	-0.20673372	0.6812043	-0.17135538	-0.7237656	0.3150695	-0.24149704	0.5240368	-0.03381174	0.2702239	-0.3022839	-0.38510555	-0.062158883	-0.1776889	-0.29269123	-0.6249499	0.6191056	0.04399591	-0.31681937	-0.12536651	-0.4865615	-0.47302184	0.33117563	0.13709342	0.4765311	-0.0028118063	-0.2814626	0.22193122	0.37897915	-0.010162853	0.28436068	0.29876676	0.3669227	-0.19273818	0.13894318	-0.70179015	-0.24552642	0.9821312	-0.044651635	-0.023119869	0.118201956	0.8346545	-0.33488414	-0.61646974	-0.2166584	0.5020462	0.29444847
-0.19316185	0.39235547	-0.04378157	0.012817628	0.6893889	-0.11109355	-0.2796815	-0.015030783	0.28028372	0.2437876	0.15894191	-0.1610829	-0.017423337	-0.11866078	-0.44255665	0.4526076	0.10670972	-0.02694567	-0.54601485	-0.110757835	0.3268882	-0.0072039315	-0.21670201	-0.2104686	-0.7504615	0.6419386	-0.08239221	-0.12903565	0.041422404	0.17580071	-0.17091165	-0.72631234	-0.41017514	-0.06051672	-0.14662789	0.09579539	-0.16314767	-0.032424	0.35565814	-0.7876252	-0.7281754	-0.213104	-0.3345839	-0.32100204	0.05022525	-1.0581135	0.111966945	-0.13903023	-0.64033633	-0.46522948	-0.72955626	0.3073835	0.77549106	0.12482288	0.114552334	-0.1342562	-0.13101329	0.7743165	-0.10981652	-0.43948734	-0.2142693	0.105525166	-0.38052386	0.17187202	-0.10136475	-0.43361676	-0.017385803	0.19551542	0.34588414	-0.23639625	-0.06788356	-0.33534756	-0.19474661	-0.61948085	0.10745944	-0.30945268	0.154554	0.5003636	-0.080191046	0.5215752	-0.36323085	0.0011064721	0.051051214	0.6117399	0.20706502	-0.4306097	0.28835556	-0.21436086	0.20752092	-0.26726985	0.5759689	0.12073463	-0.7491755	0.016676836	0.15072635	-0.08633614	-0.15407881	0.4447366	0.22147708	-0.011602335	0.049322356	-0.39138672	-0.6975837	0.49774107	-0.06953289	0.37915522	0.11586838	0.10595128	0.21122229	0.39996502	0.40111828	0.6736282	0.28141773	0.38863084	-0.22116405	-0.3619884	0.07271749	-0.11798885	0.24478374	0.037330437	-0.5487647	0.0201437	0.7490222	-0.4394707	-0.83930284	-0.9094891	0.2717331	-0.21572582
0.27009612	0.21108672	-0.08221988	0.26754382	0.18548962	-0.08179904	0.024859687	-0.029723449	-0.010496191	0.116980314	0.03190118	0.08533625	0.129339	-0.15671921	0.09897127	0.13374212	0.5176757	-0.2575252	0.08467052	0.031573594	-0.368419	0.03829673	-0.27546227	0.3331242	-0.4334634	0.1320324	-0.29878697	-0.7527144	-0.25744584	-0.0071025053	-0.09607366	-0.4634172	-0.18685368	0.34047988	0.20814794	-0.17032161	0.17478357	0.13336009	0.305611	0.013050212	-0.6390233	0.55759746	-0.15569064	0.008455042	0.23079869	-0.41761407	0.07646041	-0.046272743	-0.40217158	-0.09178163	-0.54895955	0.1793843	0.3911767	-0.0061798706	0.24297272	-0.04224737	-0.13534519	0.5938028	-0.037476264	-0.338047	-0.64424187	0.19636431	-0.21453276	0.27970847	0.1917316	-0.09383557	-0.31098217	-0.04652942	-0.10871272	-0.020985745	-0.31467652	0.15779626	-0.051319387	-0.20535594	0.44140354	-0.18224312	0.11908269	0.21484388	0.03976488	0.16755751	-0.16965328	-0.29424497	0.14262183	0.22448705	-0.095524445	-0.34984773	0.34369877	0.071394295	0.28860664	0.22163127	-0.09244116	-0.081453994	-0.4572926	-0.1332354	0.1359444	-0.68830353	-0.025248561	0.44403777	0.18284531	-0.16897863	0.027917368	-0.27734864	-0.7063516	0.14501567	-0.041128255	0.114790685	0.023683783	-0.0810298	0.4365238	0.17392413	0.23378935	0.19963714	-0.13000014	0.04545923	-0.22001846	0.104116604	-0.16716327	0.022323372	0.44851395	0.0019439954	-0.13459072	-0.1218668	0.35756332	-0.26480672	-0.17337433	-0.28843048	0.19136946	-0.29473317
0.74385315	0.16806044	0.347477	0.3177914	1.0479667	0.47074133	0.21466519	0.48544776	0.44022083	-0.22709396	0.1618015	0.06489023	-0.29666743	0.33861944	0.54946035	0.20754957	-0.2862991	-0.2763923	-0.22185108	-0.71177596	-0.119602196	-0.16223778	0.21528046	0.1874879	-0.15144388	0.2281053	-0.1404553	0.08856804	-0.2668784	0.45815337	-0.42986578	-0.5748109	0.6396667	0.5233884	-0.5006386	0.7461203	-0.5278499	-0.15375707	0.8811128	-0.040782563	-0.75223094	-0.4049893	0.1538804	0.016953543	-0.4551785	0.03924071	0.31162146	0.17581429	-0.102859326	-0.037061915	-0.45118332	0.0019622853	-0.36305377	0.21850106	-0.14785196	-0.22339961	0.6867863	0.060872596	0.6551016	0.025795482	-0.24015908	0.4192537	-0.706882	0.42187345	0.5051436	0.6182384	-0.16985211	-0.26640502	0.042227495	0.4212386	0.8414562	0.00079302525	0.2019575	0.40629268	-0.048813533	0.36791998	0.08367757	-0.06542674	-0.19212599	-0.13670576	-0.29112855	-0.62484896	-0.38310072	0.4483376	0.2404892	-0.79284203	-0.24879569	-0.19203775	0.84725386	-0.717124	-0.21097527	0.36354357	-0.52549285	-0.04787777	-0.045256227	-0.48876897	-0.6955795	0.39182606	0.46936733	-0.70685846	0.054981913	-1.4349034	-1.0058602	-0.1036323	-0.06610732	-0.07371745	-0.92679965	-0.017665233	0.49086323	0.086583205	-0.097648315	0.15732472	-0.17909363	-0.22908154	-0.5968157	0.18889643	-0.9635289	-0.2522324	0.3281579	-0.07186018	-0.088205844	0.013205593	0.4507751	-0.046560027	-0.8891932	0.42664433	-0.17823307	0.4348954
0.09954255	-0.02380529	0.09330125	-0.18168518	-0.12666604	-0.13631983	0.0088978065	-0.10858275	0.6478399	0.21544988	-0.17898387	-0.11625963	-0.00065000635	-0.03483237	-0.06427799	0.18845853	0.026103992	-0.3067172	-0.23395109	0.33764645	0.36731225	-0.304421	0.20105785	-0.09922619	-0.25861543	-0.21656741	-0.1335892	0.03989247	-0.14000672	0.17409271	0.032850627	-0.020489644	-0.15129226	-0.102336414	0.06499815	0.11080177	-0.2994074	-0.35901606	0.056284424	-0.22335781	-0.35938594	-0.19999062	-0.5948988	-0.34991544	0.10323483	-0.19012335	0.2764022	-0.14977594	0.087984376	0.11569549	0.09509808	0.007816994	-0.023311388	-0.05533399	0.090994306	0.13475575	0.15423237	0.10909724	0.135949	-0.10281998	-0.12970272	0.22478585	-0.3830736	0.09326188	0.58063924	-0.08061783	0.071408816	0.088192314	0.05809117	-0.21776767	-0.09516667	0.2426701	-0.13481618	0.15018259	0.10699782	-0.0568375	0.15695927	-0.047702882	-0.13103558	0.14259882	-0.016837921	-0.40799987	0.42114288	0.15884574	-0.018984819	-0.18300992	-0.1849301	-0.16726613	0.23152234	-0.006136423	0.1870409	-0.14025377	-0.5502526	0.13057809	-0.08375118	-0.10482615	0.35697293	0.12135555	0.3459233	-0.14036128	-0.3018107	-0.3523705	-0.4301456	-0.072617814	0.010072805	0.12056343	-0.28984177	0.08771566	0.12089322	0.31927827	-0.0564341	0.103120655	-0.20889348	0.086494915	0.042143974	0.32644543	-0.3086285	-0.049307324	0.0652178	0.2504185	0.029051717	-0.047088034	0.33586293	0.12547413	-0.40738013	-0.28281462	0.34936032	-0.05781024
0.3317482	0.34863487	-0.0006046029	0.30867684	0.48144627	-0.003816388	0.17929776	-0.059936915	0.13855708	0.069691546	-0.25418276	-0.001802916	-0.18982507	-0.008641034	0.54046893	0.049437962	-0.0206469	0.062020127	-0.004476362	-0.39958382	-0.07879519	-0.051341947	-0.39412776	-0.058119938	-0.24348274	-0.07420802	-0.18502565	-0.26178846	0.09664396	0.2051028	-0.20633109	-0.34146535	0.011499211	0.2324761	-0.09741488	0.12564933	-0.31444857	-0.12898748	0.15079272	0.06003414	-0.26497248	-0.01665739	-0.13005534	0.2530903	-0.033509854	-0.39349017	0.31516233	0.3498435	-0.22837174	-0.1956506	-0.5271312	-0.08542857	0.28764638	0.16648233	0.22156782	0.19608599	0.24713422	0.44996214	0.0633158	-0.10643111	0.0115906205	0.16968456	-0.3526057	0.23020624	0.037457988	0.09922942	-0.102305785	-0.033330668	-0.023483964	0.056898024	-0.02844029	-0.18249278	0.0429582	-0.1522189	0.12398447	-0.019180369	0.04687885	0.19430867	0.10134442	0.29091614	-0.2211989	-0.27601463	0.13525964	0.40074027	-0.18986787	-0.37177	-0.07369639	-0.009113399	0.32942694	-0.14099973	0.23014362	0.19214743	-0.30061913	-0.029445127	0.15074487	-0.19967385	-0.2491128	0.3446705	0.29186693	-0.327826	0.048205007	-0.5769048	-0.6680077	0.2629376	0.13379274	0.15179682	0.07888926	0.118817806	0.45375657	0.5375553	-0.14273006	0.24012592	0.15075178	0.3284561	-0.26102173	-0.3080049	-0.12354323	-0.03641494	0.7196795	0.02005224	-0.35073304	0.13027997	0.3687238	-0.03067075	-0.45538184	-0.2582185	-0.25386795	-0.13484976
0.3905623	0.36275476	-0.272477	-0.097978264	0.17026591	0.29433802	0.77248245	0.63585365	0.35580853	-0.6174714	-0.20480952	0.1016555	0.11757276	-0.0954175	-0.05530591	0.21505855	-0.41092792	-0.69949454	-0.390165	-0.38489193	0.21976516	-0.0024336707	0.045178022	-0.17553431	-0.37146914	0.32873845	0.10830955	-0.5122867	-0.36378944	0.04763586	-0.21533644	-0.17690606	0.12028289	0.0017166497	-0.17207462	0.33153987	-0.3855439	-0.6843075	0.249763	-0.2447465	0.20685294	-0.21238267	0.29732582	-0.21790767	0.014432848	0.07307662	0.3529432	0.37255234	0.27086353	0.4419873	0.20764779	-0.2351768	-0.30093327	-0.2838687	-0.30512714	-0.60072756	0.17107897	0.4714832	-0.24938104	0.46233356	-0.314182	0.24565622	-0.06382723	0.033666115	0.5375685	-0.36468342	-0.030248428	-0.17768498	-0.41634682	0.051712975	-0.19923462	0.011609639	-0.10348668	-0.12726988	0.16730349	0.13200809	-0.012230055	0.07446883	-0.06865074	-0.03147436	-0.068835564	-0.30269292	0.64461976	-0.1437693	-0.26212963	-0.18253085	0.022757957	0.23323986	0.3229919	-0.19492081	-0.27937424	-0.34762317	-0.3814825	-0.25490978	-0.5281134	0.04416593	0.20551582	-0.5337573	0.008417832	-0.5164946	0.2333234	-0.24576129	0.037928198	-0.31916106	0.12874909	0.21590057	-0.44380447	0.45170224	-0.068887636	0.19119051	0.46079803	0.36976472	0.34823123	0.14394529	-0.28539366	0.39347005	-0.055340353	0.119375385	0.3235881	0.2667929	-0.20251478	0.28432864	0.6485505	0.42746255	-0.46622947	0.17352992	0.769063	-0.40353715
0.14421467	-0.16916545	-0.007157949	-0.30532488	0.27647164	-0.32000506	0.0038236456	-0.16664669	0.40114006	0.4661044	-0.20125093	-0.12701915	0.03369715	0.1948623	-0.07812447	0.18111417	-0.18796101	-0.5173271	-0.021242527	0.36331293	-0.051949825	-0.12999824	0.1792825	-0.26210722	-0.27295586	0.013827888	-0.2858014	-0.02397221	0.09248259	0.013958262	-0.18040377	-0.28922895	-0.16241048	0.3468905	0.11930199	-0.2166473	-0.40495887	-0.21473457	0.0051349797	-0.21002367	-0.19618733	-0.24508367	-0.24447958	0.012135857	0.13444415	-0.1897502	0.37783417	0.061255172	-0.48991698	-0.22805242	-0.0046994034	0.113262326	-0.12554634	-0.11611292	0.023931384	-0.1029354	0.45290267	0.4828472	0.049858913	-0.01900433	-0.13954604	0.05310294	-0.079623826	0.23541716	0.39918578	-0.18500663	-0.07077299	0.003890528	0.06575969	-0.091062054	-0.14848305	0.2068118	0.117299385	0.13239023	-0.059252035	-0.27507764	-0.261336	-0.16786194	-0.22199784	0.027004601	-0.1500813	-0.29443482	0.27978906	0.14846876	0.048642248	0.07077182	-0.40525827	0.2391147	0.03188545	-0.10968315	0.0870481	-0.40579104	-0.031738993	-0.09658662	-0.21319923	-0.006542919	0.34512094	0.22448105	0.18598144	-0.11107107	0.065164365	-0.46579495	-0.552566	-0.08351644	-0.0066079274	0.07494981	-0.1673573	-0.06958072	0.060013298	0.19399308	-0.12225687	0.34219316	0.068022214	-0.0049916334	0.0534609	0.17476001	-0.1647817	0.0032596334	0.2867087	0.0857253	-0.114406504	0.1962198	0.36049283	0.13962965	-0.13181427	-0.033587296	0.31414577	-0.04131102
0.19557706	0.48160836	-0.10991834	-0.0883802	0.013064306	0.453676	0.21481326	0.17667443	-0.36319658	-0.096779756	0.29576167	-0.39720398	-0.2792723	0.33608437	0.28679553	0.14022377	0.0017182874	0.11715854	-0.060277823	0.55118483	-0.14748211	0.13285756	-0.40601835	0.08992249	-0.35259926	0.058855195	0.05812411	-0.62768906	0.06756172	-0.0062765675	-0.2182524	-0.38827345	0.49971205	0.54468906	-0.35246152	-0.058605958	-0.2081707	-0.34023985	0.45646325	0.014956586	-0.07781514	-0.10540961	-0.29879346	0.073313616	0.64834076	-0.48147067	0.5302654	0.3418536	-0.71184075	0.24973854	0.2531134	-0.28909537	0.41339052	-0.7629648	0.10214807	-0.29948387	0.52734214	0.46803728	0.45583695	-0.15069696	-0.066877194	0.23553307	-0.3211829	0.44673967	0.50052845	-0.4121229	0.45710993	0.098908134	-0.042966742	-0.31906977	0.082800135	0.016489165	0.27985328	-0.72473747	-0.010250514	0.1914259	0.35888967	0.68599755	-0.46518913	-0.15722488	-0.52569157	-0.62892896	0.035670232	0.22538796	-0.41838643	-0.862039	0.011310658	-0.12642172	0.6914137	-0.19217503	-0.010109423	-0.6494852	-0.9444121	-0.3810932	-0.27035087	0.094694965	0.023199117	0.13209109	-0.14312719	-0.27970996	-0.36748558	-0.16189839	-0.19135363	0.08303425	0.057009194	-0.15779302	-0.0816907	-0.19277625	0.06053104	0.13759844	0.43401214	0.6874937	0.20764539	-0.059147716	0.20113404	0.12087003	-0.3492583	0.22433992	0.14957438	0.47283417	-0.35089508	-0.14555994	0.09260829	1.0484484	-0.18885414	0.025325326	0.25465506	0.07421845
-1.157837	0.34001648	-0.27783355	-0.50180954	-0.32793108	1.2398734	0.99842024	1.4298881	0.3243421	0.60890293	0.59483933	0.35259873	0.19895156	0.55736846	-0.19889294	0.63179666	-0.12446052	-0.31787282	0.0994827	0.15001275	-0.50309306	0.19933197	0.18642496	-0.29908365	-0.8677878	-0.03453407	-0.6081197	-0.18138538	0.31246504	-0.59161735	-0.46896634	-0.702477	-0.31614748	-0.06736541	0.0412627	-0.54490906	0.05769567	-0.65522593	-0.14882697	0.19440135	-0.16909581	0.56867546	-0.19441928	0.31748414	-0.018226068	-0.30262583	-0.27394444	0.865581	-0.19560783	-0.47576106	0.69306636	0.13560298	0.45257458	-1.3749841	-0.89863026	0.031680595	1.0135928	0.8341394	0.551594	-0.0864722	-0.22319122	0.3016594	-0.011432735	-0.09414052	0.10623045	-0.010244204	-0.42494693	0.013995872	0.11104568	-0.49115556	0.20592573	1.0285783	0.4276638	-0.51066816	-0.36827716	0.2261378	0.23769893	1.0110178	-0.3224654	0.6011189	-0.13104647	-0.79299915	-0.644867	0.16751982	0.23361346	-0.43114218	0.06407579	-0.29166487	0.6257719	0.33665046	0.0082269665	-0.52354896	-0.30268914	0.83573467	-0.07250167	0.4874526	-0.09787926	0.4685467	0.14357427	-0.48302263	0.5188638	-1.4896674	-0.53460133	-0.19219081	-0.18387723	-0.59355307	-0.026442192	-0.045018595	0.41311672	0.38867468	1.3655502	0.26689464	0.2146889	-0.5792596	-0.28560492	-0.07304314	-0.027126905	-0.5026969	-0.24062541	-0.51169807	-0.43373132	-0.72072953	0.60324126	-0.16186401	-0.009866128	0.4790041	0.36151302	-1.2352374
-0.07134526	0.24828783	-0.14846115	0.18335414	0.18751082	0.15907648	-0.06809183	-0.009790682	0.1609028	0.1186972	-0.05814797	0.071327016	0.1359425	0.006427946	0.15391557	0.33004823	-0.09300463	-0.016496921	0.10923118	-0.2643563	-0.13048413	-0.063375615	-0.29504603	0.036298465	-0.06909618	-0.19449052	-0.12545669	-0.19722492	-0.024570892	-0.051218946	-0.06905141	-0.38019723	0.29109922	0.19998203	-0.046875384	0.18539965	-0.25803846	-0.14931034	0.233215	-0.15384166	-0.15789796	-0.09856625	-0.012670193	0.011999434	0.19900718	-0.17212303	0.2508686	0.3430396	-0.32554024	-0.10703503	0.06889885	-0.12760758	0.23953743	-0.08199475	-0.093753204	0.00038070732	0.3266426	0.24800724	0.07832275	0.01410257	0.059817765	0.04828742	-0.12174735	0.11138242	0.15335254	-0.19336838	0.044589996	0.21053013	-0.013349957	-0.052371934	0.082160294	0.04411661	-0.13944362	-0.0361172	-0.014422936	0.0387948	-0.06686126	0.232076	-0.07447218	0.05804519	-0.031408705	-0.3271252	-0.05017698	0.14719264	0.047036447	-0.31167233	0.13919441	0.0047604907	0.0778293	-0.18067424	0.23118663	-0.10426607	-0.21769567	-0.050026998	0.049451604	0.02866414	0.045426823	0.24260728	-0.0791721	-0.3587713	0.061146423	-0.46296787	-0.33458352	0.12240449	-0.032174207	0.21284023	0.035071157	-0.1773298	0.19262919	0.17260838	-0.116353124	0.28887346	0.007830915	-0.09842384	-0.10496851	-0.22466739	-0.061183	-0.106538214	0.29044726	0.012001506	-0.32986137	0.120090716	0.29654902	0.17852914	0.0077892393	-0.21215725	-0.087912045	-0.26559955
0.42843983	0.25973254	-0.8944833	-0.35828796	-0.40172985	-0.034699984	-0.013476116	0.15446089	0.53944033	-0.48753318	-0.110397056	0.27224317	-0.2511061	-0.25454673	-0.016665153	0.86891687	-0.1540609	-1.277854	-0.27790672	0.41828632	-0.17118026	-0.03652581	-0.26162177	-0.0680345	-0.3692684	0.17200989	-0.21782982	-0.60872203	-0.466382	0.12031702	-0.0927234	-0.37434542	0.21134077	0.421506	-0.76632273	-0.015224627	-0.73970336	-1.1432008	0.012101222	-0.43622977	-0.13984562	-0.18579943	-0.26985076	-0.46340525	0.1464443	-0.27551907	0.38320965	0.2287104	-0.20069712	0.26617444	-0.626889	-0.15280053	0.110318184	-0.61969054	-0.037202712	-0.46173328	0.625529	0.5827523	0.20624407	0.2880583	-0.26990876	-0.18099774	-0.99968916	-0.53601027	0.22369643	0.28786772	-0.13586968	-0.27282244	-0.45200428	-0.818962	-0.13180459	-0.57655716	0.79288113	-0.34598026	0.45694795	-0.18244506	-0.14817336	-0.7211369	-0.09454544	-0.63767934	-0.25434017	-0.8023492	0.34561807	0.18745135	-0.10366169	-0.39607352	0.4061704	-0.08716491	0.44128308	0.06861406	0.26094764	-0.38879544	-0.42999858	-0.5213456	-0.341935	0.1353181	0.04043994	-0.5214347	-0.12384101	0.33154744	-0.1452053	-0.5429957	-0.114649445	0.41528004	0.38656792	0.23511367	-0.45079488	0.8126872	0.10108108	0.34120497	0.39704695	0.26933306	-0.024735741	0.06929816	-0.13401085	0.19448999	-0.6173383	0.5105864	-0.04017142	0.11027168	-0.27868834	-0.0840337	-0.12831162	0.53562534	-0.7903595	0.26986495	0.69872624	0.106372096
0.07714529	-0.014256652	-0.037949976	-0.13021041	0.22069967	0.031737376	-0.1298903	0.04137788	0.12908074	0.14584883	-0.10357696	0.10756801	0.048636332	0.11433617	0.10954957	0.16316995	-0.18128045	-0.24626666	0.14612727	0.10597461	0.055388927	-0.005738798	-0.09897578	0.008444672	-0.08272129	0.085544616	-0.22441201	-0.0472505	0.010611414	-0.09415702	-0.1164111	-0.2574194	0.05658175	0.23215434	-0.04204012	0.0100631155	-0.19412757	-0.14080389	0.0971729	-0.19184984	-0.22348736	-0.041974932	-0.16354142	0.08934815	0.1131878	-0.18580599	0.13808209	0.27065423	-0.37912086	-0.14968772	-0.15518382	0.10388597	0.12722272	-0.015343804	-0.05436855	-0.13809638	0.22952938	0.33591762	-0.0023684832	0.021465147	-0.22989032	0.045922894	-0.01703721	0.106171854	0.05577931	-0.0387921	-0.04626061	-0.06761534	0.02512091	-0.10447256	-0.18207555	-0.070217766	0.11691574	-0.05623274	-0.023354944	0.07675169	-0.1322113	-0.057184316	-0.0783419	0.098078504	0.0276144	-0.17079218	-0.027890248	0.062418208	0.24072184	0.026792716	-0.06241861	0.13554275	0.048267484	-0.06386431	0.1345054	-0.20755976	-0.102534786	0.0015587867	0.0010484817	-0.13523085	-0.06521322	0.30000767	0.06889655	-0.011646627	-0.045022346	-0.3094959	-0.34149507	-0.012715756	-0.04482102	0.008723925	-0.07364945	-0.024406688	0.08937814	0.2736782	-0.05405505	0.16653375	0.1384058	-0.011246943	0.02700673	0.023942037	-0.11621397	-0.045311894	0.14959936	-0.021485232	-0.23967634	0.022127818	0.10802569	-0.06603207	-0.17218682	-0.01945809	0.035507463	-0.039351758
0.10446153	0.0145601155	0.13772658	-0.36629397	0.06337722	-0.24920565	-0.20924288	0.2093282	0.48108235	-0.24081546	-0.13496181	-0.035780143	-0.17171739	-0.16442204	-0.2633235	0.22627974	-0.33898687	-0.61888736	-0.21017553	0.05698537	0.1373894	-0.2882469	-0.117721364	-0.33737817	-0.3740287	0.10167341	-0.35940194	-0.39466742	-0.03688268	0.506951	-0.27522182	-0.17372589	-0.18874384	-0.17995715	0.07629506	0.26424757	-0.8352916	-0.45980868	0.3378267	-0.35878992	-0.45587143	-0.009679067	-0.33211625	-0.26246646	0.23133333	-0.3407077	0.2987492	0.34650737	0.15802452	-0.5832662	-0.02725357	-0.24833843	0.24574177	0.496098	0.17475536	-0.29565224	0.49116838	0.1705151	-0.1923892	0.022933906	0.0078038042	0.31645104	-0.5549687	0.17197703	0.019553373	0.17875016	-0.13636212	-0.14002058	-0.06760463	-0.17668124	-0.288353	-0.44899538	0.074438125	-0.18167333	-0.27447522	0.31141245	0.10568246	-0.23557445	0.11365237	0.30578655	-0.28735673	-0.3135816	0.30075732	0.7154801	0.28522912	-0.12576267	-0.296426	0.0042579677	0.620669	-0.6984521	0.41171	-0.09018121	-0.4188148	0.47918582	-0.1712093	0.3160905	0.108264	0.30335158	0.330078	-0.41381347	-0.28981903	-0.8174714	-0.29439324	0.20351832	0.33952248	0.23317708	-0.75356126	0.27618194	0.39530703	0.59450096	-0.574306	0.06650019	0.14693889	0.03847948	-0.40035436	-0.06446366	0.3038963	0.1369084	-0.3326529	0.6933603	0.30612874	-0.006478616	-0.13289107	-0.04742133	-1.2472893	-0.011061458	0.29412177	-0.1963814
0.05654949	0.22731994	0.057016797	0.051748853	0.15360017	0.054650314	0.11257934	0.0860162	0.18231532	0.02984222	-0.06670653	0.0538936	0.04096073	0.009759707	0.1914428	-0.016022004	-0.019941183	-0.11364117	-0.19085552	-0.14591217	-0.045461766	-0.11272609	-0.23423071	-0.03838267	-0.17197569	-0.06457763	0.007907706	-0.07206953	0.005773726	0.12431597	-0.010831248	-0.122270405	0.09046441	0.16069008	-0.091765754	0.0048376475	-0.21157995	-0.1047417	-0.0022262228	-0.046481047	-0.05621892	-0.022349155	-0.11072862	0.08564965	0.01678873	-0.07392805	0.06325701	0.24843203	-0.13701081	-0.035501476	-0.10362185	-0.09542167	0.23508467	0.022161156	-0.12058854	0.05230914	0.23720826	0.09986587	0.0887541	-0.011959352	-0.033998985	0.12202882	-0.16243392	0.027346207	0.02419476	-0.050813135	-0.04364667	0.16992442	-0.118220255	-0.09903877	-0.04819976	0.013192445	0.044814616	-0.099819764	0.083088875	0.08997366	0.03360925	0.14082491	-0.046808638	0.0064349016	0.011973731	-0.16319393	0.11300659	0.115411036	-0.13145012	-0.20674185	0.09843564	-0.057730783	0.07004894	0.004141131	0.09423715	0.07952234	-0.10820102	-0.039895922	-0.05125819	0.03209827	-0.055120707	0.07950367	0.022301687	-0.22025454	0.0080638025	-0.24996224	-0.20823173	0.12411152	0.02072656	0.057836484	-0.045884494	0.038228035	0.093412675	0.2044161	-0.11674019	0.104860805	0.039602343	-0.015934752	-0.16447024	-0.094360754	-0.09543532	-0.07852278	0.22464079	0.023936093	-0.16121446	0.0336992	0.17306788	0.07347303	0.01964811	0.04026046	0.013211326	-0.071002364
-0.069297835	0.27066925	-0.12139703	0.17721173	0.19903477	0.15522464	-0.07270193	0.03600483	0.15027837	0.06319017	-0.07610287	0.11171867	0.1577271	0.045580648	0.18480167	0.3264508	-0.1074529	-0.07937735	0.108537	-0.19348875	-0.105884984	-0.12804317	-0.31370467	0.007934451	-0.102167964	-0.24815376	-0.07948012	-0.21084955	-0.018445322	-0.036853757	-0.07155241	-0.3580611	0.27982688	0.22543393	-0.06466059	0.16380613	-0.29586798	-0.1790113	0.2032264	-0.13029423	-0.17275861	-0.08319173	-0.0057939254	-0.02189351	0.11718708	-0.18555717	0.23624729	0.34784365	-0.31122196	-0.07117395	0.08050699	-0.14691594	0.23904926	-0.08582695	-0.058026824	0.017946566	0.3218487	0.21936744	0.09466214	0.032104846	0.0695024	0.031156786	-0.12262331	0.06579007	0.14972499	-0.16046612	0.017947793	0.22181766	-0.023860939	-0.07270598	0.09449726	0.012395729	-0.13258074	-0.030268718	0.00776555	0.04750183	-0.10528746	0.22334085	-0.088639505	0.0449318	-0.027572341	-0.31964242	-0.047137454	0.12980671	0.021719033	-0.31055984	0.14883143	0.016305119	0.050034884	-0.16179702	0.25364327	-0.045537136	-0.18126476	-0.06361782	0.08462684	0.017468695	0.020850541	0.24890724	-0.026224526	-0.30774286	0.05626798	-0.45521858	-0.3519301	0.05852776	-0.078081354	0.21767373	0.09617749	-0.15284164	0.14756346	0.18370925	-0.07409098	0.30109498	0.018864863	-0.04583404	-0.0752606	-0.23198952	-0.054052174	-0.11567645	0.2748088	-0.015075053	-0.32484862	0.10161824	0.27180043	0.134852	-0.017029492	-0.19098155	-0.08609752	-0.25288484
-0.041915715	0.20905058	-0.3288864	0.07346851	0.066540055	0.099788845	0.0061929054	0.20161228	0.12075448	-0.08199042	-0.20332721	0.09736939	0.077658884	-0.18774828	0.05924391	0.23693159	0.012956761	-0.1811086	0.10546346	-0.25560212	-0.017203284	-0.08228601	-0.1468701	-0.17443293	-0.12063799	-0.041825924	-0.31108057	-0.47640708	-0.26872572	0.022302724	0.1628773	-0.08148791	0.15795533	-0.15174884	0.0026306568	0.2549663	-0.3370666	-0.45848283	0.031853464	-0.11431079	0.050969366	-0.23893546	0.21193631	-0.206131	0.20215495	0.031825647	0.1594361	0.0727586	0.06278645	-0.050793905	-0.021688174	-0.4122721	-0.11239245	-0.17582588	-0.11725825	-0.23632833	0.018775314	0.44169405	0.019975433	0.25337255	-0.1717298	0.2307799	-0.38174045	0.051458336	0.29829252	-0.23396246	-0.22206803	-0.0166081	-0.09869899	-0.07338925	0.04391879	0.0704325	0.18458042	-0.13759968	0.081098184	-0.19661888	0.052266408	-0.10164835	-0.106036246	0.18156548	-0.110595375	-0.5657503	-0.1778361	0.2110051	0.076816194	-0.10272813	0.021145407	0.21327642	0.26701033	0.028221885	-0.14615747	-0.3695346	-0.11631764	0.19875193	-0.17518413	-0.16567242	0.108932465	-0.061536666	0.077257715	-0.1564945	-0.15396585	-0.5384149	-0.13130201	-0.118921556	-0.124008924	-0.085335195	-0.1741378	0.3324095	0.1395174	0.09932166	0.0052750553	0.27057067	-0.07841449	-0.028282518	-0.13679463	0.043134082	-0.21149294	0.0697751	0.07432496	0.15507928	-0.2352537	0.016543124	0.29547536	0.30778408	-0.19820336	0.03755063	0.4645829	-0.36806744
-0.33814284	0.1866836	0.22238009	-0.1015237	0.553117	-0.2735185	-0.39715	0.092383355	-0.2969541	0.14496383	0.56254447	-0.2718446	0.0071278703	0.24784522	0.042474024	-0.025234347	0.14333493	0.3099721	-0.2427517	0.40598413	0.25755957	-0.38103706	0.25622186	-0.7260983	-0.05832538	0.4383389	-0.5458783	-0.4718519	0.6233551	0.06049893	-0.06791949	-0.15559955	-0.05846094	0.4913307	0.11031016	-0.44009545	-0.16949245	0.18705471	0.6141155	0.14747892	-0.8225359	0.071472526	-0.12068566	0.07341244	0.53027314	-0.81345034	0.15968546	0.51010394	-0.12560701	-0.3476328	0.054863755	-0.33871326	0.4661921	-0.06620635	0.13691233	-0.23735836	0.64421326	0.6240626	0.15877883	0.085122585	-0.49254927	0.08315791	-0.26865068	0.7584527	0.23482364	-0.38712674	-0.29280147	0.755298	-0.21552114	0.0343958	0.03191415	0.399889	0.1965523	-0.5917904	0.117309794	-0.29910403	0.15313233	0.5808082	-0.14372252	0.293313	-0.5360009	-0.34054458	0.17652097	0.5130796	-0.02437525	-0.4097909	0.20309177	0.082093	0.48846856	0.12101406	0.22076292	-0.36649424	-0.16090205	0.093926534	-0.26814923	-0.3343629	-0.30471495	0.3477465	0.34243542	-0.09293696	-0.29199183	-0.853301	-0.6381663	-0.067136094	-0.14339025	-0.1246773	0.01967471	0.43066487	0.11082318	0.26190007	-0.47287437	0.59673834	0.07412333	-0.22040646	-0.045636773	0.19961666	0.32395118	-0.0164624	0.34383672	0.012979043	-0.29449615	0.14353365	0.29768652	0.1350176	-0.07279665	0.22455132	0.41207057	-0.033613015
-0.30284756	0.12083169	0.20633397	-0.1375884	0.57831097	-0.21710205	-0.29276946	0.14065777	-0.33937472	0.12554136	0.45648062	-0.23523992	0.16684152	0.28577623	0.09801066	-0.08344333	0.090913296	0.25047064	-0.23808345	0.3777458	0.26018682	-0.38292745	0.26652083	-0.71902794	-0.15110342	0.44971249	-0.62713945	-0.4413432	0.64694846	-0.044797674	-0.07120238	-0.18717967	-0.09561032	0.48363376	0.18755664	-0.39657742	-0.25337237	0.22104919	0.53414506	0.1099889	-0.82090354	0.015512597	-0.15985033	-0.010133927	0.56103957	-0.706646	0.18774399	0.5058453	-0.10809105	-0.36967537	0.15393525	-0.28523603	0.4098991	-0.023904314	0.17080918	-0.26826644	0.6885541	0.55801713	0.1347311	0.025249857	-0.4941465	0.03454604	-0.4239533	0.8152747	0.29080293	-0.36757	-0.28605533	0.70475256	-0.31036735	0.019659324	-0.026081385	0.36053205	0.26817873	-0.5738658	0.04954909	-0.23212528	0.071499705	0.5856295	-0.20526405	0.30624208	-0.5547152	-0.35025823	0.20740066	0.5885702	0.05376691	-0.36298853	0.20029163	0.061854355	0.4534082	0.16090617	0.35690668	-0.25650713	-0.07340711	0.18226174	-0.31314576	-0.33540323	-0.3298622	0.38750628	0.33211568	-0.11984069	-0.22787482	-0.822153	-0.7066989	-0.07430597	-0.19107227	-0.17511098	-0.0032766755	0.38015065	0.15036179	0.3645824	-0.5021632	0.52748877	0.12550154	-0.21430734	-0.058859017	0.14102139	0.30304527	0.021886315	0.3216601	0.022331266	-0.31361583	0.11915599	0.27211627	0.21106668	-0.10559918	0.21570964	0.41801432	0.039383743
-1.3728862	0.47948453	-0.31733927	-0.55209124	-0.09193485	1.7205561	1.298744	1.6409054	-0.058478553	0.030504774	1.0539091	0.65817326	0.68393177	0.7581362	-0.48836678	0.7217256	-0.24934183	-0.73152256	0.08411578	-0.005727962	-0.830766	0.17547795	-0.12700143	-0.28787008	-1.151178	0.14727718	-0.5120355	-0.3937921	-0.063971974	-0.112878636	-0.4081415	-1.147067	-0.28258255	-0.18674867	0.14815347	-0.33691627	0.36021546	-0.9818482	0.22257714	-0.21000709	-0.0069333185	0.55620676	0.11404688	0.3308034	-0.05878985	0.27264464	-0.34502912	0.99887204	0.18182698	-0.54131866	0.5088878	0.45309344	0.45458308	-0.9157859	-0.81189114	-0.56412923	1.0985135	0.74215233	0.36639935	-0.059095472	-0.08277046	0.255131	0.0002767646	-0.25027263	0.24622616	0.25919238	-0.053855333	-0.43214807	-0.3159333	-0.74956405	0.17856747	0.94736797	0.69876444	-0.3262289	-0.36966768	0.2073696	0.057451848	0.8915343	-0.42320588	1.0187474	0.13246399	-0.33302197	-0.6975386	0.07882494	0.39577878	-0.07421241	0.30551028	-0.29460916	0.6494894	0.3788467	-0.5446073	-0.37572372	-0.22973038	0.6300443	-0.0822025	0.05055617	-0.41969156	0.5331774	0.1827566	-0.5328233	0.52999383	-1.1198016	-0.8300875	-0.27518657	-0.322181	-0.44301814	0.1262023	0.018425675	0.39133996	0.35285944	1.384979	0.41322747	-0.011983025	-0.82188106	-0.19169334	-0.1747455	-0.22175552	-0.40226263	-0.3615429	-0.75066245	-0.21381637	-0.77704394	0.5676126	-0.07779893	-0.16013722	0.09015994	0.3510714	-1.5394063
-0.14202951	0.12357852	-0.28856328	-0.066128366	0.0060268296	0.2191086	0.14091414	0.25591087	0.059826672	0.23171382	-0.08610127	0.121150725	0.13045022	-0.00877413	-0.0574784	0.30453017	0.10329075	-0.22028424	-0.09270634	-0.106853455	-0.12732504	0.092645004	-0.06991462	-0.19256392	-0.18800883	-0.20050193	-0.20077553	-0.17085743	-0.12927486	0.03887701	-0.04587363	-0.17771119	-0.04919283	0.0506158	0.1837977	0.009660302	-0.19678986	-0.057597853	0.12173541	-0.048439614	-0.13268612	0.033978507	0.03656167	0.09276611	0.07281498	-0.085329354	0.074848376	0.058565725	-0.1154306	-0.08931542	0.13464792	0.06358179	-0.013083339	-0.339782	-0.18099897	-0.07930082	0.2595339	0.37308222	0.08932554	0.13557908	-0.087687716	0.06586236	-0.29331914	-0.038651176	0.122560054	-0.19612199	-0.11176129	0.018181292	0.0062375944	-0.22795713	0.07889866	0.04465471	0.08606218	-0.16431521	0.04100886	0.055261597	-0.0412667	0.21330872	0.08671563	0.16130789	-0.08711904	-0.3088224	-0.16675447	0.13083571	0.14864409	0.022952227	-0.07026724	0.018588524	0.18267125	-0.056855466	0.22609085	-0.089354515	-0.04263563	0.25558412	0.14761315	0.16417623	0.13815114	0.19429062	0.026653245	-0.14369255	-0.004940041	-0.35684246	-0.2958331	-0.13186634	-0.17631087	-0.056480862	0.17178582	0.094616435	0.22272602	0.17922014	0.121731386	0.08476725	-0.019557491	-0.15075143	-0.20560588	-0.049096707	-0.11458912	0.009832252	-0.02992148	-0.08295927	-0.23764622	0.0015674975	0.14883861	0.17350665	-0.11247515	0.028570632	0.2725541	-0.2222527
0.008216387	-0.49383366	0.25802544	-0.40185443	0.7006304	-0.07742745	0.31095573	0.003312612	0.300793	0.43043363	0.5410396	0.076977275	0.3179946	0.57235986	-0.25542197	0.4251583	0.5177386	0.13665348	-0.25567704	0.6547148	-0.094183356	-0.024259971	-0.7445843	-0.26695773	-0.41597012	0.6250163	-0.18830985	-0.006699076	0.10586031	0.0044454634	0.30030102	-0.14094296	-0.69490993	-0.18752508	0.35553724	0.07774716	0.017392907	0.35329962	0.6981131	0.16148612	0.47389707	-0.018586777	-0.5541501	0.1284589	0.4687675	-0.9114736	-0.50204694	0.36278018	-0.7867696	0.31601295	-0.39563942	0.2795148	0.83643985	0.038992904	0.0952389	-0.8106831	-0.17887312	0.7134772	0.19914645	-0.31434023	-0.4018254	0.5236791	0.10132169	0.09147773	0.5218209	-0.638175	-0.73268986	0.6566667	-0.11161538	0.8266758	-0.5371218	-0.25290197	0.1337762	-0.186322	0.15175764	0.28214335	0.091866925	0.67141396	-0.45635137	-0.24309288	-0.48308507	-0.41248113	-0.11564406	0.6148748	-0.39454663	-0.7812258	0.13854688	0.02676405	0.0044620256	-0.21516475	0.26415306	0.064844966	-0.7773878	0.092130624	0.042765107	-0.11899661	-0.031221755	0.40642667	0.24473333	-0.092727415	-0.65414476	0.5630945	-0.31174123	-0.30809107	0.11954664	0.27156416	-0.023900157	0.20021026	0.20902301	-0.03994567	0.0032239927	-0.36618996	-0.049790565	0.15653583	-0.28309277	0.3537917	-0.5079158	-0.085771486	0.020518148	-0.18373385	0.21594718	0.15677433	1.0013317	-0.3805068	-0.88320607	0.7465608	0.83290416	0.7285016
-0.13780576	0.15688917	0.23137133	0.019285847	0.3886167	-0.0072120447	-0.30551305	0.09955705	-0.3065348	0.019364895	0.2047315	-0.31186026	0.07728548	0.2352878	0.08541052	-0.09841777	0.16447918	0.3501717	-0.1700286	0.110907316	0.2723615	-0.17219909	0.06812011	-0.4481681	-0.119883575	0.44897443	-0.1880167	-0.35822442	0.35840362	0.050014734	-0.019938402	-0.02810651	-0.005381575	0.28549203	-0.058425523	-0.43525183	-0.13140088	0.033815894	0.43936622	-0.047130324	-0.53008014	0.12644416	-0.13068119	0.05781526	0.5133336	-0.6064351	-0.20109695	0.49703658	-0.044885967	-0.26096928	-0.14648587	-0.25370532	0.4226779	0.14201999	0.07441962	-0.12758428	0.39264995	0.4768506	-0.04236051	-0.115554646	-0.35173047	0.08772122	-0.10510464	0.43853062	0.21588384	-0.26472113	-0.23718669	0.48912495	-0.054531783	0.004044315	0.04591012	0.25925553	0.15636756	-0.4717786	0.15498975	-0.20139486	0.08068345	0.29048917	-0.24942026	0.18129936	-0.34248745	-0.29539883	0.07015664	0.3869601	0.030621115	-0.20560169	0.35550326	-0.07968086	0.24735668	0.2526694	0.16922002	-0.133501	-0.057256106	0.09876499	-0.32330725	-0.27846375	-0.23810498	0.20176439	0.13522147	0.010036515	-0.21015178	-0.5281667	-0.28159106	-0.060590394	-0.02163013	-0.06797024	0.0008741452	0.28984645	0.10880943	0.30566722	-0.17228562	0.47414628	0.17678791	-0.037077196	0.045707326	0.008639532	0.07246403	0.057144627	0.38541645	-0.082033865	-0.32878363	0.041228358	0.23786128	0.025549935	-0.123136625	0.15502852	0.24964377	-0.042960577
0.048210364	-0.42773256	0.3619156	-0.08714756	0.25605354	-0.037228044	0.051791802	0.40856603	0.7490762	0.033293158	0.096951015	0.49644944	-0.122024395	0.13438341	-0.29036176	0.38182035	-0.0682437	-0.34654817	-0.41735613	-0.23746273	-0.25121254	-0.20836173	-0.07581574	0.1376985	-0.503756	0.14540222	-0.29332083	-0.04868116	-0.09629987	0.34451532	-0.31193465	-0.09285732	0.41698384	-0.30978912	0.09989241	0.37251806	-0.58260113	-0.8864867	0.46215367	-0.2779791	-0.17907895	0.17843537	-0.18566605	-0.5741414	-0.04694811	-0.023973113	-0.06751314	0.8615613	0.4666161	-0.18455715	-0.19778179	-0.4919987	0.24503677	0.014935535	-0.0646428	-0.46279785	0.5363781	0.10660004	-0.46347874	0.40695226	-0.10614857	0.66305226	-0.29674524	0.5605828	0.56958705	0.27866274	-0.35208848	-0.4841589	-0.18062973	-0.3141116	0.37407273	-0.08219979	0.26439553	-0.14391598	0.17444864	0.4513212	1.113492	-0.6683104	-0.0022110986	0.38888043	0.1847475	-1.1166692	0.04381333	0.3355861	0.5683938	0.0643754	-0.486849	-0.4833926	0.27180243	-0.5059665	0.059429634	-0.0052772923	-0.7952231	0.5753267	0.3512423	-0.009376435	0.22900516	0.08015949	0.05393104	-0.5260585	-0.34702483	-0.9560517	-0.71781564	-0.36735728	0.16379926	0.29904547	-0.95431274	0.5774383	0.34976333	0.8986855	-0.3440325	0.12623207	0.10310412	-0.39109096	-0.67647755	0.48345178	-0.8877486	0.22359389	0.018104598	0.42545933	0.29336193	-0.5879114	-0.091838054	-0.4730904	-1.1856271	-0.1172949	0.6324332	-0.39340684
0.69008505	0.45611206	0.39877978	-0.23197617	0.6568296	0.10692728	-0.20261204	0.20355013	1.2000422	0.23051174	-0.63747853	0.14471962	-0.029246561	-0.07882233	0.5021002	0.2217429	-0.017498985	-0.3354431	-0.125217	0.16912164	-0.117418885	-0.059147745	-0.08971732	0.08669197	-0.5137848	0.072694436	-0.52707356	-0.4992677	-0.33576792	0.18144171	-0.6291922	-0.1849884	0.0639681	0.0016536489	-0.31574434	0.53367877	-0.77139497	-0.2934024	0.27722815	-0.048178848	0.07477677	0.39383858	-0.5765985	0.029612433	-0.4191302	-0.4966309	0.32533526	0.35124978	-0.23802383	-0.4151067	0.13644902	-0.599314	0.124294706	0.10448663	0.28924373	0.061974205	0.5661285	0.46503237	0.50643253	-0.059748314	-0.09016911	0.12149202	-0.39340657	0.03324809	0.41994262	0.5596937	0.11741517	-0.12148426	-0.21955498	-0.44406474	-0.5062262	-0.3540624	0.21996914	0.2514198	0.21088831	0.05765299	0.29746115	-0.042636883	-0.0027552773	0.09035081	-0.33563527	-0.40344942	-0.08473074	-0.15331562	-0.14938788	-0.27121863	-0.31347576	0.26829296	0.2957533	-0.012965836	0.10393924	0.017228963	-0.25492567	-0.0046556965	0.16352557	-0.23404692	0.09388431	0.41754994	0.06628107	-0.04064037	0.526127	-0.67806554	-0.40664193	0.15091132	0.28323346	-0.10813802	0.009527852	0.16990387	0.6712932	0.036291935	-0.09149559	0.003882091	-0.19408426	0.16487218	-0.33506775	-0.045750175	-0.6757344	0.282502	0.48262888	0.006512726	-0.14209382	-0.13222262	0.3223037	0.39987254	-0.45751715	0.078502685	-0.07089124	0.17180312
0.056055628	0.232508	0.18522112	-0.11312562	0.49213532	-0.09979029	-0.15244299	0.12050601	0.27244952	-0.085754775	0.060191385	0.20601255	0.1172745	0.121036954	0.13346513	0.08400164	0.12338659	-0.12670562	-0.19894199	0.08571053	0.059087664	-0.37158743	-0.18093501	0.20371935	-0.35594034	-0.110180005	0.050027374	-0.10133715	-0.13149714	0.1262259	-0.13111272	0.0015941631	-0.09387855	0.2986572	0.07882067	0.08429665	-0.18506789	0.31909975	0.013086849	-0.10380441	-0.44540894	0.39951125	-0.38477933	0.19797407	-0.028683405	-0.081575096	0.26909325	0.23951475	-0.11103071	-0.25907776	-0.089797616	-0.1719636	0.49649394	-0.08237049	-0.079336874	-0.22446491	0.58690363	0.27692646	0.11636788	-0.12594488	-0.3157898	0.08296345	-0.23066518	0.5081514	-0.00066185975	-0.14615583	-0.08669053	0.29935455	0.05357208	-0.0014433032	0.013424515	0.09276844	0.07285864	-0.11625633	0.001335452	0.11809351	-0.10898836	0.18467484	-0.1967392	0.020692175	0.23774652	-0.006648295	0.13625138	0.13901144	0.053724334	-0.21347927	0.09222183	0.13025008	0.19838566	-0.3276591	0.22629145	0.08735315	-0.030802082	0.12997854	-0.065239586	0.0201079	-0.11304302	0.43904436	0.008560019	-0.44276434	0.027654786	-0.62924135	-0.47892603	-0.073785804	-0.43553028	0.14318365	0.20680267	0.13320078	0.20641172	0.35425892	-0.26390147	0.31436738	-0.037317663	-0.40542123	-0.4374896	-0.09759366	0.091820866	-0.14139189	0.21895012	0.011470084	-0.31097028	-0.014284524	0.18516563	0.02295041	-0.10305381	-0.19132905	-0.0012718248	0.07460961
0.5836526	0.22146194	0.16411594	0.29064387	1.1211755	0.7054491	0.29629076	0.6556686	0.39833492	-0.30261844	0.04494204	-0.04847203	-0.11597657	0.18478742	0.4794831	0.07327941	-0.32241303	-0.24224976	-0.4238099	-0.7577002	0.039079055	-0.17023669	-0.028617587	-0.0049857525	-0.14775644	0.25025538	-0.14508183	0.05648657	-0.1797811	0.3887628	-0.5360356	-0.57381994	0.5685489	0.472439	-0.6428674	0.6380464	-0.5507784	-0.28499934	0.7343301	0.088614814	-0.73838454	-0.52948505	0.09673797	0.08863523	-0.58208936	-0.0699811	0.19805603	0.24037834	-0.0046714875	0.021161234	-0.66706175	-0.060697965	-0.40683317	0.26451278	-0.11250839	-0.12462641	0.5440964	0.14249083	0.78036267	-0.09907931	-0.2606892	0.6015528	-0.50593287	0.3767339	0.5273948	0.7348672	-0.08763856	-0.304675	0.042735618	0.22855891	0.72472847	0.18883803	0.10537503	0.12725446	-0.07404306	0.5015988	0.25266844	-0.01358349	0.021435509	-0.059357688	-0.286697	-0.56975245	-0.60968083	0.41186044	0.14748867	-0.78139955	-0.27276084	0.000118726435	0.6028061	-0.6640119	-0.3816521	0.29274687	-0.6597136	-0.06385047	-0.18985489	-0.5117486	-0.58362186	0.18618186	0.30072123	-0.71327096	0.0074968594	-1.714596	-0.83361495	-0.0787846	0.053430382	0.012604261	-0.92491245	-0.028018413	0.6927955	0.22911702	0.08049929	0.18942496	-0.18282364	-0.05141802	-0.5460017	0.27883717	-1.0428832	-0.19814095	0.5138068	-0.014974344	-0.061020076	-0.17047179	0.56537616	0.035607316	-0.60689414	0.40973663	-0.2857345	0.1024788
-0.019324515	0.08311186	0.08544226	-0.51261485	0.07761299	-0.085434	-0.66367424	0.2419257	0.5417935	0.27749076	0.5145533	-0.23628287	-0.13798517	0.14899062	-0.21199784	0.22490142	0.053716008	-0.44561636	-0.07752943	0.43839523	0.034931183	-0.4928656	0.21015257	0.10149571	-0.5522568	-0.05524936	-0.59037507	-0.13356161	-0.050107215	0.41411063	0.09401747	-0.3684273	-0.018750792	0.56706613	-0.011230315	-0.25703543	-0.51550734	0.10158209	0.14422442	-0.2605263	-0.4734733	0.15830158	-0.71927893	-0.04139296	0.21229346	-0.5753484	0.5606641	0.054094393	-0.06780415	-0.5141774	0.35995445	-0.2754241	-0.03905815	-0.3309939	0.49467057	-0.50380445	0.7871326	0.9455489	0.33693495	0.49591106	-0.8182209	0.5535854	-0.6663244	0.93839675	0.33085227	-0.36223122	-0.09633379	0.31576404	-0.28942496	0.20415375	-0.7988572	0.28413457	0.38738897	-0.19077538	0.4282888	-0.21665269	0.057392247	0.13930811	-0.30129993	0.038267322	-0.042335253	-0.5353738	0.3866	0.347379	0.0057696323	0.005900914	-0.2080768	0.4849274	0.30634323	-0.22289826	0.09258227	-0.3422757	-0.19293013	-0.27191618	-0.41367176	-0.17734547	0.17245498	0.8108343	0.32853702	-0.44283327	-0.46333358	-0.59595764	-0.81234944	-0.16587844	-0.334631	-0.32563922	-0.11385675	-0.025413599	0.1986754	0.21625435	-0.54604656	0.63657266	-0.13373108	-0.28501105	-0.0820149	0.29621038	0.009545782	0.153531	0.30810928	0.13417032	0.10477255	-0.1449971	0.08748363	0.6103151	-0.31059155	-0.33444065	0.625385	-0.084282435
0.03100714	0.040818878	0.031741384	-0.05298157	0.010879788	-0.0028824569	0.07156921	-0.086155415	0.26912618	0.09347174	-0.12387151	-0.054463454	-0.028611043	-0.08039683	0.008761818	0.068761185	0.113767356	-0.18278916	-0.22035262	0.11634023	0.14203727	-0.17275962	0.019400464	0.04692611	-0.19803585	-0.091068536	-0.060107064	-0.08222774	-0.15409821	0.12495098	0.042693894	-0.05416109	-0.006097601	-0.12456801	-0.0055248463	0.07332327	-0.15524857	-0.13441777	-0.05020719	-0.05784037	-0.2555921	-0.031023528	-0.43920606	-0.13535841	-0.027965015	-0.1401114	0.12639986	-0.009262344	0.04677304	0.17474364	0.030410279	0.028435266	0.03215097	-0.06481853	0.03741418	0.12562309	0.15166582	0.046869587	0.072250806	0.011242914	-0.118740976	0.16881621	-0.32573283	-0.0058136703	0.3529099	-0.04698447	-0.024649993	0.057965405	-0.031732198	-0.1145483	0.002281805	0.11880926	-0.067966886	-0.079162166	0.11027527	0.08163177	0.07790521	0.13335752	-0.11451335	0.08101028	-0.0010884609	-0.23848386	0.22211418	0.17581826	-0.08133354	-0.12199602	-0.056218576	-0.07814056	0.28993648	-0.036410663	0.11557027	-0.07274244	-0.23602627	0.00988383	-0.016355796	-0.03888133	0.10207245	0.032265905	0.11655526	-0.18468684	-0.20758986	-0.2663024	-0.15401399	-0.11246844	0.060816888	0.015250508	-0.13307537	0.019366544	0.2250694	0.21625596	0.021815678	0.033890247	-0.06404074	0.023211973	-0.17425047	0.14438082	-0.24008086	-0.052211598	0.09753897	0.12837423	0.034798246	-0.16816537	0.25891066	0.1803868	-0.29870808	-0.08969414	0.14813377	0.07619229
-0.15310423	-0.19493005	0.3615654	-0.609815	0.615831	0.0101672895	0.07068801	0.018278906	0.30196154	0.31516248	0.55476505	0.06693208	0.22579822	0.43888777	-0.33317408	0.7183948	0.7077047	0.013669895	-0.37823406	0.7106882	-0.24114005	0.10476201	-0.5170139	-0.26296362	-0.5283893	0.8029773	-0.28799066	-0.120104395	0.12895302	0.17710248	0.35141772	-0.1624258	-0.76737475	-0.10610545	0.17695796	0.14632933	0.06772839	0.35491163	0.706499	0.23842753	0.53159356	0.25479203	-0.55179006	0.030188527	0.46575972	-0.7938276	-0.3106952	0.42095572	-0.55360734	0.0077282125	-0.25909883	0.22308408	0.73676306	-0.09886591	0.20364471	-0.9198023	0.21925926	0.7153637	0.17743514	-0.29121014	-0.39952058	0.44628942	0.02520202	0.20906638	0.6001677	-0.7339661	-0.6234709	0.44086042	-0.28670007	0.62640274	-0.45038557	-0.38676345	0.20560448	-0.22866352	0.016144283	0.42059538	0.0508402	0.77803427	-0.60499066	-0.17547627	-0.52234095	-0.53616273	0.018723901	0.71511096	-0.27700454	-0.35751697	-0.009267167	0.03406399	-0.008063196	-0.42068675	0.23027316	-0.100394115	-0.9592582	0.09769292	0.22240745	0.06543782	-0.015342016	0.4136233	0.43655556	-0.19610573	-0.64897144	0.65130925	-0.2660112	-0.3617733	0.12901698	0.36144832	0.2155453	-0.056250077	0.43750578	-0.1898415	0.05809908	-0.42342922	0.06596601	-0.032007433	-0.2251626	0.37094724	-0.56827885	0.054172337	0.26719522	0.01000411	0.41682252	0.31921294	0.59199345	-0.33311194	-0.7272695	0.6249431	0.8302921	0.67284924
0.038068473	0.23207973	0.02976008	0.062839225	0.15415283	0.0732798	0.121046536	0.06724477	0.19249682	0.027321842	-0.08358204	0.08632035	0.059174817	0.002990429	0.22753933	0.022714455	-0.01847024	-0.10259827	-0.1623495	-0.14386772	-0.05704172	-0.10541043	-0.17080338	-0.03511495	-0.13552427	-0.08641182	-0.0037064583	-0.091957495	0.012126443	0.11134335	-0.021308783	-0.11080342	0.079823606	0.14253476	-0.07327585	0.022068793	-0.20987909	-0.1492285	-0.02767383	-0.044489603	-0.07474565	-0.016227568	-0.13379958	0.06916875	0.017547788	-0.031606793	0.005060878	0.24622895	-0.0846558	-0.041052364	-0.101517275	-0.09387667	0.23748918	0.035155095	-0.12532386	0.037713204	0.22874603	0.05371635	0.12970704	-0.060420737	0.025796168	0.124829754	-0.16603608	-0.035688724	0.023489859	-0.033883102	-0.08091902	0.12844269	-0.08190982	-0.08192686	-0.026543166	0.016220102	0.06641287	-0.06111136	0.06476599	0.07417545	0.010697395	0.13771191	-0.06600235	-0.019750746	0.005055807	-0.16942252	0.09395091	0.13720807	-0.11628108	-0.19567162	0.06826659	-0.088673584	0.079079404	0.008523056	0.062009275	0.08131265	-0.13723776	-0.036408845	-0.06845325	0.04634319	-0.019746078	0.101150624	0.032912824	-0.2273491	-0.0133706555	-0.24810465	-0.21246225	0.0654432	0.04745299	0.055229526	-0.04975699	0.10020955	0.12553239	0.20040631	-0.085953906	0.078283176	0.044219445	-0.030829817	-0.18497992	-0.09890263	-0.13669467	-0.0752463	0.1691275	0.023725662	-0.15034753	0.021757387	0.14293265	0.06960567	-0.036378253	0.0403675	0.001580273	-0.049604345
-0.15032637	0.16944456	0.27775156	0.036548875	0.4268113	0.016258232	-0.36384994	0.047781054	-0.3165452	0.039707955	0.1790362	-0.2832535	0.09020249	0.23939244	0.12600183	-0.12697294	0.17297615	0.33715865	-0.17306042	0.12610729	0.16476019	-0.17760415	0.066634685	-0.51260984	-0.035573035	0.47706965	-0.18733278	-0.39547327	0.32364878	0.032106124	-0.04467142	-0.050346203	-0.030057807	0.34523785	-0.06831977	-0.38869503	-0.14408067	0.05414083	0.42702508	-0.016543344	-0.469875	0.14976646	-0.10718996	0.07521489	0.47237805	-0.5899537	-0.1715548	0.48544058	-0.08028371	-0.26545805	-0.06219065	-0.2610993	0.44901523	0.051363878	0.079637185	-0.15896529	0.42137006	0.44258446	-0.06183874	-0.11620128	-0.3459047	0.06714175	-0.12987728	0.43186703	0.18925129	-0.29519215	-0.1661235	0.46765247	-0.10607072	-0.06536994	0.01536133	0.1985573	0.1684655	-0.4947154	0.10124145	-0.22423159	0.07052352	0.3463229	-0.25445727	0.11079865	-0.34717676	-0.30002147	0.13289872	0.3339286	0.03772732	-0.1943951	0.40256327	-0.081981674	0.333369	0.26738673	0.18130167	-0.13408002	-0.068691306	0.14384118	-0.34705225	-0.25225297	-0.2254899	0.18795072	0.11445938	0.04571942	-0.17126726	-0.5814736	-0.3598186	-0.06488967	-0.13201745	-0.096646406	0.048480146	0.37236276	0.11884336	0.2478583	-0.13447317	0.46398094	0.16913843	-0.10157112	0.051967543	0.050837692	0.044928454	0.069822945	0.31556502	-0.07399416	-0.34151065	0.052772187	0.17569613	0.08550173	-0.02910455	0.21062922	0.28633833	-0.02381049
-0.049848855	0.35478902	0.08620324	0.23828876	0.6385669	-0.010772378	0.0659032	-0.085765794	0.35702696	-0.09931407	-0.2420737	-0.008412234	-0.09393504	0.003753788	-0.066165686	0.15747641	-0.26862532	0.044653647	-0.19839533	-0.18452464	0.05289344	0.10752181	-0.0004908894	-0.42085904	-0.7967021	0.64622766	-0.07653436	-0.17658535	0.15277353	0.24339348	-0.108346075	-0.30189946	-0.6441617	-0.17976612	-0.120469	-0.10343652	-0.3411666	-0.686833	0.28871533	-0.66862303	-0.56854516	-0.16130935	-0.16368677	-0.17899282	0.28092122	-0.5800195	0.09976626	0.12807813	-0.17002234	-0.40737244	-0.7996016	0.34299123	0.3423753	0.4273833	0.019361677	0.31083307	-0.07221227	0.89585733	-0.32335046	-0.5020334	-0.34356683	0.05220068	-0.34413028	0.05367183	-0.14663786	-0.18886578	-0.05233765	0.09874866	-0.20034179	-0.29528365	-0.024922892	-0.39855838	0.088079914	-0.51629037	0.037132006	0.055899195	0.09959608	0.12778017	0.07902175	0.41588444	-0.76452404	-0.38954014	-0.03757496	0.9525604	-0.22073919	-0.38515547	0.1660942	-0.17695375	0.3928628	0.020240113	0.34838924	-0.10237237	-0.018181978	0.0013072222	0.018455328	0.041664585	-0.20496772	0.19464995	0.20626025	-0.17410064	-0.060238138	-0.62656516	-0.17065994	0.3568647	0.6220888	0.5309798	0.044188	0.39701596	0.30524567	0.7052448	0.060508512	0.42163947	0.35159427	0.4213768	-0.18808296	-0.3810589	0.11128432	0.046164863	0.42292464	0.29599696	-0.20444593	0.25396994	0.71913004	-0.21246754	-0.8649011	-0.5858662	0.14665015	-0.03566867
-0.07606667	0.1935913	-0.04268043	0.18137807	0.44126382	-0.4613438	0.03925811	0.21130246	0.28741106	-0.14903505	-0.087392196	0.2942136	0.5364539	-0.06820165	-0.054345638	-0.3137922	0.7625122	0.040427353	-0.8198171	0.29757658	-0.1817787	-0.569737	0.3487078	0.6357174	-0.47256884	-0.17538795	-0.122044	-0.6105301	-0.16162132	0.10729951	0.3223811	-1.1307396	0.6023016	-0.2160864	0.16715264	0.1137247	-0.37909693	0.10419791	-0.14677122	-0.30191702	-0.15670663	0.011753358	-0.79990876	-0.010551092	0.028843546	-0.30586138	0.20302868	0.2231938	0.80504245	0.30585077	0.032894854	-0.103167	0.75767195	-0.023943195	0.020808572	0.414373	1.0052989	0.38407403	0.4762325	-0.08846363	-0.8376046	0.7535134	-0.5735006	0.47556603	0.13543127	-0.2359646	-0.27667627	-0.33473295	-0.44120076	-0.29020673	-0.26778898	0.8302226	0.22833785	0.18413627	-0.08269531	0.36062282	-0.61933523	0.5703461	-0.24497437	0.72919315	0.37631035	0.061309684	0.6038196	0.51352495	-0.7317291	0.21849185	-0.5857884	-0.2983344	0.6968473	0.05040282	-0.2844597	-0.2069738	-0.14864153	-0.53085005	0.4346024	0.12999485	0.45224476	-0.040594824	0.2939171	-0.38627252	-0.08961823	-0.5454233	-0.07587521	0.14668001	0.13012582	0.14322792	-0.11714673	-0.24171089	0.30483285	1.0044088	-0.29692316	0.3642594	0.3263089	0.4538688	-0.7855409	0.10616421	-0.6648043	-1.2350225	0.49962547	0.017815365	-0.26894966	-0.27324158	-0.21965529	0.02616553	-0.34949568	-0.30908886	-0.041986782	-0.55095595
0.95899206	-0.15751898	0.42033878	-0.69108003	0.4278715	0.067207746	-0.50612956	0.34151366	1.2263013	-0.11085962	-0.5630087	0.4908148	0.30815503	-0.4187126	-0.071567364	0.9060324	-0.15259641	-1.5725142	0.053351082	0.38977027	-0.39515334	-0.15871298	-0.32737815	-0.062351096	-0.98998016	0.5363471	-0.36099428	-0.45746988	-0.6090954	0.12606108	-0.25479725	-0.45761845	-0.25873125	0.34301358	-0.5431514	-0.06779309	-0.5637431	-0.68470305	0.14792427	-0.19627084	-0.4700614	0.46475977	-0.6200828	0.048131756	-0.328985	-0.35245752	0.1853691	0.21384153	-0.18020761	-0.5175173	0.21546893	-0.78845644	0.14203125	-0.18895835	0.25136346	-0.34990346	0.9523065	0.60847825	0.029095361	0.06656599	-0.66165036	-0.38396266	-0.54180336	0.099266306	-0.22067599	0.8440641	0.10011619	-0.59862435	-0.6044677	-0.9227559	-0.8532445	-0.7407299	0.50269103	-0.1612618	0.5887431	-0.31113052	-0.11778617	-0.92484266	-0.13563111	-0.24675193	-0.24814962	-0.8186988	0.17059669	0.00094434747	0.29978758	0.1766101	-0.014045337	0.46508494	0.11019261	-0.35189968	0.19074489	-0.14567438	-0.38974717	0.00019323429	-0.25480813	-0.49769905	0.28148654	0.184829	-0.061610803	0.07763418	0.39481497	-0.8618998	-1.0167738	-0.14132683	0.1917061	-0.10930885	0.012315317	0.34423405	0.18466246	0.112620935	0.40738535	0.1716928	-0.44164473	-0.51990527	-0.084535815	0.32509553	-1.0981156	0.16791509	0.37001598	0.01366866	0.14002551	-0.4761285	-0.0073796017	0.27271205	-1.0457019	-0.09275626	0.35719445	-0.11097091
0.032183424	0.45779252	0.3601751	-0.052196722	0.19228522	-0.22670795	-0.07333679	0.075149864	0.6228987	0.35634145	0.056436863	-0.33462358	-0.75660694	-0.105360426	0.43007955	0.3280961	0.704295	-0.029981045	0.31317714	1.1133082	-0.47496	-0.21868613	0.27396435	0.327252	-0.7370077	0.5159426	-0.29765478	0.0671325	-0.299405	0.3344373	-0.4200452	-0.31528455	0.13693593	0.12236311	0.021922905	-0.4287267	0.38859326	-0.009761255	0.31890255	-0.1522568	0.3826145	0.19094105	-0.6325111	-0.16168557	0.0064329626	-0.34725085	-0.07302288	0.009022469	-0.35091758	0.006724716	-0.61005574	-0.025525676	0.076485276	-0.7186397	-0.42730898	0.04659033	0.6536589	0.40315998	0.40455794	-0.07281332	0.46013954	0.4158812	0.32615525	1.0467019	0.34207934	0.073716015	-0.56701577	-0.1575535	-0.077542655	-0.19041674	0.24304073	-0.16697499	0.6861902	-0.022041233	0.23182975	0.086728215	0.5659965	0.09362795	0.2739795	0.5713949	0.07522081	-0.57559407	0.49770775	0.08809876	-0.16901392	-0.24162129	-0.08627088	-0.0787819	0.50976473	0.7391079	0.40375477	-0.16831377	-0.38251343	-0.14365768	0.06033937	-0.07250364	-0.2868104	0.52120197	-0.21554337	-0.2799098	-0.3518958	-1.0396527	-0.9082713	-0.113835335	-0.17853157	0.3260104	-0.104623884	0.27052608	-0.02038586	1.4544727	0.19567376	0.44918823	-0.15741423	0.321145	-0.89164096	0.6328297	-1.358895	-0.29512417	0.7522526	-0.03454426	-0.2571949	0.14997809	0.76048833	-0.35489342	-0.44818997	0.0118573075	1.3219919	0.15994033
0.1359353	0.039566725	0.0019350727	-0.08582201	0.22572744	0.04773553	0.07031395	0.04473758	0.14282912	0.16589066	-0.0342284	0.061147343	0.093106434	0.10259932	0.02621599	0.16751957	-0.09848674	-0.19958219	-0.016254345	0.08458904	-0.0528796	0.05008117	-0.014371769	-0.057634316	-0.17163594	0.003973783	-0.097837284	0.020179931	-0.018665066	0.006846045	-0.05946044	-0.11955427	0.082836024	0.21770735	-0.00718344	-0.05431746	-0.21463682	-0.13296042	-0.014151256	-0.14329909	-0.20755358	-0.08768669	-0.108692594	0.09297184	0.084235676	-0.14401649	0.11801146	0.15143874	-0.2679637	-0.07369072	-0.06430423	0.111775264	0.0046130735	0.02123043	-0.07519809	0.032563064	0.1888921	0.23756051	0.09777022	0.043989595	-0.22589678	0.022842826	-0.062075533	0.09863923	0.14708439	-0.05423621	-0.016937107	-0.016439823	0.0010089873	0.00035543554	-0.09785463	0.014899823	0.12053544	-0.07778053	0.044915028	0.006254866	-0.1439209	-0.07676733	-0.088239826	0.062536895	0.023543037	-0.12496356	-0.0050184554	0.12128974	0.11112672	0.0066775936	-0.060483325	0.122704014	-0.037867043	-0.043345973	0.05407111	-0.08431003	-0.023834834	-0.04931702	0.006766945	-0.14446774	0.034088373	0.24159917	0.04465141	-0.037449062	-0.036383465	-0.2412858	-0.3078819	-0.05867888	0.05752718	-0.012712804	-0.05158403	-0.13429108	0.104693174	0.11092443	0.030287325	0.07785069	0.0684403	-0.003171299	-0.044094354	0.061927963	-0.086423896	-0.007253969	0.13761654	-0.00491162	-0.10996058	0.07035123	0.08859728	0.020843154	-0.016668253	0.059078716	0.069734246	0.052092765
0.26890045	0.07380008	-0.3129904	-0.2039206	-0.07941866	0.0020286695	-0.15430564	0.096237235	0.35128376	-0.18753454	-0.10385451	0.19978163	-0.18348129	-0.20062219	0.12847026	0.39473593	-0.103532456	-0.6906833	-0.03343538	-0.06801362	-0.07816605	0.033895645	-0.09125333	-0.08716489	-0.14543252	0.1448964	-0.05274674	-0.20598575	-0.20947003	0.182713	-0.17619023	-0.197562	0.12562478	0.22958817	-0.2839789	0.12193819	-0.2850001	-0.5086636	0.1692112	-0.15174636	-0.05071035	-0.10054939	-0.13464369	-0.16683516	0.041978158	-0.01852543	0.25035566	-0.08041521	-0.20041037	-0.123924345	-0.2217961	-0.12587242	-0.029491179	-0.25864157	0.04334345	-0.25868216	0.3586934	0.2691148	0.07812251	0.03384673	-0.1721338	-0.05370073	-0.34615135	-0.21739061	0.0729901	0.18442881	-0.034429584	-0.164404	-0.08223085	-0.22486384	-0.09966448	-0.31720093	0.35617802	-0.0044984804	0.12975273	-0.0638328	-0.051115427	-0.3832804	-0.081883565	-0.23424783	-0.28119382	-0.32127255	0.12499162	0.057034153	0.02721889	-0.10055821	-0.0038810452	0.06323673	0.11551823	-0.06537289	0.12067843	-0.05474857	-0.19800611	-0.12226861	-0.15726028	0.030036664	0.047024515	-0.080446854	-0.03532987	0.11558715	0.031755235	-0.42722523	-0.25144482	0.08277472	0.15241738	0.09857189	-0.23289512	0.43283927	0.11161137	0.14643927	0.15195766	0.1620818	-0.14260565	-0.009177175	-0.027158825	0.0037542554	-0.36786044	0.12028566	0.048165888	0.15220396	-0.15667863	0.046247095	-0.039478607	0.2209841	-0.3491628	0.14160268	0.2828027	0.11455155
0.5747044	0.2587006	0.14812666	0.35755256	1.1229622	0.62874967	0.29243857	0.6541887	0.47384647	-0.27049324	-0.05381441	0.032662272	-0.11258746	0.13745652	0.4369817	0.12376754	-0.3822906	-0.27906704	-0.47553617	-0.7571858	-0.13284034	-0.27470508	-0.06564424	0.03570672	-0.070869856	0.21973744	-0.17504084	0.058803003	-0.13996276	0.3124193	-0.46990305	-0.6060684	0.5486464	0.44970122	-0.49970043	0.6760063	-0.5491751	-0.30135468	0.6887302	0.12363363	-0.59787744	-0.46519166	0.11673796	0.08727639	-0.5029929	-0.03099019	0.060496688	0.17484759	0.0699117	-0.09741726	-0.60406786	-0.14067428	-0.37745956	0.2756403	-0.12712938	-0.08202245	0.5258238	0.21245584	0.7006992	-0.10310895	-0.274202	0.51715374	-0.5021812	0.39341152	0.39140013	0.7587039	-0.14565614	-0.30692616	0.035714503	0.18808642	0.68888927	0.07759532	0.13966134	0.22281712	-0.1615368	0.45181453	0.25944605	-0.10929497	-0.027049923	-0.09554476	-0.19366363	-0.59442276	-0.5122753	0.36106423	0.12502979	-0.8035208	-0.27470377	-0.035670362	0.62648416	-0.5634265	-0.40227944	0.4146214	-0.6577965	-0.036222573	-0.1741423	-0.5450523	-0.5321903	0.23678471	0.23230734	-0.6766824	0.098843	-1.6347401	-0.88751954	-0.18876676	-0.01324418	-0.12515587	-0.7785994	0.0332273	0.73796415	0.3446305	0.024911668	0.2112305	-0.29805213	-0.010644154	-0.5498783	0.26348984	-1.0768216	-0.22507404	0.5449684	-0.07625142	-0.09481476	-0.15622304	0.5581025	-0.06873135	-0.6122602	0.40020594	-0.21248084	0.22606966
-0.11720379	0.14435348	0.15866984	-0.40368497	-0.20502006	0.017518427	-0.6090207	0.28279367	0.054458126	0.17019857	-0.17212465	0.2282189	-0.009523427	-0.008695746	-0.16086805	0.17581563	0.13261399	-0.04227392	0.08279165	0.049373224	-0.10644559	-0.3701584	-0.29053944	0.122933574	-0.5934292	-0.3279467	-0.0972718	-0.48575178	-0.61193633	0.1964287	-0.13327545	-0.32401952	-0.118996665	0.37168273	0.17900103	0.1883402	-0.49136445	0.16029729	-0.28473997	0.31779692	-0.58413804	0.4188101	-0.7832936	-0.07126054	-0.17919418	-0.19100454	0.30052122	0.23779283	-0.43382388	-0.19525732	0.2375651	-0.1532961	0.94147867	-0.007629666	0.4510425	-0.39831474	0.38967693	0.4918652	0.083766736	0.074891984	-0.29528466	0.20143248	-0.65856767	0.08017004	0.062536664	0.24865595	0.28424475	0.46272153	-0.30519232	-0.17540035	0.2787848	-0.013125585	0.21999845	-0.13758928	-0.083812505	0.0062166415	0.10076813	0.07489028	-0.17978998	0.17655607	0.10187683	-0.09103441	-0.06470165	-0.15134247	-0.19234753	-0.28827786	0.21300593	0.04756493	0.24360663	-0.20556048	0.054347202	0.031716578	-0.12834112	0.17168362	0.24749164	-0.38862768	0.30089566	0.28447908	0.6437227	-0.589969	0.17091247	-0.35240713	-0.38513598	0.1994225	-0.47485307	-0.2311923	0.028769244	-0.42792317	0.1758853	-0.12620454	-0.24385734	0.26381043	-0.0430847	-0.30077797	0.001220252	-0.18180603	-0.124880575	-0.046326783	-0.1362898	-0.17090836	-0.21436514	-0.10853698	-0.025839642	0.4380281	-0.36338562	0.02936971	-0.086605206	-0.019426635
-0.2598976	0.0723038	-0.10288353	-0.5416004	-0.24403395	-1.0342706	-0.122614466	-0.6213354	0.61570954	0.12567262	-0.2606664	0.060606252	-0.3011677	-0.298691	0.4291713	0.15989652	0.98703754	-0.0523856	0.12159411	0.5552659	0.18996722	0.075808555	-0.47213677	-0.030184176	-0.26468277	0.6032506	-0.094510265	-0.010422887	-0.04647431	0.40097392	-0.29843274	-0.30325627	-0.1858005	-0.15523519	-0.11436573	0.082753465	-0.4919773	-0.08850963	0.27104583	0.3788439	0.35649016	0.25829992	-1.0399985	0.19948076	0.20098919	-0.54341847	0.12948084	0.35738537	-1.1867248	-0.07738768	-0.36986318	-0.011876291	0.45949078	0.28141832	0.21677107	0.6063222	0.49031484	0.10311035	0.2785847	-0.2881684	0.36691684	0.09544131	0.0033267152	0.49042055	-0.03961419	-0.038925126	-0.5389458	-0.7493248	-0.89433676	-0.3462011	0.17677766	-0.64428294	0.43069965	-0.28095227	0.105447136	-0.028552687	-0.36047885	0.5742208	0.23597778	0.3704539	-0.31242755	-0.15081307	0.63843805	0.24905384	-0.65436125	0.16481191	-0.15011182	-0.007815747	0.6003984	0.43722114	-0.35926256	-0.49412823	-0.72093713	-0.36415082	0.05779683	-0.18691842	0.074871376	0.057682265	-0.28392756	-0.35104147	0.10324169	-0.45611542	-0.66201097	0.16540521	0.44647896	0.2641564	-0.68004847	-0.34088475	-0.08738526	1.1789178	0.27763918	0.346972	0.824835	0.66260046	-0.98770124	0.15775661	-0.8947879	-1.0272888	0.65974313	0.4652255	-0.49605474	0.17972268	0.47344425	-0.17554568	-0.61717325	0.22300696	1.2117382	0.2927146
0.1077103	0.056418367	0.039606825	0.1947781	0.27889788	0.18471403	0.10601871	-0.044781733	0.050263345	-0.26914278	0.30700165	0.12594575	0.043460723	0.3696226	-0.026623962	0.18642364	-0.12918738	0.05347816	0.032852974	0.037269175	-0.033291925	-0.0241456	0.03810495	0.074889004	-0.19816145	0.13600425	-0.09597832	0.00029934695	-0.13562006	0.24192567	-0.0017526329	-0.091000274	0.17488067	-0.09067593	-0.073514625	0.013879247	-0.026651923	-0.27808344	0.33078334	-0.14753914	-0.50592995	-0.13473631	0.14437814	-0.09354571	0.05888767	-0.20976672	0.043377813	0.085830845	-0.009997197	0.034547973	-0.27376786	0.15140073	0.10723837	-0.01402009	0.1707795	-0.111288115	0.030407272	0.24212106	0.17504814	-0.0015671717	-0.08102177	0.045674518	-0.18947925	-0.110347256	0.3313302	-0.20710696	-0.05056202	0.03226524	0.018993247	0.28341913	0.11639063	-0.15180485	0.1982857	0.021853268	-0.23299809	0.1423624	0.077104546	0.20532143	-0.105294906	-0.11185563	-0.17599419	-0.2932612	-0.15160598	0.16207157	-0.20538895	-0.35568002	0.16583534	-0.045793463	0.2774126	-0.0632991	0.18350765	0.07402429	-0.39159742	0.099264085	-0.24050607	0.06896675	0.10345927	0.21693765	0.1547198	-0.09406054	-0.02903854	-0.34859532	0.085134864	0.0583396	0.08671089	0.21797559	-0.11581563	-0.019220803	0.2989962	-0.021233479	-0.06633782	-0.12571925	0.05349935	0.055900183	0.15001133	0.1020623	-0.30737317	-0.0825968	0.054851286	0.013136647	0.09163462	-0.0019146476	0.34378108	-0.047288325	-0.13457264	0.1501393	0.2894033	0.2705625
0.0029469389	0.17864382	-0.012004581	0.108080156	0.036484852	0.05874919	0.06949464	0.34015545	0.29724908	0.2584361	0.019475833	0.2235472	0.03958004	0.21035331	0.12983155	0.041179523	-0.07926704	-0.05323529	0.03463103	0.034745455	0.047632255	-0.15852337	-0.27095532	0.286842	-0.14631881	-0.3004237	0.0071886554	-0.10504413	-0.15350616	0.035894647	0.028739166	-0.2733822	0.059234496	0.20869707	-0.1782	0.06020577	-0.19257002	-0.44136336	-0.029178675	-0.08985078	-0.10064916	-0.07310019	-0.27817583	-0.07213733	-0.100765154	0.01046048	0.0152539285	0.40178207	-0.07642021	-0.0388614	-0.21088347	-0.18522881	0.20113504	-0.118714504	0.013598949	-0.073658794	0.2091138	0.1393919	0.21585223	-0.15460882	-0.03755361	0.038186736	-0.38142464	0.003812828	0.08967475	0.013098671	0.05756392	0.057233617	-0.007187184	-0.121862315	0.179772	-0.107962824	0.101570055	-0.119752675	0.24442896	0.17573313	0.085986994	-0.10350566	-0.007958664	-0.14115389	0.18088074	-0.2251789	-0.022837317	0.052643016	-0.10177134	-0.1851915	0.10325032	0.012552144	-0.020624984	-0.05963057	0.08397463	-0.19447318	-0.13579163	-0.15280692	0.046361107	-0.023024688	0.10523163	0.21713659	0.097491235	-0.19553345	-0.15686646	-0.3333735	-0.24099867	-0.06764177	0.038921785	0.040714845	0.055326857	0.12585324	0.19276409	0.14214368	-0.020916276	0.13162239	-0.093073815	0.022489026	0.04685139	0.023766804	-0.19188118	0.14834645	0.0835213	-0.13155715	-0.115947	0.116928436	-0.13590515	0.13673851	0.13007839	-0.17979509	-0.0028335922	-0.0048284866
-0.09572677	0.20678559	0.21226244	0.06856789	0.41453415	0.062942624	-0.2685529	0.07634875	-0.26381478	-0.064578645	0.24279389	-0.22514823	0.105179295	0.21213229	0.14588916	-0.11714909	0.20333067	0.3872061	-0.1783585	0.10889274	0.17845748	-0.12725563	0.06488569	-0.4401838	-0.05617638	0.50489956	-0.16484448	-0.44597423	0.3557845	0.08206499	-0.036839508	-0.021210184	0.0055680685	0.30085376	-0.055881366	-0.4202649	-0.13452977	0.044312827	0.42475912	0.027029319	-0.38553008	0.16080844	-0.12560137	0.089743994	0.4822065	-0.59432036	-0.21436085	0.5114751	-0.043091156	-0.26206312	-0.11613623	-0.23747821	0.5223205	0.108780414	0.03558437	-0.11250348	0.41176233	0.49085423	-0.043323953	-0.15647505	-0.31564903	0.13401407	-0.09548144	0.40296695	0.1474685	-0.30540344	-0.21894865	0.42350805	-0.06942906	-0.11266652	0.06930566	0.17690808	0.15530872	-0.49652445	0.15997377	-0.17669989	0.08883387	0.3367035	-0.24836642	0.1798337	-0.3760361	-0.31400627	0.15461326	0.32028526	-0.047140136	-0.27408016	0.41647276	-0.121156186	0.33487117	0.31175867	0.17203121	-0.117811635	-0.10827913	0.19410457	-0.2672381	-0.25637084	-0.20334768	0.16691901	0.16600655	-0.0004723262	-0.12649332	-0.59789914	-0.24486627	0.021236604	-0.0637291	0.033457924	0.06263751	0.371205	0.16286224	0.2602085	-0.09693328	0.47264218	0.16443838	-0.026593287	0.028819293	-0.014272131	-0.0018323592	0.0015428321	0.32033664	-0.08837189	-0.36723378	0.08608355	0.22910722	0.032236386	-0.09029268	0.21190666	0.23897767	-0.090034075
-0.26290253	0.08363921	0.44224322	-0.8030173	0.751922	0.097838275	-0.09566249	-0.32353285	0.23234159	-0.9347714	0.48302752	0.4329541	0.15114962	-0.27151182	-0.21636982	0.1705223	-0.034937527	-0.72912914	-0.6227891	-0.056219947	0.08397598	-0.66496533	0.23639868	-0.22307006	-0.4732926	0.035496015	-0.5330352	-0.43396318	-0.28445292	-0.48548183	-0.46807057	0.09621048	0.005175294	0.3313011	0.62987685	0.43472824	0.11049148	0.45106256	0.40559787	0.6873903	-0.087260015	0.21778868	-0.3303085	0.15438251	0.033115234	0.028204873	0.72341603	0.02468514	-0.30209902	0.30404228	0.47460836	0.28267875	0.37959594	-0.24052414	0.36758626	-0.067476965	0.09901088	0.4961193	-0.0062857703	0.2383483	-0.009975236	0.9040769	0.058259714	0.8667528	0.32667693	-0.29556853	0.15432265	0.6998927	-0.3611793	0.7624474	-0.5958842	0.12570658	0.1634943	0.092899114	-0.54804295	-0.15665978	0.27530676	-0.1401775	-0.1313875	0.123316236	-0.09320201	-0.6367668	0.7738821	0.32589534	-0.5966385	-0.5568398	-0.24818261	-0.2116693	0.67506945	-0.33538243	0.09366872	-0.22047965	-0.5317193	0.043098256	-0.0031867318	-0.69559085	-0.35012135	0.3645166	0.68580955	-0.7315949	-0.28617004	-0.27372476	-0.63247615	-0.3373223	0.59821445	0.546557	0.15269464	-0.23553619	-0.5918289	0.39414924	0.22410186	-0.07481919	0.11446614	-0.47759157	-0.81086195	-0.114606924	-0.25460303	-0.24630944	0.20977134	0.095522866	0.64570624	-0.018161518	0.866999	0.7976962	-0.14815523	-0.06135505	0.17146026	-0.026607307
0.07913447	0.17316903	0.15497841	-0.045759067	0.57952195	-0.07234731	-0.059959296	0.25530443	0.20879124	-0.078664936	0.089916766	0.16233627	0.01964916	0.068645924	0.18486178	0.08521809	0.06960941	-0.15219009	-0.25425386	0.19626659	0.047866415	-0.40841317	-0.16089152	0.2575138	-0.30403936	-0.09913338	0.030443907	-0.12732658	-0.09348992	0.12710418	-0.17513303	-0.04324535	-0.07037863	0.30134383	-0.007617707	0.10710624	-0.13620605	0.23067684	-0.023343151	-0.10200199	-0.4013942	0.2954896	-0.26044106	0.14867312	-0.06045299	-0.07448207	0.2690146	0.30057222	-0.12476921	-0.283406	-0.075188324	-0.28223544	0.46746308	0.023815878	-0.030389404	-0.24153428	0.55806476	0.24174169	0.17979681	-0.13430291	-0.2863474	0.09990244	-0.18205224	0.43280244	-0.0004332076	-0.0767019	-0.09727416	0.22013192	0.057069425	0.06479526	-0.04628042	0.031501405	0.10569361	-0.0512202	-0.034159336	0.06285004	-0.04786393	0.19230083	-0.17291473	-0.014294976	0.1309789	0.037540372	0.14210491	0.037088923	0.012387998	-0.22914015	0.028525732	0.15795736	0.2726523	-0.20809071	0.18137985	0.053014696	-0.14562526	0.13053526	-0.0670563	0.05585336	-0.05165647	0.4865329	-0.038502213	-0.38845134	0.06597175	-0.60937625	-0.42536515	-0.038525913	-0.40667093	0.1256576	0.1821992	0.08641955	0.23812214	0.316984	-0.29400918	0.2971432	-0.06638224	-0.27837414	-0.44167215	-0.14711556	0.06497924	-0.098710924	0.18612938	0.0030071847	-0.30149966	-0.010453287	0.21674632	0.016437821	-0.13612242	-0.19313408	-0.03916303	0.065498695
-0.3975214	-0.21372233	0.19775859	-0.22055343	0.051658068	0.27644017	0.6915876	0.21866627	0.8783693	0.27232966	0.51482815	-0.15547733	0.4302299	0.30642837	-0.2541284	0.21108583	0.12323253	-0.25027874	-0.511635	0.34366557	-0.42564666	-0.3702077	0.5616676	0.14475979	-0.5703766	-0.23144755	0.090607986	-0.4915678	-0.32228324	0.18869631	-0.040538963	-0.08440863	0.44054168	-0.28393444	0.026561227	-0.31256056	-0.0045161047	-0.82832664	-0.3271026	0.1605958	0.056036707	0.3159354	-0.74397993	-0.21613787	-0.15567574	0.2470647	-0.48885885	0.5021502	0.222761	0.4798979	-0.09011585	0.16238667	-0.36116633	-0.18711032	-0.35141882	0.3086355	0.71906203	0.27295637	0.68473923	-0.022189362	0.4851299	0.88891697	-0.7731055	0.55435055	0.79377866	-0.16549583	-0.7393883	-0.17303778	0.26703203	-0.7524197	0.16122702	0.353483	0.21545696	-0.10745149	0.025393082	0.39126024	0.16713564	0.40968367	0.14815973	0.60247046	-0.051059753	-0.73717433	0.5940458	0.021972794	-0.40284476	-1.0633003	-0.67134726	-0.35296854	0.6988556	-0.035383943	0.27653477	-0.002225784	-0.5670347	-0.040461764	0.15917271	0.6064448	0.54724365	0.13586263	-0.4689115	-0.49841028	-0.27905563	-1.144585	-0.25693873	-0.12441943	0.1858249	0.37642038	-0.24209014	0.25834122	0.11274727	0.5791128	0.28441107	0.18832533	-0.08768633	-0.008045592	-0.9386972	0.27596635	-0.48362848	-0.097941466	0.028464198	0.5219193	-0.02371997	0.1421528	0.07839878	-0.20674895	-0.44062033	-0.15055843	0.7098806	-0.5484204
-0.0017784185	-0.2663124	-0.17684962	-0.27710336	0.30250314	-0.280513	-0.029285867	-0.16669786	0.29027045	0.49854815	-0.26129052	-0.2672016	0.18011096	0.054414168	-0.31036228	0.450968	-0.116263345	-0.39759052	0.027079163	0.36246505	0.17724186	-0.11551705	0.12564732	-0.3589393	-0.25856718	-0.20196274	-0.33680785	-0.18809071	-0.026975995	-0.005311059	-0.17813875	-0.4034222	-0.3780411	0.1474905	0.16335645	-0.03808026	-0.46578085	-0.23992474	0.1414404	-0.25169876	-0.28840843	-0.3748171	-0.05689828	-0.12273269	0.25569028	-0.16193093	0.56252193	-0.14355992	-0.50877905	-0.1594728	0.28679615	0.02147458	-0.24371777	-0.37725696	0.07481087	-0.16047549	0.39529702	0.5477167	-0.067936875	-0.07235486	-0.042401526	-0.11640868	-0.22013539	0.13316913	0.44363353	-0.23638497	-0.15361898	0.09135325	0.05302279	-0.18066216	-0.08635035	0.41955572	-0.055514846	0.02125365	-0.18584798	-0.47221807	-0.29847866	-0.15600896	-0.2332907	-0.05351304	-0.22895327	-0.4716108	0.21888445	0.18534526	0.16324754	-0.031602807	-0.3295748	0.12283154	0.20137945	-0.19176647	0.09054644	-0.602459	-0.1757474	-0.07101449	-0.30277056	-0.051012356	0.6058531	0.03374741	0.057341333	-0.342794	0.11591278	-0.5600201	-0.5865433	-0.18528406	-0.2843845	0.21858771	-0.100232325	-0.07892471	0.004683929	0.09689412	-0.14213157	0.5183714	-0.074260406	-0.20178418	0.07841377	0.014327597	-0.03643477	-0.01938849	0.13993901	0.2272793	-0.15993547	0.028385006	0.5085483	0.31033763	-0.23184867	-0.05927533	0.36462983	-0.17851447
-0.49484664	0.053504236	0.047970515	-0.43423322	-0.36045542	-0.7702073	-0.05975355	-0.8650404	0.6354756	0.20955667	-0.33027595	-0.054046728	-0.26738483	-0.46139044	0.5864965	0.053416323	1.003087	-0.06454501	0.11487728	0.5849944	-0.016622946	0.11534188	-0.6151339	0.11151924	-0.2896063	0.6775064	-0.055038948	-0.2528217	-0.26596394	0.37825033	-0.3226279	-0.25859195	-0.2852517	0.02286842	-0.0761403	0.15314937	-0.6514302	0.15195058	0.42098135	0.23053212	0.36694697	0.15177181	-1.1688702	0.14625503	0.21102954	-0.5232634	0.19436291	0.28261587	-1.1911389	-0.11337959	-0.31456667	-0.09559446	0.34079415	0.22444119	-0.0044697397	0.3969341	0.51416993	0.15230912	0.38084725	-0.3473931	0.4800042	0.13499658	0.030771002	0.5540087	-0.08397251	0.1295346	-0.49105093	-0.5575628	-0.85619724	-0.3903747	0.07401404	-0.4140627	0.39861566	-0.21998468	0.010974519	-0.0027571497	-0.2083604	0.4010308	0.15185033	0.33951035	-0.4358594	-0.19244452	0.8511577	0.3462992	-0.60819364	0.30360898	-0.2701085	-0.07107626	0.5816675	0.43125904	-0.48390475	-0.25449905	-0.64407426	-0.4729954	-0.059175074	-0.063599996	0.028958954	0.14148836	-0.07272686	-0.25737837	0.020684412	-0.56210816	-0.8337155	0.1760925	0.34365118	0.3705541	-0.721658	-0.31768033	-0.17209284	1.2857294	0.32670495	0.4332221	0.7426606	0.6600504	-0.98627055	0.12927568	-1.0607003	-0.94775474	0.81085306	0.46360525	-0.4841373	0.26700836	0.45321864	-0.1119329	-0.80417424	0.18779229	1.1643094	0.20618746
0.21229382	0.3995225	0.412554	0.37848032	1.1244583	0.21540609	-0.15445279	-0.11467771	0.53188473	0.06643523	0.64822936	0.1277132	-0.2903407	0.653644	0.35877216	0.46922734	-0.27353534	-0.06853213	-0.14702281	-0.098068655	-0.3564347	-0.29333627	0.25398704	-0.45120195	-0.3261856	0.55164444	-0.21736276	-0.1722561	0.45594516	0.7537191	0.03917474	-0.46852106	-0.076442905	0.15468733	0.050449	0.11062999	0.49612483	0.059429634	0.83497953	-0.15359485	-0.8341914	0.019546524	0.13141824	-0.07718874	0.2531762	-0.50507885	0.42120412	-0.44453984	-0.67813724	-0.50592345	-0.38683122	0.15094112	0.30232272	-0.16512053	0.22665356	-0.12188015	0.13444957	0.72942424	0.09492777	-0.5946777	0.1803195	0.0043727322	0.61677265	0.15138803	0.5840578	-0.23292011	0.26995412	0.41886488	0.1707027	-0.123748444	0.066071026	-0.42649263	-0.08644704	0.11584603	-0.27403626	-0.40017703	0.3374022	0.45047072	-0.24493474	-0.08493758	-0.7911479	-1.0383278	-0.23042637	0.5427998	-0.37873414	-0.6900228	0.28036088	-0.07596054	0.5228044	0.263779	0.42986128	-0.50121397	-0.8780567	-0.10503233	-0.48529482	-0.17822506	0.18029864	0.7143112	-0.06963348	-0.24929507	0.1405781	-1.0733494	-1.1240975	0.1201366	-0.106869854	0.36589375	-0.21021159	0.32276317	0.6842736	0.115201354	0.57156265	0.34587878	-0.052830942	-0.19646128	0.30069363	0.017709069	-0.7659883	0.04460125	0.81221944	0.021601576	-0.17152473	0.21817693	1.0944244	0.22360459	-0.5837942	-0.6929374	0.3853312	0.733356
-0.20760767	-0.19431949	-0.05711269	-0.17900269	0.08055439	-0.18065195	-0.07179072	-0.009800503	0.19902049	-0.018541249	0.10149075	0.104332395	0.11836774	0.26067674	0.017352896	0.18533482	-0.20075485	-0.44530812	0.13160226	0.30289397	0.088615775	-0.44099045	0.028909426	-0.20044632	-0.10050896	-0.08396012	-0.3841764	-0.1366558	0.3624797	-0.06597447	-0.34146902	-0.45593506	-0.042594314	0.7201738	0.20100424	0.12999652	-0.30978453	-0.098426476	0.5022954	0.08677426	-0.27991623	-0.21301001	-0.11237593	-0.041394804	0.043100487	-0.43569633	0.6410291	0.2515776	-0.57622373	-0.106467076	0.23901838	-0.12893538	-0.022055294	-0.1456078	0.16382459	-0.13252072	0.49411234	0.5414994	0.09967046	0.030064078	0.066081494	0.019636698	-0.32276085	0.38215905	0.23757853	-0.065143116	-0.07114171	0.08196816	-0.056298204	-0.01160249	0.18374227	0.17611836	-0.14868958	0.17647296	0.048260447	0.038014535	-0.15491042	0.10260777	-0.15558472	-0.17426124	-0.26596755	-0.39563346	0.16827087	0.14645419	-0.2153163	-0.32149193	-0.25035763	0.3420204	0.060454577	-0.27727076	0.09346532	-0.49341062	-0.28199667	-0.14943884	-0.14489506	-0.17543308	0.19008192	0.21725579	0.061488967	-0.3733716	-0.025723958	-0.60399437	-0.6466861	-0.0030482272	-0.3064195	0.012500265	0.038057346	-0.05514673	0.09753786	0.0074456786	-0.21762352	0.68362623	0.15054244	0.15077183	0.1537668	0.09835459	0.22255227	-0.12562513	0.11880364	0.29068694	-0.32157543	0.22387263	0.21405953	0.1836497	-0.24051544	-0.25366515	0.10322431	-0.062074643
-1.1279007	0.12311055	-0.6481333	-0.9240561	0.0061793895	1.3453847	1.2708075	1.2585106	-0.08683413	-0.3065786	1.4458866	0.6872253	0.72087055	1.3463378	-0.12907661	0.49540168	-0.18082404	-0.7578668	0.45846906	-0.14902581	-0.3665185	0.5400012	-0.40929177	-0.9339484	-1.1636308	-0.09772734	0.012527415	-0.65678525	0.221296	-0.09284371	-0.3455451	-1.3544381	-0.0934968	0.17174542	-0.028362812	-0.40690827	0.007893755	-0.67228174	0.18178424	-0.42131314	0.378975	0.64492375	0.40663007	0.43598178	-0.13662797	0.42563543	-0.25969005	0.95697016	-0.21339998	-0.5386873	0.1529199	0.2952848	0.8388934	-1.0848885	-0.9243751	-1.1737866	0.8215205	0.69180954	0.13422337	0.017354848	0.45407155	-0.32593456	-0.29628617	-0.82597613	0.04084191	0.13682696	0.047632705	0.12928142	-0.5599126	-0.8238044	0.45333424	1.2853603	0.5932537	-0.24114302	-0.13615997	0.7300981	-0.03341845	0.54589975	-0.403591	0.6081395	-0.12408201	-0.769544	-0.67428285	0.15443176	0.49210727	0.33512712	0.7410719	-0.38735598	0.85231584	0.34526038	-0.25664872	-0.11691826	-0.50142676	0.45072743	0.23732053	0.14547898	-0.40877977	0.59603494	0.17809373	-0.39182675	0.9726123	-0.7704547	-0.7056903	-0.08768415	-0.5798785	-0.5664669	0.5828607	0.16840461	0.37637925	1.0924256	1.9053203	0.81150556	0.2679367	-0.98171157	-0.22422667	0.07814333	-0.5138237	-0.662225	-0.62162083	-0.97542673	-0.28182933	-0.58989817	0.11150072	-0.059854575	-0.08290783	0.29193363	0.360405	-0.9221245
-0.042900685	0.4780191	0.00962767	-0.26609474	0.6599611	-0.20965636	-0.06752465	0.4271783	0.35115203	0.34231392	-0.19907336	-0.17413197	0.29315972	0.20720598	0.23920164	0.42589152	0.11383268	-0.5488617	-0.33688906	-0.18577693	0.7747296	-0.29284036	-0.1544907	-0.33823788	-1.077746	-0.15858513	-0.114544325	-0.33915964	-0.22788784	0.5448101	-0.33877018	-0.24350168	0.46013063	0.28984302	-0.29357573	0.89063925	-1.1643065	-0.094759524	-0.0731751	-0.2784293	-0.33148482	-0.4900655	-0.2747414	-0.1890269	0.27286577	0.06352604	0.1918205	-0.25130597	0.02185367	-0.84779614	0.4233139	0.44809657	0.45435593	0.321621	0.44478676	-0.05680757	0.19639562	-0.1374761	0.14346592	0.004623634	0.11204447	0.15355104	-0.12769149	0.2788816	0.16692184	0.25702146	-0.2798587	0.39920497	-0.70480883	0.06360529	-0.08567615	0.21404003	-0.9104668	0.5887756	-0.6654141	0.0847244	0.021482175	0.5197487	0.27599576	-0.2866286	-0.19988582	-0.40765688	0.25196463	0.45643693	-0.31122017	0.012635542	0.046952184	-0.21715721	0.45247108	0.108796895	0.2238634	0.4185104	-0.14376312	0.044622414	-0.26091453	-0.097716264	-0.143988	-0.04687544	1.0843221	-0.5654531	0.10918873	-1.36735	-1.2626618	0.25445437	-0.3118236	-0.5287973	-0.52974546	0.23412687	0.28589928	0.3286724	-0.02365913	-0.053172376	0.3886291	0.17811695	-0.45848048	-0.8411496	0.11341055	-0.28784704	0.38874435	0.025826907	0.2690263	-0.19395049	-0.100887984	0.10633259	-0.8012948	-0.088047564	-0.110298015	-0.49222824
-1.2047768	0.41474006	-0.567628	-0.7964279	-0.42946628	1.4052427	1.352607	1.3113835	0.33575678	-0.3800716	1.4033489	0.9669055	0.77594554	1.5343343	-0.11230415	0.92154485	-0.0015996755	-0.5257374	0.4187399	0.4260151	-0.38003415	0.5269407	-0.7667126	-0.5487162	-1.2806304	-0.2855821	-0.22806576	-0.11857223	-0.15795597	-0.037653886	-0.19227861	-1.363952	-0.13471365	0.35343102	-0.26282763	0.035310503	0.06310176	-0.96483976	0.38526198	-0.47698522	0.51915395	0.7928199	0.42944977	0.6495971	-0.12808144	0.3548704	-0.19279683	0.596797	0.024091711	-0.4496932	0.33468127	0.45424867	0.56022716	-1.4479789	-0.751717	-0.88117814	0.9127314	0.5878353	-0.022787055	-0.13884196	0.18993583	-0.24485777	-0.5694959	-1.0661207	0.16762161	0.36589643	-0.4061318	0.04753771	-0.99203473	-0.9914903	0.44810733	1.2949675	0.47786444	-0.27420133	0.005670803	0.899323	0.050968766	0.7735837	-0.29240397	0.6053711	-0.25653136	-0.5225227	-0.7666942	0.2975005	0.4205673	0.67578447	0.48511234	-0.500597	0.9992958	0.5155062	-0.5080317	-0.30804753	-0.7010641	0.47387242	0.3427343	0.31618184	-0.51167464	0.6761693	0.66083723	-0.5878667	0.72372395	-0.8003752	-0.7462271	-0.24386457	-0.7638287	-0.3968684	0.58716536	0.20286481	0.5394291	0.9365656	2.2419708	1.1002383	0.53562105	-0.6629968	-0.25026822	-0.0060596913	-0.32229185	-0.49811742	-0.41650203	-0.7419395	-0.50843626	-0.49220508	-0.0116542345	0.071454555	-0.03627927	0.3327617	0.48723653	-1.092474
0.5561947	-0.0020821386	0.012512609	0.24253191	1.0109537	0.59692764	0.3215462	0.55677855	0.4468459	-0.3683641	0.11343114	0.12173306	-0.26185635	0.19593278	0.50194573	0.15590836	-0.3364979	-0.4576511	-0.50493985	-0.59053195	0.071257606	-0.36663052	0.08461872	0.22386307	0.0078025027	0.09716563	-0.24674343	0.04173483	-0.14624201	0.23113655	-0.5610095	-0.5449387	0.6018145	0.53409666	-0.3654755	0.7919027	-0.6137606	-0.27877918	0.88413197	-0.015659299	-0.69712025	-0.57151514	0.20301396	-0.039361022	-0.50465554	-0.024063423	0.2587467	0.14685374	-0.13400613	-0.1186603	-0.46928486	-0.07387209	-0.36053175	0.3573553	0.028530594	-0.16730662	0.65309954	0.24912186	0.71392626	-0.07685489	-0.16810182	0.48658073	-0.3931707	0.32794774	0.47694823	0.7336176	-0.19116582	-0.20602612	-0.04575816	0.28030807	0.6237374	0.020748846	0.33712173	0.27544776	-0.15628521	0.44059944	0.14857806	-0.21207488	-0.085800506	-0.14470434	-0.30385652	-0.61728764	-0.3232443	0.33525723	0.19895515	-0.6672014	-0.35022894	0.049567148	0.79261476	-0.5559454	-0.18413386	0.28297	-0.7505836	0.03200351	-0.30689204	-0.45934853	-0.5486141	0.19499387	0.27003276	-0.70587534	0.1705986	-1.6871789	-0.8984901	-0.053310126	-0.09780025	0.0138278715	-1.0121198	0.06154813	0.6938485	0.21699053	-0.047630023	0.33610788	-0.2044864	-0.19750308	-0.6789406	0.22505228	-0.9343418	-0.3859626	0.5439909	0.07711456	-0.22693278	-0.11280804	0.50570834	0.037515834	-0.6602958	0.32769552	-0.28613156	0.21194698
-0.3153073	-0.16606553	0.5499266	-0.8479838	0.6416353	-0.04398072	0.19871902	-0.06978593	0.40461236	0.28645837	0.5108531	0.1281449	0.21358602	0.39811957	-0.22556105	0.4392968	0.80264527	0.12446988	-0.22343917	0.83498436	-0.2385491	0.061191197	-0.63099825	-0.12736075	-0.49125	0.8987181	0.05868581	0.15387462	0.12869383	-0.072536364	0.19150113	-0.29282495	-0.6398276	0.11225109	0.3188028	0.15315488	-0.05971385	0.5407472	0.6217168	0.33973712	0.26351207	0.51481086	-0.7547749	0.14018618	0.330323	-0.909949	-0.5228119	0.5557245	-0.5648729	0.1577012	-0.18580565	0.27936378	0.88949424	-0.06234467	0.18131594	-0.50995064	0.29592788	0.9431035	0.09592238	-0.38393262	-0.7255432	0.5064	-0.18062313	0.4794504	0.3298925	-0.45110646	-0.4561633	0.49482122	-0.12100341	0.43778166	-0.47692	-0.42982125	0.16545707	-0.15360019	0.19706888	0.3102044	0.23576544	1.0094815	-0.557407	0.059763763	-0.3671064	-0.38156807	0.009396548	0.5114765	-0.3299269	-0.46066445	-0.09018906	-0.20435943	-0.036204394	-0.32957548	0.33179298	-0.16054499	-0.86176676	0.022816781	0.23549676	-0.12240353	0.18871872	0.42210063	0.38567206	-0.0492683	-0.62322	0.6203493	-0.26280427	-0.37634864	0.21995668	0.31544963	0.27648994	-0.27212045	0.41147032	0.05336794	0.31062877	-0.37171096	0.17210355	-0.10479035	-0.39436558	0.50845337	-0.7048697	0.028268198	0.14796038	-0.2596331	0.27338237	0.47176087	0.7109879	-0.15639193	-1.0082535	0.492487	0.850404	0.5032366
-0.11494575	0.32444057	-0.10043257	0.30035517	0.75744814	0.08692682	0.19870898	-0.06735008	0.2930404	-0.12871575	-0.12032899	0.08513705	-0.10051738	0.026804935	-0.09090832	0.13218647	-0.28160036	0.016417308	-0.31666628	-0.13203111	0.09004616	0.067763634	0.008368348	-0.2893901	-0.71225834	0.59880644	-0.11405949	-0.16743103	0.11117687	0.18086854	-0.027609844	-0.37913534	-0.545879	-0.19979814	-0.19072415	0.026058402	-0.3044085	-0.5927714	0.24411494	-0.65038776	-0.5806317	-0.32571623	-0.09176411	-0.2747395	0.21641697	-0.66880584	0.108294934	0.18716606	-0.13488124	-0.3488843	-0.74956864	0.22995362	0.40159655	0.39446107	-0.015794493	0.2472004	-0.09245792	0.79826266	-0.34916264	-0.60175997	-0.41829336	0.047404915	-0.33430782	0.013233041	-0.2511129	-0.29173064	-0.03889885	0.06358876	-0.11426763	-0.31012976	-0.11365405	-0.34223905	0.08597489	-0.59093845	0.1150647	0.19411452	-0.012921623	0.12499431	-0.014240381	0.46438774	-0.6743234	-0.40446582	-0.10238855	0.87934315	-0.17391384	-0.49640867	0.17981087	-0.0966304	0.5585225	0.06399417	0.2448436	-0.22035623	-0.3047077	-0.08506694	-0.09986241	-0.021039996	-0.18349694	0.19715235	0.20010257	-0.28792363	-0.109916516	-0.79364645	-0.08750462	0.4460115	0.57761264	0.42116284	0.061711926	0.26500353	0.4013973	0.78023756	0.078622356	0.43080825	0.3181636	0.2909693	-0.15582198	-0.32056722	-0.022330254	-0.012641868	0.51916176	0.3477986	-0.120455496	0.25878957	0.67700136	-0.16551015	-0.9248711	-0.7657481	0.08879267	-0.13571338
0.16874994	-0.1127686	-0.025272522	0.42823115	0.25912657	0.09238447	0.072760016	0.27503645	0.5698751	0.029772459	-0.020005137	0.33139178	-0.1666526	0.108694784	0.3595413	0.028812846	0.06443573	-0.2033401	0.22336301	-0.02367621	-0.3044285	-0.14416033	-0.08674994	0.16800866	-0.35090205	0.4527716	-0.25549108	-0.121953465	-0.12766564	-0.019874286	-0.429169	-0.22652048	0.31585202	0.2922817	-0.13793427	-0.01684306	-0.37327155	-0.52978927	0.09284539	-0.044176374	-0.40905893	-0.0873982	-0.05869924	0.041675158	-0.15520407	-0.13762775	-0.113488846	0.069393314	-0.21199767	-0.1973145	-0.620293	-0.17848822	-0.029422084	-0.11203113	-0.2581677	-0.15994537	0.26863343	0.23168404	-0.18169461	0.0067383945	-0.033347953	0.08687044	0.35671863	0.29572394	0.13724254	0.25664186	-0.047422536	-0.099052645	-0.116528966	0.07701282	0.30811644	-0.0031024574	0.24329743	-0.07904424	0.2957832	0.21340212	0.28184524	-0.66461647	0.2108941	0.039860167	-0.13250814	-0.3167113	-0.09312734	-0.14995272	0.0685839	0.07613201	0.054441996	-0.19272661	0.111397125	0.1505107	0.04348924	-0.10537157	-0.086953126	0.041512266	0.09740741	-0.14954689	-0.059240263	-0.19153424	-0.019127082	-0.110550724	0.013205332	-0.8143843	-0.5958976	-0.15890479	-0.106943116	0.23549455	-0.45662668	0.3250308	0.58514863	0.24883793	-0.041711755	0.09904936	0.035441004	-0.035922628	-0.31307948	0.1546042	-0.8191479	-0.19019452	0.21862964	0.11032928	-0.06499922	-0.3773504	-0.0031228706	-0.31212875	-0.36589187	-0.07276102	0.41202307	-0.22217982
0.023771267	0.16915552	0.14953862	-0.07583042	0.54383194	-0.05357548	-0.03666389	0.22897391	0.2438158	-0.035320472	0.05594008	0.24174492	0.05924208	0.08840014	0.16342701	0.04707981	0.117213406	-0.1914034	-0.21885994	0.20765284	0.032289363	-0.43747652	-0.2040094	0.3245894	-0.28796893	-0.105614305	0.0043239747	-0.12838705	-0.12507108	0.09743676	-0.15973587	-0.047333863	-0.09497221	0.30269027	0.06323472	0.13999246	-0.20747551	0.23795405	-0.09103724	-0.060373027	-0.32742923	0.27785966	-0.28660512	0.10750558	-0.12748438	-0.05117503	0.25946563	0.3311922	-0.15502079	-0.17838849	-0.048398387	-0.28267068	0.42571467	-0.034208212	-0.074043676	-0.24169205	0.5816415	0.20099087	0.1678	-0.15757306	-0.2968977	0.19641757	-0.20944853	0.48323876	-0.00016548451	-0.11463385	-0.16144249	0.20660233	0.07731492	0.09304958	-0.071233094	0.030528793	0.15133193	-0.023843462	0.008274103	0.12727058	-0.032487277	0.18158664	-0.17896706	-0.026998099	0.25041255	0.05356896	0.14213672	0.018539416	0.00091972976	-0.19013858	0.019260667	0.19566283	0.2340577	-0.20644763	0.1722952	0.06369102	-0.1114108	0.13133411	-0.022289457	0.087246686	-0.030078018	0.49891293	0.006424934	-0.37357172	-0.011352598	-0.6039574	-0.4466051	-0.064025655	-0.40856767	0.13904351	0.19057697	0.11673576	0.19563386	0.32242087	-0.29722172	0.2957346	-0.07261174	-0.28237036	-0.43481112	-0.10640076	0.02868267	-0.16341257	0.194646	0.022451133	-0.30963334	-0.015799005	0.18450134	-0.07722674	-0.0717741	-0.16446348	-0.0111581925	0.055567566
0.09812397	-0.15253846	0.10544294	0.2909769	0.79951566	0.95656186	-0.12906155	-0.31903198	0.745641	0.031975985	-0.06412796	0.35917696	-0.114904806	-0.24675924	-0.111175254	-0.27356666	-0.48491994	0.32946196	-1.2737575	0.18164037	0.058488276	0.4063208	-0.278015	0.40354928	-0.58726317	0.4981244	-0.24498703	-0.6231189	-0.34546885	0.5853054	-0.7536639	-0.30607164	-0.116063386	0.62159294	-0.0526962	0.09888556	-0.280749	-0.9711151	0.12425458	-0.15665014	0.065315254	-0.88208526	-0.9147977	-0.067820795	0.5805931	-0.23616537	0.22816226	0.15399198	-0.38616154	-0.1746252	-0.2562568	-0.16133569	0.2838437	-0.22272682	0.6588018	0.07308768	-0.046791937	-0.13204533	0.059282128	0.6136653	0.16198823	0.09809885	-0.61911005	0.15399015	0.20899525	-0.37980294	0.18305272	0.065176584	-0.3773487	0.46187574	-0.74113065	0.38042238	0.7285316	-0.20204875	0.35218734	-1.1597028	1.0650314	-0.025886394	-0.051354624	0.6613526	0.45623416	-0.1720151	0.18721232	0.022695214	-0.826215	-0.09023034	0.48553306	0.5197048	0.8321767	-0.56204015	-0.04834616	-1.2684757	-0.16549532	-0.8674338	-0.50001657	-0.9700212	0.92160136	-0.47171122	0.17200322	-0.3995332	0.34255555	-0.12912196	0.3740632	0.308696	0.6022995	0.050570663	-0.025008556	-1.2256379	0.1514555	-0.20075913	-0.18049836	-0.19039664	0.30803958	-0.05712012	-0.062347025	0.86483866	0.07019492	0.09753951	0.15101048	-0.23669861	-0.31900054	-0.019890178	0.34550524	0.7469724	0.28145424	-0.02689056	0.30431965	0.64490545
0.080047324	0.023045229	-0.053299	-0.12851872	0.19088885	-0.08533816	-0.002746801	0.13464893	0.10562375	0.13538836	-0.13757455	0.14324409	0.13145523	0.1320305	0.077734776	0.02111905	-0.019978113	-0.26992455	0.043457024	0.12145294	0.016564278	0.021057935	0.01074202	0.014551349	-0.19201463	-0.042639636	-0.23520935	-0.18709993	0.049737737	-0.040899694	-0.12874183	-0.2018066	0.031084187	0.30230835	-0.13739894	-0.104780845	-0.389535	-0.16381802	0.07490478	-0.024826793	-0.24582791	-0.009580657	-0.17508118	0.012073648	0.18680814	-0.21848717	0.12905356	0.24920054	-0.25151095	-0.11657305	-0.021707632	0.07457674	0.023020381	-0.035845842	-0.09819625	-0.06492469	0.13108619	0.31054667	0.008427385	-0.003386978	-0.22188292	-0.033042524	-0.15775734	0.133203	0.064119674	-0.0589708	-0.06124617	-0.1330201	0.09751176	-0.06510523	-0.10814101	-0.012820938	0.06274144	-0.043804087	0.12185632	-0.05344818	-0.07824241	-0.1714978	-0.10528543	-0.036102585	-0.04671341	-0.21004653	0.064081535	0.025328849	0.050722614	0.13446607	-0.031717226	0.27011162	0.028700992	0.023454262	0.069591984	-0.10284221	-0.05940772	-0.0483929	-0.0057033063	-0.12475892	0.11746202	0.1858569	0.13755691	-0.023167022	0.04825875	-0.2730369	-0.3583379	0.0067753717	-0.15954001	-0.1573239	-0.1079131	-0.12654744	0.15883893	0.05690868	0.062114507	0.21593289	0.087993406	0.069474034	-0.017955175	0.15584272	-0.08473155	-0.011047186	0.12334329	0.031645842	-0.18030907	-0.058683164	0.030284118	-0.054522075	-0.14500234	-0.05234288	0.08658719	0.052161302
0.61201775	0.40325347	0.29165143	-0.137458	0.6874163	0.07044725	-0.174212	0.3173962	1.1038262	0.2331408	-0.57885134	0.17796032	0.003052924	0.00034932126	0.5314812	0.23702113	0.0051875785	-0.2724355	-0.077714	0.15371297	-0.11554211	0.009045243	-0.12715402	0.3173048	-0.45222	-0.06366846	-0.47633195	-0.5058292	-0.35874057	0.16379598	-0.622452	-0.33398604	0.15349504	0.065110154	-0.33763784	0.585839	-0.7683907	-0.34265628	0.27101436	-0.07543767	0.05336772	0.36332473	-0.57235855	0.046737477	-0.5064148	-0.4477686	0.31540275	0.3942148	-0.22977242	-0.40297362	0.1194156	-0.60133344	0.07339357	0.020341288	0.32941332	-0.035297044	0.46582404	0.40931776	0.48588863	0.017166613	-0.07500896	0.104202025	-0.28879055	0.042804718	0.378628	0.5107422	0.09230574	-0.1394672	-0.14688556	-0.30341882	-0.42604053	-0.35585198	0.20466734	0.3686125	0.16456924	-0.051689085	0.22240107	-0.07133415	-0.07359493	0.11496776	-0.21041335	-0.52607083	-0.13769375	-0.14090014	-0.16851313	-0.31186408	-0.25627413	0.23650746	0.41485885	0.06618104	0.12042877	-0.11913956	-0.3428983	-0.12083292	0.12202466	-0.24196175	0.18590441	0.42717397	0.09969666	-0.0017702093	0.5057448	-0.6583623	-0.5798548	0.11436927	0.08592161	-0.15719233	-0.058429655	0.15290815	0.5018093	0.1232951	-0.094535194	0.033880048	-0.18430254	0.17588736	-0.4003731	-0.09384057	-0.78472847	0.2394777	0.6604921	-0.033126064	-0.30280814	-0.23462406	0.2179802	0.4297802	-0.3810654	0.012169546	0.023315707	0.15894198
-0.2320278	-0.004842789	0.16341598	-0.5257584	-0.06392486	-0.7280808	-0.13577268	-0.68153864	0.59202635	-0.1489766	-0.3695587	0.047193218	-0.44679573	-0.48614797	0.22149621	-0.14172924	1.0337658	0.07662933	0.3421809	0.7761349	0.00076535944	0.35963076	-0.5468644	0.16245766	-0.3681251	0.7236824	0.26152426	-0.18312767	-0.20765749	0.33375007	-0.2996784	-0.22418213	-0.17797598	-0.34055296	0.15264979	0.120995134	-0.5994321	0.20510383	0.32929572	0.2813193	0.38849807	0.18680304	-1.1779665	-0.021032348	0.17787641	-0.4561275	0.009984826	0.31286395	-1.2688856	0.0867282	-0.4952584	-0.091705605	0.4553504	0.45470938	0.040719524	0.3649967	0.17314927	-0.101926476	0.21304278	-0.56758213	0.74540573	0.21064025	-0.10462295	0.47908187	-0.2759079	0.15659705	-0.39718258	-0.4702156	-0.84355253	-0.47366202	0.11153827	-0.4607379	0.25926653	-0.45860958	0.16281301	0.16699904	-0.5564041	0.509116	0.040350985	0.34232572	-0.18942848	-0.41656914	0.9175383	0.20470305	-0.69658875	0.21892014	-0.41435403	-0.24346003	0.6966356	0.4458615	-0.6251766	-0.2944364	-0.54624414	-0.6330935	0.13900839	0.13278463	0.27053857	0.10949968	0.0329543	-0.24136586	0.005751307	-0.7431393	-0.92761004	-0.004685292	0.46598056	0.25780565	-0.7101359	-0.33884338	-0.27055016	1.2683891	0.5503103	0.52347416	0.66292983	0.82707506	-1.3113136	0.14961123	-1.1027578	-0.79473305	0.8630786	0.27567634	-0.41568705	0.17323129	0.4480594	-0.13400355	-0.70159566	0.08994147	1.2960991	0.0069139916
0.17778674	-0.25315458	0.7263604	-0.45882404	0.7475698	-0.55801237	0.5649419	0.17335558	1.0048866	-0.18841682	-0.21322505	0.07236133	0.5279234	-0.40600017	0.5791359	-0.4626696	0.67248535	-0.08521673	-0.62357163	0.72518975	0.28939143	-0.9219776	-0.6028026	0.6619826	-0.50009793	0.37679765	0.17041905	-0.4581918	0.12390636	0.13887618	0.2994263	-0.47901022	0.19201341	-0.28865665	0.51747847	0.12145748	-0.21680577	-0.3513263	0.032143567	0.32601565	0.5639224	-0.21855132	-0.91053015	0.15257385	-0.06272307	-0.43348435	0.03908653	0.009772542	0.48163807	-0.13013159	-0.37551355	-0.09778183	0.20000006	0.45308796	0.04758998	-0.14922406	-0.07438882	0.75252223	0.1948469	-0.3065353	-0.3858898	0.6744485	-0.3141431	0.18935859	-0.15461995	0.66882926	-0.368751	-0.15143816	0.325004	-0.63386357	0.3436514	0.25413048	-0.4289535	0.14231212	-0.54498327	0.64243823	0.21069683	0.36934134	0.0031852315	-0.0008948491	0.14995122	-0.70862865	0.11967634	0.58636814	-0.8594233	-0.55724376	-0.36551592	0.4307993	-0.506411	-0.17247064	-0.113901086	-0.061389815	-0.24012919	0.05297979	-0.05997498	0.4234875	0.60003287	1.0045298	0.33337533	0.0096797515	0.297609	-0.3771494	0.39945742	-1.1119813	0.9774325	0.6509535	0.21723275	0.23134422	-0.027606692	0.46339667	0.5472742	-0.676071	0.12804046	-0.5008081	-0.30424178	0.31549942	-0.80080384	-1.0752991	-0.07802544	0.5067855	0.039636113	0.3750943	0.29698896	-0.30884957	-0.63512456	-0.13407083	0.31151587	0.18341592
-0.34587297	0.035987537	0.15182759	-0.106349215	0.61296296	-0.24427076	-0.2324457	0.10430757	-0.330197	0.24607947	0.60283166	-0.20754465	0.1793312	0.3699758	0.046053145	0.053449705	0.16074307	0.34610638	-0.11072062	0.372148	0.21595141	-0.35145634	0.22494166	-0.6894025	-0.1456087	0.43883172	-0.53147614	-0.5092387	0.56170154	0.086817265	0.0025482664	-0.18418314	-0.16918091	0.47228953	0.27126503	-0.34343925	-0.08716967	0.34227192	0.5367849	0.14762463	-0.90307575	0.12404961	-0.19542201	0.092267886	0.5410829	-0.65350705	0.044589765	0.39636067	-0.2155598	-0.5789097	0.13556242	-0.09261665	0.29608792	-0.15248892	0.05306808	-0.36484072	0.6646616	0.6178269	0.023664843	-0.022622595	-0.44389772	-0.007823687	-0.44033623	0.6213604	0.15270542	-0.411821	-0.31218055	0.7514561	-0.31911352	-0.12886482	-0.100454025	0.3951795	0.06337984	-0.60900146	0.09500923	-0.2555593	0.17157617	0.6316352	-0.23870796	0.18338041	-0.4818092	-0.4412195	0.1816338	0.60022545	0.07292574	-0.48175305	0.27173516	-0.09459325	0.25269106	0.17075208	0.34131408	-0.23161893	-0.112016425	0.06858884	-0.2277989	-0.5835064	-0.2614186	0.29067355	0.20116638	-0.004904112	-0.27475122	-0.7777888	-0.9117263	-0.13927147	-0.24200454	-0.09030809	0.11004208	0.49673355	0.03807204	0.2873545	-0.39207903	0.5331079	0.08700484	-0.18462703	0.11782577	0.10947137	0.3194293	0.014431867	0.3620795	0.0055470383	-0.38735822	0.21708038	0.33907762	0.11975847	-0.15030769	0.1847953	0.50877124	-0.0045367037
-0.119662926	0.15592684	0.17653838	0.17430755	0.4338589	0.03147201	-0.2021788	0.074494936	-0.29188457	0.052930053	0.27433056	-0.20966668	0.06787886	0.32730144	0.10017166	-0.11176315	0.19191314	0.3062806	-0.1332567	0.16147825	0.22600578	-0.14401753	-0.011545981	-0.393855	-0.115139805	0.31493807	-0.06720414	-0.38348076	0.24085924	0.052315503	0.033355225	-0.042496454	0.07013596	0.30925706	-0.089222334	-0.30729398	-0.08831934	0.07928419	0.37906757	0.0029497505	-0.5012899	0.19866838	-0.13595493	0.035796836	0.40933344	-0.5330236	-0.2592129	0.46633515	-0.027477564	-0.2961805	-0.15820615	-0.23607336	0.38699457	0.12649739	0.063341625	-0.15101407	0.526586	0.4128786	-0.08334358	-0.1302353	-0.30215436	0.09266985	-0.1088252	0.4243833	0.072827294	-0.29593906	-0.2910682	0.5381734	-0.20427649	-0.16248904	-0.015800199	0.24585077	0.09946453	-0.40055743	0.24831598	-0.040126383	0.16285546	0.34881744	-0.26954597	0.029670637	-0.32656276	-0.34224197	0.21401668	0.3627907	-0.02193973	-0.284982	0.40054145	-0.16787665	0.2981623	0.21986204	0.2777781	-0.021490159	-0.19829583	0.049557015	-0.29220548	-0.2663781	-0.26559195	0.2071421	0.09014151	0.11699841	-0.19287036	-0.53227264	-0.31056064	0.010203265	-0.044879615	-0.017025571	0.059789483	0.39393803	0.103556775	0.3704626	-0.12347721	0.41143298	0.19065578	0.0052501876	0.114356205	0.04768183	0.074883215	-0.045160748	0.39540276	-0.017946234	-0.29477623	0.08869385	0.2794337	-0.029832691	-0.1282816	0.16008008	0.21820214	-0.034832336
-0.21551685	0.038767263	-0.15926653	-0.47123232	0.11763043	-0.5142097	0.22609581	-0.31594858	0.15094788	0.33495986	-0.06548485	-0.019315671	0.011024939	0.28265828	0.16942012	-0.18062632	0.28947097	-0.23095307	-0.15512192	0.48641175	0.12901811	-0.26624176	0.14815605	-0.103952095	-0.14450836	0.077697165	-0.44137973	-0.16166282	0.1615832	-0.02878483	-0.35356313	-0.009206411	-0.45493463	0.6444777	0.077343754	-0.0486093	-0.46219555	-0.030404449	0.16262384	0.26786384	-0.083492406	-0.13999443	-0.54192114	0.16688639	-0.06334525	-0.53488386	0.53049076	0.12594377	-0.24505979	-0.2707536	0.17510127	0.09079458	0.0852934	-0.35968584	0.12433622	0.14930566	0.24550444	0.5173559	-0.028721418	0.24312624	-0.41108438	0.11133367	-0.5432785	0.5519081	0.14133312	-0.023956193	-0.064018935	0.12723847	0.00063353183	0.01879792	-0.07809907	0.3717942	0.33771768	-0.12775667	-0.03715349	-0.17714699	-0.015044941	0.26115164	-0.2398937	-0.031362515	-0.36422598	-0.5253927	0.49944112	0.10458385	-0.34440136	-0.09883553	-0.15203944	0.15199833	0.1959742	0.25168192	0.0634952	-0.37011287	-0.14975573	-0.2334656	0.1086003	-0.16096032	-0.11530714	0.1846986	0.28370637	-0.30979675	0.21960104	-0.44486308	-0.47566894	0.24048863	-0.4241486	-0.082740344	0.134577	-0.03692795	0.2075061	-0.046522662	-0.400441	0.3032214	0.22318128	0.094438545	-0.30477035	-0.10272353	0.089966	-0.20028374	0.09641662	-0.070920646	-0.18288587	0.06525577	0.4301313	-0.089139536	0.09228393	0.35374534	0.5866674	-0.057960916
0.31564227	0.41016108	0.29664338	-0.27125257	0.18542846	0.73005176	0.09602666	0.25796926	0.4184904	0.2140358	0.24026126	0.60950863	0.4006935	0.14639227	-0.46630323	0.1513821	-0.13899638	-0.7387834	-0.39622423	0.08368032	-0.10887567	0.44840077	0.46531814	0.3874811	-0.96954155	-0.16256645	0.18307422	-0.35823193	-0.3241883	-0.014667714	-0.1437467	-0.30216622	0.22178496	0.20191368	0.36059064	-0.68288624	-0.45495635	-0.2779592	-0.86865723	-0.07488128	-0.28860572	-0.0066094864	-0.87067616	-0.9056278	0.57009804	0.57555825	-0.124283105	-0.37263006	-0.86382264	0.66488314	-0.08335723	0.17801683	0.2600701	-0.5140874	0.09854455	-0.3207868	-0.10427195	0.5000799	0.182215	-0.4434058	-1.1645281	0.72895044	-0.5937372	-0.66111827	0.23371097	-0.16328603	0.3487558	0.4336893	-0.26595813	-0.93358743	0.082532614	-0.37876236	-0.3657496	-0.39398935	0.38068995	-0.41059223	0.5236261	-0.5711631	-0.01397888	-1.0396312	0.19061509	-0.913858	0.060381185	0.08782724	-0.46894038	-0.057488978	0.006389765	-0.00012579109	0.32280424	0.29057515	-0.719728	-0.25620177	-0.37993827	-0.44806534	-0.6249669	-0.87016743	0.90813327	-0.10922579	0.14585324	-0.09301104	0.21569917	0.046881907	-0.42803255	-0.0019184644	-0.34483987	-0.08021252	0.0580725	0.09031409	0.45761433	0.449795	0.15081349	0.10945281	-0.088197626	0.4618306	0.5682168	0.5735409	-0.2003691	0.0821527	-0.20203248	0.45029727	-0.17999977	-0.25183	0.70210373	0.5290146	-0.79595655	-0.121046215	0.30713606	-0.77702045
0.044089496	0.14662062	0.011345175	0.09276074	0.12165977	0.04610455	0.14547758	0.100275464	0.16019246	0.06721715	-0.06311153	0.07118365	0.047033157	0.03733421	0.17166689	-0.019398784	-0.026539704	-0.101863496	-0.12175034	-0.1055539	-0.009968609	-0.10947152	-0.19177212	-0.02181392	-0.17585205	-0.12967671	-0.021748574	-0.105808794	0.054381352	0.07603314	-0.0016988702	-0.09954421	0.0385071	0.11477421	-0.0712458	-0.0035323482	-0.20056073	-0.11921573	-0.018894216	-0.0073432205	-0.103987314	-0.05886046	-0.08635282	0.07378768	0.03461788	-0.08465606	0.027053354	0.26701155	-0.124976896	-0.01610517	-0.08748117	-0.072425015	0.21719812	0.017214006	-0.12716593	0.012794461	0.21652335	0.06940717	0.048313696	-0.055474665	-0.0032967941	0.06125635	-0.15253489	0.0045216414	0.06278932	-0.042301927	-0.056155812	0.14197348	-0.13491242	-0.052688096	-0.040848345	0.024187142	0.03325237	-0.071043566	0.10068542	0.09906585	0.011413753	0.091829136	-0.059683654	-0.023418756	0.034407776	-0.1531845	0.12165675	0.12854618	-0.08976809	-0.18485148	0.11146923	-0.067352965	0.08016276	0.0063186935	0.06667737	0.08470524	-0.14385878	-0.05798031	-0.049646642	0.051823333	-0.029922878	0.09221138	0.047102954	-0.25992745	-0.026286202	-0.24244767	-0.23997958	0.06586201	0.025923293	0.0524466	-0.093243286	0.078944676	0.11455053	0.16515613	-0.110123605	0.1003293	0.079859994	-0.049723074	-0.1494549	-0.058578346	-0.119831085	-0.081896715	0.19704905	0.050400857	-0.13516253	0.005595455	0.13592212	0.034980327	-0.02671742	-0.011517393	-0.0017172383	-0.040204395
0.16914707	0.2734916	0.45506218	0.40083128	1.1830765	0.23887682	-0.16967991	-0.14718196	0.5387292	0.082924634	0.691424	0.1241204	-0.13816436	0.53385156	0.077852495	0.5716354	-0.2470863	-0.16715702	-0.13532373	-0.0864805	-0.2726528	-0.14881943	0.12799092	-0.6224029	-0.42617342	0.6568869	-0.09797503	-0.19775882	0.28933206	0.82841164	-0.05948383	-0.54494464	-0.231459	0.021166466	0.13483317	0.21288322	0.3803239	0.12304647	0.91578686	-0.28792402	-0.9931098	0.13967632	0.13123642	-0.053318087	0.2301896	-0.6005295	0.28136405	-0.36955124	-0.8811191	-0.41383377	-0.42560098	0.5212984	0.31211433	-0.04118682	0.15215106	-0.016902423	0.058528602	0.5671311	0.011649077	-0.72524077	0.2180328	-0.23412836	0.5629225	-0.060932454	0.6066627	-0.34957528	0.32640973	0.51014054	0.14723577	-0.04039112	0.043520134	-0.45875522	-0.08948757	0.13799454	-0.3135397	-0.62819976	0.17056546	0.6431977	-0.094918944	-0.013952556	-0.58268714	-0.98331684	-0.39387798	0.6918192	-0.43671829	-0.7662409	0.15155765	-0.22822237	0.35596263	0.11095241	0.5214294	-0.5039131	-0.8285969	-0.09185564	-0.40046036	-0.02736213	0.2659563	0.57821536	-0.26461425	-0.18271549	0.005427093	-0.9908078	-1.0450369	0.0068550054	0.008264088	0.23345238	-0.23943056	0.27620772	0.3329234	0.098029576	0.4428406	0.12667638	-0.2665337	-0.18288352	0.15266259	0.12187269	-0.7504936	0.054078817	0.8024851	-0.14315672	-0.17197378	0.13639049	1.150426	0.22076108	-0.44203895	-0.712363	0.6858964	0.7153642
0.17083095	0.05862608	0.09496992	0.1528496	0.4852026	-0.41590926	0.10886814	0.09958227	0.28369066	-0.21176791	0.015911672	0.2658826	0.6544815	0.14525792	-0.08142036	-0.0899957	0.64126986	0.0095888	-0.6112918	0.20209818	-0.12501876	-0.6552779	0.17671163	0.5527024	-0.71550936	-0.24166961	-0.23402356	-0.5972662	-0.28870067	0.2764149	0.16196448	-1.2788769	0.4927067	-0.10641607	0.41159615	0.13917421	-0.2588081	0.08682467	-0.3909856	-0.10285874	-0.2840414	-0.007412323	-0.695938	-0.06481156	-0.088834986	-0.17171688	0.18238811	0.32887277	0.76746583	0.19738083	0.09665446	0.052119937	0.81789404	0.20535626	-0.1388782	0.46097583	1.0589657	0.20591761	0.53595954	-0.18652624	-0.69809955	0.74656117	-0.7549004	0.34219393	0.087144926	-0.31330103	-0.29000324	-0.31751865	-0.6404416	-0.24758108	-0.3002838	0.7544961	0.27904868	0.3055763	0.082179755	0.21256879	-0.6083893	0.5103676	-0.26218235	0.62209004	0.5608804	0.0967247	0.4070879	0.4888296	-0.5415673	0.1811167	-0.5646372	-0.36739588	0.54126996	-0.14813724	-0.38199857	-0.25855988	-0.24037704	-0.47131023	0.5466784	0.09041266	0.51235753	-0.16233522	0.42606476	-0.33424917	-0.40420792	-0.3503559	-0.20859917	0.04067732	0.14811675	0.080736324	-0.12083818	-0.33404502	0.4083313	1.0941317	-0.42999557	0.2628408	0.25726	0.5854597	-0.77106005	-0.035946082	-0.6085407	-1.0812395	0.31094962	0.06942152	-0.21614394	-0.33126852	-0.41853404	0.11173304	-0.4483841	-0.28560024	0.034504883	-0.6153477
0.1480305	-0.06189221	0.06152404	0.0027973633	0.33818147	0.12811047	0.0056922454	0.029871168	0.12738234	0.018056601	-0.10931572	0.20348792	0.11519497	-0.009932813	0.004958571	0.010717269	0.0077328566	-0.20699903	-0.119600445	0.14175329	0.016298553	-0.15565138	-0.2199193	-0.09770923	-0.11271457	0.22799715	0.04413549	-0.06767917	-0.09877048	0.14501797	-0.016066749	0.062107064	-0.089210995	0.19430985	0.06784282	0.21875082	-0.14274819	0.09713174	0.21790649	-0.09954467	-0.061332665	-0.035407484	-0.08927651	0.050667413	0.055216607	-0.0974689	0.06275955	0.18929203	-0.18148518	0.14506182	0.19816616	-0.09961788	0.30960336	-0.17081559	-0.0978816	-0.17871355	0.069483444	0.12206597	0.079482496	0.0076131336	0.04772231	0.051012445	-0.19259873	-0.045182966	-0.062735006	-0.07428596	0.0614147	0.14880966	-0.13576242	0.08216032	-0.06350592	-0.103414886	0.06629054	-0.018016016	-0.011506422	0.05740056	0.037254702	-0.004435735	0.051359583	0.0849854	-0.03700726	-0.19606161	0.17522496	-0.022706816	-0.12873657	-0.14166303	0.090605795	0.13590604	-0.0706958	-0.06270105	0.05595396	-0.051832072	-0.22260535	0.038393743	0.049386553	-0.17197146	0.088622004	-0.09679391	0.010556995	-0.26111394	-0.12190599	-0.070991784	-0.14100665	0.09784073	-0.05825716	-0.004866186	-0.07719571	-0.12861991	0.06713993	0.04428376	0.13366611	0.08806965	0.034668513	-0.056968	-0.10495466	0.04227102	-0.09339648	0.19121382	0.066601135	-0.1290707	0.035051163	-0.039815467	0.0352058	0.2536631	-0.22984254	-0.15046659	0.070133306	0.0893781
0.080450565	0.07067596	0.13085486	0.27214912	0.39488724	-0.5532667	0.03661514	0.07748832	0.34315577	-0.25417206	0.06390227	0.2759188	0.52652556	0.04979807	-0.15616876	-0.0930746	0.6844706	-0.0035790429	-0.7399825	0.17611492	-0.26322553	-0.7071442	0.18216084	0.5918045	-0.60810035	-0.08073539	-0.3055575	-0.6340905	-0.3566857	0.10224426	0.10244494	-1.2448713	0.5740682	-0.06297355	0.4802151	0.07844036	-0.35657737	-0.0055280905	-0.42249277	-0.08019603	-0.21408965	-0.04062004	-0.7914417	-0.06171128	-0.024872893	-0.1544552	0.19777979	0.21201557	0.58270586	0.16101483	0.053867634	0.10096524	0.7187837	0.28914657	-0.066588335	0.44252744	1.0536479	0.25011042	0.5650915	-0.14843024	-0.6859724	0.74870646	-0.7841071	0.20877808	0.13651615	-0.1444977	-0.2179312	-0.3495398	-0.6607264	-0.22899038	-0.37937045	0.7850694	0.1380087	0.33571878	0.039974615	0.23873124	-0.6161804	0.6404527	-0.22914048	0.7403605	0.5554537	0.17330305	0.47071633	0.49527067	-0.55691934	0.12069307	-0.5527522	-0.43179733	0.57129693	-0.13042463	-0.3083869	-0.22996837	-0.2039719	-0.57578635	0.46037018	0.2632416	0.46318656	-0.1778189	0.4319638	-0.2900589	-0.45630825	-0.42268947	-0.27931422	-0.0040225126	0.22147872	0.21340108	-0.14840911	-0.2922592	0.39593327	1.0739667	-0.39395168	0.27211717	0.17403972	0.48052517	-0.6334887	0.03456728	-0.5863812	-1.1829183	0.49569485	0.1700211	-0.1450255	-0.37498945	-0.3176885	0.09972195	-0.45472562	-0.33929804	-0.0035154498	-0.68548745
0.739865	-0.19286288	-0.10664639	-0.29149547	0.12502669	-0.28763637	0.27194503	0.5688716	0.1107132	-0.16479279	-0.37168345	-0.7054654	-0.24672717	-0.130602	0.35953888	-0.49800315	-0.060794257	-0.2936729	-0.8158926	-0.6487066	0.26227897	-0.2971995	-0.05285212	-0.5288818	0.29910678	0.36522928	-0.75404257	-1.0587398	-0.48095006	0.45023766	-0.629656	-0.27622694	-0.20103179	0.72061515	-0.6209495	0.0010961709	0.026182175	-0.06764514	0.0008366263	0.094915636	0.6745487	0.025826026	-0.9785609	0.38296673	0.11367226	-0.51504856	-0.011886792	0.14817351	0.18232493	0.016646486	-0.59964854	-0.52699786	0.40428388	-0.0546003	-0.2454412	-0.16789211	0.31967753	-0.10560298	0.5136223	0.092872195	0.48637748	0.23360546	-0.47491714	0.23203224	0.27565444	0.22981818	-0.005745174	0.73912793	-0.3758235	-0.26216203	-0.023541247	0.9037818	0.58729094	-0.5388061	0.021641402	0.26475656	-0.21283883	-0.05345641	-0.4418713	-0.12128247	0.65573996	0.39197838	0.57543516	0.7177837	-0.07936475	-0.09921098	0.07705182	0.58240813	0.18301982	0.6608662	0.042524464	-0.17800426	0.25532237	-0.09279047	-0.119728476	-0.16257364	-0.2555902	-0.20038019	0.2465762	-0.9513414	0.40575024	-1.0676483	0.043071836	0.37901747	-0.011312015	0.19767636	-0.00592014	-0.23792014	0.18157019	-0.04033538	-0.4245	0.015790697	-0.15868257	-0.15023573	-0.25913382	0.4692198	0.048540954	0.13544214	-0.1608267	0.29377353	-0.20972615	-0.8715652	0.80194974	0.6500233	-0.42624474	-0.37799808	0.83762693	0.22296694
-1.0957808	0.45590407	-0.46199697	-0.8372182	-0.49755463	1.1919079	1.4957032	1.2448876	0.2736372	-0.52026767	1.5809416	1.0077962	0.61898345	1.501958	-0.070753984	0.62844557	-0.11348813	-0.59974414	0.56848586	0.343492	-0.51731795	0.5895536	-0.6383333	-0.7722439	-1.3654302	-0.26653552	-0.12308083	-0.13487022	-0.11800611	0.31446952	-0.009591868	-1.5024914	-0.1771557	0.13278523	-0.06971427	-0.015406309	-0.110029764	-1.0938284	0.4187122	-0.43178144	0.56009626	0.9390837	0.32520157	0.50866944	-0.299513	0.18897499	-0.26174375	0.62998015	-0.3555243	-0.5120866	0.23580128	0.34228775	0.63148224	-1.4437394	-0.68267345	-0.97463167	0.93447226	0.51327187	0.049213775	-0.036605407	0.4815575	-0.050054118	-0.5609049	-1.141699	0.055206377	0.2668764	-0.4036697	0.17542683	-0.7438119	-0.9220514	0.38459197	1.425567	0.378967	-0.40161568	0.14104964	0.6577165	0.119249895	0.7933808	-0.5254753	0.63294065	-0.18860047	-0.32374948	-0.66686225	0.14407158	0.47776902	0.66643155	0.68448055	-0.54532766	0.7706688	0.4950837	-0.29375964	-0.32014787	-0.6945924	0.38762844	0.24880339	0.34182444	-0.58386385	0.803587	0.6892258	-0.4647823	0.67877024	-0.5041332	-0.75445676	-0.37716758	-0.6533328	-0.35998145	0.89919263	0.13509482	0.7841392	0.986139	2.0787544	1.1264658	0.37131473	-0.70748514	-0.2647944	0.22427338	-0.42207018	-0.6030074	-0.40146673	-0.5931408	-0.5335229	-0.68435353	0.013507951	0.08345003	-0.07392915	0.2189071	0.76595515	-0.9600348
-0.11808545	0.27858	-0.01660924	-0.004581981	0.23822936	-0.13773751	0.075094804	0.41816393	0.21381594	0.14257966	-0.21669444	0.1656436	0.16780001	0.11851369	-0.069751695	-0.37956607	-0.031297114	-0.43503618	-0.09621651	0.029838325	0.073477924	-0.25193474	-0.41516054	0.23150478	-0.29881978	-0.32319713	-0.061397333	-0.07782018	0.3721327	0.29436505	-0.15511721	-0.3045299	-0.12885341	0.40849602	-0.25050667	0.035038892	-0.884894	-0.1850741	0.48062918	0.09212565	-0.5275626	0.16117261	-0.39344534	-0.12284944	0.17466186	-0.29009548	0.17034577	0.9585052	-0.07980785	-0.22564472	-0.0984798	-0.5099543	0.5676268	0.010237663	-0.2555416	-0.2879255	0.30507284	0.12792842	0.10156932	-0.33070773	-0.14800073	0.04887518	-0.34747753	0.417032	-0.04103331	-0.410404	-0.20002513	0.18910868	0.15539917	0.13873117	0.1629275	0.3003835	-0.116536215	0.082892224	0.28204402	0.16146119	0.28875315	0.17557892	-0.22739136	-0.17047986	0.06513372	-0.29898915	0.071100324	0.30091897	-0.04607963	-0.24818689	0.11156605	0.07721737	0.14702778	-0.16632633	0.21199864	-0.0047675804	-0.064095676	0.012283467	0.26400134	0.15999924	-0.0031281726	0.3778202	0.38314477	-0.545624	-0.12698491	-0.64990443	-0.618297	0.020118482	-0.5947136	-0.019117108	-0.16453843	0.17098232	0.2290396	0.43932718	-0.06161612	0.37308025	0.265906	0.18515548	-0.3313975	-0.09536014	0.107892655	0.0055907113	0.28235543	-0.055445056	-0.47378013	-0.14456734	0.005414203	-0.4651786	0.0120695755	-0.08071625	0.06780659	-0.19641723
0.01887397	0.18159033	-0.05441983	0.046448972	0.048723526	-0.0009147927	0.20218927	0.34174964	0.38266075	0.032434925	-0.071321905	0.108298145	0.26075476	0.09050678	-0.08487838	-0.20955671	-0.0154379355	-0.4346556	-0.19482884	-0.14809015	0.2264603	-0.13786851	-0.19960679	-0.12336916	-0.36708713	-0.05642078	-0.08262048	-0.13693447	0.17448889	0.10780608	-0.081130356	-0.3182253	-0.098684855	0.18145183	0.0146785695	0.064946935	-0.47824568	-0.2433193	0.1585594	0.10071722	-0.52913004	-0.0030412613	-0.03781794	-0.22995065	0.0746772	-0.43852112	0.20614171	0.36516285	-0.17602043	0.07987799	-0.2854912	-0.08012266	0.16568114	0.22090033	-0.068011105	-0.07090228	0.04385723	0.23339318	0.1351728	-0.13097276	-0.029108254	0.11096889	-0.35409704	0.22095224	0.0038491015	0.11773434	-0.1293651	0.24229392	0.07088444	0.02829675	0.25687817	0.059812456	0.044612925	-0.0635166	0.016368236	-0.04672755	0.060327783	-0.11342953	0.09255814	0.044936687	0.030511383	-0.20378993	-0.18774173	0.36574057	-0.38851792	-0.13234179	0.10352944	0.24035674	0.26702043	0.059482146	-0.02336065	0.10859408	-0.41514188	0.05966624	0.10555212	-0.16621844	0.06529874	-0.04786733	0.0068494584	-0.10817221	-0.09267744	-0.387961	-0.24273819	-0.05648093	-0.19395751	-0.23796971	-0.12126158	-0.2123977	0.06708156	0.055219837	-0.012814133	0.29626986	-0.07771272	0.2128297	-0.22400051	0.11096266	0.06195422	0.087253705	0.029235054	0.050127044	-0.07194873	-0.17611644	0.13389783	0.04992532	-0.16979145	0.015715702	-0.051643595	0.010929319
-0.027304873	0.28740016	-0.36354136	0.13038458	0.13553911	0.13363567	0.057126317	0.22571121	0.10359178	-0.0376108	-0.18604635	0.11434703	0.122166306	-0.18345241	0.0031858028	0.21226853	0.02570502	-0.16932428	0.102601826	-0.29081982	-0.028125748	0.0026182667	-0.11326624	-0.1904601	-0.18274316	-0.014006981	-0.26535073	-0.4531945	-0.23467289	0.07652839	0.14186603	-0.093524866	0.16392455	-0.1795463	-0.043470092	0.2558237	-0.37625605	-0.45090044	0.041581914	-0.13512841	-0.032003764	-0.21601132	0.23549095	-0.19854966	0.2056816	0.02691691	0.11352754	0.055652793	0.050496068	-0.052442294	-0.0789202	-0.35769486	-0.10791211	-0.24240723	-0.17400393	-0.24634808	-0.006042929	0.4272127	0.005598129	0.21204749	-0.24658303	0.19355771	-0.4191629	-0.026980385	0.29757518	-0.3045626	-0.22192095	0.05747051	-0.058856487	-0.032115098	0.070527434	0.09386408	0.13370256	-0.14042622	0.050275765	-0.12808317	0.03697938	-0.025626322	-0.12898144	0.21356392	-0.10918264	-0.53245723	-0.22064666	0.25845626	0.0946722	-0.14429167	0.029469378	0.18802507	0.3266176	0.032218315	-0.13814156	-0.35250875	-0.11676127	0.16479298	-0.17479508	-0.2004978	0.08983136	-0.019378787	0.076862864	-0.17575093	-0.17252256	-0.5801131	-0.14521043	-0.17536603	-0.08706257	-0.06853936	-0.11680437	0.27410734	0.17694902	0.14643984	0.06308972	0.23294276	-0.059189223	0.023832321	-0.155222	0.05313777	-0.18306497	0.057314422	0.08294806	0.11697174	-0.29236424	0.033786736	0.36854336	0.3087706	-0.14402394	0.0070722364	0.45609626	-0.37287432
0.12832838	0.08248311	-0.24177644	-0.035050027	0.15245621	-0.37343323	0.27225372	0.14334206	0.5186988	0.16390678	0.03808644	-0.28929007	-0.04048577	0.23502441	0.19045521	0.23759504	-0.17270234	-0.28501272	-0.3117089	0.5521906	0.3491897	-0.12631962	0.09240585	-0.33511522	-0.18702589	-0.05754361	-0.5110303	-0.3079143	0.5383853	0.40071177	-0.40621555	-0.24463366	0.22669235	0.22022581	0.30263862	0.15534316	-0.4768904	-0.18021469	0.30870968	-0.12723665	-0.3995501	-0.14325953	0.16996138	-0.06157814	0.17320156	-0.1478127	0.7342419	0.13838036	-0.16617732	-0.17658608	0.1455507	0.02658745	0.0086808745	0.22684982	0.2528585	-0.30668685	0.3053416	0.43505996	0.36339653	-0.20544271	0.043287646	0.075118266	-0.1800915	0.086343914	0.2584192	0.022924718	-0.09313993	0.3494797	0.18572554	0.11473611	-0.11368162	-0.09059543	-0.25252554	0.6241772	-0.21875091	0.09182811	0.37199572	0.11186641	0.18082803	0.34231207	-0.077937685	-0.6153497	0.051671695	0.49057174	0.085569434	-0.33420646	-0.34663075	0.072267376	0.45546234	-0.47522497	0.25247186	-0.5521965	-0.5759612	-0.107144386	-0.5211758	-0.13828401	0.30104506	0.6305062	-0.07747079	-0.25516066	0.05826668	-0.5390581	-0.6202934	0.033805937	0.3408569	0.060102485	-0.600934	-0.10372688	0.41599116	-0.027428398	-0.5093027	0.0031991473	-0.051109307	-0.17824727	0.1763547	0.27874386	0.15052015	-0.083942614	0.45788234	0.53235525	0.11473534	0.11989656	0.38396043	0.4781292	-0.788797	-0.0062660733	0.5427225	0.23786807
-0.29470435	-0.113848336	0.54690135	-0.67723405	0.8481341	0.07110003	0.19137359	0.36228442	0.9134627	-0.07692981	0.92804575	-0.08639855	-0.112604536	0.3340685	-0.04668805	0.4233432	0.9699456	0.13110076	-0.64127094	0.70205873	-0.091975756	0.26050603	-0.6034936	-0.124354236	-0.46009696	0.82283616	0.10197292	0.09615291	0.09964405	0.068627656	0.16299386	-0.29381618	-0.8040846	0.22674437	0.081555374	0.38736677	0.062204707	0.7131869	0.8232814	0.2172979	0.6271917	0.35516486	-1.0184869	0.079713486	0.5431212	-0.83079225	-0.72743475	0.09974379	-0.27036417	0.03242088	-0.3142437	0.36432746	0.74237645	-0.32501498	-0.0048290277	-0.6026042	0.2913433	0.98671216	0.14338683	0.1262996	-0.6037567	0.5923911	-0.11097174	0.6528297	0.17495507	-0.476531	-0.29488754	0.5737542	-0.2682134	0.2047161	-0.6331215	-0.28597844	0.18457845	-0.27461237	0.089982174	0.2999758	0.08344699	0.9121541	-0.47545245	-0.423848	-0.52152425	-0.57383823	0.110553585	0.49866772	-0.5680268	-0.6266333	0.049973983	0.124325044	-0.22715075	-0.03934753	0.23810127	0.050975747	-0.8153295	-0.03281249	0.14328533	0.026069282	0.1601279	0.031923	0.23967072	0.021277504	-0.46482983	0.7242791	-0.09941228	-0.31639916	-0.0018779639	0.39151388	0.38254395	0.0844412	0.59038806	0.08115019	0.60587734	-0.32338738	-0.13260573	0.025390353	-0.28668898	0.46008855	-0.556904	-0.20912708	0.11882442	0.028525922	0.20039873	0.35529682	0.8778766	-0.2838459	-0.8266945	0.5359207	0.9115371	0.3321765
0.021694299	0.017542286	0.14944883	-0.12140726	0.27827412	0.12531047	-0.0375146	0.18068825	0.17141539	0.050004628	0.06288691	0.018716395	-0.063823655	0.067365676	0.0028918001	-0.027770989	-0.022129497	-0.09873545	-0.2309259	0.10062211	-0.09541975	-0.052367777	-0.13886786	0.09576343	-0.09449492	0.03505718	0.074089624	0.08015591	-0.06098905	0.18543035	-0.054605197	-0.086029366	0.030445362	0.08050066	-0.04123439	0.07989189	-0.23618603	-0.046472732	0.13954565	-0.14410184	-0.22981556	0.0857173	-0.14707658	-0.026391737	0.1516114	0.037949465	0.07184234	0.24516867	-0.10572228	0.0265338	-0.067395926	0.010984317	0.20187236	0.12789877	-0.08220642	-0.03240568	0.10340407	0.058238763	0.16696166	-0.011455242	-0.061822675	0.03693924	-0.25791177	0.1438023	0.10884329	-0.09724039	-0.07408415	0.0919909	-0.14992622	0.02779869	-0.009359081	-0.032184307	0.04465853	-0.010439354	0.08085072	0.09941589	0.01554692	0.17003563	-0.037902743	-0.06835222	0.0005005756	-0.1056753	-0.01622216	0.16230763	-0.06433849	-0.18145536	0.06642789	0.01286115	0.17343086	-0.029366726	0.09132655	-0.019736288	-0.14181097	0.016933868	-0.07822055	-0.0043669515	-0.03596919	0.1307085	0.03375673	-0.09764893	-0.18731733	-0.30551124	-0.17885889	-0.058349762	-0.091132164	-0.046845313	-0.031770047	0.023468554	0.08569323	0.16222526	0.0032561834	0.05670721	-0.009861915	-0.023998706	-0.20860255	0.031456083	-0.09222547	0.04050884	0.1330619	-0.010115663	-0.043620706	-0.06532767	0.14163196	0.03976767	-0.22183526	0.019349733	0.18492426	0.004076835
0.25251326	0.25276965	0.22188176	-0.07958242	0.16070428	0.04830225	-0.25141492	0.22755635	0.5004423	0.08340333	-0.05998735	0.12589794	0.10384133	-0.032510817	0.05410442	0.3848639	0.14399105	-0.1923634	-0.12302125	-0.10411713	0.0076655443	-0.28434083	0.3453561	0.17315525	-0.27968198	-0.112619534	0.11874744	-0.15599556	-0.37519923	0.06601681	-0.23276292	-0.06983705	0.020444976	0.040989604	0.14523196	0.4392648	-0.16864298	-0.09009762	0.1530184	-0.055363867	-0.49217525	0.23907904	-0.40591022	-0.053949416	-0.12881461	-0.013591789	0.15433758	-0.06340786	0.31037515	0.14866744	0.055665277	0.13027677	0.11942554	-0.021257516	0.20179725	-0.12904297	0.23901321	0.11857771	0.364455	-0.027819313	-0.035160493	-0.026688907	-0.6621963	0.3290945	0.19132166	0.31146118	-0.05258458	0.26904824	-0.18569067	0.11376439	0.30053952	-0.01313647	-0.1332087	0.10965081	-0.14983146	-0.02622334	0.111927845	0.2517667	-0.14506552	0.0045741377	-0.21638319	-0.24400923	0.23281847	0.2532918	-0.101187155	-0.36243626	-0.26818824	-0.16074662	0.090141155	-0.29938614	-0.005146821	0.07391706	-0.1915275	0.03878269	-0.08566381	-0.24002792	0.08348252	-0.065615535	0.2037209	-0.27211553	-0.17820257	-0.6143784	-0.3919448	-0.11698071	-0.013112149	-0.0086429175	-0.15618111	0.22199933	-0.05830195	0.07097223	-0.029445788	-0.038275864	-0.2872299	-0.012790783	-0.11829843	0.03306004	-0.14294393	-0.29608497	0.18361291	-0.13655804	0.046224233	0.041255362	0.11083292	-0.013067131	-0.12984686	-0.0026215087	0.06392877	0.11498574
0.055333648	0.20692876	0.057533994	0.087025106	0.16702859	0.05636141	0.16567117	0.10950127	0.1632814	0.052094843	-0.091238774	0.06863262	0.08118881	0.054093983	0.21124415	-0.005220596	0.008237592	-0.118189484	-0.1915271	-0.1051689	-0.055107817	-0.14350843	-0.2276377	-0.048182	-0.18850507	-0.066226184	-0.0011775168	-0.06990302	0.031594295	0.10969027	-0.0018682973	-0.11148878	0.08171084	0.14110109	-0.044016927	0.049045555	-0.20188385	-0.13779384	-0.040433776	-0.034943085	-0.07031113	-0.065736085	-0.13960986	0.1028027	0.01002868	-0.046524804	-0.0074569583	0.2778737	-0.10864834	-0.01825591	-0.10608979	-0.059093468	0.25607705	0.04388576	-0.1419504	0.043803185	0.21624276	0.0902434	0.116255976	-0.07940103	-0.028250681	0.08602275	-0.13245985	-0.0052532656	0.044059057	-0.015364865	-0.066626824	0.10948596	-0.14029653	-0.08008992	-0.015836986	0.0052513033	0.064116076	-0.08175562	0.08295266	0.09048194	-0.001982531	0.12973566	-0.03317972	-0.0009062112	0.047453266	-0.1389002	0.0882527	0.1474608	-0.052057546	-0.20246449	0.10646228	-0.1206075	0.04519139	0.022815827	0.023816213	0.08184517	-0.13826679	-0.05365555	-0.042503104	0.047087014	-0.0217803	0.094285585	0.013339859	-0.27632424	0.0046915654	-0.28478009	-0.21374564	0.08244035	0.06731782	0.05808957	-0.07456939	0.09226803	0.1231047	0.21298476	-0.097417526	0.12014144	0.073906325	-0.04269311	-0.17454644	-0.09392359	-0.17427193	-0.10895435	0.2101798	0.02622621	-0.15955098	-0.0030666438	0.1536317	0.03549522	0.016135322	0.04082223	0.008777732	-0.023264023
0.4077127	0.17263868	-0.52902424	-0.33508268	-0.28517973	0.09537413	0.069004744	0.20925188	0.45754018	-0.4361666	-0.11050978	0.2785995	-0.048358496	-0.26767024	-0.24315287	0.5480623	-0.17167193	-1.1375295	-0.45961142	0.040347908	-0.28109363	0.08974766	-0.26137653	-0.5390156	-0.7066721	0.3673568	0.0069425562	-0.42627186	-0.10468991	0.28196114	-0.1304294	-0.16612537	-0.05626757	0.5096672	-0.43955636	-0.03721815	-0.5094294	-0.78492904	-0.0192967	-0.2904841	-0.124627404	-0.037846584	-0.30072513	-0.12095699	0.22674988	-0.07783656	0.32291633	0.20145282	-0.3845489	-0.06417913	-0.45580575	-0.26106852	0.18221423	-0.20826365	-0.13548554	-0.40255892	0.37505707	0.5186398	-0.009112939	-0.06820342	-0.5179711	-0.09401915	-0.6118729	-0.5265756	-0.025414966	0.16014923	0.04942497	-0.47076395	-0.38918722	-0.79361784	-0.20537098	-0.28077778	0.35408247	-0.26845354	0.42375326	-0.20097595	-0.035507027	-0.5843113	-0.2609739	-0.6117206	-0.44708738	-0.71876675	0.34415892	0.1487427	-0.15331802	-0.1026998	0.42280954	-0.1494491	0.058904026	-0.2167499	-0.0913991	-0.301854	-0.018883826	-0.48333097	-0.5671744	0.19687968	0.1940279	-0.29682985	-0.01772311	0.30076683	0.075821735	-0.7128723	-0.094915606	0.20737123	0.53937155	0.295459	-0.35528433	0.44788927	-0.100458585	0.21339227	0.42019364	0.24770674	-0.22436506	-0.0088055	0.12577215	0.11665601	-0.50111985	0.14520188	-0.102050394	0.24661201	-0.1603203	-0.1391776	0.15849112	0.17197818	-0.49724096	0.5209155	0.52038634	0.024261946
0.083868496	8.101277e-05	0.045436498	-0.004081905	0.032597788	-0.00070164807	0.07358221	-0.10065224	0.28075272	0.076330304	-0.101490155	-0.018435298	-0.012136843	-0.101065524	0.032355163	0.08306069	0.10733929	-0.21686946	-0.21880442	0.17406246	0.15371591	-0.14691201	-0.018335028	0.10203456	-0.2260104	-0.103516415	-0.032568518	-0.114555955	-0.17754138	0.15605253	0.065107904	-0.036320858	0.0015364914	-0.10884423	0.0073407684	0.061150823	-0.1382131	-0.13354628	-0.031797603	-0.08353689	-0.23544297	-0.042025797	-0.4326493	-0.12715249	-0.07254515	-0.14155634	0.12445711	-0.032637246	-0.023313211	0.21553677	-0.010789384	0.044119235	0.06577316	-0.07581818	0.019743053	0.17109373	0.15120138	0.020660415	0.076763056	-0.04477135	-0.10935163	0.15323243	-0.28140676	-0.062296696	0.32749593	-0.06411339	-0.02766108	0.040784508	-0.046492387	-0.13202272	-0.02908707	0.07751063	-0.085798085	-0.031540103	0.100437164	0.08566677	0.073567845	0.16223508	-0.117910184	0.072479315	0.0046536424	-0.22950737	0.24218886	0.09835437	-0.09227334	-0.13735262	-0.03533441	-0.113393545	0.30461854	-0.01711773	0.12488796	-0.09100406	-0.24185199	-0.02783452	-0.038054284	-0.093762904	0.09251753	-0.013479915	0.09422234	-0.20837155	-0.19374691	-0.21194589	-0.15430379	-0.08604601	0.03659368	-0.002485177	-0.14374645	0.061692722	0.1778587	0.201362	0.058281597	0.021608284	-0.04749179	0.014161325	-0.1335558	0.1506902	-0.22642614	-0.04892466	0.10758828	0.14765292	0.013170482	-0.17396954	0.24396645	0.1837515	-0.2932613	-0.11601063	0.14048879	0.060605768
0.6189546	0.19437753	0.10602745	0.31865823	0.9984257	0.7033714	0.45433134	0.4786287	0.40521163	-0.3073342	0.20405918	0.22399546	-0.2558607	0.43224275	0.6779622	0.25638017	-0.43353358	-0.3343722	-0.24817981	-0.6036432	0.020056937	-0.25563145	0.10913099	0.09299467	-0.17269334	0.07125503	-0.16673015	0.060861446	-0.25541916	0.29541072	-0.33426222	-0.47081113	0.505849	0.50640786	-0.2898055	0.8616026	-0.4484816	-0.28456432	0.75218946	-0.07512967	-0.63587403	-0.50494355	0.15476954	0.10221379	-0.5693101	0.13387826	0.16120613	0.17498292	-0.05483092	-0.084047034	-0.45498744	0.05674182	-0.30026764	0.15372229	-0.15628187	-0.14554486	0.5492008	0.06423325	0.68841296	-0.008763775	-0.10055675	0.4602874	-0.6197598	0.2581548	0.64818686	0.8551417	-0.1948996	-0.13252197	-0.1474492	0.39362517	0.78953046	-0.091475666	0.3437759	0.4046862	-0.101657115	0.2827025	0.047697723	0.123452105	-0.034660462	-0.17804848	-0.30803257	-0.7309897	-0.49255905	0.39359573	0.29510182	-0.7502567	-0.4153691	-0.24520907	0.9391826	-0.7295989	-0.26376888	0.3019919	-0.6262554	0.06356072	-0.1993082	-0.5398159	-0.67088175	0.1892024	0.24962534	-0.7040068	0.014744011	-1.6439536	-0.724215	-0.07184666	0.046103723	0.072830625	-0.9538	-0.15708491	0.6954101	0.23263006	-0.07105061	0.09987043	-0.20368683	-0.25896344	-0.52390593	0.23976359	-1.0701065	-0.35579398	0.4575727	-0.023044115	-0.14479238	-0.056197554	0.53760403	0.046530224	-0.7050372	0.30993307	-0.24430095	0.36830088
-0.11674857	-0.45044568	0.33187404	-0.46102056	0.73733664	0.9895659	1.2222993	0.24774593	1.1157757	0.3495085	0.89917433	0.9850579	0.9212755	-0.21438931	-0.1339313	0.522397	-0.8272605	-0.67626	-0.10819422	0.7856462	-0.22047547	0.28634086	-0.83161503	0.12584692	-1.5064204	-0.6671617	0.72950476	-0.5626227	-0.19793089	0.49322262	-0.36006588	-0.2820287	-0.6723078	0.73762167	0.2766964	0.80870676	-0.45852247	0.566037	0.43774602	-0.22541037	-0.6384375	0.13435586	-0.7055425	-0.19739473	0.12696308	0.40957257	0.48549682	1.1171429	-1.4040662	0.20299841	0.34739646	0.3880339	0.47536954	0.65428644	0.18386334	0.86768204	0.08979315	-0.3606533	0.03826955	-0.08685018	0.2278062	0.17133619	-1.0334533	-0.45194644	-0.0014177876	-0.14649065	0.39321518	0.3775548	-0.083952144	-0.5507141	0.45954326	0.93422717	0.25050566	-0.3130094	0.34566456	0.10332521	-0.293934	-0.42281938	-0.60958034	-0.5804717	0.2925681	-1.1045808	-0.24501577	0.30032855	0.010800716	-0.09800944	-0.29096067	-0.19568537	0.20925434	-0.979027	-0.13048168	-0.20364137	-0.35326025	-0.6373473	0.03447219	-0.05576433	0.61682636	0.35967913	-0.4145694	-0.78156096	-0.054339424	-0.8058254	-0.8476573	-0.32134914	-0.5106583	-0.42659554	0.27521104	-0.93251556	0.2589361	0.4750292	0.12185412	0.20715407	-0.3311662	-0.31153715	-0.18432085	0.028640576	-0.39318222	0.50334454	0.14467658	0.63183194	-0.18828082	-0.2895194	0.48311788	0.70552707	-0.6068413	-0.42366537	0.16020472	-0.44771197
0.18311308	-0.17898759	-0.027124599	-0.3122053	0.227942	-0.29506096	0.033491295	-0.16304666	0.2796299	0.45232904	-0.26856107	-0.19378895	0.0692473	0.24629349	-0.12022591	0.210394	-0.2413109	-0.49966156	-0.055448737	0.37012643	0.005335185	-0.12126783	0.15670744	-0.34232914	-0.35042286	-0.0054769935	-0.18580465	-0.00929327	0.039237317	0.07182735	-0.12692712	-0.22886613	-0.25156802	0.36213288	0.16228443	-0.14828981	-0.4620768	-0.09676939	-0.04942915	-0.17069899	-0.23793152	-0.22699846	-0.12269669	0.041600417	0.14774358	-0.18484558	0.35094556	0.042606022	-0.5218387	-0.17784728	0.012523272	0.16480696	-0.1554071	-0.11996342	0.042435084	-0.10487527	0.34999	0.50341815	0.054702226	0.03379027	-0.18276666	-0.0917898	-0.13638887	0.19183514	0.4720406	-0.15382619	0.013491564	0.06126904	-0.01835822	-0.019089855	-0.09018488	0.26921794	0.10819919	0.12972254	0.0004145222	-0.18862395	-0.234969	-0.23046054	-0.1752899	-0.072728604	-0.16785987	-0.267197	0.19767609	0.11818547	0.044810437	0.05918283	-0.46875829	0.27810577	-0.038041323	-0.18617678	0.03552543	-0.36871532	-0.027985172	-0.09213124	-0.29381755	-0.10045945	0.3649754	0.14569998	0.16727139	-0.14276731	0.050431613	-0.3323774	-0.5224858	-0.13775378	-0.03999368	-0.050994672	-0.16888098	-0.13791636	0.08636631	0.12624952	-0.13256466	0.38556737	0.092999086	-0.03781172	-0.0021498266	0.116029255	-0.186857	-0.030844918	0.30787238	0.097540274	-0.14243744	0.1973578	0.4056485	0.22049822	-0.12278278	-0.050722726	0.3244659	0.034021232
0.018090345	0.82513225	-0.028317174	-0.009664933	0.44197384	0.60757357	1.0353961	0.5758641	0.954035	-0.121685036	0.12675808	-0.29739526	0.24589211	-0.115675494	-0.33126011	-0.2932381	-0.4601336	-0.6958814	-0.7266368	-0.18442653	0.3827621	-0.11440609	0.16657574	0.5129434	-1.1284554	-0.12963922	0.14347188	-0.62450665	0.11364594	0.03204642	-0.94691557	-0.3866241	-0.46883738	0.037850656	-0.47541738	0.17793004	0.2593001	-0.17966644	0.6865017	-0.23911844	-0.06400089	0.26156414	0.05970828	-0.64644134	-0.1299083	-0.0449633	0.28721756	0.57331675	0.21154697	-0.1987394	-0.18384135	0.10273608	-0.3283317	-0.3385458	-0.04509088	-0.22556104	0.34517518	0.29928115	0.69696546	-0.18110101	-0.81801933	0.10889198	-0.6342148	0.42721125	0.83057195	-0.09314366	-0.6831081	0.14965254	-0.28228903	0.4611993	-0.52027524	0.81564766	0.12193524	0.37514815	-0.19441229	0.4664248	0.4912804	0.53655106	0.19249581	0.016548513	-0.6223277	-0.12622872	0.30451372	0.11135815	-0.43724287	-0.68968755	-0.7103694	0.38315603	0.8133053	-0.23838967	0.048783015	-0.5400129	-0.48022774	-0.43048093	-0.57381535	-0.070290804	-0.060380667	0.099557646	0.20734529	-0.042464107	-0.31492966	-1.0727595	-0.28789935	-0.76241815	-0.015910484	0.18601066	-1.0379244	-0.50546694	0.54024035	0.5872507	0.21284612	0.34871048	0.1879655	0.21631394	-0.75507766	0.2777787	-0.30885908	-0.8025087	0.6389253	-0.5101517	-0.30332774	0.21712399	0.9755425	-0.39406115	0.3073455	-0.106181115	-0.51053005	0.016243648
-0.4235279	-0.20830618	0.33684254	-0.5303503	0.7247852	-0.12412437	0.32402256	0.13878477	0.7990375	-0.15151574	0.4536933	-0.06952999	-0.037101537	0.08043742	-0.19010684	0.32373482	0.9259382	0.0920899	-0.32368878	0.6181897	-0.26174453	0.16241913	-0.7409274	0.24688369	-0.84245896	1.0216309	-0.08089303	-0.014914174	-0.06440458	-0.035015095	0.18995601	-0.04000425	-0.51798636	0.04875706	0.09648415	0.34794268	0.2702156	0.6894115	0.76278365	-0.1393428	0.52240604	0.7356973	-0.67211676	0.12575826	0.20082925	-0.687475	-0.49120983	0.5626228	-0.515812	0.13471141	-0.13218665	0.3858721	0.8422426	-0.16567728	0.102993734	-0.5698458	0.103479795	0.973409	-0.11144982	-0.20367162	-0.7740135	0.5661874	0.1251978	0.39076024	0.06074346	-0.37665087	-0.46146604	0.30704683	-0.4144118	0.3285682	-0.50142175	-0.28622663	0.15092891	-0.24990222	0.3410035	0.65519875	0.30174524	1.1649034	-0.3308064	-0.36212495	-0.14090447	-0.48398978	-0.02730339	0.48632008	-0.6600844	-0.4519722	0.3691817	-0.090295374	-0.078163326	-0.22706662	-0.025513424	0.010021574	-0.8515097	0.23049441	0.009151748	0.081873484	0.09410834	0.3711766	0.37054294	-0.13680775	-0.5266444	0.5967174	-0.22673684	-0.3018706	0.23989643	0.297112	0.25666717	0.07788289	0.43370458	0.16934471	0.8178945	-0.43310422	0.12003343	-0.0799746	-0.55114514	0.24928574	-0.62767804	-0.12641299	0.26225024	-0.47231773	0.5192148	-0.01070117	0.92160034	-0.28465194	-0.8870066	0.9558558	0.9460194	0.48422006
0.12515545	0.13331605	-0.015387006	-0.08699443	0.050741494	0.16207181	0.07105719	0.20943251	0.18988882	-0.14713825	0.23370026	0.19387117	0.11564338	0.111730605	0.106600665	-0.014050118	0.08138793	-0.052233666	-0.059320703	0.09388626	0.024237957	-0.007368442	0.059238546	0.15145208	-0.23725626	-0.07813855	0.19813359	-0.14300053	-0.03112347	0.17710762	0.057952408	-0.24140438	0.1271256	0.17193353	-0.06032102	0.092975155	-0.15032282	-0.22372676	0.044284083	0.004868371	-0.2196221	0.07433879	-0.21349508	-0.049017902	0.039319698	-0.112833016	-0.004559333	0.20119189	0.084759474	-0.038590033	-0.116960526	-0.05606882	0.111706935	-0.18299125	0.049820434	-0.3513216	-0.035835993	0.062718324	-0.026120488	-0.09760303	-0.20595506	0.043366347	-0.15416817	-0.0002856762	0.24377406	-0.0043247826	0.082671516	0.14231847	0.09163165	0.10888746	0.061018437	0.06459226	-0.123416826	0.10840149	0.05565701	0.08458442	0.102213465	0.004783848	-0.18330626	-0.08663619	-0.082587354	-0.2614878	0.1140763	0.12741257	-0.08116055	-0.21622822	0.116143234	-0.1463468	0.18078746	-0.073103674	0.076457664	-0.1312687	-0.12625644	-0.18023878	-0.09327281	-0.14985365	0.05795765	0.13450754	0.19883947	-0.15564074	0.10142923	-0.39006335	-0.16093747	-0.08063711	-0.112183474	0.28366506	-0.09000364	0.07552513	0.12332987	0.025355538	0.0014678993	0.09815253	0.08226401	0.18176882	-0.17432812	0.049161326	-0.14918464	-0.106546395	0.05035746	-0.021183707	-0.06724485	-0.05083222	0.033664852	-0.045731477	-0.034143966	-0.035855547	0.22487071	0.087015584
-0.52730805	-0.11912222	0.50704336	-0.6766571	0.48054764	-0.10584283	0.4179611	0.27765492	0.66588336	-0.02179063	0.5320312	0.086906336	0.09124559	0.21150628	-0.3160144	0.4205619	0.8458709	-0.029878754	-0.46879184	0.65987474	-0.24820916	0.08805622	-0.8113493	0.03666137	-0.7857801	1.10932	-0.020195514	0.014224832	-0.056595575	0.025381524	0.36121404	-0.05792496	-0.8068407	0.0008518924	-0.009778073	0.24358341	0.039835576	0.55593294	0.6418489	0.052627746	0.3649209	0.47557616	-0.5540881	0.10563196	0.20083694	-0.5071025	-0.6498011	0.5421296	-0.44252732	-0.0836639	-0.20979261	0.4296678	0.6678902	0.06950878	0.08000182	-0.5867379	-0.029978726	0.73367745	-0.12566485	-0.22588827	-0.82701236	0.39052916	-0.07673336	0.25668082	0.25269085	-0.31449062	-0.5231121	0.261529	-0.37799856	0.22943626	-0.30743566	-0.59222823	0.2084078	-0.2723917	0.07974914	0.4049007	0.31736934	1.2645385	-0.5121059	-0.22201578	0.026996877	-0.63974863	-0.09588188	0.50412494	-0.7344692	-0.41231647	0.28265408	-0.1519536	-0.17442225	-0.12644593	0.08721542	-0.11056062	-0.5607648	0.020113606	0.21606167	0.08877561	0.13878125	0.12505607	0.15168743	-0.13275583	-0.67384523	0.52767587	-0.24894316	-0.37361726	0.02198807	0.37242925	0.16911712	0.24277948	0.4240298	0.06728573	0.5144711	-0.5879209	0.12389269	-0.11115335	-0.57715476	0.35243985	-0.6375672	0.044976432	0.3514951	-0.3211024	0.3951145	0.21826841	0.8564412	-0.4103935	-1.0159047	0.90170497	1.0213441	0.47977546
0.040898338	-0.017743014	0.019155312	-0.008067193	0.020731892	-0.021355119	0.045182493	-0.111994796	0.26711443	0.09609756	-0.12290527	-0.0310688	-0.02049727	-0.09441445	0.04921511	0.0652645	0.111953914	-0.22199483	-0.20768581	0.1541443	0.18158592	-0.16354594	-0.051886033	0.09229386	-0.2064277	-0.119206645	-0.029936438	-0.07269654	-0.15312654	0.13725482	0.027485348	-0.022505544	-0.01973989	-0.108383484	0.009351185	0.06633258	-0.16065526	-0.12110973	-0.04681073	-0.08043839	-0.2747873	-0.009812128	-0.42607686	-0.12133132	-0.05659549	-0.14710222	0.14330678	-0.030704148	-0.024818158	0.17934874	0.0048932764	0.04222056	0.041783825	-0.050378814	0.042877514	0.17858969	0.1279443	0.020377232	0.09424321	0.0066826222	-0.13499478	0.13236135	-0.29219618	-0.04402518	0.31293178	-0.055771384	-0.049482442	0.04624243	-0.028852455	-0.17285328	-0.045201268	0.1481265	-0.1111755	-0.049929652	0.14704879	0.08267002	0.010885004	0.14176011	-0.124174	0.061355017	0.02345767	-0.21515663	0.246324	0.11511271	-0.09314932	-0.11000784	-0.028541058	-0.1091607	0.3006912	-0.011008867	0.09775197	-0.06554446	-0.25847763	-0.014014968	-0.044418152	-0.09247885	0.08540503	0.022986323	0.12039605	-0.20620447	-0.1980036	-0.26078978	-0.19701812	-0.09420765	0.012730834	0.018157056	-0.113019824	0.046638303	0.1781209	0.21702617	0.0590296	0.036503546	-0.045359187	0.011574486	-0.12108323	0.14942525	-0.24223498	-0.10690725	0.11751219	0.14967878	0.019167686	-0.21486937	0.2776742	0.16507687	-0.26078647	-0.13804594	0.15141135	0.0504573
-0.33967423	0.22681428	0.06643287	-0.0063691414	0.6337235	0.19827327	-0.17455	0.33290413	0.31350878	0.011625248	-0.086555295	0.2980866	0.0011260347	0.15154617	-0.16442025	0.15817925	-0.16954902	-0.079654776	-0.28330314	-0.020438321	0.11055032	-0.40020898	-0.023995599	-0.026543206	-0.33811128	0.03318356	0.0076213973	0.19355059	0.055188518	0.7840417	0.09119696	-0.255594	-0.13285367	0.041340895	-0.022359	-0.103996955	-0.006954185	-0.4007454	0.2084378	-0.19507475	-0.4840217	-0.104556486	-0.04321796	-0.55201566	0.10330356	-0.11864279	0.1769038	0.20584302	0.05021904	-0.16869731	-0.20830344	0.14952525	0.39342338	-0.13130967	0.1590557	-0.11065376	0.048519704	0.42475197	0.27749893	-0.23050822	-0.14031702	0.19944246	-0.5546126	0.20443468	0.32365885	-0.12221909	-0.04700135	0.39887425	-0.1741555	-0.10376157	0.39291805	-0.27932274	-0.17500453	-0.28309923	-0.08872864	-0.06943882	0.44525942	0.3233311	0.24705565	0.004503658	-0.36363143	-0.1423226	-0.20116875	0.5003028	-0.18922457	-0.3980838	0.18879208	0.26178515	0.31911513	0.072405435	0.48082972	0.13491398	-0.11164362	0.15044078	-0.11200937	0.14070626	-0.35014194	0.2700329	0.44922122	-0.20317744	-0.038754072	-0.48771453	-0.10272643	-0.07935065	-0.19904776	-0.014558088	0.08716494	0.03200791	0.12776503	0.103819005	-0.05144168	-0.13801077	0.06927082	0.037013605	-0.24364571	-0.29422575	0.02120726	0.10024965	0.3713508	-0.16082604	0.19469212	0.07765593	0.19376548	0.22765708	-0.6318969	-0.1304687	-0.1745988	0.059128556
-0.28473726	0.06989171	0.22846979	-0.83569133	-0.15436384	-0.98885316	-0.11991642	-0.7191754	0.6017614	0.12755246	-0.1334954	-0.024886858	-0.5055046	-0.39133066	0.29870224	0.13568011	1.3233316	0.08076295	0.12940341	0.8254556	-0.03578705	0.008717812	-0.5828527	0.18201606	-0.4797469	0.78140724	-0.12102131	-0.22609533	-0.3416846	0.30800155	-0.43084067	-0.28421345	-0.3386743	-0.31328964	-0.060505666	0.30373687	-0.58365417	0.2496175	0.36829883	0.04722095	0.104576185	0.4899939	-1.2363241	0.18635237	0.14483942	-0.35773507	0.027797556	0.29810238	-1.2804873	0.048060924	-0.20458372	-0.0658444	0.6481267	0.29952472	0.056952495	0.45637506	0.7226164	-0.23894554	0.21773909	-0.45606872	0.5741785	-0.06199646	-0.15513407	0.44445166	-0.16611883	0.07427416	-0.22530532	-0.60897046	-1.250475	-0.51745105	0.07134788	-0.5805852	0.18897027	-0.31982225	0.2313232	-0.05971604	-0.40446693	0.6078728	0.21079643	0.14635246	-0.42380387	-0.09425989	0.9075578	0.2366929	-0.7222086	-0.16968669	-0.13782768	-0.25690877	0.60534346	0.3441012	-0.31774032	-0.41407183	-0.71283066	-0.45945075	0.065289855	-0.045519043	0.25214583	-0.08245145	0.016083267	-0.168084	-0.13270825	-0.48206404	-0.749507	0.004052044	0.5070999	0.26212925	-0.55679816	-0.32342207	-0.07291134	1.2305238	0.33106023	0.1970538	0.6101129	0.54436916	-1.0055419	0.07183309	-0.986721	-0.9873955	0.85716325	0.34485567	-0.5699929	0.27256918	0.63794976	-0.042793907	-0.7291459	0.17299399	1.1788356	-0.012464834
-0.022715889	0.009469166	-0.031800166	0.099783055	0.22216807	0.08643966	-0.012296561	0.07870318	-0.045229454	-0.03303047	0.20323174	-0.026405962	-0.012658779	0.18007034	-0.054850318	0.088776134	0.27769983	0.10134857	-0.04003376	0.11529064	-0.07703122	0.031046784	-0.04822287	-0.022114333	-0.114730425	0.2621516	0.060988314	-0.14790323	0.028495505	0.086153544	-0.008973107	0.041047007	-0.03561175	0.14635997	0.027631517	-0.07195052	-0.05596757	0.051572494	0.11986236	0.019295672	-0.20474352	0.15050904	-0.08473255	0.11355382	0.26452264	-0.28681803	-0.23233576	0.16360907	-0.057373352	-0.07253025	-0.14030768	0.06573873	0.303272	-0.07511293	-0.03396686	-0.049072485	-0.016003666	0.4259791	-0.009285593	-0.24616922	-0.109998636	-0.029400244	-0.02270352	0.13227198	0.04872797	-0.15214264	-0.19896492	0.15138252	-0.13184258	0.02157012	-0.061369173	0.030200696	0.093719095	-0.102540694	0.17400023	0.091456346	-0.017821752	0.25380275	-0.149856	0.092495985	-0.12498645	-0.35863823	0.00040337216	0.22564569	0.0324778	-0.32494062	0.16399752	-0.04074734	0.1776582	0.16529348	-0.05461641	-0.014058662	-0.2524624	-0.054477237	-0.10396274	-0.33078215	-0.109340854	0.05046056	0.15409961	-0.03374569	-0.21007918	-0.2639898	-0.14782913	0.013069244	0.0013478373	0.07345794	-0.012811111	-0.032973524	0.26576212	0.16562171	0.044058066	0.2739016	0.14234255	-0.08024373	-0.014337825	0.05352754	-0.19945657	-0.09425025	0.20901996	-0.0025977725	-0.12135602	-0.059606798	0.2612951	-0.021592773	-0.27092785	0.018650519	0.17014395	-0.017490016
0.008665648	0.06363126	0.079786666	0.040758483	0.1594221	0.042088803	-0.097779445	0.1169032	0.2231554	0.11837666	-0.03149692	0.13709004	0.06547545	-0.029705731	-0.05258668	0.10252876	0.07626936	-0.12109375	-0.04984477	0.14159137	0.015231153	0.03275475	-0.06212993	0.02398587	-0.19300322	0.02992543	-0.071139455	-0.091811486	-0.09045862	0.04100904	-0.10445171	-0.118423015	0.051045105	0.050801523	0.021958955	0.009019074	-0.13908528	-0.08469688	0.060658272	-0.017676298	-0.2572022	0.035985745	-0.116236664	-0.100471154	-0.009939281	-0.09680638	0.0464647	0.10288793	-0.08388161	0.06549446	0.001760482	-0.0083298115	0.1822909	-0.05844437	0.10860075	-0.06272104	0.08887319	0.061054084	0.04318121	-0.0499749	-0.09426806	0.01659447	-0.265787	0.022276286	0.14328885	0.009166794	0.025439996	0.18712923	-0.13300923	-0.04014505	0.12908258	-0.11841016	0.04913635	-0.16437289	0.020092046	-0.13642053	0.016376125	0.01652023	0.006891498	-0.012343186	-0.03450018	-0.14283738	0.029621193	0.02160251	-0.064715	-0.2022238	-0.042438388	0.05922624	0.06670202	-0.07019861	0.008545475	0.007156934	-0.15040855	0.005698938	-0.0050486824	-0.17887877	0.17353743	0.10928201	0.0121079795	-0.15882374	-0.078677036	-0.22017343	-0.24023022	0.08056146	-0.14560555	-0.10338053	-0.0017517556	0.015555418	0.05340051	0.09473831	-0.039258923	0.09206132	-0.059118398	-0.0094454605	-0.13874903	0.030405926	-0.06311208	-0.031023147	0.20996216	-0.08119716	-0.068127185	-0.041813944	0.08809481	0.117985666	-0.15927674	-0.057394456	0.050486244	-0.13914913
-0.14255702	0.25289667	-0.32734632	0.19950028	0.8037997	-0.17551556	-0.10988569	0.06914812	0.3452136	0.5400382	-0.034333564	0.04874005	-0.04443682	-0.0813812	-0.3700458	0.14313293	0.09554492	-0.26539207	-0.38215593	-0.018832693	0.32173672	-0.14180136	-0.3318828	0.016147677	-0.9503488	0.6716153	-0.08434344	0.18618016	0.16233975	0.08334415	-0.060980845	-0.6497845	-0.5952386	-0.19163442	0.0049997526	-0.09026733	-0.39884132	-0.54962736	0.24146165	-0.53875	-0.96380603	-0.24992359	-0.11043017	-0.23683901	0.08466899	-0.7541565	-0.03960339	0.016316444	-0.44974643	-0.22821744	-0.66103303	0.42294383	0.5201752	0.10075673	-0.29498062	-0.033684094	-0.45279843	0.99579144	-0.39688113	-0.6704287	-0.25699186	-0.31747836	-0.15855771	0.26591903	-0.14716825	-0.5185256	-0.2799287	0.33651024	0.19825904	0.24312206	0.25416294	-0.14295241	-0.1337829	-0.38809702	0.19031645	-0.27449465	-0.32027274	0.3499779	0.027645841	0.42667717	-0.34989324	-0.018235931	0.013526318	0.5130624	0.25119442	-0.5501478	0.13419977	-0.302088	-0.054250933	-0.45094234	0.4428225	0.08853165	-0.4719401	-0.14901817	0.16138704	-0.056238756	-0.13753062	0.18225837	0.3160459	-0.133845	0.08040558	-0.6604642	-0.6000548	0.054457527	-0.16765799	0.48535675	-0.05439957	0.29859012	0.2695121	0.31038275	0.42583	0.6866857	0.3745997	0.2359814	-0.3075984	-0.59392667	0.16071737	-0.17844385	0.33051512	-0.0034399482	-0.3363164	-0.010137396	0.6768313	-0.4286844	-0.6950151	-0.73919815	0.3545793	0.074090354
-0.21207929	0.07174134	0.06664725	-0.30712646	0.22848168	-0.091435	-0.04851224	-0.0018509127	0.38584417	0.04373243	-0.12315367	-0.020158043	-0.20350927	-0.02735573	0.03933058	-0.0026754262	0.046809506	-0.20016916	0.0043196143	0.33095777	0.076455645	-0.360811	-0.3640396	0.10323905	-0.4527049	-0.0034967454	0.043745425	0.104439184	-0.06608809	0.2692321	-0.06557276	0.039312314	-0.19633397	0.055835467	-0.0769845	0.058305223	-0.20670478	0.034639202	0.10506549	-0.04526378	-0.14754543	0.09353301	-0.49262476	-0.0072127203	0.08363803	-0.09966589	0.26185805	0.39143175	-0.3411551	0.110459454	-0.39993316	0.01449399	0.080736324	0.0049474724	-0.1461128	-0.46401003	0.06914536	-0.03915814	0.21410935	-0.15065429	0.08388369	0.12156742	-0.2594701	0.117069155	-6.546748e-05	-0.061077435	-0.06168819	0.24076717	0.10641044	0.25089553	-0.07083946	-0.085301444	0.37686718	0.14841333	-0.052389737	0.173293	0.19889584	0.30152005	0.05351785	-0.056309704	-0.12752527	-0.062135834	0.015555715	0.46674034	0.0077228397	-0.2918396	0.010357795	0.032955054	0.3554601	0.101299755	0.4426304	-0.18317999	-0.3887113	-0.1255839	0.016085412	0.055929665	-0.19451624	0.26598853	0.17106296	-0.13585252	-0.32396093	-0.4327718	-0.090043254	0.009782928	-0.07110867	-0.14358436	-0.1895096	-0.0031887093	0.08776568	0.2803196	-0.24435331	0.050115462	-0.09450252	0.3089928	-0.10896286	-0.08371426	0.041662235	0.19396815	0.32097113	0.1284663	0.110922664	0.08223431	0.35189965	-0.01552812	-0.3178911	0.21235727	0.25197414	0.14738703
-0.14012653	0.19619927	0.18190444	0.027656918	0.37857792	0.0043683867	-0.2140512	0.118651524	-0.34401488	-0.040378794	0.23841302	-0.2774305	0.15389457	0.2754477	0.15585418	-0.0815757	0.20631012	0.41900423	-0.2810454	0.34383678	0.30276448	-0.10610299	-0.046323724	-0.3275628	-0.044301096	0.3829818	-0.07957542	-0.4180415	0.23517771	-0.06735689	0.08679728	0.012106984	0.11702433	0.20551986	-0.06581176	-0.145537	-0.13498019	0.15007387	0.34772977	-0.039846856	-0.41907433	0.053295378	-0.21804206	0.06339956	0.5035917	-0.53656095	-0.24011928	0.48148862	-0.020287517	-0.14951745	-0.1588093	-0.17469017	0.5592116	-0.018260093	-0.0763602	-0.08870382	0.31775522	0.40046313	-0.052969225	-0.18764737	-0.25787285	-0.020038538	0.0057689627	0.4558347	0.054007336	-0.30256566	-0.30018646	0.5007894	-0.109054886	0.01087349	0.017232213	0.2043449	0.20935446	-0.39675066	0.099761195	-0.12165312	0.008501965	0.42414024	-0.2700566	0.10256254	-0.23112929	-0.28182396	-0.007795067	0.33674476	0.06389729	-0.39929485	0.36717728	-0.14740682	0.25446287	0.23558305	0.09287544	-0.093286015	-0.098180264	0.18829566	-0.3031521	-0.24494402	-0.20729561	0.09855622	0.19948117	0.062479664	-0.2633468	-0.5379387	-0.21098031	-0.055866275	-0.12317053	0.028347598	-0.050128367	0.32501116	0.10331257	0.2360325	-0.017225724	0.38196743	0.13244529	-0.059964836	0.031545155	-0.027401851	-0.049079526	0.028689027	0.35245913	-0.12253718	-0.32090774	-0.010415888	0.2019915	0.124255925	-0.07358951	0.33523607	0.27470416	-0.08699625
0.36516976	0.042443443	0.120720424	0.35493913	0.8260086	0.46133602	0.2756399	0.14879985	0.040182423	-0.18821838	0.29630548	0.30032754	-0.053768016	0.0535963	0.14825712	0.28406838	-0.08368156	-0.08049919	-0.061720677	-0.033503026	-0.1869951	-0.1863081	-0.20219463	0.06143868	-0.32822582	-0.29407918	-0.34395826	-0.06732587	-0.34487608	0.3274882	-0.19973843	-0.2656619	0.13514875	0.098954655	0.016094342	0.21590766	0.18501689	0.19966277	0.46818793	0.13987659	-0.5877522	0.24300306	0.12326001	-0.11283405	-0.019217087	-0.023680078	0.23103954	0.19905576	-0.13633683	-0.22737654	-0.19996117	0.20448099	0.14512901	0.12403989	0.16497006	-0.18129474	0.3122573	0.028077994	-0.032166176	0.22179104	0.30115068	0.18243879	-0.58337116	-0.03999795	0.78101724	0.028828083	0.023172425	0.24766274	-0.18364137	0.28477272	0.24767405	-0.48222446	0.33449495	-0.24530675	-0.35688838	-0.26585236	0.4077405	0.3073728	0.1976667	-0.05090495	-0.50569034	-0.32182574	-0.13556121	0.27077347	-0.32500166	-0.5806687	-0.2838766	0.25239757	0.74202067	0.05703772	0.0929523	-0.07116405	-0.4731157	-0.2815656	0.10089068	-0.14128661	-0.034761563	-0.0033248707	0.16942866	-0.2305965	-0.22575532	-0.7859542	-0.43645802	0.07242618	-0.084779166	-0.20962206	-0.35958764	0.039737884	0.8967983	0.23789202	-0.069848664	-0.03404687	0.029411312	0.15589511	-0.53882664	0.15763313	-0.41727173	0.15274724	0.80058426	-0.2927903	-0.18695743	0.2629746	0.69188225	0.22694492	-0.434154	-0.4177388	-0.19154373	0.34873855
-0.4252598	-0.10674671	0.24095705	-0.2178119	-0.04917634	0.41446066	0.5950064	0.10423145	0.93744105	0.36329013	0.5095203	-0.19325534	0.5061991	0.22480364	-0.11981542	0.20789923	0.054018434	-0.2383371	-0.5096439	0.27236754	-0.3265998	-0.5200466	0.6476564	0.15911645	-0.5721338	-0.19567977	0.10690965	-0.63392025	-0.28584597	0.17980248	-0.06536392	-0.17773026	0.38368985	-0.34903547	0.11546729	-0.19490004	-0.11910645	-0.7512471	-0.11912912	0.13600126	0.043979898	0.3791144	-0.8170535	-0.2640584	-0.03382847	0.29406485	-0.36443466	0.5221279	0.27243784	0.641302	0.00089356035	-0.07049455	-0.40299058	-0.059224937	-0.21393982	0.348896	0.59530306	0.1991881	0.70943785	-0.0642047	0.51414216	0.916425	-0.7587279	0.69575447	0.89584976	-0.10411025	-0.718011	-0.31148452	0.21580343	-0.6829561	0.14884827	0.41508538	0.34277588	0.041505598	0.020139173	0.21458286	0.2865416	0.28189254	0.09173037	0.5675441	-0.057826523	-0.7066164	0.73581266	0.0029995563	-0.34792998	-0.921085	-0.5766327	-0.47911635	0.58686525	-0.052153025	0.1941445	-0.029333001	-0.6310166	-0.006466013	0.18771413	0.623825	0.7066349	0.13395786	-0.5162638	-0.41405624	-0.2572918	-1.2229004	-0.25349185	-0.25433317	0.27241987	0.33481106	-0.30370504	0.2658915	0.21372707	0.5381585	0.3049175	0.18318634	-0.20991497	0.046729706	-0.88232666	0.20790008	-0.7654959	-0.22515754	0.024226611	0.5910554	-0.07064423	0.24049853	0.13038737	-0.1590593	-0.2530961	-0.0761255	0.83433497	-0.45493987
0.17716074	0.32244027	0.43016338	-0.560035	0.6783688	-0.2741917	-0.067086436	0.14267233	0.6085313	-0.13194686	-0.037238047	0.06550191	-0.5637467	-0.36031634	0.85152227	0.34064007	0.22930838	-0.70838904	0.20042591	0.8193639	-0.29249433	0.4682258	0.33331293	0.08622747	-0.32441467	0.62069815	-0.3294268	-0.47205058	-0.6114571	0.14119641	-0.023504332	-0.6506571	0.24698597	0.33654293	-0.28833768	0.17012681	0.34290457	0.034426164	0.05126572	0.16433293	-0.37513775	-0.12981014	-0.8136709	0.0020642772	-0.06338173	-0.11699008	-0.32356685	-0.014155098	-0.22254205	0.17960218	-0.49167696	0.14785136	0.13098863	-0.30168927	-0.67992383	0.5716057	0.62695485	0.15869226	0.5433485	0.23618478	-0.11248528	0.23478945	0.4781928	0.8240629	0.23147216	0.9133316	0.14698613	-0.40776107	-0.5114391	-0.77085155	-0.25043523	-0.7691023	0.7628624	0.37875077	0.2587682	-0.22783323	-0.06545741	-0.21352908	0.25203136	0.4634353	-0.15124995	-0.51496875	0.6064995	0.44733793	0.16806485	-0.19831927	-0.37525284	0.41105866	0.043783803	0.46647942	0.4064322	-0.05042311	-0.81388736	0.081654474	0.9017136	-0.7826655	0.30253103	0.6071278	-0.037087675	-0.061961643	-0.5583089	-0.7551781	-0.8991367	0.011832724	0.37609592	0.07669136	-0.14849405	0.12692897	0.42814317	0.99480206	0.47845727	0.10625084	-0.5528368	-0.3922534	-0.5600856	0.40158018	-1.8779836	-0.53308994	0.5737695	-0.07009685	-0.079624005	0.18072984	-0.015853306	-0.06463884	-0.9452876	-0.12580957	1.0859035	0.33272883
0.16729741	0.13534066	0.2581693	0.18990816	0.55670303	0.2310587	0.13855596	0.060683757	0.0670942	-0.09256795	0.28301418	0.21821661	0.024039755	0.36684984	0.09643959	0.23357752	-0.17003304	-0.030749746	-0.13280468	-0.088819966	0.015616337	-0.1246775	0.09699777	-0.18599053	-0.26639116	0.13273406	-0.039757285	-0.10769531	0.032320805	0.32491452	-0.18231305	-0.11897685	0.11769561	0.043341078	0.15125012	0.11356661	0.14793985	0.076559514	0.42765352	0.018174518	-0.62734246	0.038599372	0.17619953	-0.0780052	0.14023536	-0.26774552	0.23119093	-0.046788555	-0.121822454	-0.016536146	-0.12549461	0.05553934	-0.0068657426	0.018990142	0.15070274	-0.15043047	0.14379206	0.1860551	-0.027956469	0.014018186	-0.09805432	0.025591426	-0.022031007	-0.024411608	0.44594166	-0.19044116	0.1912387	0.20802118	-0.09396429	0.20122801	0.01602392	-0.111806735	0.06168319	-0.04037463	-0.15782863	-0.08492759	0.1265487	0.21794115	-0.14994381	-0.051998086	-0.40853715	-0.40325233	-0.13191573	0.17209509	-0.23482944	-0.40184638	0.1098084	0.10593264	0.40401202	-0.049286425	0.29504472	0.0054164506	-0.37375182	-0.01639556	-0.0939871	-0.09603652	0.03679862	0.3204842	-0.016345268	-0.174501	-0.05126412	-0.35758534	-0.20666902	0.051052682	0.17276545	-0.010068511	-0.0674703	-0.1748914	0.3366673	0.003887126	-0.042212363	0.056215163	0.024588017	-0.13098086	0.06736693	0.16401555	-0.38028023	0.065911114	0.3064925	-0.045675527	0.038672928	0.024038604	0.5273958	0.10693952	-0.2326292	-0.22240278	0.03309656	0.37422523
0.05738033	0.2071331	-0.02482169	0.26307905	1.6001639	0.33562797	-0.39039564	0.25918865	0.83155805	0.49704444	0.43342113	0.7323254	0.26823995	0.23410152	-0.31392047	0.35545352	-0.2752091	-0.19913602	-0.7335137	-0.12425831	-0.23438261	-0.13628036	-0.61226124	-0.16521302	-0.8518245	1.331635	0.06347617	-0.010038064	-0.29250944	0.5898666	-0.34011093	-0.9716038	-0.33180928	-0.33904588	0.116335064	0.12474377	-0.37936834	-0.31643352	0.7465914	-0.56727433	-1.3085753	0.2050568	-0.15867919	-0.18374643	0.23505685	-1.3855855	-0.028327454	-0.16980977	-0.7628618	-0.22670983	-0.58270794	0.40621927	0.27156398	0.24325907	-0.16217518	0.31836233	-0.0019072145	0.9023662	-0.47629616	-0.34003752	-0.11764122	-0.219414	-0.30049136	-0.40335697	0.16203676	-0.32361183	0.26900962	-0.33132148	-0.2504392	0.13773939	0.0934793	-0.36696994	-0.0017549121	-0.5054047	-0.17437918	-0.5461616	-0.25970614	0.84109056	-0.5489049	-0.1165918	-0.90000296	-0.75248146	-0.5837978	0.055427402	-0.27442613	-0.27295548	0.5241362	-0.27769244	0.2884202	-0.22565876	0.7870321	-0.20163454	-0.8621984	-0.062265247	-0.044545434	-0.41167048	0.2709544	-0.023921879	-0.11247548	0.29203975	0.5033721	-0.7621563	-1.1604263	0.6446223	-0.31351534	0.46055594	-0.28989863	0.4834725	1.1429921	0.47920662	0.6020937	0.7060673	0.10026403	-0.07494363	-0.47692123	-0.09620546	-0.6858748	0.0519777	0.3891774	0.29672936	-0.41630095	-0.6549162	1.3459162	-0.21185763	-0.6228595	-0.8530694	0.5409058	0.3599132
-0.40912598	0.011591178	0.16910325	-0.23052652	0.618523	-0.27024785	-0.28688416	0.20262042	-0.43529338	0.1073147	0.41777146	-0.36072487	0.15579997	0.29512483	0.08018704	-0.011753611	0.18471397	0.24490422	-0.15834358	0.4927855	0.45456016	-0.37867087	0.16334236	-0.62127066	-0.011157106	0.3882091	-0.5482346	-0.48746645	0.5236415	-0.11691726	-0.052731775	-0.12804851	-0.14664268	0.49480665	0.24755138	-0.25418594	-0.11905382	0.34556708	0.52341163	0.08318965	-0.6497097	0.03316381	-0.19366178	0.1030096	0.5188929	-0.5556206	0.09509706	0.478524	-0.27026388	-0.37013814	0.047251973	-0.15796116	0.44220978	-0.20003685	0.02818691	-0.2636506	0.7049539	0.5853722	0.08739831	0.031702965	-0.40544653	-0.17133918	-0.4405127	0.6838595	0.2369625	-0.36563197	-0.3430946	0.72530967	-0.3373102	-0.045942478	0.0815242	0.36176336	0.17122002	-0.5387537	0.040552445	-0.32094103	0.16946505	0.7057229	-0.21489571	0.18696405	-0.45450667	-0.34329745	0.033129755	0.5325214	-0.027319724	-0.5033155	0.10587011	0.020317223	0.3184574	0.16774069	0.2568753	-0.3862058	-0.05901444	0.25653884	-0.29578486	-0.4626039	-0.25304845	0.20400809	0.22157389	0.0397751	-0.31510255	-0.88435304	-0.8164313	-0.15822363	-0.2733738	-0.24424385	-0.10742971	0.46089628	0.06568786	0.19512704	-0.3915186	0.43589774	0.041806053	-0.14299561	-0.08024646	0.1311704	0.2854835	0.023970617	0.4922094	-0.077233836	-0.40121907	0.27724874	0.29359072	0.21920958	-0.023710562	0.3347196	0.3425883	0.016063763
0.13646364	0.16122466	0.039825782	0.08252188	0.6041261	0.23803777	-0.20171297	0.58392274	0.5330418	0.098381914	-0.32912952	0.18192361	0.48729843	-0.11345285	-0.19344667	0.5346357	0.19687274	-0.12434302	-0.33985606	0.48298794	-0.11545515	-0.53595656	-0.4006364	0.3983373	-0.4333507	-0.056728613	-0.17425102	-0.081928216	-0.54163426	0.017038776	-0.090223774	-0.09313537	0.017168583	0.041172765	-0.06664391	0.28795797	-0.3512397	-0.0847983	-0.16549583	-0.23923898	-0.5825	0.06816999	-0.078831196	0.005287791	-0.05380673	-0.54078263	0.361145	0.5978171	0.26001024	0.07655695	0.016740775	-0.50470525	0.89661855	-0.14888206	0.065506995	-0.57542837	0.4601276	0.23967524	-0.020055424	0.32663554	-0.41820553	0.18350492	-0.75165457	0.5421139	-0.05564903	-0.32805532	-0.010306579	0.7024418	0.1472133	0.40548715	-0.14099659	0.09147409	0.0908926	-0.1446937	0.1381923	-0.43821165	-0.027688438	0.24542582	0.09971193	-0.13141823	0.1641887	0.09178522	-0.090844825	-0.10438148	0.13116384	-0.47419655	-0.021926425	-0.14944348	0.286625	-0.7541832	0.4594936	-0.033741675	-0.21428017	0.17242683	-0.083669975	0.09813311	0.41573533	0.3893779	-0.033358645	-0.6233668	-0.459962	-0.64623255	-0.17634217	-0.003203423	-0.66526645	0.10953126	-0.108742185	0.061264776	0.17837128	0.08668459	-0.32640612	0.13178018	0.091182195	0.0262853	-0.6741847	0.043184	0.16415952	0.1470351	0.30495614	-0.21686608	0.029273804	-0.50836766	0.13862975	0.05552244	-0.22578406	-0.18003169	0.1757406	-0.32978332
-0.05780988	-0.019137336	0.40014946	-0.027241584	0.5922955	0.0012824638	-0.15469228	0.72342145	0.1776984	-0.39764744	0.048309974	0.2553134	-0.5183739	0.6484195	-0.24534874	0.38429764	-0.30694366	-0.53513587	-0.28117165	-0.13635314	0.3869743	-1.1537064	-0.13043457	-0.63917214	-0.45447665	0.38542056	-0.15712972	-0.60626996	-0.066144675	0.90846354	-0.2102504	-0.20572701	0.36022565	-0.09402096	0.55429834	0.35756686	-0.0053468975	-0.52970815	-0.21833071	0.10432125	-0.34022078	-0.09860167	0.24386959	-0.6666184	0.37594593	0.08586424	0.59592015	0.06882446	-0.07327795	-0.8057131	-0.2686035	-0.39870304	0.38276735	0.68113536	0.7036141	-0.82263446	0.4718387	0.25584128	-0.21894163	0.21193601	-0.107998475	0.474931	-0.376547	0.42819092	0.5870452	0.15618014	0.15134235	0.1481682	-0.13521446	-0.06625897	-0.13679303	-0.54149586	0.026380816	-0.10826048	-0.20473559	-0.20075841	0.80639416	-0.02422711	0.3891042	-0.18387431	-0.6678258	-0.6199467	-0.07146395	0.55351746	-0.44296023	-0.5820389	-0.038825195	0.6147771	0.55731535	-0.276471	0.33453682	0.3605457	-0.8846393	0.16934517	-0.15562056	-0.013049611	0.26969823	0.26493722	0.8749008	-0.52857196	-0.30101767	-1.1807282	-0.00841041	-0.04165018	0.44650435	-0.2844362	-0.7315573	-0.14926289	0.7949651	-0.09087537	-0.3730283	-0.036747314	-0.05364598	0.39549217	-0.013012366	-0.41140792	-0.29333687	0.16869418	0.20253292	0.38963032	0.57813895	-0.37859604	0.4775421	-0.039896507	-1.1605977	-0.15501289	0.010997032	0.029923562
-0.037680067	0.18539618	-0.36393464	0.09004035	0.11234293	0.10928875	0.025611173	0.22845973	0.11769654	-0.10475101	-0.15475114	0.082185246	0.0953479	-0.20943375	0.05778487	0.24915813	-0.027277194	-0.17258322	0.10208859	-0.27225667	0.016715972	0.0012857632	-0.16109492	-0.15103687	-0.111817345	-0.03975868	-0.2840993	-0.4808412	-0.27181023	0.02864171	0.086873405	-0.07439984	0.19244733	-0.16899222	-0.018772751	0.3222739	-0.35780734	-0.4104837	0.068047404	-0.1539786	0.036320783	-0.2737534	0.27070758	-0.21516432	0.19283062	0.01778415	0.17671268	0.028236203	0.0017189267	-0.06627703	-0.028908353	-0.4038654	-0.106191486	-0.20122863	-0.123380676	-0.2717877	-0.0020967103	0.41117087	0.00051306916	0.26294854	-0.18161781	0.19518623	-0.36841705	-0.00935399	0.3136099	-0.29732594	-0.21049264	0.03270313	-0.102245994	-0.027298005	0.063726194	0.10262405	0.17626882	-0.16061375	0.04219601	-0.117528595	0.026752587	-0.08268805	-0.11649626	0.13667263	-0.12265018	-0.51622814	-0.21191882	0.20250428	0.10498095	-0.11492313	0.024109438	0.17596036	0.3138466	0.052450243	-0.12280213	-0.34546205	-0.1476302	0.23210664	-0.22204775	-0.20252997	0.107662305	-0.04442573	0.08274167	-0.19054364	-0.15076743	-0.576619	-0.17596188	-0.15602767	-0.14704414	-0.038119156	-0.13487585	0.27187335	0.17179102	0.09096731	0.017704142	0.24213359	-0.079643354	-0.01952351	-0.1511693	0.05170808	-0.19035293	0.04821696	0.06243576	0.16517223	-0.2711349	0.022149717	0.35540897	0.3285208	-0.2021547	-0.00031542243	0.44851077	-0.3674351
0.14290963	-0.37846392	0.27874026	-0.042110197	0.17104906	0.057277627	-0.034864474	0.34917408	0.7691995	-0.017448105	0.15216239	0.41954452	-0.37568307	0.1221118	-0.12579949	0.40909913	-0.062382545	-0.31533954	-0.26870477	-0.2984753	-0.32485116	-0.10317146	-0.09097177	0.17930503	-0.50551754	0.04565572	-0.50374305	-0.029033342	-0.05196878	0.25120214	-0.3375414	-0.18932085	0.3389539	-0.23355168	0.021665273	0.4882725	-0.6081339	-0.805943	0.56118447	-0.3789815	-0.27167216	0.2397634	-0.29290956	-0.44016626	-0.072686605	-0.10559897	-0.10083223	0.7938576	0.43417117	-0.19754402	-0.09174961	-0.49202746	0.37449116	0.1601077	-0.038516268	-0.5354015	0.57898843	0.287714	-0.43768096	0.42688113	-0.034356214	0.68939686	-0.41996092	0.46237394	0.47106698	0.3503233	-0.37774137	-0.431352	-0.26451364	-0.32637894	0.31476352	-0.16981034	0.49683756	-0.026262905	0.24628906	0.36154115	1.0567385	-0.6853535	0.058738746	0.30050412	0.17038213	-1.0946906	0.07248233	0.20352323	0.44390318	-0.045810714	-0.4448429	-0.5094204	0.32862133	-0.57364595	0.17798045	0.09014526	-0.8331573	0.5232819	0.2841851	0.03153307	0.26995206	0.24152417	-0.03156571	-0.5984044	-0.37688246	-0.9476447	-0.745088	-0.20639245	0.060328923	0.3379354	-0.99572337	0.6495235	0.25530156	0.86210245	-0.31022656	0.34893617	0.016141701	-0.43493927	-0.71160924	0.41296783	-0.80103105	0.19451909	-0.06445292	0.5244485	0.20330867	-0.495989	-0.24383314	-0.45589513	-1.150699	-0.15648098	0.66882384	-0.28445223
0.09243586	0.010610221	-0.040499814	-0.06643969	0.24539821	0.073996134	-0.052455615	0.09396011	0.112361155	0.14134993	-0.07845501	0.08211678	0.061118856	0.14047605	0.105369315	0.21319038	-0.16054006	-0.24790126	0.14098763	0.056836884	0.04560401	-0.0058799027	-0.074047625	0.0031314397	-0.09550856	0.038042087	-0.242329	-0.071225695	0.042872746	-0.15798485	-0.14068031	-0.19741952	0.051351387	0.25837782	-0.027869884	0.0020707492	-0.24279289	-0.1321982	0.11905346	-0.20794497	-0.23874593	-0.0613063	-0.16456221	0.15084523	0.09705204	-0.20005126	0.17000195	0.29557326	-0.40746966	-0.08664312	-0.12185664	0.12267373	0.10739826	-0.03866434	-0.028232215	-0.12058174	0.22548188	0.31841752	0.045761663	0.0149144735	-0.24161692	0.07468539	-0.02969684	0.063792	0.07947318	-0.029243717	-0.0327282	0.006041491	0.030282976	-0.059975848	-0.17128995	-0.06856658	0.07202961	-0.041404273	-0.010552753	0.10059446	-0.101315424	-0.03298379	-0.047203626	0.117318474	0.01202411	-0.18585822	-0.037912387	0.112752065	0.2591526	0.046005353	-0.054676723	0.12225154	0.06722276	-0.09074761	0.17883942	-0.19546129	-0.09379504	-0.005262506	-0.013239467	-0.1151606	-0.097817026	0.34585997	0.011470815	-0.033357225	0.012186553	-0.29668298	-0.39604795	-0.023594461	-0.048742916	0.040562436	-0.08209977	-0.025280695	0.07189536	0.23036858	-0.06827192	0.11166929	0.1796342	-0.024496822	0.022293938	-0.02738039	-0.063794635	-0.068891615	0.11296719	-0.045399483	-0.23765366	-0.05261907	0.12810601	-0.06269663	-0.16796805	-0.0014010611	-0.014664594	-0.018532418
0.07978545	0.20691253	0.0144249555	0.10062153	0.09744976	0.02072604	0.1309724	0.095652774	0.19421369	0.044854965	-0.057360765	0.047732707	0.053693473	0.008783726	0.19054623	-0.03613574	-0.022252439	-0.11343873	-0.12561423	-0.12808175	-0.033317424	-0.124661684	-0.20314197	0.003890802	-0.22650374	-0.1257644	0.017805286	-0.095756814	0.04770094	0.12769961	-0.007325376	-0.102846734	0.070662834	0.095012814	-0.050682247	0.003222802	-0.21898524	-0.12731268	-0.021602504	0.001872115	-0.08355075	-0.055864915	-0.104587555	0.10885665	0.012599858	-0.035846498	0.019194568	0.26563874	-0.13724001	-0.0024930981	-0.09259147	-0.070753016	0.23337474	0.043767486	-0.12456139	0.032272417	0.20568672	0.07442726	0.049448524	-0.075875424	0.0028053022	0.08381663	-0.16114372	-0.001664495	0.020040771	-0.026361722	-0.069108896	0.1098727	-0.09149326	-0.037617724	-0.016555203	0.031150095	0.03088565	-0.045833062	0.08470251	0.105961494	0.022913069	0.13635531	-0.07616718	0.014915679	0.00837103	-0.15158118	0.06877554	0.12485011	-0.13205712	-0.2202062	0.09077182	-0.08157271	0.056544095	-0.009066781	0.029647397	0.091267526	-0.109782144	-0.051463094	-0.045979604	0.04084685	-0.008013118	0.0916786	0.056697864	-0.241624	-0.018709974	-0.2737746	-0.2538324	0.08664289	0.044437833	0.04755454	-0.0525441	0.048192803	0.114525236	0.18272749	-0.094167955	0.109504566	0.05151843	-0.06543914	-0.12306576	-0.09129076	-0.10896835	-0.103921555	0.1746588	0.046260383	-0.117695875	-0.013273162	0.11974981	0.008248442	-0.020938499	0.002698005	-0.014028842	-0.08615345
-1.0713383	0.38451216	-0.39367607	-0.63150096	-0.14458147	1.5140772	1.3994138	1.3412871	0.23735267	0.044279538	0.9132742	0.68620414	0.5797545	0.5143085	-0.27495065	0.5439921	0.017924592	-0.64323986	0.30409902	-0.20474073	-0.56205803	0.32099286	-0.008450946	-0.62977093	-1.034381	-0.28866583	-0.51113033	-0.46680087	0.27744514	-0.54284465	-0.2291339	-0.9525713	-0.29265112	-0.17712077	0.16307333	-0.5276598	0.13796005	-0.73402554	0.1935409	0.040202416	0.04562789	0.51931626	-0.24860775	0.32497573	0.08019882	0.0003487663	-0.21319991	0.96440643	-0.12784441	-0.5488817	0.46830788	0.46782956	0.4716155	-1.1423694	-0.67158175	-0.32915702	1.2841605	0.6322111	0.46782592	0.008541153	0.11081582	0.26141772	-0.3224122	-0.10335375	0.1732917	0.12332425	-0.5290592	-0.077103004	-0.11266795	-0.64154816	0.30073535	0.8945639	0.48983452	-0.11159806	-0.63775766	0.25691903	-0.31170028	1.1124462	-0.49599543	0.90881056	0.05177745	-0.54047924	-0.35926858	0.16797808	0.22242224	-0.36490792	0.20951	-0.16045468	0.73056096	0.36519065	-0.13400948	-0.19648097	0.001947482	0.5552409	-0.15675387	0.2694183	-0.33805156	0.32162184	0.35938695	-0.5413557	0.7000631	-1.2421781	-0.6125995	0.01615807	-0.24660555	-0.54573	-0.108163	-0.115010515	0.36735392	0.43694648	1.4934916	0.25279644	0.2870045	-0.8257871	-0.44825235	0.039028734	0.15229464	-0.40921798	-0.51135874	-0.48608992	-0.096514046	-0.5266878	0.64270157	0.028991684	0.041670103	0.3325076	0.24189651	-1.6818907
0.17125502	0.2527049	-0.1517228	0.23820908	0.2542291	0.28386137	0.1687107	-0.006362669	0.23073319	0.054879073	-0.09639329	0.18268938	0.076739855	0.11136787	0.55063856	0.19452728	-0.12589751	-0.055091858	0.13449968	-0.31742758	-0.068663165	-0.117252074	-0.39423624	0.058566686	-0.065089576	-0.22736618	-0.22424324	-0.20077074	0.061962694	0.085339524	-0.23236927	-0.39102998	0.27035213	0.34763637	0.013788416	0.39140603	-0.3222575	-0.12368736	0.22741793	0.09219713	-0.12475049	-0.15557687	-0.036121365	0.26464605	-0.08060883	-0.11646734	0.35647786	0.43442908	-0.47107762	-0.08717167	-0.043044385	-0.15785253	0.21200018	0.17132682	0.098331064	0.006051746	0.32766953	0.14757492	0.102776036	-0.005001942	0.21975166	0.08000928	-0.2401613	0.073716044	0.32655743	0.12180886	0.01269038	-0.012166856	-0.14019534	0.10283543	0.3032778	-0.18089108	-0.12826829	0.20315266	-0.02474343	0.10127511	0.038998786	0.18648654	-0.033703685	0.026766475	-0.12303039	-0.45559195	-0.021561513	0.15675522	-0.10936844	-0.34349167	-0.100015566	0.09193384	0.25304583	-0.42591962	0.0049913214	-0.027248947	-0.367744	-0.19690207	0.104594044	-0.06929308	-0.045354813	0.20030616	0.09324327	-0.3896516	0.059087116	-0.6237297	-0.5713176	0.13969426	-0.0305199	-0.055525757	-0.20178044	-0.14010186	0.50160897	0.20148672	-0.19626895	0.115542054	0.11564623	0.06364276	-0.07223128	-0.14325206	-0.33608735	-0.103375785	0.5602608	0.09082721	-0.32029387	0.098635666	0.10120184	0.16179782	-0.15356971	-0.26144215	-0.1877693	-0.01904276
0.037763853	-0.029174777	-0.014308629	-0.078447215	0.2151134	0.04248809	-0.07732819	0.04787077	0.09196374	0.14046225	-0.1047561	0.0538393	0.057744138	0.10632165	0.07068441	0.15222365	-0.12805508	-0.22410154	0.13000146	0.03253405	0.03016709	0.04535667	-0.082034126	-0.020132143	-0.07578028	0.08629688	-0.24998826	-0.06700947	0.04417528	-0.09866467	-0.15605332	-0.23818377	0.0062257713	0.20707224	-0.018158613	-0.017468337	-0.21546535	-0.10026782	0.15288816	-0.17961836	-0.2636545	-0.04619708	-0.14848813	0.15376362	0.13153599	-0.24611457	0.18132687	0.26021445	-0.42867708	-0.14062291	-0.116061404	0.11604748	0.13175242	-0.011456971	-0.009390098	-0.1270026	0.23080716	0.32495132	-0.026199525	0.018817691	-0.24478985	0.04497063	-0.036664903	0.11558168	0.11149102	-0.07917732	-0.06319717	-0.043239437	-0.00031863508	-0.05274713	-0.17943907	-0.026060525	0.13113874	-0.09712232	-0.044057336	0.061657432	-0.15490441	0.0025198576	-0.079799704	0.11412098	-0.015862683	-0.14260364	-0.024918621	0.091591224	0.24022095	0.05601532	-0.044453446	0.13643165	0.07082375	-0.0843389	0.16792247	-0.21317393	-0.09255938	0.016072735	-0.039453205	-0.12354389	-0.084907636	0.32240942	0.05965244	-0.07746042	-0.026227726	-0.3582223	-0.37230194	-0.012299695	-0.11651795	0.051140442	-0.10011184	-0.061430234	0.06902989	0.23837699	-0.09553364	0.14924587	0.14299089	-0.038412806	-0.007734241	-0.040465474	-0.057952356	-0.06312296	0.10763724	-0.04310488	-0.21518861	-0.022207262	0.13103797	-0.06472267	-0.14186567	0.022399528	0.014135134	-0.049602207
-0.10322293	0.12676568	-0.033117212	-0.062906265	-0.09103649	0.13532555	0.20317318	0.40549165	0.21288015	-0.09478058	0.029565701	0.25572407	0.08123162	0.1952838	-0.15625268	-0.004898557	0.10562273	-0.34744957	0.21433386	0.06889865	-0.055310607	-0.23381594	-0.021717621	0.020497592	-0.34152317	-0.07792109	-0.17509021	0.06966529	0.28038317	-0.05339563	-0.22055943	-0.40670756	-0.010251662	0.18792562	-0.04548534	-0.2535459	-0.45372415	-0.22247843	0.45880535	0.2359408	-0.4765054	-0.039413888	-0.16706793	-0.09478095	0.033117935	-0.292799	0.15698394	0.5245655	-0.09415161	-0.13287474	-0.19279967	-0.031600937	0.06612856	-0.25394082	-0.39368796	-0.25471097	0.27572235	0.4288893	-0.033142064	-0.3020432	-0.16623162	-0.0037487445	-0.12083048	0.41406256	0.172381	-0.16783327	-0.16844514	-0.09829324	0.40464187	0.19986552	0.16506098	0.23718767	-0.0009690161	0.036346026	0.32316974	0.13773596	0.16009375	-0.1236841	-0.2815987	-0.089993544	0.026636524	-0.43443266	0.068550274	0.22435561	0.038880724	-0.08696585	-0.05633112	0.3819469	0.21931468	-0.04112459	0.011378879	-0.16037977	-0.11241503	-0.06545149	0.19500403	0.013207911	0.061925154	0.25907335	0.15398407	-0.36081886	-0.022461342	-0.4530349	-0.46194842	-0.35325518	-0.31119448	-0.07925029	0.0012916536	-0.20103617	0.2615242	0.17838068	0.3652725	0.3530129	0.21201612	0.20878312	-0.13325511	0.13985458	-0.04777135	-0.08433915	0.17987281	-0.13243888	-0.37336352	-0.13484253	0.1537408	-0.30971068	0.10477059	0.027455524	0.1420763	-0.11625682
0.09901394	0.1819583	-0.031408977	0.1888162	0.6225868	0.4068826	-0.016459256	-0.11916012	0.31461602	0.05010728	0.22861569	0.21689266	-0.22974399	0.112465605	0.36680058	0.03652005	0.16029136	0.037979204	-0.025064986	-0.35868058	0.0128907915	-0.19133985	-0.5139	0.080395535	-0.28454486	0.19708726	-0.070814215	0.19228345	0.12172324	0.16407922	-0.27006853	-0.05557948	0.052511465	0.22437534	0.3120738	0.38262936	-0.20912959	0.29109016	0.48726588	0.1996526	-0.1961073	-0.13004951	-0.22289021	0.36715496	0.014255506	-0.1381369	0.12906063	0.14518067	-0.33451742	-0.21141246	-0.0049337735	0.33738062	0.049147535	0.0031699627	0.3095515	0.15686429	-0.31292057	0.11236605	-0.03888408	0.049796324	0.0034720805	-0.08107314	-0.26356933	0.41470128	0.80463135	0.0763512	-0.46259686	0.15857661	-0.20591147	0.47138017	0.23135561	-0.42895246	-0.13958682	0.32577792	0.38914034	-0.08225737	0.06432222	0.67424494	0.15638609	-0.12002107	0.04047693	-0.6607827	-0.24497584	0.4277425	-0.13424784	-0.39523512	-0.27202502	0.11948165	0.3519006	-0.47104096	0.019628806	-0.15416904	-0.24696417	-0.2270204	0.33120736	-0.51845264	-0.2465605	0.54739404	0.26261425	-0.12768798	-0.40816385	-0.61292106	-0.671733	0.09114599	0.0015825557	-0.09223233	-0.27098456	-0.10701948	0.44960025	0.2272043	0.15989247	-0.17719355	0.2626841	-0.2297091	-0.14328568	-0.18043219	-0.30965286	-0.2478752	0.85023123	-0.2586965	-0.13474064	-0.1254076	0.1097308	0.055514056	-0.13030078	0.28624097	0.19193473	0.31662515
-1.3943987	0.36568418	-0.31617433	-0.6723406	-0.18691424	1.0778549	0.93810594	1.2236952	0.36941642	0.5035718	0.59320176	0.3579469	0.37851042	0.51948273	-0.3765105	0.56310046	-0.15845925	-0.37839347	0.3455722	0.1364005	-0.61698073	0.22729035	-0.060706533	-0.66664684	-1.3694968	-0.0572384	-0.6589315	-0.36231104	0.04548485	-0.5761027	-0.51531225	-0.8403693	-0.27238277	-0.08796092	0.03459994	-0.6281105	-0.12080218	-0.7615354	-0.213867	0.12101459	-0.41500095	0.21158765	-0.20122784	0.3151604	0.071997315	-0.3125271	-0.11941414	1.025631	-0.38215175	-0.32141402	0.31728193	0.19362448	0.48220116	-1.0753697	-0.6821477	-0.064299434	1.2051944	0.65469396	0.3946097	0.12204488	-0.14395325	0.41490734	-0.17838529	0.06239727	0.08691801	0.06833288	-0.37707707	0.033145	0.07741619	-0.45328194	0.30686975	1.1985437	0.619507	-0.35214576	-0.39993012	0.25937876	0.027656764	0.9757617	-0.42459428	0.53904337	-0.15110038	-0.5552859	-0.61714816	0.17692447	0.30833724	-0.3779369	0.12008288	-0.16503146	0.58505285	0.3460946	0.23888855	-0.53964716	-0.09803834	0.79066336	0.13772786	0.5211066	-0.3488919	0.3908469	0.3251974	-0.4402357	0.52263045	-1.6101601	-0.4136531	-0.11337553	-0.27257752	-0.64015126	0.28976575	-0.07234	0.49082047	0.5421995	1.3736308	0.1635683	0.07171078	-0.47354916	-0.2653013	0.07393174	0.1378706	-0.31521252	-0.51809835	-0.4650131	-0.32375458	-0.724144	0.57010406	-0.1404563	0.17355426	0.3855285	0.4298714	-1.465349
0.10671127	-0.050482683	-0.06740086	-0.09770434	0.23177461	0.032945935	-0.06275646	0.040461663	0.124019615	0.13226499	-0.13867465	0.09188956	0.109504886	0.11274183	0.11441239	0.15946819	-0.17965853	-0.26971367	0.1228297	0.086523056	0.053419083	-0.036627986	-0.08512758	0.043678816	-0.08352269	0.046686444	-0.26370168	-0.109106146	0.021459123	-0.114684045	-0.14440274	-0.2452884	0.01414496	0.25600228	-0.02108644	0.032130897	-0.24626243	-0.11320605	0.0996601	-0.19546624	-0.23791891	-0.0711779	-0.17294796	0.1327508	0.106045224	-0.20456508	0.22480354	0.29125866	-0.43721154	-0.12136583	-0.13361563	0.107786536	0.12585531	-0.007077774	-0.006930598	-0.12873681	0.20621304	0.3063218	-0.013840215	0.015333907	-0.21656367	0.028622407	0.010257897	0.085901365	0.075888835	-0.0012097938	-0.05977805	-0.036779232	0.0038326818	-0.067366086	-0.12501049	-0.051652223	0.07981843	0.00046316464	-0.026788546	0.081336856	-0.10876499	-0.057121538	-0.025279509	0.08937673	-0.01007959	-0.138979	0.004216751	0.06571035	0.21201073	0.041881945	-0.07859631	0.13251692	0.059746582	-0.091379575	0.14258836	-0.16464527	-0.121632695	0.02050591	-0.019793505	-0.13098206	-0.077424616	0.30379808	0.044160992	-0.052732922	0.03591658	-0.3146315	-0.39710236	-0.041994505	-0.11590719	0.04602974	-0.11522837	-0.014159728	0.084745094	0.22403598	-0.085098244	0.11816237	0.15457541	-0.0037631795	-0.014542967	0.009411027	-0.05637638	-0.04464291	0.11734647	0.0027411082	-0.24216093	0.021146381	0.12044164	-0.068189435	-0.18103918	0.017896788	-0.010469223	-0.044405784
-0.38028267	-0.10700925	0.4329521	-0.5710758	0.5262253	-0.09853036	0.29984432	0.3187901	0.7452186	0.0063205305	0.62316245	0.16032547	0.26428208	0.24558581	-0.3934497	0.41286153	0.9714532	-0.07626493	-0.48091957	0.71904033	-0.33886686	0.12619044	-0.657675	-0.034048114	-0.85341406	0.8777331	-0.07083952	-0.004696825	0.013043274	0.11791759	0.3625888	-0.11070437	-0.6782241	0.030469224	0.13110283	0.26537704	0.08989617	0.4499654	0.44861338	0.20165499	0.44101468	0.4046104	-0.61854166	-0.025197791	0.38846725	-0.62221783	-0.64556473	0.42904535	-0.48288348	-0.063658774	-0.1569256	0.4811376	0.7899174	-0.12015399	0.04127435	-0.6091787	-0.052089673	0.68993795	-0.15500948	-0.15248238	-0.7082842	0.26286307	-0.087188706	0.32035196	0.30911222	-0.28124294	-0.49052447	0.35162613	-0.2708151	0.2047859	-0.25571382	-0.7866467	0.15296453	-0.26460192	-0.06937385	0.27552778	0.3617962	1.2342246	-0.42271912	-0.19110347	-0.021282876	-0.5049408	-0.0066238134	0.5894429	-0.5710459	-0.50199914	0.21817626	-0.41725037	-0.105489954	-0.15776782	0.10323045	-0.031321287	-0.5748501	-0.041484192	0.25678012	0.118515	0.20277879	0.19164634	0.2386971	-0.119165786	-0.5836726	0.52351904	-0.24864617	-0.2084039	0.045757316	0.27027142	0.36420634	0.27769628	0.50298405	0.14841972	0.39754936	-0.5988332	0.18254974	0.0064904615	-0.5299007	0.4343926	-0.59460247	0.119867176	0.54971415	-0.42150918	0.36815658	0.26125234	0.7509501	-0.34721166	-1.1385801	0.809429	0.9192402	0.49530664
-0.011878088	0.2706501	-0.24724275	-0.15423828	-0.009446965	0.098351985	0.49942797	0.24370489	0.23447074	-0.27751136	-0.13999717	0.019593677	0.0692564	0.008017617	-0.08665131	0.1346466	-0.26294658	-0.53683156	-0.34639356	-0.30943808	0.27960172	0.10383208	0.055142146	-0.07878869	-0.24263182	0.26706013	0.056799565	-0.31466353	-0.22586715	0.12163691	-0.13192442	-0.2274313	0.017860427	-0.0798784	-0.1993066	0.262461	-0.2575503	-0.32170516	0.17876446	-0.097653896	0.039266814	-0.28306624	0.19710839	-0.26566616	0.023511846	0.013930553	0.108967505	0.08531676	0.12661742	0.25276268	-0.0014384907	0.094789304	-0.16053303	-0.27857837	-0.065457694	-0.32599774	0.088392295	0.299995	-0.15794162	0.3585076	-0.22709574	0.05338286	-0.08324445	-0.016781675	0.3982343	-0.20879877	-0.10475838	-0.04308512	-0.30125564	-0.021664815	0.00064776826	0.054401167	-0.07348113	-0.1607292	0.10557791	0.2140456	-0.15172319	0.19235605	-0.24673091	-0.07827532	-0.16248201	-0.2193157	0.39485183	0.12621294	-0.28095534	-0.20572227	0.13742308	0.13962959	0.2539634	-0.100336045	-0.0026789603	-0.23371723	-0.30051377	-0.20583427	-0.21813029	-0.014923915	-0.09445391	-0.2639481	0.03356778	-0.25733954	-0.13753894	-0.27420732	0.09552646	-0.1735634	0.023496654	0.08993149	-0.21340466	0.21417415	0.04820249	0.2151066	0.22527497	0.19670556	0.24392582	0.13115054	-0.3523562	0.2810228	-0.1220255	0.06691035	0.21806844	0.0785354	-0.08965524	0.15082887	0.6375349	0.34615123	-0.30744436	-0.052175906	0.52482086	-0.05335176
-0.09267584	0.13595013	0.14441389	-0.616375	0.61905646	-0.2711892	-0.07164987	0.5105663	0.5470816	-0.16524974	-0.09737508	0.5378586	0.32625195	0.16633402	-0.20788419	-0.008861799	-0.083597235	-0.3402764	-0.40822092	0.8279307	-0.22390582	-0.23839027	-0.549516	-0.02955034	-0.4612834	-0.4120093	0.48457047	-0.3964988	0.19801359	0.566306	-0.14308079	-0.66711515	-0.30756468	0.24154967	0.5754075	0.30673423	-0.37309957	-0.4706488	0.5859263	0.42768955	-0.93042135	-0.44794896	-1.1007671	-0.5743401	-0.39953166	0.45440045	0.42308447	0.21631397	-0.6895807	0.22737364	0.7983868	0.2560699	0.5661765	-0.17905498	0.6739995	0.4054667	-0.22911128	0.54475904	0.48455906	-0.80360866	-0.29122224	-0.39571512	-0.026591916	0.3705423	0.07579493	0.75675434	-0.4427331	0.03246884	0.22810698	-0.2625703	0.13993308	0.43791214	-0.83473575	-0.1385715	-0.44099873	-0.2861709	-0.45786837	0.2273963	-0.10297245	-0.73591554	-1.3285261	-0.77033883	0.45247766	0.40021318	-1.3444432	0.043795403	-0.18321444	0.2933256	0.1253377	0.71641004	-0.18111353	-0.06740802	-0.26193872	0.41965675	-1.1188024	-0.034982983	0.4472416	-0.537428	0.7898911	-0.41491044	-0.22099815	-0.708604	-0.15047169	-0.25973246	0.80473554	0.11626346	0.22995913	-0.6520535	0.22630441	-0.35931706	0.22458942	0.7766823	0.09243182	-0.27813745	0.18934411	1.1602895	-0.32107657	-0.30452174	0.6566945	0.66388494	-0.32579058	0.28513515	0.31159964	-0.35090417	-0.4244471	-0.30548882	0.12930848	0.29378408
-0.19064192	-0.11969408	-0.24772766	-0.4794546	0.05821841	-0.5256758	0.3818631	-0.2775534	0.19277744	0.22909597	-0.0725067	0.050728485	-0.17739165	0.13811244	0.19565178	-0.20359254	0.17695622	-0.3378274	-0.25387746	0.35991472	0.16579832	-0.3383535	0.16589777	0.018480629	-0.24062948	0.107600875	-0.5375808	-0.08512958	0.232476	-0.16110204	-0.45828134	0.088324204	-0.5076908	0.6136341	-0.040530156	-0.09146423	-0.60089445	-0.115199074	0.10452502	0.12280769	-0.13759287	-0.101312906	-0.42913425	0.07705546	-0.081077375	-0.5846886	0.46644038	0.3494929	-0.35483766	-0.362117	0.07011053	0.070475414	0.051233307	-0.29471678	0.13660765	0.2373846	0.35105425	0.43929285	-0.10236269	0.12718062	-0.37657765	-0.0016418902	-0.39763942	0.45279726	0.2627339	0.08071321	0.05840859	0.06296789	-0.035841193	0.20828177	-0.033629503	0.4306286	0.32853603	-0.054283153	-0.12642539	-0.09141328	0.01029185	0.07068049	-0.07810241	-0.08119089	-0.41652423	-0.5608225	0.39936656	0.109810956	-0.35707706	-0.13901633	-0.17305814	0.09684936	0.3075584	0.380072	0.037680373	-0.52896774	-0.15722501	-0.18894097	-0.005918922	-0.11935242	-0.20641728	0.09769379	0.2617116	-0.22155213	0.10745682	-0.54288775	-0.42362335	0.19007017	-0.47796887	-0.05980742	-0.17547195	0.04661254	0.27335522	-0.18668552	-0.42371547	0.13601801	0.2025605	0.18314442	-0.25937697	-0.14015779	0.13975492	-0.1204101	0.14652793	-0.08204931	-0.17581514	0.07483675	0.48116377	-0.10457567	-0.08448167	0.38274005	0.3026248	-0.07540036
-0.037578452	0.06764255	-0.033679467	0.017972915	0.12488694	0.15162595	-0.026221504	-0.015588244	0.13330172	-0.02555966	0.037150532	0.12554489	0.10095673	0.1377179	0.120035276	0.2191525	-0.09076581	-0.12732607	0.09788464	0.03620421	-0.03627259	-0.09391	-0.1622579	-0.0031708851	-0.07617065	0.055553503	-0.083552636	-0.2379381	0.03625598	-0.05395505	-0.11640227	-0.23436482	0.16075681	0.23739319	0.057152398	0.13967787	-0.15428208	-0.075526305	0.23127028	-0.09174953	-0.22134705	-0.0928704	-0.07795237	-0.017598234	0.15777501	-0.2008183	0.21417497	0.30793178	-0.36815265	0.014467719	0.041597597	-0.0012163742	0.2180969	0.010821896	0.04581876	0.021554828	0.25661832	0.18619034	0.071687475	0.017346174	0.032128863	0.037845496	-0.07665987	0.12230032	0.22359888	-0.10792076	0.07454712	0.039456904	-0.051415075	0.051142387	0.1981887	-0.006167476	-0.066634566	0.012874943	-0.024388775	0.040957984	-0.020697119	0.09326104	-0.11185295	-0.047294337	-0.14257638	-0.26135004	0.017464764	0.121465124	-0.08340789	-0.2568705	0.047533166	0.12664749	0.0015648162	-0.19423136	0.11918226	-0.1837282	-0.1503544	-0.1158831	0.05202463	-0.059861332	0.027778937	0.1923461	-0.059886284	-0.20704778	0.023243712	-0.36516362	-0.17260094	-0.0015663764	-0.038259875	0.08697258	-0.0014274664	-0.17507116	0.121280216	0.10442581	0.016588746	0.2626803	0.07891112	-0.025727818	0.060119327	-0.033282768	-0.07494059	0.006643011	0.15996328	0.10001007	-0.17428039	0.12658286	0.22857325	0.09546496	-0.07865323	-0.18662398	-0.11457908	-0.05984433
-0.24574628	-0.62633663	0.25942189	-0.55410546	0.66147363	0.51300985	0.09993527	1.1012732	0.9647183	-0.3188332	0.5160743	0.805326	0.2223873	-0.27821758	-0.051295947	0.13254431	0.84791225	0.1644818	-0.9031597	0.6449585	0.11333809	-0.46757278	-1.3667526	0.11227367	-0.31265283	0.6468135	0.16622946	-0.10678066	-0.0019678685	0.106967755	-0.5677207	-1.0871819	-0.43697557	0.530561	0.1801578	0.6927985	0.59458464	0.15747862	0.2813419	-0.09961624	0.4522707	0.59109026	-0.34353548	-0.88719755	0.007441067	-0.79861283	-0.5690783	0.5311418	-0.36334187	-0.10264769	-0.39468202	0.33657995	0.52585244	0.44997433	0.4798572	0.0064162705	-0.095235474	-0.39204806	-0.04458405	-0.25534436	-0.2226762	-0.06906322	-0.5893112	0.018714787	0.10040023	0.052001804	0.20556214	0.2335167	-0.36209464	0.25745296	-0.4449218	-0.4036756	-0.24621637	-0.10537499	0.29418287	0.88117516	0.3671409	0.34248045	-0.5096167	-0.4906711	-0.5426671	-0.37714103	-0.21397364	0.06497382	-0.46832603	0.23890428	-0.24959522	-0.51408696	-0.06955678	-0.45841414	0.2103303	-0.86237353	-0.7150558	-0.47155213	0.1944887	0.057631142	0.19491659	-0.054027226	-0.3448752	0.20582315	-0.5918007	0.05716369	0.13374053	-0.06316142	0.28097367	-0.01341791	-0.041829173	0.09690295	0.3982675	-0.0033328775	0.1790978	-0.2805354	0.12686509	0.3626598	-0.71280307	0.21984592	-1.0173705	-0.44677994	-0.019917581	-0.18880655	0.5669953	-0.45362997	1.222962	-0.14719085	-0.2883439	0.19496362	0.36409795	0.14778219
-0.28925052	0.17489584	0.05929758	-0.2382061	0.4748988	-0.17931613	-0.24441344	-0.0013089966	-0.37482604	0.09390875	0.47548667	-0.37208202	0.15505111	0.28487238	0.025575196	-0.019353557	0.048071474	0.2245642	-0.2352661	0.42276707	0.27818006	-0.3495476	0.21435875	-0.57995975	-0.16618812	0.40375417	-0.4948646	-0.47307527	0.6107603	-0.17038116	0.051019855	-0.10455903	-0.1667321	0.5270393	0.29215628	-0.25388908	-0.17398371	0.34795672	0.55295956	0.2435011	-0.8163515	0.076716475	-0.25994006	0.10445267	0.5310139	-0.7084914	0.093153246	0.477911	-0.17245147	-0.35342947	0.04668703	-0.16182187	0.43937507	-0.14042546	-0.028760972	-0.28464308	0.56227607	0.5510843	-0.01725816	-0.018713214	-0.42090037	-0.06086915	-0.5339257	0.72814834	0.36077112	-0.43144548	-0.34657207	0.65644413	-0.31769297	0.034480855	0.12187074	0.37759575	0.23281744	-0.52955943	0.08340768	-0.26961318	0.23053451	0.6464855	-0.2572661	0.19890739	-0.49174193	-0.42798862	0.09061121	0.52183455	0.010289584	-0.5865951	0.08774465	-0.027765894	0.43126	0.13612768	0.23062232	-0.3763034	-0.10071045	0.25327477	-0.30895352	-0.43440425	-0.4425067	0.2650823	0.28039825	-0.008723377	-0.45390704	-0.7565044	-0.83565015	-0.14577217	-0.31617117	-0.2331807	-0.04451088	0.3109439	0.09137975	0.21140404	-0.48277235	0.3913119	0.13758002	-0.1657598	0.046790645	0.20849368	0.28029758	0.056388713	0.39347196	-0.085605174	-0.3367131	0.19604294	0.3829501	0.13691236	-0.110066794	0.29176214	0.3582662	0.014394177
0.03487589	-0.072447285	0.16077717	-0.19351357	0.27991357	-0.21724254	0.2626543	0.10405544	0.73752236	0.15937114	0.24798429	-0.24234466	0.24716589	0.017735453	0.12873763	0.4626547	-0.20364347	-0.3174978	-0.042483553	0.7300011	0.13064386	-0.34090647	0.18452674	-0.5387224	-0.4724219	-0.02525685	-0.55013853	-0.31748816	-0.0721987	0.31620148	0.10576191	-0.2821115	0.058107175	-0.12937343	0.11947811	-0.2500285	-0.33243248	-0.104547516	-0.039599326	-0.42383268	-0.65897965	-0.21774688	-0.22914505	-0.35588458	0.40261757	-0.6087401	0.65544945	0.28137654	0.0082127545	-0.30697042	-0.2652537	0.35259613	-0.08721299	0.14546663	-0.07459332	-0.5767705	0.4103461	0.29076925	0.17190808	-0.08781084	0.07387202	0.36258596	-0.08323226	0.054921754	0.36302584	0.037880428	0.09701546	0.6342702	0.41932088	-0.04357058	0.06529928	-0.15882309	0.20461006	-0.083938226	-0.58409005	0.13030097	-0.11441457	0.039853673	0.08441335	0.32654166	-0.08319629	-0.301457	-0.08084738	0.36939836	0.17328964	-0.37497956	-0.4510092	0.13820685	0.27360055	-0.2082033	0.20058277	-0.18248563	-0.56266534	-0.20229906	-0.683299	-0.112832054	0.22277962	0.55648106	0.27278647	-0.04564031	-0.04619657	-0.60384434	-0.32666415	-0.27326033	0.34450018	0.054639287	-0.5502864	-0.07240381	0.2429695	0.35504037	-0.31648308	0.23959428	-0.14434935	-0.06637518	-0.008586703	0.16248527	0.18607004	0.37650624	0.29639187	0.04281426	0.17703083	0.1318831	0.06840579	0.45613942	-0.79974085	-0.17492673	0.31929028	-0.12529662
0.17245376	0.5959623	-0.048428208	-0.10637465	0.015958622	0.44221953	0.23951639	0.22290301	-0.3561949	-0.08293757	0.34976968	-0.4194288	-0.25726017	0.33206475	0.25157416	0.10745825	-0.012878714	0.09194734	-0.089405686	0.5271839	-0.15972078	0.16855177	-0.39200363	0.057387948	-0.41177517	0.043166474	0.095297515	-0.63236356	0.08539844	0.031450283	-0.16889727	-0.46296942	0.44472742	0.53919023	-0.35817853	-0.0420758	-0.17453355	-0.38061395	0.42259485	-0.010576154	-0.1497874	-0.16467369	-0.25917736	0.08458706	0.6368659	-0.46836567	0.5801538	0.33505797	-0.73538786	0.24446312	0.22164324	-0.3110497	0.40572068	-0.6962288	0.111014426	-0.30134192	0.49355483	0.41345945	0.42128065	-0.20914304	-0.103114806	0.31329292	-0.32625037	0.4542204	0.4756505	-0.40909824	0.4903476	0.050112706	-0.01672505	-0.3051225	0.025037581	0.07699624	0.31180748	-0.6752728	-0.0060178274	0.16315733	0.35605317	0.7118349	-0.5149882	-0.13485655	-0.48965946	-0.571342	0.039993178	0.24818055	-0.43376264	-0.8993674	0.07179735	-0.08585645	0.5923278	-0.24707203	-0.023960788	-0.61124736	-0.91983795	-0.42015633	-0.23418221	0.12266889	0.10199875	0.25748333	-0.11210221	-0.23039334	-0.39109898	-0.22146913	-0.17515878	0.06860041	0.06652272	-0.15240633	-0.08444719	-0.2212192	0.040117566	0.18073529	0.45282543	0.6998298	0.14676273	-0.03218423	0.25074095	0.15723099	-0.2999533	0.24311577	0.11301637	0.456557	-0.33778447	-0.12993996	0.10592022	0.9779204	-0.106861405	0.050704125	0.3336865	0.04056399
0.16286486	0.07509279	0.1527803	0.26927742	0.8171021	0.50489396	0.177009	0.13215217	0.10994147	-0.0859843	0.38179362	0.14450093	-0.13583887	0.037936807	0.13066188	0.13304666	-0.22363955	-0.21548128	-0.12138796	-0.11650865	-0.1588039	-0.15643682	-0.44039074	0.054116175	-0.23051113	-0.2567113	-0.3250469	-0.03525369	-0.24295469	0.26360103	-0.18669328	-0.2498467	0.11981273	0.148113	0.020787826	0.12203448	0.07541542	0.26001686	0.45866546	0.2035808	-0.5060901	0.2540052	0.08887755	0.041262254	-0.032281294	-0.044864982	0.2969647	0.37342316	-0.21919009	-0.28494427	-0.28781524	0.16800848	0.22134772	0.26880032	-0.05081898	-0.15651996	0.3056165	-0.032950927	-0.028082877	0.32770246	0.25322023	0.33339813	-0.5664255	0.11276259	0.92741144	0.012050588	-0.093297586	0.3803177	-0.35684276	0.17876035	0.44654068	-0.4537123	0.3186627	-0.28664222	-0.30650648	-0.27609026	0.41578957	0.39611435	0.24837193	0.05168937	-0.28787202	-0.2667753	-0.041130356	0.42074558	-0.31360227	-0.45767057	-0.33640698	0.39463118	0.6343463	-0.08482382	0.03694039	-0.06739374	-0.42591518	-0.25371337	0.247898	-0.14619987	-0.13750404	0.1599071	0.18013713	-0.24585982	-0.41485494	-0.8156683	-0.56656605	0.049081925	-0.17602137	-0.24897985	-0.24796392	0.06517152	0.8195886	0.31852612	-0.20645778	0.094817914	-0.13059944	0.10725172	-0.62188417	0.11051963	-0.3048105	0.10131164	0.7489676	-0.36945692	-0.34226874	0.27781665	0.53491616	0.17076364	-0.37416443	-0.35133997	-0.116072886	0.20222472
-0.18110447	0.16899934	-0.02980023	0.026532946	1.0227128	0.5069481	0.03286533	0.7033697	0.19331415	0.40258718	0.4589751	0.36968085	0.28919667	0.5492184	0.13577358	0.577228	-0.021566162	-0.15414609	-0.69541514	0.9121578	0.2558944	-0.44604117	-0.048001632	-0.49716574	-1.0201058	0.21611224	-0.2205193	-0.29709935	-0.03973572	0.6557577	0.19215983	0.05065343	0.16913386	0.53227293	0.14413312	0.50648737	-0.42379797	0.2215953	0.15331046	-0.17844409	-0.9586645	0.1308604	-0.19850287	-0.038929846	0.50610185	-0.11846662	-0.1560675	0.7564892	-0.22469439	-0.64212185	0.1289755	0.0984824	0.8549152	0.16046596	-0.16537896	-0.32816583	0.34755027	0.10754713	0.30421698	0.61137533	0.0049604913	0.26804742	-0.4639103	0.14603765	0.6323182	-0.33455297	-0.023285368	1.0088162	-0.6445817	0.19245636	0.26626873	-0.006065287	-0.024444237	-0.35773566	-0.23386188	-0.17315154	0.28577366	0.75353825	0.24178319	-0.45751566	-0.54036796	-0.43379134	-0.48236966	0.833479	0.13185738	-0.4973895	0.5402589	0.3296744	0.2736987	0.27691945	0.66509956	0.667344	0.08280284	0.12076051	0.06634784	-0.39612588	-0.44649217	0.1092015	0.83065957	-0.1632037	-0.8150825	-0.83204633	-0.4017485	0.1424273	-0.52918446	-0.66560006	-0.01860003	0.13941805	0.6410598	0.28337532	-0.05392521	0.075618975	0.020305617	-0.49150407	-0.45357493	-0.24975285	0.12756656	0.364511	0.19056296	-0.67300344	-0.17107059	-0.22155541	0.22213179	0.6569399	-0.57557154	-0.2408487	-0.0432549	0.24147296
0.012591472	0.1541643	0.3832362	-0.5669725	0.88152564	-0.40012488	-0.40364966	0.60513234	0.13539693	-0.07121497	-0.11900755	0.5754739	0.5714796	0.090372846	-0.31683215	0.59030974	-0.044958085	0.064673744	-0.6014135	0.80182046	0.3905409	-0.94956803	-0.5672704	-0.30152845	0.045867614	-0.05662121	0.26095405	-0.32688338	-0.07366642	0.5741458	-0.32374126	-0.905956	-0.75787055	0.173539	0.5858471	-0.29480925	-0.5588089	-1.0870835	0.40494642	0.017366428	-1.0793312	-0.5905472	-1.1391939	-0.7921119	-0.32472044	0.49470928	0.08095652	0.032734297	-0.325188	0.12155257	0.6540131	0.31419632	0.37893355	0.06636327	0.7762038	0.29868218	-0.1985725	0.32260287	0.28473237	-0.9306886	-0.2808623	-0.16222562	-0.135698	0.22414286	0.24395949	0.34745973	-0.17755535	-0.0388325	0.16431943	-0.671232	-0.030139424	0.24092	-0.56333125	0.008644267	-0.19222957	-0.25206143	-0.30138263	-0.17796282	-0.46231204	-0.5120156	-0.89312434	-0.8124171	0.34694096	0.25749177	-0.8601338	0.20357159	-0.4821861	0.099538095	-0.2482477	0.18420663	-0.056839783	-0.33898386	-0.2856716	0.43153575	-1.0902523	0.24157502	0.04850079	-0.21424122	0.8837642	-0.616261	-0.41765633	-0.5284847	-0.29878283	-0.33972353	1.3299177	0.17050429	0.18205741	-0.51643646	0.35691693	-0.4385047	0.13870834	1.1214337	-0.22896016	0.014489985	0.05211792	0.8488697	-0.78257287	-0.013295209	0.2771258	0.7761224	-0.22454719	-0.38371325	0.25688705	-0.24747495	-0.3782151	-0.34947273	0.05196302	0.37367684
-0.0277444	0.17926878	0.099162884	0.105274074	0.10584419	0.1123999	0.057952974	0.047459878	0.19031522	-0.010229512	-0.004872928	0.06670062	0.10068757	0.19250843	0.101765394	0.21803561	-0.05366204	-0.26219833	-0.048876856	0.011951256	-0.032978114	-0.22218741	-0.3198657	-0.062367745	-0.22580671	0.08485517	-0.11019871	-0.108726725	0.011163172	0.03062877	-0.11765449	-0.29471582	0.24215472	0.33644995	0.052234557	0.15380338	-0.20157117	-0.025670785	0.15331356	-0.11959428	-0.2718609	-0.07848791	-0.10434158	0.07880038	-0.049941715	-0.2370904	0.21030839	0.37509513	-0.30144566	-0.027648488	-0.099539384	-0.01519247	0.21328849	0.0077145677	0.06952793	-0.09086004	0.31150383	0.15106986	0.16750053	0.040951237	-0.053209163	0.14881372	0.025283428	0.29486728	0.18283327	-0.11803489	0.07644348	0.067516886	0.06715775	0.12317224	0.19772282	0.099532	-0.039160993	0.030474016	-0.05699554	0.050467946	-0.11346963	0.098487616	-0.1471994	0.1779225	0.018308211	-0.22385816	0.05787449	0.096857324	-0.067938454	-0.28940392	0.0003478539	0.08379762	-0.06433157	-0.23166034	0.14096123	-0.049805876	-0.3002604	-0.09516437	0.27928203	0.064905986	0.009003732	0.18297972	-0.09127898	-0.17343087	-0.060887918	-0.48797396	-0.2790124	-0.08474217	-0.07389924	0.0071892734	0.18974367	-0.1761095	0.1311358	0.030999312	-0.10194674	0.30390322	0.19417536	0.050704945	-0.08667543	-0.1739891	-0.09478959	-0.06482162	0.2620741	-0.0026287404	-0.22292686	0.17545272	0.17611974	0.033771604	0.0031322371	-0.13944577	-0.03223584	-0.20549253
0.996423	-0.10696513	1.1414754	-0.1202956	1.3340181	-0.077387415	-0.052906204	-0.055582143	0.44102636	0.20139995	-0.5031727	0.0970862	-0.11605607	0.43371636	0.4660306	0.40486363	-0.048223283	-0.6902284	-0.34212795	0.15533264	0.2276918	-0.5026411	0.17791349	0.088284805	-0.73694944	-0.08461659	-0.93806267	-0.1007653	0.1347189	0.844197	0.055875286	-0.99235034	-0.026498888	0.6020346	-0.21313341	0.18973671	-1.066329	0.62238276	0.56689805	0.046410475	-0.49249017	0.2206861	0.10599137	0.59763306	-0.026967766	-0.26436478	0.8424913	0.31152263	-0.016940746	-0.4379731	0.7046352	-0.26267177	0.1710452	-0.21332605	1.0713836	0.46006137	0.57601875	0.18956228	-0.14588456	1.0662363	-0.69171935	-0.1053935	-0.68493503	0.7222896	0.36111113	0.6415471	-0.57471687	0.17208737	-0.03912503	0.23671605	-0.34512898	0.4851272	-0.1456227	-0.16678876	-0.22349793	-0.18533246	0.042112652	-0.17036785	0.2549655	0.013911346	0.13518113	-1.3579623	0.1006457	0.41652745	-0.53193367	-0.43929097	-0.7744212	0.08606057	0.6382852	-0.18601075	0.4461989	-0.48842135	-0.13533354	-0.52905726	0.36574623	-0.60492885	0.5140598	-0.13053583	-0.050366443	-0.3126082	0.1400812	-0.11117862	-0.89905584	-0.6063655	-0.5707257	-0.22344187	-0.20666203	-0.3287837	-0.11812604	0.55062205	-0.20056242	0.46545213	-0.5159513	-0.3074335	-0.47667387	0.08144007	-0.1346032	0.6781637	1.0533044	-0.32574663	0.13650648	0.19737436	0.2838401	0.9685995	-0.6876952	-0.471721	0.3887543	-0.028685294
-0.17601985	0.69768536	-0.3897134	-0.18736658	0.22140633	0.23378378	-0.025822507	0.85006016	0.20122902	0.36619887	-0.19703335	0.020704597	0.21935178	-0.59666556	-0.42486233	-0.03730667	0.99405	-0.37677935	-0.43947306	-0.24573211	-0.3756977	0.28691024	-0.40504777	-0.26907754	-0.45075867	-0.12151722	-0.3481918	-1.8574593	-0.48848403	-0.24846284	-0.4249137	-0.8616015	0.47397125	0.28417793	-0.14528765	0.39876723	-0.021517092	0.22062859	0.41754097	-0.06653634	-0.68550706	0.51078284	0.21652266	-0.35405558	0.36817783	-0.9125933	0.0705701	0.670305	-0.8658611	-0.46767476	-0.87884355	-0.25917748	0.5294819	0.14810131	0.24144265	-0.0063569765	0.65732527	0.8669316	0.14666316	0.099156745	-0.91350764	0.5756216	-0.6891911	0.3228472	0.09696429	-0.4686644	-0.65310866	0.34260926	0.15167187	-0.123783916	-0.5477797	-0.068967074	0.30417252	-0.2569902	0.34907675	-0.5019108	0.22451627	0.1831736	0.1508847	-0.089193396	-0.52882904	-0.3285358	-0.49781042	0.39356756	0.14527455	0.12781312	0.1621107	0.14920433	0.42152846	-0.034315165	0.6165219	-0.5102144	-0.6411497	0.76993084	-0.23895876	-0.18931341	-0.2147168	0.7193723	-0.30621332	-0.10656463	0.11308702	-0.88260525	-0.4932989	0.21007249	-0.23800215	-0.49490052	-0.3911292	0.31251764	0.05324798	0.45011812	0.1425502	-0.010207092	-0.3443696	-0.44419494	-0.65671986	0.0005262068	-0.026407408	-0.005554797	0.7761691	-0.6575704	-0.5603857	0.28826866	-0.25739112	0.0657511	0.09210343	0.6027374	-0.2217372	-0.40067366
-0.48299837	0.1536218	0.58499676	-0.5094084	-0.066324346	-0.4570267	0.27172863	-0.5513824	0.5477585	-0.23570147	-0.060274426	-0.30759794	-0.34808135	-0.52574944	0.25869805	-0.035173964	0.9160562	0.3033372	-0.3188276	0.4283354	-0.31118223	-0.52505267	0.0379958	0.113916814	-0.27569214	0.64146996	0.35026345	-0.8254164	-0.28986955	0.7630799	-0.22678584	-0.017219985	-0.87245643	0.23186463	-0.14669208	0.32489365	-0.57660156	-0.04436524	-0.28982612	0.11608782	0.039671823	0.64843005	-1.3411183	0.60673296	-0.088028856	-0.056909755	-0.19791317	0.14228456	-1.0620351	-0.042756144	-0.09033743	0.11001228	0.5836335	0.42361638	-0.12265603	0.44933847	0.6873829	-0.48985732	0.26960292	-0.7693375	0.4681143	-0.081623815	-0.23714876	0.72641516	-0.03928075	0.27177742	-0.19073096	-0.81394416	-1.2255993	-0.64072454	0.12850372	-0.14036512	0.16998872	-0.124311626	0.50647974	0.3458622	-0.38527417	0.32824686	-0.04200272	-0.41143587	-0.18423636	-0.35518086	0.61321557	0.3936688	-0.17379686	-0.15106322	-0.04049311	-0.52418256	0.40713587	0.16775665	-0.44000718	-0.6331445	-0.905235	-0.27561623	-0.27501503	-0.09938722	0.27802595	5.6908077e-05	-0.4272651	0.28266376	-0.2401771	-1.0292441	-0.7822481	-0.13268276	0.44743177	0.34411904	-0.29964027	-0.09914587	-0.26593336	1.3697776	0.35291934	0.0737613	0.014524541	0.67319536	-0.8254815	-0.008986674	-0.62748605	-0.7812242	0.4682175	0.29984057	-0.21059674	0.18137014	0.37997022	-0.2729201	-0.76057774	0.572	1.2346234	-0.3356193
0.09166049	0.3395652	-0.20225278	0.36932036	0.54332405	-0.060270518	0.19235611	0.18703662	0.42978707	0.11205918	-0.36403364	0.15389366	-0.020146674	-0.15022717	-0.22566573	0.06859401	-0.17381988	-0.32193324	-0.2753211	-0.008633667	0.06801338	-0.09879117	0.05221702	-0.23202816	-0.8106297	0.62148196	-0.39739293	-0.13420792	0.19699977	-0.06526024	-0.26139534	-0.40704113	-0.52860016	-0.27015573	-0.17065017	-0.015919426	-0.5489982	-0.6721334	0.3822257	-0.60349256	-0.717752	-0.1862313	0.08989051	-0.32646313	0.20900509	-0.67096686	0.19279237	0.46681052	-0.10051216	-0.26064062	-0.75021154	0.08165169	0.18652993	0.23255895	-0.06491975	0.27639872	-0.3851414	0.9987275	-0.52940226	-0.34431222	-0.52525663	-0.0356181	-0.22116451	0.2750649	-0.17643361	-0.18340057	-0.21648325	0.23288672	-0.18886197	0.103756614	-0.33079177	-0.18070287	-0.03651975	-0.37904438	0.29237515	0.0048539713	0.09914887	0.023853699	0.21724176	0.3458221	-0.5424387	-0.29412276	-0.05484252	0.8516192	-0.118055634	-0.23486821	0.061673652	0.21277153	0.50026304	0.01746951	0.30158854	-0.30320564	-0.022879332	0.1402261	-0.07710927	-0.07573851	-0.19047742	-0.06120717	0.035491392	-0.26764497	-0.24835804	-0.6054556	-0.33077335	0.28316793	0.2517458	0.12601687	-0.23387882	0.2591383	0.5064147	0.4389149	-0.072335266	0.19768694	0.42224386	0.30229807	-0.35204387	-0.086153544	0.27828014	0.098243	0.6944639	-0.035233967	-0.092698	0.14618845	0.8436944	-0.20567048	-0.5533363	-0.3689519	0.08781987	-0.1837276
0.20995337	0.061341222	-0.12703502	0.25185633	-0.07504009	-0.052297357	0.108861804	0.11254622	0.12915395	0.10091268	-0.14812778	-0.0056094634	0.12247087	-0.21736597	-0.13973612	0.03934726	0.25698444	-0.37043035	-0.009362957	0.097894244	-0.21472318	-0.036102954	-0.05997693	0.17818962	-0.3489638	-0.09400178	-0.2827517	-0.50804836	-0.045736406	-0.10959401	-0.16768433	-0.3520598	-0.2765123	0.14051993	0.1769059	-0.066361	0.022732459	0.074069105	0.2018349	-0.076286584	-0.4722861	0.43031985	-0.02951935	-0.06316639	0.257376	-0.29683208	0.08331093	0.15349293	-0.16215008	-0.10619447	-0.29039395	0.27524203	0.08988913	0.12977943	0.08837346	0.084882386	-0.23190966	0.5661725	-0.08446882	-0.12885463	-0.37730202	0.23221563	-0.21411483	0.045621905	0.28095958	0.023711208	-0.2672082	0.17605086	-0.102148846	0.16390653	-0.19000386	0.037032694	-0.011738986	-0.1601746	0.20902768	-0.11049765	0.17753817	0.07174073	0.12591432	0.3076527	-0.26317844	-0.19534692	0.043741833	0.25930673	-0.13743408	-0.15936923	0.14221412	0.12786347	0.2878587	0.16109663	-0.079508185	-0.05594322	-0.2034377	-0.19916816	-0.085038066	-0.4650525	-0.07978177	0.13327257	0.1347203	-0.012920706	-0.015596036	-0.26302123	-0.488372	0.015557672	-0.15965107	-0.18370326	-0.089500144	0.13339743	0.22656913	0.28061557	-0.049557384	0.093112946	-0.1358147	0.12008375	-0.38554645	0.2308066	-0.052684553	0.0805574	0.62437415	-0.14274386	-0.118693545	-0.053131334	0.4812046	-0.12361447	-0.26044357	-0.23209596	0.12017587	-0.2753254
-0.4892749	0.34764504	0.46891323	0.34976923	0.3818007	0.47446573	0.465083	-0.486907	-0.54566306	-0.18667911	0.13329813	0.46289903	0.70283455	0.7788069	0.26196033	-0.35388568	-0.6359993	0.45404556	-1.1221465	0.21493964	0.13776201	0.028894624	-0.014655583	-0.46882683	-0.33611342	0.5139462	0.425704	-0.040281598	0.32590294	0.58246124	0.25727317	-1.6022052	0.93244755	-0.1025348	-0.35399845	-0.7525058	-1.0683814	-0.1636985	0.06758894	-0.39505497	-0.6238579	0.123957574	-0.34494534	-0.7212765	0.47456887	-1.5861471	-0.39581227	0.6379194	-0.89247406	0.047631387	0.015437616	-0.28573397	0.080617055	-0.10120795	-0.079804614	-0.2539014	0.07544005	0.79736984	-0.6764323	-0.6914244	-0.178326	0.8053084	1.0345566	-0.08680508	0.30456215	-0.8998118	-0.22465357	0.75472736	-0.2867623	-0.23046793	0.08425952	-0.19602084	0.10739972	0.5002373	-0.3560985	0.39602154	0.63433814	-0.23291484	-0.6996465	0.32236466	0.32798836	-0.7838496	0.21890357	0.29499716	0.26233298	0.22979346	-0.26695123	0.016492123	1.066701	-0.16592808	0.61884856	-0.0033297357	-1.391292	-0.73932564	-1.1217923	-0.39625195	0.26891857	0.9087917	0.46420237	-0.5473263	0.1434684	-1.3270475	-0.97715473	0.5313699	-0.18024606	0.50961363	0.34073222	-0.744614	-0.27611405	0.38984907	-0.2217363	0.5022462	-0.6146147	-0.36697745	0.06808349	-0.27096888	-0.05190223	-0.56272	-0.2730645	-0.08944378	-0.3917711	-0.02509252	-0.021872606	0.18304023	-0.023939459	-0.31903538	0.7325324	0.25788343
0.13183394	-0.17581023	0.085079156	-0.30835456	0.22074617	-0.33691823	0.09657852	-0.16221447	0.32582593	0.38213506	-0.24301061	-0.12831858	0.06745133	0.20395684	-0.17924485	0.17136891	-0.2330306	-0.52831656	-0.06228399	0.33412883	-0.0114881	-0.15451847	0.14355344	-0.2903895	-0.38414943	-0.06788229	-0.18852295	0.054780334	0.11279654	0.08713963	-0.1525797	-0.2183255	-0.28310323	0.34932315	0.11190569	-0.1755291	-0.5287433	-0.030151255	-0.026838899	-0.10681935	-0.12003527	-0.2611662	-0.19090986	0.010445844	0.026735622	-0.22082095	0.39276126	0.04886534	-0.49724	-0.18171969	0.020282751	0.1470963	-0.20785834	-0.12730297	0.066646285	-0.1558118	0.30460504	0.4619754	0.04270292	0.06162185	-0.14954098	-0.025036903	-0.1242655	0.1742221	0.44580936	-0.13700889	0.01762449	0.10011966	0.069558375	-0.12985249	-0.08180782	0.26884615	0.06590223	0.079191856	0.033629045	-0.17503323	-0.25493237	-0.2333815	-0.19494113	-0.018828364	-0.08526468	-0.26456913	0.27899602	0.10969544	0.012154215	0.105504945	-0.42737505	0.2795033	-0.07123537	-0.1348991	0.05999446	-0.40547183	-0.075796075	-0.12983385	-0.21255817	-0.012050122	0.3470272	0.1776978	0.20901184	-0.13650645	0.07316795	-0.42759147	-0.593949	-0.1643229	-0.098514326	-0.054282732	-0.06595578	-0.06887486	-0.09028183	0.1752931	-0.08588086	0.33718157	0.13041915	-0.068768054	-0.044811532	0.117268875	-0.18150418	0.010348371	0.34940767	0.10499893	-0.11566011	0.2106639	0.35547858	0.23045495	-0.14131616	-0.025135932	0.36402002	-0.043593716
0.29851308	0.17352615	-0.729477	0.34755775	0.8244897	0.37075752	0.65471715	0.7297014	-0.345249	-0.23355049	0.119023845	0.45195213	-0.30957934	-0.22036129	0.9346633	-0.060463678	0.09586434	-0.10694916	0.07032483	0.13701013	0.44933414	-0.49943215	-0.7577972	0.4931412	0.15121137	-0.19004792	-0.32776475	-0.5275152	-0.5281676	0.4578211	0.44267964	0.086609855	0.30087826	0.12905644	-0.5247985	0.11801072	-0.9393539	-0.8079004	-0.14850534	-0.04299004	-0.20246233	-0.7493222	-0.41867802	-0.52155495	-0.48217997	0.028769346	-0.16533074	0.9783715	-0.0022895837	0.17022167	0.1925221	-0.28277475	0.14945704	-0.3573138	-0.59640706	-0.45493367	1.0142009	-0.30978096	0.554784	0.6093194	-0.0950011	-0.09092549	-1.198909	0.15267803	0.31070375	-0.26060545	-0.21392952	0.10328885	-0.16609271	0.05004465	-0.21076772	-0.36247933	1.20905	-0.3992217	-0.34898207	-0.26408675	-0.15581508	0.3963441	-0.45933044	-0.39918965	0.61857593	-0.30106238	-0.39456508	0.5461202	0.15045652	-0.8933824	0.15736486	0.68739897	0.8813061	0.5421587	0.20634796	-0.34314588	-1.1302598	-0.07358399	-0.36189628	-0.5380578	0.8682946	-0.40356684	0.5364606	-0.4421904	-1.0779282	-0.69776505	-0.40603393	0.08551356	-0.06327682	-0.2047232	-0.31796372	0.40758651	0.7493227	0.6806545	-0.40039778	1.3403339	-0.29340947	-0.44076747	0.093676925	0.3236193	-0.48989964	-0.25158158	-0.08160669	0.102161095	-0.45331752	-0.08687863	0.21298781	0.78981495	-0.43085706	-0.37720487	0.7998395	-0.24274185
-0.023927094	0.007504458	-0.0053978236	-0.056686208	0.10430609	0.039577894	0.03631148	0.22720721	0.100337125	-0.11666236	0.0041561904	0.059804346	0.10385106	0.07387854	-0.0062758788	-0.02691799	0.0965329	-0.18725936	-0.10949559	0.09399416	-0.0035514971	-0.10041822	-0.030661881	0.02121504	-0.150101	0.11937067	-0.07390136	-0.12621514	0.09316975	-0.0076842634	-0.16795549	-0.2113588	0.011692016	0.21047486	-0.12422415	-0.0052996143	-0.20166384	-0.13350308	0.1367924	0.03690526	-0.11846377	0.03229251	-0.051539708	-0.034979746	0.051002987	-0.21574484	0.039058436	0.18405437	-0.08312947	-0.058446724	-0.052252445	-0.07962851	0.112856835	-0.025293812	-0.03080113	-0.12838352	0.1547987	0.113853775	0.04153417	-0.08215953	-0.05024567	0.03315728	-0.17232196	0.1341595	0.02924196	-0.022529978	-0.093492456	-0.06837252	0.016311582	0.0023309924	0.11633856	-0.032507613	0.07307216	0.048824385	0.026665302	0.026639923	0.010476432	-0.07574815	-0.013370212	-0.043219645	-0.05847802	-0.22670545	-0.053881124	0.10133551	-0.09286891	-0.07445604	0.0474978	0.09400586	0.15778318	0.008446229	0.019799182	-0.044762924	-0.23546442	0.020511096	0.010670612	-0.02566055	0.08344987	-0.05630189	0.038575698	-0.13985904	-0.061354797	-0.24401616	-0.079612315	-0.031027047	-0.1687863	-0.062172215	-0.061860505	-0.025471667	0.14592858	-0.0036175	0.004868931	0.19199465	0.03322338	0.11129374	-0.10945904	0.049703002	-0.11081648	-0.046412487	0.017164214	-0.032334317	-0.115470864	-0.14477056	0.05343448	-0.055217598	-0.1879555	0.041141324	0.12717493	0.04107845
0.118804984	0.09358959	0.3348633	-0.08247234	0.65316665	0.37879568	-0.10681943	0.40849182	0.49802226	-0.025073843	0.11676382	-0.096024215	-0.24790673	0.29701722	0.16572699	0.32607755	0.20404845	-0.18807746	-0.49961394	0.10794094	-0.10867745	-0.4437016	-0.12755096	0.45042488	-0.27909896	-0.24184597	0.07358823	0.07541836	-0.25907204	0.39447665	-0.27035168	0.13136908	0.17321494	0.3529486	0.2798565	0.44847256	-0.34755012	0.27815065	0.4358884	-0.13451938	0.0010594699	0.20594677	-0.53890723	-0.10828717	-0.06466517	0.2206118	0.28991374	0.2365389	0.103083834	0.021066034	-0.08043643	0.12742709	0.15356581	0.19649887	0.09127529	-0.41811714	0.13853258	0.026537528	0.20437825	0.13654175	-0.18192182	0.08792509	-0.06994778	0.48678792	0.4766232	0.054076657	-0.06468774	0.10828189	-0.09139614	-0.054216757	0.06358314	-0.32556096	-0.0732307	0.24468409	0.049331654	0.1335159	0.3090489	0.12264458	0.019278798	-0.280419	0.048246205	-0.25867432	0.101905584	0.16174449	-0.14192148	-0.25918606	-0.108540505	0.3502576	0.3568925	-0.23966946	-0.047429055	0.1687688	-0.15908928	0.017375583	-0.012280574	0.2914396	-0.117817484	0.47285408	0.3888854	-0.28393468	-0.4520396	-0.7407767	-0.58494765	-0.1533052	-0.16330448	-0.023641951	-0.24362502	-0.0590962	0.273595	0.20287518	0.07900921	-0.07399345	-0.29010385	-0.059931185	-0.4352544	0.007218634	-0.3651371	-0.30080464	0.42948923	0.07975066	-0.10057065	0.21908098	0.23710115	-0.25828934	-0.26525915	-0.12712157	0.09227592	0.0207793
-0.049311884	0.22191362	-0.08682194	0.24643102	0.3266512	0.1686384	0.16339459	0.2703738	0.2652901	0.31661233	-0.27998388	0.14763258	0.09860721	-0.043101553	0.10034284	-0.114506654	0.2188206	-0.28777963	0.10819715	0.1954473	-0.16141495	-0.1474854	-0.34163576	0.15916888	-0.16487628	-0.25432327	-0.11167646	-0.25413293	-0.14007278	0.14260033	-0.30737782	-0.30401242	0.3259637	0.15733221	0.15968142	0.052594677	-0.120494835	-0.015188191	-0.08574716	0.24745746	-0.23827037	0.052243967	-0.20651078	0.16579272	-0.16337731	0.04041402	0.2730807	0.5839307	-0.0008390518	0.031461973	-0.08138893	-0.12187358	-0.13245678	0.23616172	0.06393771	0.199812	0.09762562	0.13688362	0.08308642	-0.008033535	-0.3273902	0.05984609	-0.35229224	0.27993354	0.17412642	0.3835651	-0.22821192	0.32691807	0.09768589	0.14804599	0.18899468	-0.050855204	0.24215584	-0.04592738	-0.06573726	-0.10394414	0.12126025	0.023815194	-0.095184766	0.2732441	0.059935667	-0.28064486	-0.20429751	0.33019683	-0.16951159	-0.31634286	0.009169944	0.3022773	0.17911366	0.3104174	-0.017828617	-0.1956032	-0.3464918	0.08238078	0.06262697	-0.36346316	0.14524828	0.28741786	0.113141604	-0.23424907	-0.094390675	-0.613221	-0.47158012	-0.060618516	-0.2698202	-0.34422863	0.2818589	0.02389695	0.3965459	0.10881293	-0.43856943	-0.061822254	-0.01659976	0.017123142	-0.53541833	0.02463852	-0.28598332	-0.024916537	0.61218417	-0.30317935	-0.09825589	0.06968094	0.049131688	0.09061657	-0.1686876	0.2364893	0.01190873	-0.23508756
-0.054117687	0.15932666	0.021508291	-0.13354415	0.10787469	-0.088293396	0.050988697	-0.007330039	0.97433394	0.11570387	-0.052808035	0.14717321	0.18318042	-0.17405942	0.36309513	0.111531325	0.39821523	-0.29976407	-0.14709839	0.48701838	-0.08006247	-0.4945481	-0.24768062	0.8567045	-0.26983172	0.024017505	-0.13679191	-0.20815337	-0.13410373	-0.11398685	0.29024893	-0.6296598	0.32887727	0.0001598394	0.1885098	0.3560489	0.049732834	-0.4909105	-0.08914765	-0.08588557	-0.001465838	0.124734156	-0.8468747	-0.16530728	0.0070137787	-0.53217983	0.0881802	0.27651325	0.060972445	0.24308726	-0.5182957	-0.42218277	0.067608096	0.13373606	-0.021124123	0.14937621	0.7202431	0.49678156	0.32842076	-0.21511771	-0.31694528	0.6696614	-0.32567853	0.9046129	0.048418287	0.39967126	-0.411005	-0.47892636	-0.11512839	-0.56362396	-0.112137206	0.39872712	0.16783899	0.15356721	0.07370027	0.25379226	0.23837355	0.023828944	-0.22944501	0.27087328	0.18805324	-0.5867707	0.39399773	0.11096541	-0.22273484	-0.33456615	-0.21777298	-0.0023623544	0.36709115	-0.12397125	-0.09883867	-0.32795388	-0.7109714	-0.16754454	-0.058085985	-0.17506719	0.24604687	0.09576687	0.17181444	-0.102275945	-0.03283579	-0.9548918	-0.48970705	-0.25586873	0.28686354	0.45283872	-0.27206692	0.12861127	0.42760587	0.711116	-0.002537732	0.39184976	-0.34718952	0.016493129	-0.59813243	0.092632584	-0.7659069	-0.6933913	0.3558383	0.08705785	0.1085074	-0.21181422	0.2933256	-0.43884927	-0.25465053	-0.44614685	0.37994853	-0.53645056
-0.39886546	0.11231996	0.26809993	-0.22194229	0.50097644	-0.20795079	-0.25094134	0.11593807	-0.3615808	0.10150648	0.51407796	-0.30500144	0.16490658	0.5351571	0.029435351	-0.05134025	-0.02037542	0.3482246	-0.23399504	0.50228167	0.382376	-0.44180012	0.23004235	-0.5558855	-0.0419682	0.30048922	-0.45739293	-0.57398725	0.5474268	-0.017462894	-0.120746605	-0.14384227	-0.15081275	0.62688684	0.20158271	-0.11701904	-0.12957992	0.50530463	0.34919056	0.15098497	-0.73238915	0.07981028	-0.24395154	0.075617254	0.39307824	-0.58371985	0.13863881	0.349646	-0.22600393	-0.370411	0.16700114	-0.2288397	0.3329278	-0.16829638	-0.01227925	-0.37843382	0.7663045	0.50000703	0.027466837	-0.052782487	-0.52501136	0.027943546	-0.39785236	0.62172484	0.21773718	-0.44138697	-0.22625934	0.8157087	-0.33589584	-0.12528367	0.13570501	0.40771997	0.096667185	-0.5575711	0.06247093	-0.19467524	0.33327785	0.5881244	-0.21897744	0.11757865	-0.35910147	-0.3570636	0.072409056	0.44423643	-0.03375652	-0.4072742	0.18104066	0.0005284538	0.3118086	0.18944132	0.2586831	-0.32879382	-0.21997958	0.23519091	-0.2923747	-0.45202568	-0.2879835	0.34768513	0.21976389	-0.09313402	-0.226774	-0.81487435	-0.89217216	-0.17738858	-0.41046625	-0.07901505	0.046480674	0.46280012	0.06085748	0.1142712	-0.46765903	0.4975254	0.06778238	-0.17552358	0.030387057	0.18811822	0.253306	-0.13322307	0.29705337	-0.084188305	-0.40727046	0.27804014	0.3416653	0.23620483	-0.20684217	0.28851148	0.46843994	0.08751608
-0.10099082	-0.234721	0.6902463	-0.057520308	0.8556783	-0.08070629	0.14398982	0.6111135	0.16373494	-0.35374016	-0.030314978	0.2766376	-0.5070801	0.5111969	-0.18062846	0.13708593	-0.34557664	-0.2752183	-0.09687025	0.047186457	0.46654496	-0.6594404	0.06596816	-0.65807635	-0.17003761	0.40544346	0.0847368	-0.82601696	0.3579957	0.51758367	-0.2399998	-0.07418446	0.147424	0.12907891	0.3304011	0.5450073	-0.03940336	-0.450152	-0.4033319	0.08299607	-0.072570875	-0.054784827	0.250722	-0.33854428	0.15551263	-0.005639287	0.5229131	0.23145816	-0.20802236	-0.85891914	-0.28682187	-0.72648835	0.10936167	0.9211527	0.8021242	-0.6965381	0.5185922	-0.1702096	-0.12993075	0.1446919	-0.16297618	0.7632252	0.10964665	-0.0856345	0.6551436	0.17405668	0.047768928	0.0908234	-0.23001136	-0.12043087	0.4378248	-0.6109444	0.12413651	-0.25905022	0.09531932	-0.18217996	0.8393906	-0.34656122	0.38590047	0.21125409	-0.8035038	-0.80010974	-0.06692983	0.536691	-0.5520708	-0.8403088	0.16693933	0.30114186	0.5251835	0.030967418	0.3368936	-0.20871347	-0.67355585	0.11182556	-0.33698273	-0.05473108	0.00043783934	0.16033146	0.54538304	-0.44123548	-0.14753126	-1.3283352	-0.02187711	-0.047211	0.46377173	-0.018082652	-0.9613918	-0.15366478	0.5820715	-0.10031795	-0.5533226	0.020105693	-0.29385215	0.38480332	-0.1530839	-0.5449847	-0.19375814	0.24524152	0.1326868	0.18790475	0.23339584	-0.2829617	0.8463479	-0.051284406	-1.2668582	0.18792263	0.31455067	-0.06279122
0.0063035833	-0.19054714	0.31139112	-0.5518375	0.92623156	1.1731079	0.8774626	0.44228834	1.435989	0.72682303	1.3227289	0.7495611	0.55513173	-0.17176892	0.28659007	0.74080175	-0.6947825	-0.93588996	0.29347444	0.83931094	-0.4097982	1.0086069	-0.6362401	0.2616554	-1.5336747	-0.6697477	1.1205012	-0.43031442	-0.12491137	0.7931457	-0.38734084	-0.6038589	-0.30828267	0.6230585	-0.30409515	0.47934628	0.1576692	0.7149305	1.012691	-0.4532055	-0.9595797	0.33274624	-0.77740514	-0.12776744	0.45275348	0.27045125	0.016140753	0.9812309	-1.1396983	0.004487401	0.36846516	0.5339791	0.789131	-0.081213936	0.01968148	0.3602539	0.15901443	-0.42538175	0.17003179	-0.55570525	-0.51603	-0.040157102	-1.4004263	0.11151468	0.09536621	0.11078813	0.008215583	0.4987435	0.2444155	-0.50763655	0.5319983	0.54819614	0.26151156	-0.533108	-0.016251143	0.53368664	-0.14795382	-0.087520696	-0.6124357	-0.8027788	0.19732086	-1.146353	-0.3031198	0.6284568	-0.25050786	-0.115017	-0.24807483	-0.09944105	0.19370872	-1.1003351	-0.25590113	-0.09483999	-0.086561985	-0.17359735	0.18908584	-0.21114476	0.5184838	0.47622132	-0.36633608	-0.40739265	-0.30102628	-0.48806033	-1.6061473	-0.4889868	-0.58456117	-0.017415192	0.22774486	-0.5903772	0.5564668	0.06652545	0.11674053	-0.11395156	-0.48825136	0.31241816	-0.38529983	0.33865532	-0.54681057	0.2331638	0.37027577	0.10671385	-0.08456101	-0.020061439	0.3887584	0.6561959	-0.8675419	-0.6198476	0.20396687	-0.34983507
0.009705617	0.32004312	0.45419326	0.3276487	1.0407429	0.26362196	-0.2408054	0.2614701	0.6580944	0.19975539	0.51776487	0.08009981	-0.12737642	0.56969917	-0.06636668	0.3499273	-0.40159953	-0.12729883	-0.061606474	-0.32684708	-0.17122175	-0.23557812	0.32342538	-0.53974295	-0.35709944	0.5995107	0.015478623	-0.17854425	0.23963225	0.9908953	0.0351925	-0.5521901	-0.2947128	0.10014998	0.2231516	0.38252214	0.48116347	0.015565554	0.6987971	-0.25427055	-0.8651402	-0.175862	0.1039556	0.014417581	-0.051272824	-0.5657958	0.24540178	-0.44324264	-0.7906163	-0.25884297	-0.38334775	0.14528887	0.11131943	-0.042014677	0.19203301	-0.24022472	0.17173491	0.560183	-0.08590652	-0.5445001	0.04254966	-0.20663555	0.6534774	0.026484773	0.72584337	-0.16295141	0.3883694	0.27736107	-0.0031923442	0.22260292	-0.016837757	-0.42875236	-0.43524936	0.13883044	-0.03108232	-0.5488443	0.15686356	0.55485696	-0.15013202	-0.21595192	-0.58990663	-0.9573985	-0.4158682	0.5871944	-0.5728388	-0.5816983	0.27766412	-0.14727348	0.21605192	0.14986554	0.5366577	-0.87904304	-0.81069905	-0.012078631	-0.18196197	-0.06085276	0.33813697	0.6139422	-0.22330445	-0.25597554	-0.008037068	-0.85351264	-1.1937128	-0.027041456	-0.03397788	0.31207436	-0.19130473	0.5100565	0.2478087	0.21858796	0.45001802	0.30946344	-0.1503998	-0.223648	0.01372971	0.04000133	-1.00777	-0.06738522	0.8344844	-0.22838762	-0.14159784	0.013694049	1.0524458	0.19696595	-0.43617958	-0.8328726	0.6639442	0.57736164
0.1878689	0.15401433	-0.057910535	0.16489778	0.3345794	0.1496117	-0.112843364	0.027221441	0.09857587	0.00030258356	0.17333953	0.10812754	-0.086503424	-0.0036648011	-0.004085351	0.07011745	0.047511745	-0.20240867	-0.06041122	-0.11930801	-0.022575414	-0.12566936	-0.13606592	-0.107907966	-0.2860027	0.27951148	0.05349669	-0.1071807	0.07409796	0.12614466	-0.11965679	-0.047407962	-0.060938213	0.16185504	0.14947952	0.06401501	0.09058542	0.021065958	0.23563068	0.0034479932	-0.34338453	0.07702511	-0.14436445	0.044804025	-0.009306995	-0.2560837	0.10293604	0.1781697	-0.22258553	-0.045621064	-0.20849875	-0.016043482	0.21805878	-0.0021733532	0.032446127	-0.051962286	-0.10317604	0.1621615	-0.118782066	-0.28865016	-0.10110559	-0.09149362	0.18497407	-0.054522894	0.13939194	-0.03304566	0.0740588	0.07048413	0.029368823	-0.028406508	0.0767924	-0.0037153882	-0.046351846	-0.057917554	0.12161099	-0.11730726	-0.006938615	0.059855964	-0.0067376476	0.00028547563	-0.18290384	-0.42495173	-0.03225386	0.12522453	-0.011924512	-0.25113595	0.17294158	-0.10672732	0.154803	0.027494634	0.11061156	-0.09473559	-0.3806911	-0.024619889	-0.12744294	-0.100664824	0.060334314	0.1702033	-0.04449992	-0.053126324	0.009599936	-0.22297874	-0.275781	-0.0058407066	0.10275377	0.007803717	-0.17719087	0.14928459	0.0402197	0.032261014	0.34640753	0.15817499	0.034088966	-0.15017144	0.042929832	-0.01537517	-0.20618595	-0.010197011	0.21219754	0.017288305	-0.24417663	-0.25564075	0.27506134	-0.025347758	-0.15326615	-0.15755597	0.04599283	0.026931975
-0.2591715	0.2959928	-0.18343933	0.18880567	0.13094902	-0.5256025	0.3638187	0.30871135	0.45900005	0.41580564	-0.119985975	0.06956938	0.2562097	0.04231897	0.28271523	0.052655593	-0.11548855	-0.6597542	-0.26828325	0.033833843	0.022290679	-0.376266	-0.30175108	-0.15285788	-0.48721954	-0.5209743	-0.43717593	-0.37053418	0.34223607	-0.03190646	-0.27454922	-0.40276644	-0.017788991	0.75509804	0.446163	0.25922313	-0.53130835	0.05060889	0.022983849	0.03043551	-0.1785443	-0.033872563	-0.057891037	0.19028725	-0.41806865	-0.37720844	0.6541808	0.25822294	-0.65975916	-0.367182	0.071631975	-0.17071235	-0.16666731	0.074917644	0.03316756	-0.011569814	0.82759345	0.80771905	0.1780337	-0.062388908	-0.19456464	0.06360512	-0.3273926	0.17932148	0.18876527	-0.074704	-0.3254396	-0.030545618	-0.08619009	-0.35605887	0.08931044	0.24541643	-0.19553113	0.36096662	0.25401863	0.17066492	-0.10533921	0.1439403	-0.06705567	0.2791103	0.17824323	-0.4565312	0.21267107	-0.1705761	-0.42453203	-0.12957455	-0.36944196	0.12828659	0.029978901	-0.18959413	0.19906382	-0.35081783	-0.19025475	0.03701378	-0.17555241	0.20164107	-0.13033378	0.5212491	0.114399984	-0.34502226	0.4903512	-0.77018666	-1.161041	-0.121220574	-0.19850264	-0.1554128	0.12887579	0.27180353	0.30722043	0.3281752	-0.3352426	0.0071429024	0.20499766	-0.12005409	-0.4041185	-0.112504184	-0.0483074	-0.23777053	0.55026484	0.112551495	-0.48890674	0.47509828	0.11259217	0.3781973	-0.14480047	-0.11066291	-0.05064038	-0.30841702
0.05940033	0.2946059	-0.103700265	0.31779152	0.678396	0.0074894484	0.1544292	0.073952794	0.32305253	-0.023889435	-0.41589674	0.16060904	-0.036375374	0.058840673	-0.16530941	0.05761811	-0.13682197	-0.09489633	-0.056890983	-0.11573077	0.07030451	-0.029485526	-0.02477964	-0.17978445	-0.5861638	0.7897187	-0.24699675	-0.17726244	-0.053276014	0.050556112	-0.14544776	-0.40092367	-0.5763763	-0.17169	-0.21342023	-0.013126782	-0.53483737	-0.53847736	0.25617054	-0.6041735	-0.52850074	-0.34520757	0.21797529	-0.2850163	0.16289961	-0.7022733	0.25490737	0.28807122	-0.08820444	-0.21733801	-0.71271205	0.18303968	0.3416243	0.23273331	0.06496617	0.11591273	-0.38322246	1.0745835	-0.3405066	-0.31345615	-0.41591448	0.05227876	-0.31263223	0.048476994	-0.251056	-0.3876474	-0.13532186	0.08474633	-0.25321332	0.19859098	-0.2616756	-0.33493304	-0.044704735	-0.5533167	0.037552368	0.037486423	0.17379865	0.08893401	0.21465263	0.55365914	-0.6839197	-0.2620391	-0.034071688	0.8222018	-0.16744186	-0.33605674	0.16373563	0.2028974	0.31202674	0.077560246	0.23689285	-0.40060917	-0.12883122	-0.006672928	-0.29595006	-0.026957726	-0.03616434	-0.043538064	-0.023563063	-0.29270017	-0.099106826	-0.67368954	-0.379789	0.29749474	0.29400024	0.23722637	-0.1165644	0.12181328	0.5368381	0.54182357	0.09244995	0.46915603	0.37902784	0.26756594	-0.30318457	-0.05280811	0.13060807	0.08622078	0.7093669	0.14202552	-0.09719224	0.15436628	0.8587916	-0.041023757	-0.7023931	-0.5168187	0.22162154	-0.066422865
-0.29573318	0.14359261	0.12238449	-0.048816994	0.58483505	0.23914136	-0.020925745	0.19333619	0.43415037	0.0032853724	-0.23069337	0.22411719	0.051576726	0.1632936	-0.16109268	0.087674625	-0.1760386	-0.15437998	-0.2594516	0.093603745	0.026059601	-0.39280888	0.06429239	-0.05366175	-0.21818326	0.05365547	-0.0063316245	0.033035856	0.027072197	0.8887276	-0.05717289	-0.1638601	-0.19649777	0.1634847	-0.13349828	-0.055331945	-0.0093293255	-0.24643314	0.11584289	-0.25825372	-0.47029093	-0.014757176	-0.0438428	-0.54778284	0.1499569	-0.2378257	0.24609697	0.14570886	-0.092989504	-0.13655598	-0.14146179	0.11428613	0.27201805	-0.25952345	0.15138476	-0.15685882	0.18648125	0.33508593	0.39653853	-0.32069921	-0.1777209	0.19920115	-0.5119944	0.13658729	0.41915894	-0.102406345	0.04808595	0.40759793	-0.22083803	-0.105153054	0.4129498	-0.20055704	-0.19901173	-0.17506625	-0.08042865	0.034838192	0.5869726	0.25846693	0.22442101	0.033877093	-0.4240603	-0.12706545	-0.060786646	0.44372162	-0.25663963	-0.35357276	0.23065716	0.19549058	0.32454395	0.098834105	0.52004004	0.12614666	-0.20421652	0.05028371	-0.14727439	0.095808156	-0.38230357	0.27197495	0.47218812	-0.2924644	0.07675429	-0.39373612	-0.089224204	-0.06269364	-0.24301644	0.06718059	-0.0686369	0.062200807	0.13720228	0.14643048	-0.1063898	-0.11174416	0.0413581	0.06650624	-0.26192895	-0.23304033	-0.05579934	0.111225225	0.46715444	-0.13388263	0.18170218	0.09497043	0.3491612	0.22277929	-0.72542346	-0.22008608	-0.07697424	0.09384822
-0.051384963	0.22461341	0.28567606	-0.33692935	0.17198762	-0.052881766	-0.5068478	0.58336645	0.457139	0.28614154	-0.123224914	-0.2003671	-0.3138734	-0.010740543	-0.84391713	-0.03601221	0.3696952	-0.13019684	-0.62440556	0.3539678	-0.045582026	-0.64478093	0.20581904	0.027306607	-0.5109256	-0.25695032	0.31448376	-0.08463234	-0.4346174	0.33534783	-0.08587721	-0.37720832	0.06119162	0.26942486	1.0492997	0.061760593	-0.32748148	0.38396168	-0.020281574	0.15221429	-0.7090278	0.4855508	-0.58725685	-0.8236453	0.7118147	-0.21130916	0.31929663	0.41468325	-0.61936903	0.25603816	-0.25090113	0.32333034	0.6217207	0.52746415	0.3537914	-0.2833148	-0.048095413	0.025581155	0.30112797	-0.44466743	-0.3683787	0.13214484	-1.3349636	-0.03258074	0.5584206	0.26582414	0.049129497	0.5390047	-0.36992505	-0.43959308	0.5745255	-0.17105149	-0.4507389	-0.42964292	-0.060560156	0.14516374	0.46719408	0.7225745	0.4017645	0.59157884	-0.31818914	-0.2616115	0.61614394	0.65872985	-0.3659034	-0.4808314	0.18999453	0.13121718	0.3151415	0.35933217	0.29119292	-0.03021968	-0.55941087	0.069271155	0.18321809	-0.5693889	0.14535823	0.117296085	1.0227927	-0.14529692	-0.40185606	-0.5782313	-0.06530293	-0.17573613	-0.028547691	-0.5988864	-0.719884	-0.5469228	-0.17876445	0.81505966	-0.07851402	0.039638378	-0.53149945	0.29349428	-0.8549735	0.079837255	-0.04952582	0.30510157	0.4112978	-0.17201169	-0.28310594	0.14873509	0.1969329	0.39089665	-0.36181018	-0.54200906	0.080106296	-0.21632306
0.27193648	-0.000768985	-0.060137708	0.25630936	-0.010895121	0.020059995	0.02894026	0.1631068	-0.011174733	0.13293387	-0.15513682	0.006531646	0.14405054	-0.08253855	-0.3159663	0.039684977	0.33456388	-0.33811074	-0.09343829	0.027183015	-0.28899863	-0.06122837	-0.082586996	0.16986676	-0.37916863	-0.023106622	-0.18988451	-0.53478307	-0.038089354	0.069755465	-0.08286459	-0.31257758	-0.25621718	0.14410304	0.15444325	-0.19077852	0.045917768	0.14736913	0.1582139	-0.023375973	-0.50996983	0.48489213	-0.098592006	-0.020430652	0.35662737	-0.3267047	-0.0036233712	0.2007528	-0.24036615	-0.19243497	-0.26406118	0.18559293	0.20069475	0.015344871	0.24337354	-0.16922167	-0.20790115	0.48513895	0.015170549	-0.21509115	-0.380325	0.27210373	-0.34384775	0.08026956	0.28580528	-0.021008613	-0.29403242	0.19771165	-0.10723578	0.22474715	-0.14407054	0.08967416	-0.07630443	-0.16143684	0.31907764	-0.13752048	0.27460605	0.10042503	0.023366218	0.17917776	-0.33593127	-0.27553108	0.0056309733	0.2804849	-0.27927247	-0.1833389	0.1857304	0.11104164	0.17800055	0.15479589	-0.11444907	-0.09853101	-0.28845114	-0.15124983	-0.095676996	-0.62320864	-0.035927948	0.09621417	0.15988114	-0.14600891	0.047493555	-0.16572674	-0.36594093	0.06813134	-0.12310966	-0.12892334	0.036187675	-0.03647254	0.31249583	0.26634365	-0.07197837	0.04801332	-0.2006901	0.15024342	-0.3482374	0.36564422	-0.12173836	0.07871525	0.73773915	-0.15876599	-0.008852642	-0.08513384	0.52079386	-0.08619299	-0.26325518	-0.2423837	0.024590008	-0.2707669
-0.07908112	0.5426254	-0.099263996	0.11863843	0.26813528	0.0008512803	0.21343361	0.4026416	0.115398705	-0.10014365	-0.0046501523	0.059598472	0.2664692	-0.08588909	0.04357288	-0.17858392	0.22150803	-0.23110527	-0.09419988	0.06076857	0.11990977	-0.35065874	-0.062315185	-0.029818011	-0.18685783	0.084888995	-0.095250554	-0.32043266	0.3117165	0.2592451	-0.15984975	-0.09169278	-0.10926119	0.25331345	-0.10925499	-0.007976999	-0.41451985	-0.1679317	0.17944223	0.18513046	-0.28297004	0.02214522	-0.32609722	-0.16780017	0.1216017	-0.27933565	0.23065963	0.3324708	0.14407027	-0.013146029	-0.022623528	-0.23471129	0.16100599	-0.20990668	-0.15583602	-0.2649829	0.24298036	0.20294346	0.20947725	-0.41806757	-0.15687253	0.08678949	-0.25940138	0.4359684	0.12627779	-0.27419087	-0.21106942	-0.09398508	0.3064907	0.2802983	0.017507238	0.012843529	0.13222617	-0.122827165	-0.046189234	-0.11881904	0.1255876	-0.022677828	-0.15278503	-0.0044640102	0.08574396	-0.14674611	-0.058098257	0.38689387	-0.12852237	-0.42331332	0.15688072	0.21288052	0.2115621	0.06963777	-0.044521607	0.0076063788	-0.17122976	0.2441661	0.084933415	-0.011230635	0.31806365	0.054104973	0.20553693	-0.2082472	-0.16897218	-0.39964813	-0.17373651	-0.16782536	-0.074901484	-0.08059789	0.05118961	0.063762926	0.3024113	0.27186763	0.027179744	0.5257267	0.09092703	0.030051934	-0.004665539	0.006767307	0.042438377	-0.041995447	0.033392236	0.1939759	-0.12701192	0.08695187	-0.0335428	-0.2904683	0.036729243	0.0954582	0.31453735	-0.04550667
0.21299495	-0.23104693	-0.2428816	0.042267524	0.04485904	-0.10310766	0.280438	0.11963205	0.22282416	0.028616818	-0.04832885	-0.120912105	0.0034357992	-0.22976431	-0.032285195	0.1982632	-0.006604536	-0.6364097	-0.35354233	0.45781636	0.22826588	-0.28262922	-0.3006626	0.087245286	-0.28353664	-0.23526879	-0.09451147	-0.18252078	0.033671156	0.036454495	-0.00472487	-0.20202276	-0.29407296	0.0975486	-0.06918742	-0.12154424	0.12862839	-0.1493052	0.17592919	-0.20142749	-0.62278897	-0.12620196	-0.18012165	-0.45325315	0.29790685	-0.25332022	0.48193532	0.37427685	-0.39766306	0.017749393	-0.29642373	-0.112494804	0.16259691	0.11983615	0.08077648	-0.34925848	-0.0012587281	-0.02876389	0.3565058	-0.29379973	-0.084275804	0.1329384	-0.51390004	-0.1153572	0.45250195	0.06849075	-0.071966715	0.41528082	-0.23338267	0.1169257	0.11513338	0.016681688	0.22249645	0.0031618967	-0.0046140607	0.027051115	0.38756397	-0.03156011	0.11807789	-0.20052418	-0.29741743	-0.15425575	0.15111834	0.18028317	-0.4414616	-0.60186803	-0.055769805	-0.07401036	0.38356447	0.0804927	0.17077364	-0.092936605	-0.66411096	-0.375575	-0.54177547	-0.32199845	-0.13574438	0.086280614	0.59096134	-0.39742956	-0.06850237	-0.40929997	-0.4412308	-0.1489058	-0.059267443	-0.1010479	-0.5709137	-0.11525502	-0.004314263	0.2971852	-0.27019197	-0.014405143	-0.49108195	0.2310468	-0.14097722	0.19364117	-0.12144534	0.15024029	0.4456023	-0.12798427	0.13253422	-0.189537	0.36932406	0.07003613	-0.4640754	-0.084251754	-0.08748829	0.048401937
0.052198865	0.16332105	0.024395337	0.07214175	0.14140148	-0.016418757	0.08763681	0.09614245	0.17712373	0.017580014	-0.11727148	0.082943216	0.037184205	-0.007362582	0.25556427	-0.031712484	-0.013307445	-0.15349543	-0.15499465	-0.091932155	-0.02144661	-0.1413635	-0.22204229	-0.0032920544	-0.13921772	-0.11299654	-0.035918295	-0.13591458	0.033698548	0.08693949	-0.06800263	-0.13057439	0.07886793	0.1549396	-0.03697115	0.0638518	-0.22180048	-0.12030967	0.026564265	0.0034797469	-0.088431045	-0.09908306	-0.08009077	0.083005615	0.013462704	-0.07644677	0.09126222	0.23293844	-0.16233587	-0.018567663	-0.06876104	-0.113107204	0.22011118	-0.008794663	-0.11091967	-0.012541892	0.2363001	0.07799487	0.106190406	-0.051909737	0.03115797	0.022995735	-0.08537098	-0.01569098	0.04601096	0.013620457	-0.06699001	0.13400541	-0.10634889	-0.06763463	-0.0062583713	0.03395631	0.024037141	-0.06936227	0.08292438	0.086929515	0.004094063	0.03272441	-0.04410429	-0.033529796	0.024428174	-0.14450307	0.07455921	0.12577192	-0.108146146	-0.18000533	0.09907714	-0.065182075	0.06359948	0.021345641	0.044374485	0.03426897	-0.20310755	-0.04665508	-0.050673448	-0.0005328599	0.039257694	0.090738945	0.03275057	-0.25773185	0.021829672	-0.2638748	-0.30794406	0.102374755	-0.018812705	0.07354751	-0.056188285	0.09465441	0.11052567	0.14731821	-0.10756258	0.15084699	0.09210514	-0.063378274	-0.10358522	-0.086033575	-0.123400204	-0.11611825	0.20994353	0.042163555	-0.14633574	0.0021110156	0.09192112	0.05003058	-0.010648242	-0.00025958408	-0.028299293	-0.044996247
-0.3978944	0.15245986	0.18269913	-0.07389287	0.6487992	-0.22812983	-0.29728302	0.1459253	-0.3777293	0.191565	0.42060202	-0.35646364	0.17130636	0.40227044	0.080506645	0.013882748	0.058067035	0.30861986	-0.24044643	0.45486844	0.37926733	-0.4405123	0.20841756	-0.54822004	0.022350121	0.32800278	-0.5262376	-0.508061	0.5445698	-0.0039201425	0.020358192	-0.07711394	-0.18156837	0.53003556	0.24876057	-0.16827694	-0.12933849	0.48743162	0.4055668	0.1753886	-0.75228244	0.0006926527	-0.26448485	0.026997754	0.2977489	-0.63838756	0.2674374	0.29090008	-0.21235698	-0.4317989	0.061756488	-0.18219028	0.35695416	-0.14764753	-0.06517554	-0.34004375	0.7466565	0.56673896	0.08181942	-0.04989906	-0.5324986	0.055894036	-0.31841445	0.6717447	0.27827567	-0.39560953	-0.32092145	0.7556995	-0.33582774	-0.053829383	-0.0066832295	0.3102431	0.13545057	-0.52051866	-0.030128704	-0.29439	0.28285533	0.71865535	-0.25803566	0.14264157	-0.4037443	-0.37099168	0.06351262	0.47071496	-0.036430877	-0.48684558	0.10838762	0.072494134	0.29125404	0.19150773	0.17196625	-0.3215269	-0.21120267	0.2640864	-0.30721638	-0.5220419	-0.29600602	0.36004964	0.31740537	-0.09052949	-0.24749084	-0.8944423	-0.9256478	-0.15968636	-0.27411333	-0.08472779	-0.046273433	0.42900744	0.043005683	0.2733255	-0.5259239	0.50069505	0.081761196	-0.1211857	0.006741885	0.25449386	0.15669802	-0.15435155	0.41132548	-0.14020199	-0.36575952	0.29034877	0.3509647	0.1814989	-0.16369814	0.20628168	0.35585248	0.08912203
-0.047582086	0.10374078	-0.052245364	0.024950262	0.1122871	0.16332947	0.020499313	0.0019294813	0.13566612	0.0060034245	-0.0014463242	0.14377077	0.10307033	0.14254302	0.15321927	0.22027513	-0.05521962	-0.14622077	0.12438198	0.061963595	-0.06083359	-0.12654285	-0.17664029	0.016827485	-0.08467614	0.011241894	-0.060989007	-0.23406206	0.0314824	-0.03602734	-0.12262209	-0.23829068	0.17080466	0.22436354	0.08370026	0.12876713	-0.18272011	-0.0936183	0.2300243	-0.05901451	-0.18527201	-0.09417959	-0.0680127	-0.018422142	0.10732717	-0.20410068	0.22246708	0.30208918	-0.34250492	0.08992042	0.025597995	-0.030009458	0.1977892	0.009785508	0.03972651	-0.018510012	0.24022026	0.1421463	0.0855302	0.04996703	0.048697677	0.041588005	-0.11491733	0.14624317	0.25057378	-0.122204274	0.066645704	0.058093183	-0.0366948	0.034506507	0.2316876	0.021706972	-0.05500165	0.055389185	-0.036797997	0.045093656	-0.065157495	0.098225854	-0.09967579	-0.008360856	-0.14813267	-0.26678416	-0.0012399863	0.14077172	-0.1220456	-0.24999802	0.044211987	0.12989627	0.00907236	-0.19462211	0.13360074	-0.15983665	-0.13601741	-0.119790055	0.09268433	-0.020906052	-0.0010457597	0.16075651	-0.014191191	-0.2026272	-0.020129092	-0.36830437	-0.13638207	-0.027803874	-0.03313825	0.10143389	-0.001675442	-0.16773403	0.112283945	0.097077325	0.027523993	0.23780122	0.11371239	0.010293812	0.07102844	-0.035062607	-0.06018378	-0.022634445	0.1493819	0.09890701	-0.18468152	0.109165125	0.18992248	0.06053385	-0.10118236	-0.17245935	-0.061820682	-0.042754423
-0.13469131	0.2556319	-0.05436736	0.6589124	0.72770387	0.330925	-0.52022326	0.03531715	0.7843991	0.3806736	0.2178915	0.28821254	-0.052905347	-0.08419959	-0.01597364	0.40639144	0.08879216	-0.25639346	0.12749337	-0.2341487	-0.4083808	-0.38847712	-0.7003984	0.23458424	-0.16329105	-0.04547567	-0.0030040077	-0.0011292355	0.010509435	0.28403	-0.15723136	-0.53072053	0.20346919	0.08207674	0.6074463	0.33352956	-0.13817202	0.0014461235	0.92953956	0.00924375	-0.7687494	-0.07552819	-0.4429758	-0.10630056	0.091068685	-0.18779066	0.3288841	0.090036176	-0.317547	-0.082853384	-0.23750733	0.05715051	0.44323897	0.04959598	0.06860624	-0.081311665	0.087415986	0.18228197	-0.36241198	-0.22960122	0.2038417	-0.1017288	0.13623141	0.3418485	0.27332783	-0.029115396	-0.04716349	0.40835086	-0.03500836	0.29198265	0.1452026	-0.08999949	-0.46560702	0.07094095	0.13238826	-0.33833128	-0.11173502	0.46876895	-0.090662636	-0.23053084	-0.33366156	-0.5052543	-0.11904184	0.20848437	0.17086132	-0.5863873	0.1934302	0.035689063	0.09375389	-0.4008796	0.65726924	-0.16041642	-0.49274257	-0.20726633	0.29830557	-0.25429648	-0.028147602	0.54671407	-0.10015445	-0.5722349	-0.13800387	-0.5749778	-0.8772643	-0.016062133	-0.11923401	0.080790624	-0.14477926	0.051502712	0.21064752	0.24988894	0.270294	0.22332068	-0.1526144	-0.13935913	-0.2707939	-0.2283928	0.14270356	-0.33794934	0.7011358	-0.13757075	-0.30022332	-0.2655649	0.27733588	0.0023319842	0.047130965	-0.756645	-0.16769694	-0.29836988
-0.16554905	0.17347299	-0.06675063	-0.102322176	0.01093517	0.09584257	0.11175038	0.46718225	0.17050448	-0.15257053	-0.028457763	0.26246	0.08981405	0.11212842	-0.07382127	-0.086914614	0.16908142	-0.2567725	0.20681037	0.030231144	0.027128506	-0.18961506	0.02224236	-0.10385396	-0.28780487	0.043728568	-0.1134877	-0.028049426	0.28881407	-0.050968736	-0.26923582	-0.38923988	-0.03576722	0.15200414	-0.052581724	-0.29107472	-0.5027871	-0.2064108	0.48925126	0.27556136	-0.38649935	0.028777948	-0.2034674	-0.12787607	0.08632924	-0.25951687	0.14877632	0.43319193	-0.099837594	-0.17589438	-0.11776816	0.050362606	0.01243436	-0.23003183	-0.31416327	-0.22310242	0.1916742	0.40747303	-0.08673416	-0.33149356	-0.16364011	-0.037672978	-0.16975713	0.4132863	0.190168	-0.2106801	-0.2022003	-0.19550599	0.38944387	0.2025305	0.12754996	0.10980307	0.0008190224	-0.018538233	0.25645414	0.057500053	0.14719076	-0.075939864	-0.3203638	-0.015804248	-0.04200034	-0.39123207	0.045482796	0.32111546	0.026258271	-0.06819778	-0.014044484	0.37473458	0.15474157	0.047306165	-0.058160454	-0.21097751	-0.1057092	-0.020854184	0.1977708	0.0084342435	0.10094912	0.2901705	0.16148746	-0.28426874	-0.014628596	-0.4145796	-0.4503662	-0.32681447	-0.25101817	-0.15948723	-0.031045236	-0.20798524	0.23613177	0.07563012	0.3632023	0.4082032	0.27657485	0.23116536	-0.122516036	0.1410219	-0.050990306	-0.103209384	0.12891117	-0.0022958776	-0.40896994	-0.11051546	0.15785298	-0.3232847	0.05059798	0.12691449	0.29526886	-0.15257475
0.07817431	0.31686997	0.42442268	-0.32026967	0.14661106	-0.022790857	-0.40027174	0.5368751	0.333443	0.14768487	-0.08869195	-0.21086939	-0.18419175	0.03532665	-0.61334693	-0.0784107	0.19425279	-0.19715282	-0.50806487	0.32709938	-0.028139703	-0.75895864	0.19209695	0.14907491	-0.51373637	-0.29833108	0.35935202	-0.14479971	-0.40928358	0.35214877	0.099670924	-0.64145523	-0.039199214	0.29694808	1.0577607	0.057607584	-0.29303157	0.22050497	0.006228206	0.13011593	-0.7965628	0.45468554	-0.49517572	-0.73716027	0.4946475	-0.123502344	0.32201582	0.5573592	-0.6237784	0.50192547	-0.36052918	0.38019434	0.52270883	0.44155672	0.34443408	-0.35250875	-0.062285077	0.15202424	0.23399211	-0.55709964	-0.49803185	0.22055504	-1.2157092	-0.09679053	0.41085428	0.2602086	0.0012087086	0.49127373	-0.5523679	-0.3857076	0.5061174	-0.20109648	-0.47973648	-0.34413847	-0.21431005	0.1748101	0.37442186	0.7276729	0.33794135	0.58702624	-0.17320779	-0.21836351	0.57964957	0.6848437	-0.44501555	-0.50711596	0.15069954	0.24106455	0.26375222	0.40801004	0.35450238	0.05460079	-0.6929665	0.21863267	0.20444068	-0.52147573	-0.072896354	0.3284702	0.9249371	-0.070811085	-0.29159203	-0.5582789	-0.19580323	-0.23519693	-0.027825676	-0.6227753	-0.7044629	-0.49305332	-0.31614932	0.8726495	-0.08104482	-0.020594725	-0.56751806	0.20932685	-0.874334	0.24139473	-0.07868793	0.2633705	0.4222128	-0.1554821	-0.24976875	0.16006596	0.13510692	0.31916088	-0.333076	-0.4411007	-0.04045045	-0.08786253
0.4033661	0.35316893	0.26604137	0.27514246	1.1251575	0.43660948	-0.04336208	0.22434911	-0.23427255	0.08346736	0.2127686	0.4495378	0.14712496	-0.11115549	0.21333914	0.42123896	0.1549197	-0.21981956	0.019429438	-0.3209125	-0.16269971	-0.13220794	-0.27418777	-0.40923312	-0.48049465	0.059515633	-0.37670645	-0.29797822	-0.17268421	-0.21688226	-0.6571081	-0.43414924	-0.07808477	0.16746113	0.16533674	0.2803772	0.10423793	0.42995042	0.68337065	0.5106	-0.6441788	0.14104865	-0.28998503	0.10216474	-0.02244005	-0.24918097	0.46048155	0.3937818	-0.33286053	-0.29418302	0.23889999	0.4308856	0.22541015	0.24271603	0.35539153	0.107729964	0.2229665	0.111034885	-0.3426545	0.2790413	0.033263825	0.08567202	-0.6438502	0.3327932	0.91136134	0.08798482	-0.005875356	0.4266153	-0.44147834	0.30208713	0.3430731	-0.7557458	0.5608273	-0.35174075	-0.5939328	-0.8631609	0.2173384	0.50484765	-0.060983416	-0.1919345	-0.44263032	0.15277383	0.015099369	0.27825803	-0.3039638	-0.45955035	-0.38597497	0.56410134	0.34338707	0.020351898	0.1637228	-0.27601662	-0.5547201	-0.30327618	0.4191046	-0.32335854	0.2504733	0.1571343	0.29084945	-0.2359621	0.044771444	-0.920696	-0.7780684	0.12621641	-0.07195079	-0.6993519	-0.16773075	0.18824114	0.68738776	0.06096512	-0.16554002	0.13558884	-0.024426557	-0.142752	-0.5750301	0.08072536	-0.5468912	0.15919298	0.7754806	-0.4169101	-0.5450928	0.28410423	0.34847817	0.03283717	-0.26405504	0.27893436	0.032145586	0.37418804
0.16425663	0.03914645	-0.03356533	0.16733001	0.28335896	0.18325962	-0.16183911	-0.008175505	0.1133706	0.027130168	0.20051609	0.056392916	-0.09210342	0.059992403	-0.004515154	0.051173512	-0.034121547	-0.19943373	-0.07495236	-0.06490397	-0.045290396	-0.10518982	-0.17188124	-0.09584083	-0.24025089	0.3462711	0.064460754	-0.10783068	0.06546377	0.13198294	-0.035012636	-0.038016252	-0.0409958	0.19791724	0.12957563	0.08662981	0.13151725	0.05490763	0.16718309	-0.009325388	-0.36151457	0.0051854565	-0.12771654	0.042153	0.03440884	-0.29620972	0.104791775	0.13590707	-0.23094465	-0.008186024	-0.23913157	-0.024349054	0.23046523	0.017624756	-0.014384751	-0.0139810825	-0.058502123	0.103175506	-0.080950625	-0.30482057	-0.06579654	-0.1418639	0.2839546	-0.03534909	0.14902721	-0.004523502	0.0585998	0.1028946	0.00031801313	-0.07507228	0.12100249	-0.029533194	-0.048772465	-0.10599182	0.096072674	-0.07180514	-0.028978588	0.05792557	0.031496875	-0.05941608	-0.15950862	-0.43313444	-0.10016097	0.11222716	-0.009152893	-0.23611818	0.17674543	-0.048257086	0.09867445	0.0145065915	0.07663286	-0.09808481	-0.33810514	-0.038570594	-0.13922662	-0.07883299	0.030286502	0.088248946	-0.020359239	-0.081779465	-0.017391777	-0.19210762	-0.30885693	0.054539848	0.11514433	0.022193136	-0.15316091	0.18666822	0.04168473	0.046101503	0.3297688	0.15635793	-0.026287844	-0.17094436	0.048299342	0.04384109	-0.24764663	0.024782917	0.195088	0.034244858	-0.1613315	-0.20958546	0.23548636	0.009208182	-0.15589489	-0.19552858	0.04026174	0.021123286
0.1187964	-0.006585156	-0.01122339	-0.104212955	0.19368444	0.06607344	-0.007366999	0.055846248	0.116059296	0.14832483	-0.0359703	0.04060085	0.028430024	0.065991074	0.032530665	0.1604204	-0.080025405	-0.17377585	-0.009463793	0.11561528	-0.0013688455	0.015816268	0.022759335	-0.011065116	-0.102003194	0.0006307178	-0.13235064	-0.08372214	-0.035347924	-0.030852582	-0.07613266	-0.14262594	0.07864698	0.16372593	-0.039851226	-0.019972937	-0.246337	-0.1467151	0.009869582	-0.112314835	-0.16386215	-0.07163948	-0.11865608	0.045255367	0.11558363	-0.12854639	0.11338152	0.16119221	-0.21790269	-0.041505042	-0.0137564875	0.11100932	-0.007981502	-0.033931848	-0.054570924	-0.044310644	0.19750838	0.23769574	0.06082621	0.07522388	-0.19250154	0.012507504	-0.10511472	0.082276076	0.14731906	-0.044536635	-0.0034234584	-0.031147677	-0.022248896	-0.058976483	-0.13649532	-0.0070210085	0.09847814	-0.042543676	0.09510887	0.017029049	-0.10299791	-0.049170785	-0.08165294	0.0270965	0.0018398007	-0.15651105	0.049457833	0.065245464	0.09472942	0.03703044	-0.02462929	0.1546921	-0.04394844	-0.018143494	-0.0031538305	-0.08505976	-0.020850662	-0.006687593	-0.0493387	-0.09681914	0.06433516	0.18561746	0.0656986	0.03978798	-0.02684671	-0.20809843	-0.28772292	-0.052034874	0.037631102	0.017679188	-0.044619404	-0.07719372	0.096724205	0.10005846	0.025567835	0.077731006	0.04973124	-0.0409222	0.018451534	0.11751727	-0.08350316	0.012736302	0.09728722	0.0097864885	-0.08513837	0.023471363	0.06529665	0.054704882	-0.09917683	0.01581017	0.09686163	0.057700764
-0.008751039	-0.15331724	0.013050674	0.6045554	0.7091822	-0.22442283	0.20937121	-0.018832142	0.82764995	0.8624832	-0.12226733	0.031959463	0.84950376	-0.2721671	0.020482214	-0.9350478	0.7160287	0.17590985	-1.0432885	-0.25477093	-0.55969435	-0.5291515	0.47955334	-0.3028619	-0.40241235	-0.059908327	-0.13600324	-0.44354758	-0.3564858	0.47569153	0.13101768	-0.8549729	-0.06493998	-0.64913845	0.4092444	0.17949146	0.42539153	-0.4439078	0.19916758	0.3139442	0.2867476	-0.07306904	-0.4593111	-0.30456483	0.042507213	-0.07455121	0.039732795	0.17754886	0.109626435	0.09770513	0.5411556	-0.09222693	-0.010677105	0.7361991	-0.18022959	0.8155823	0.4822355	-0.12890667	1.1614168	-0.12686436	0.15413146	1.0289631	-1.2613853	0.39471373	0.3743131	0.26304984	-0.5800653	-0.68347794	-0.33021104	-1.2938071	0.32397798	0.5348328	0.012716468	-0.2358068	0.52883893	-0.06705593	-0.09113601	0.6841721	0.3031255	0.9608595	0.34001407	0.08465278	0.35931295	0.6319203	-0.44252497	-0.87654734	-0.6058364	-0.02017905	0.3724381	0.013986164	-0.0783429	-0.15324445	-0.6967628	-0.097818255	0.48593217	0.30865043	0.83117086	0.10774366	0.13463894	-0.27049765	-0.2921848	-0.059979565	-0.34076655	-0.24892096	0.62518406	0.8526132	-0.12150081	0.06165131	0.30960065	0.36152208	-0.18301518	0.6013808	0.05746654	0.6484518	-1.226572	0.09600265	-1.1112063	-0.8702984	0.31040913	0.62289757	-0.3512681	0.12732968	0.012289563	-0.41436774	-1.4514964	-0.24105272	0.53793985	-0.32845986
0.3393202	-0.13360837	0.27609777	-0.65216976	-0.19971725	0.16554599	-0.16708313	-0.03312725	0.30958405	-0.14855927	-0.101028696	0.23107162	-0.00403864	0.38829124	-0.82849437	0.4101033	-0.042096723	-0.036366604	0.021804396	0.9125131	-0.021123728	-0.41063574	0.2881002	0.49492735	-0.95223594	0.3250241	0.14517376	-0.65063983	-0.79577076	-0.25889552	0.090833135	0.006513278	0.07705884	-0.07362304	0.44872847	0.27747163	-0.3750176	-0.3023375	0.0422629	0.40906122	-0.52293664	0.20949897	-0.5401051	-0.06402124	0.13712995	-0.20804441	0.11788963	0.4189679	-0.6846971	0.5794613	-0.3724236	-0.41929036	0.23241693	0.13240953	-0.7808311	-0.2208876	-0.28988773	1.3072765	0.5533854	-0.7318374	-0.5628176	0.31743634	-0.2619578	0.26079455	0.03621598	-0.30253065	0.15243033	0.7537503	0.2951595	-0.37354505	0.198604	-0.04856566	-0.670784	-0.33574653	-0.1640575	0.0455172	0.6562978	0.037644036	-0.45169383	-0.20945786	0.012645369	-0.6181092	0.10156716	0.294493	-0.36033356	0.5277133	-0.0030077992	0.12948707	0.68415326	-0.96674854	-0.3816129	0.09743202	-0.4007893	-0.14867416	-0.1390017	-0.23307194	0.2257258	0.09771064	-0.2621021	-0.3517719	0.7826367	0.15100776	-0.1988366	-0.09546459	0.055849757	0.32538304	-0.4852259	-0.41543815	0.3472935	0.34040064	-0.385567	0.284918	0.15995996	0.6040514	0.05745202	0.2540937	-0.26226097	-1.130624	0.23082034	0.4992178	-0.35836482	0.028253624	1.0945108	-0.55314225	0.0665211	-0.1791878	-0.71970177	-0.43004376
0.068684734	0.0015622507	-0.045807254	-0.07896623	0.20343934	0.06974014	-0.053146802	0.07186794	0.11525966	0.16646555	-0.083061464	0.025608726	0.056568652	0.1152222	0.0828169	0.19486006	-0.20073584	-0.23485258	0.098805815	0.097864546	0.04685211	0.0024676134	-0.026753766	0.022136774	-0.08595961	0.07377221	-0.22167908	-0.0715128	0.042221095	-0.0996643	-0.16363978	-0.2689946	0.055309415	0.2470445	-0.038571477	0.023597194	-0.20320834	-0.104926005	0.15335748	-0.18237402	-0.21222275	-0.015286752	-0.16780217	0.16445875	0.14301874	-0.19119222	0.15323111	0.3108161	-0.3983254	-0.12512214	-0.112079866	0.11979627	0.10647728	-0.02830054	-0.026647938	-0.077497214	0.23150308	0.36567146	0.032096393	0.010660251	-0.18516251	0.053568784	-0.026021719	0.11276567	0.06865275	-0.037782125	-0.044819273	-0.041988842	0.02731712	-0.12646292	-0.13590267	-0.017966695	0.08291583	-0.052237183	0.0035357287	0.11231296	-0.13300677	-0.0029882519	-0.06139048	0.12176538	0.045717727	-0.2249691	-0.019643836	0.11371609	0.24394195	0.08194217	-0.03774391	0.11118227	0.03974807	-0.08916485	0.13291577	-0.19671229	-0.11350439	0.014733314	-0.002533739	-0.0371004	-0.059060212	0.30209297	0.005342405	-0.021897122	-0.029066129	-0.3394518	-0.39476565	-0.057911795	-0.0893888	0.029822197	-0.06544708	0.002845616	0.06704175	0.25423005	-0.049225025	0.15006611	0.107770324	-0.034591112	0.008757173	-0.022117974	-0.036903758	-0.05739308	0.09216878	-0.023263536	-0.26562005	0.0035460212	0.08316042	-0.039399114	-0.11316495	0.03713612	0.022927783	-0.04127096
0.19319624	0.30665195	-0.026019862	-0.06111001	0.16935208	-0.31166282	0.076598495	0.38033196	0.7346098	-0.37270293	0.21104942	0.49306616	-0.21817139	0.35530907	0.2705397	0.26107427	0.1374155	0.097203605	-0.83070344	-0.025746148	-0.17522599	-0.22749439	0.2040768	0.0074122692	-0.26591158	-0.011053703	0.50073546	-0.25230926	-0.18453354	0.1235773	0.14452277	-0.11361535	0.42381233	-0.5223112	-0.3357516	0.35798714	-0.1306995	-0.6339111	0.42612427	-0.06408895	-0.6904388	-0.24814287	-0.2344962	-0.49345365	-0.40367693	-0.33836302	-0.11637901	0.45268506	0.2691179	0.08540889	-0.7601695	-0.014545155	0.33801726	-0.3005488	0.12135578	-0.8976154	0.6410898	-0.3507807	0.40876713	0.19706514	0.11501894	0.35927024	-0.8999884	0.19605067	0.06178217	0.6367896	-0.627226	-0.0896046	-0.10816341	0.17861256	0.56313473	0.034113772	0.07876673	0.17999497	-0.3173048	-0.078228824	0.96189827	-0.1921438	0.20544583	0.07908965	-0.479576	-0.5101271	0.28108904	0.40351632	0.21450104	-0.76012444	-0.5424428	-0.6374112	0.4281417	0.16719174	0.44330877	0.23533611	-0.61544716	0.65924716	-0.15086494	-0.36123404	-0.09532166	0.38115332	0.911091	-0.31250337	-0.18602815	-0.73488104	-0.74574435	-0.054252133	0.13939369	0.019665617	-0.8421893	0.63364464	-0.3418335	0.4242539	-0.060528964	0.030720375	0.18267198	-0.14906432	-0.50715095	-0.09330601	-0.2304629	0.10996347	-0.34403726	0.13256973	0.32937247	-0.1567358	-0.0568715	-0.18443367	-0.6361401	0.49519894	0.5826099	0.28154188
-0.45187196	-0.52788675	0.48805273	-0.53565526	0.4993387	0.28058755	0.4855554	0.0830326	0.79191357	0.38503477	0.54051846	0.11416252	0.0937811	0.12541114	-0.65645623	0.2019374	0.7198494	-0.08907232	-0.5909733	0.57355064	-0.644735	0.10319725	-0.5144108	-0.04199615	-0.92401063	0.96148133	-0.0076174536	-0.151597	0.1668445	0.2916854	0.18027802	0.09435099	-0.87867796	-0.018533897	0.41820616	0.3583445	-0.17489195	0.35697243	0.50045806	0.29849017	0.53259665	0.08509691	-0.46998456	-0.05831592	0.5654929	-0.64989763	-0.79762065	0.48349896	-0.34670892	0.084387995	-0.15103383	0.4534127	0.2858219	0.06517043	0.106379464	-0.57061136	-0.2152579	0.45100784	-0.015975513	-0.26190853	-0.5344914	0.49360242	0.004766814	0.11772471	0.34976408	-0.5496762	-0.8190826	0.4165034	-0.25988972	0.53025943	-0.15264298	-0.6296067	0.2584677	0.063671365	0.025135072	0.7057332	0.43112242	0.8122889	-0.697317	-0.28978506	-0.49259248	-0.67903256	0.20156267	0.4848227	-0.5942217	-0.3432971	0.30560806	-0.1075218	0.020079818	-0.18359223	0.32885516	0.04018765	-0.50535893	0.2214787	0.27351633	-0.1236182	0.13679649	0.51701856	-0.05053985	-0.51909554	-0.7342515	0.18228263	0.095443614	0.029423896	-0.23761436	0.41707587	0.23511265	0.2896777	0.17487094	0.6413665	-0.05867015	-0.50465226	-0.06658912	0.017108174	-0.7891927	0.5633769	-0.47746834	-0.07254366	0.42327118	-0.20914313	0.46184805	0.20861794	1.0579405	-0.42078072	-0.85601676	0.77004117	1.000797	0.37985978
-0.38301957	0.026442897	0.13716133	-0.17025341	0.5123095	-0.2096956	-0.23817715	0.13185494	-0.48025733	0.1493363	0.48053157	-0.30327868	0.09392538	0.4435862	0.010794185	-0.082968585	-0.006093819	0.18585812	-0.27238286	0.407924	0.31613433	-0.41817132	0.21371986	-0.67764544	-0.15396398	0.41121963	-0.48159048	-0.53696424	0.59047365	0.088848375	-0.04350411	-0.10612295	-0.2547581	0.6411576	0.22778313	-0.23677798	-0.24757501	0.4088274	0.49661636	0.15773407	-0.89426064	0.014321517	-0.19153535	-0.00016242612	0.30015507	-0.5657154	0.19810644	0.4055867	-0.20486827	-0.34865507	0.081237875	-0.21804865	0.43342498	-0.25602743	-0.10002523	-0.33730468	0.79358727	0.40952253	0.15723236	-0.11394428	-0.5199724	-0.16096447	-0.42347044	0.68058705	0.20932527	-0.5560269	-0.3229463	0.78502977	-0.25869963	-0.0011319797	0.06419708	0.43981448	0.0976277	-0.6006418	0.10656298	-0.2998266	0.31794435	0.6021202	-0.16968817	0.09246453	-0.38567916	-0.26613107	-0.010129118	0.3844318	0.057432566	-0.3942885	0.21573615	0.06396063	0.32358053	0.10407879	0.32115453	-0.25541908	0.050914746	0.35894293	-0.31433406	-0.49553177	-0.3053836	0.40209502	0.24276833	-0.016634021	-0.3625149	-0.88179976	-0.7804168	-0.15436397	-0.3372081	-0.17232507	-0.05912483	0.43256992	0.059232913	0.18837145	-0.41232634	0.40210888	0.05187865	-0.19888216	-0.008404716	0.15668935	0.21078101	-0.022673808	0.33589035	-0.13355562	-0.41319728	0.15301606	0.37084845	0.2138015	-0.09338972	0.18191949	0.42691466	0.02553053
0.73259574	-0.6545962	-0.013245805	0.007106583	0.53587466	-0.54345864	0.52248275	0.7222347	-0.23469515	-0.2762461	-0.55864674	-0.61425596	0.09120003	-0.16889264	0.38024044	-0.49981907	0.0061029666	-0.18864411	-0.7735766	-0.26206058	0.5000216	-0.15411974	-0.12497727	-0.45687044	0.13875239	-0.07409119	-0.60221535	-1.0952301	-0.3964555	0.51238734	-0.5878084	-0.2846587	0.16127649	0.5812012	-0.40862185	-0.037755676	0.15500635	-0.30484948	-0.08077439	0.21431877	0.49283057	0.258354	-0.23950322	0.69204926	0.053238947	-0.48463243	-0.01223183	0.21773496	-0.11692599	0.009440852	-0.6929124	-0.06142532	0.48152623	-0.011995975	-0.5734802	0.161326	0.22898132	0.061069746	0.56572837	0.3926587	0.22203393	0.31591934	-0.25106233	0.2170959	0.31325638	0.35013613	0.28156757	0.34386948	-0.005786782	0.030123198	0.45427138	0.9161775	0.59977263	-0.6835994	0.19926639	0.48224053	-0.18510953	0.096268624	-0.5087756	-0.2714865	0.68580747	0.30276546	0.952056	0.9506309	-0.33153886	-0.44611955	0.20589752	0.5276299	0.444157	0.7836222	0.05612043	0.29369196	0.2875182	-0.08217237	-0.3434346	0.024852017	-0.17735107	-0.37728208	0.42362955	-0.898788	0.4355906	-1.0113412	-0.06642765	0.17920147	0.04923414	0.22222987	-0.25216922	-0.3557999	0.037267458	0.32938695	-0.16265708	0.36184046	0.10763227	0.22649588	-0.46351215	0.083693855	0.13970312	0.38186345	-0.05607805	0.13510065	-0.09868255	-0.6718879	0.559935	0.5387513	-0.41527307	-0.024739325	0.8236429	0.24042419
0.026080381	0.22489308	0.074975595	0.21081121	0.36440668	0.2859859	-0.37217927	0.24853443	0.4523604	0.24733981	-0.05879981	0.23129494	0.13484436	0.079339296	0.03715541	0.3686938	-0.03780289	-0.0024369722	0.18223165	0.16230403	-0.11496812	-0.19431125	-0.056902453	0.19151555	-0.24815075	-0.0073384177	-0.06831295	-0.2229456	-0.012292364	0.07722097	-0.16497098	-0.43968096	0.20966563	0.2729847	0.34763125	0.28582793	-0.25805068	-0.23243766	0.36548337	-0.06518925	-0.49106455	0.089443736	-0.34508207	-0.1916539	0.15782566	-0.12832484	0.22233133	0.26004636	-0.38083658	0.13302313	-0.12038044	-0.075183235	0.39493367	-0.10461319	0.2916861	0.010767283	0.22392729	0.22703862	0.04401976	-0.12873878	0.059466586	0.11211525	-0.35433626	0.09089465	0.23577234	-0.012834585	0.09200154	0.35450542	-0.040677227	0.13654439	0.5096997	-0.09066365	-0.10426075	-0.031890564	-0.14739256	-0.0680173	0.13952488	0.10431417	-0.061848175	-0.046612725	-0.17763662	-0.33320335	0.032983474	0.02725584	0.08396111	-0.35826537	-0.0059170774	0.19902107	0.096154094	-0.4119711	0.25536758	-0.05913315	-0.11936867	-0.00837543	0.20588116	-0.19090766	0.094404675	0.16929199	-0.18668814	-0.45555678	-0.0062413015	-0.4553602	-0.27871543	0.054389793	-0.261673	-0.14168565	-0.088285975	-0.023988273	0.092688404	0.17820328	-0.1928527	0.19682509	-0.04994461	0.18722907	-0.15079895	-0.07112562	0.05565367	0.058372844	0.48333576	-0.042799205	-0.1415699	-0.0058176657	0.20890103	0.30908206	-0.13355139	-0.42203718	-0.22369927	-0.34708306
0.022004915	0.23935941	-0.080066144	0.3732809	0.54810345	-0.14189555	-0.01589401	0.13459498	0.38061112	-0.037326895	-0.2784164	-0.069992654	-0.11546893	0.19536364	-0.039722588	0.09754884	-0.17459479	-0.067634024	0.04500818	-0.044919666	0.007094725	-0.09633445	-0.079860225	0.018081121	-0.5343165	0.7220971	-0.049197447	-0.20010337	-0.05160232	0.18186766	0.16292256	-0.40703806	-0.528078	-0.00019816351	-0.07711229	-0.08294787	-0.5207587	-0.6353536	0.18067981	-0.5618378	-0.63906205	-0.18390033	0.21950816	-0.11390707	0.13627103	-0.7357948	0.09954968	0.09488476	-0.08549821	-0.39167225	-0.9330747	0.3233474	0.39954543	0.072913416	-0.066539764	0.24988692	-0.30079123	1.15238	-0.096066974	-0.5860314	-0.3152953	-0.052439656	-0.10879903	0.1795658	-0.23624147	-0.40826145	-0.36096212	0.3060881	-0.08966256	0.3034853	-0.21010473	-0.37499714	-0.033705484	-0.27356085	0.043329205	0.23895854	0.09485362	0.049650628	0.08679165	0.59023523	-0.4638221	-0.42162606	-0.05147165	0.72308177	-0.0011009113	-0.40700662	0.2522103	0.049168475	0.2625757	-0.10988485	0.25629684	-0.2580979	0.23418541	-0.2052647	-0.34895888	-0.26897612	-0.2059565	0.2859443	0.06402138	-0.2888861	-0.10524396	-0.6129564	-0.50502807	0.11341146	0.40173882	0.45943564	-0.058613278	0.15165828	0.4047683	0.4533094	-0.20279393	0.49262354	0.43259466	0.35842383	-0.23703082	-0.14228125	0.08743201	-0.06604185	0.60421026	0.07786336	-0.095821686	0.2504975	0.6901022	-0.19117998	-0.76197755	-0.6208523	0.38455525	0.06197628
-0.046035822	0.26730648	-0.060255446	0.5224814	0.61882484	0.27901524	-0.43742096	-0.065088615	0.45115912	0.21015587	0.22304545	0.20859985	0.025844678	-0.11814675	0.13510178	0.2177354	0.0837023	-0.19753249	0.019209815	-0.32361928	-0.32491553	-0.2461963	-0.72030604	0.000720023	-0.2289892	0.13126776	0.027260488	0.078855775	0.02251107	0.23141713	-0.059529573	-0.28981546	-0.045944806	0.14653106	0.28468668	0.3020421	-0.17904341	0.21413356	0.88781446	-0.118040025	-0.71406233	0.101909265	-0.22967564	-0.008249302	0.34047747	-0.30633745	0.31600395	0.050339058	-0.45343733	-0.1910836	-0.271173	-0.042932313	0.36490574	0.06374127	-0.25649828	-0.022538219	0.0851518	0.14493716	-0.13460776	-0.42039567	0.1770106	-0.18597192	0.32789743	0.35862377	0.075563654	-0.27683598	-0.20169543	0.32114816	-0.08801635	0.28210744	-0.002560472	-0.23409912	-0.21247397	0.03562549	0.37116498	-0.21149394	-0.11972622	0.42142177	-0.04973341	-0.1759371	-0.25192323	-0.35926834	-0.030723529	0.32703403	0.17475335	-0.45871058	0.29636657	-0.043274466	0.23889692	-0.2401019	0.47924566	-0.059115518	-0.42771897	-0.20969145	0.1130765	-0.23733847	-0.2099197	0.7132379	-0.003138945	-0.23111415	-0.28343943	-0.5733948	-0.76422024	0.04904087	0.017332768	0.32943913	-0.12096471	0.19296446	0.27883404	0.3191377	0.2650827	0.2031519	-0.25386515	-0.356363	-0.24386014	-0.2091794	-0.10308782	-0.29546607	0.5572552	-0.041243695	-0.38980404	-0.20376882	0.2619852	-0.18809755	-0.21775624	-0.6770702	0.08376448	0.002887979
0.12067159	0.023171544	0.050706778	-0.13083002	0.17091712	0.06564312	0.029125499	0.059892725	0.12283866	0.18222944	-0.030812677	0.086918026	0.03547007	0.09240459	0.02039954	0.16112512	-0.08531277	-0.24307078	-0.03591234	0.10565425	-0.027410371	-0.017116468	-0.040259276	-0.016035615	-0.20894569	-0.047598258	-0.07470448	0.01735551	-0.0025925129	-0.023865344	-0.091311194	-0.16740645	0.07824476	0.22490124	-0.011179543	0.008411384	-0.21654366	-0.063007645	0.0057846257	-0.12973113	-0.16913985	-0.100406334	-0.08839818	0.07386859	0.09714898	-0.16063467	0.10389677	0.14553042	-0.2433864	-0.032356236	-0.054707363	0.104346074	-0.017788745	0.0204807	-0.053475793	-0.0054473807	0.20575216	0.25793406	0.07826238	0.06818786	-0.23014078	0.06723814	-0.05325343	0.123596326	0.11169067	-0.04685247	-0.007581098	-0.045280352	-0.002039363	-0.022702033	-0.08803276	-0.011748063	0.14662845	-0.032907177	0.0913359	0.046134684	-0.049135093	-0.060082413	-0.067523226	0.04075542	-0.02266809	-0.17267774	0.09749473	0.0766661	0.08654251	0.042004243	-0.08810946	0.16532084	-0.06113369	-0.058437176	0.05309049	-0.089796044	-0.032214046	-0.018166523	-0.014691274	-0.12998968	0.016140329	0.18662992	0.02415942	0.01611704	-0.085923634	-0.23065126	-0.28615174	-0.09754769	0.033756126	-0.031017367	-0.054675538	-0.090238065	0.13175108	0.15844765	0.015584191	0.11144542	0.07179133	0.004116274	-0.09017811	0.08728552	-0.11629349	-0.010539154	0.12221676	-0.0136979055	-0.13089612	0.061359018	0.095210865	0.0013449087	-0.07695636	-0.016473513	0.08489339	0.08092411
-0.103404246	-0.078359134	0.08139406	-0.3738544	-0.35388085	-0.7950147	-0.30432904	-0.7222079	0.6175053	-0.13458619	-0.27516773	0.015696697	-0.58950734	-0.35457072	0.22647373	0.1212465	0.8551735	-0.02572336	0.11136712	0.5379193	-0.106151275	0.25054199	-0.7105569	-0.114791006	-0.29325166	0.56870836	-0.092534274	-0.04496205	-0.0800625	0.15453397	-0.39971533	-0.37528992	-0.12947641	-0.33994877	0.11362291	0.35119453	-0.69269514	0.19135833	0.44994134	0.19021429	0.4018221	0.32372707	-1.2204363	-0.00783569	0.22489683	-0.6340783	0.103529565	0.5510458	-1.2123485	0.15723544	-0.32256943	-0.067396805	0.6238357	0.31631935	0.059319384	0.17415786	0.470117	-0.06577322	-0.04792457	-0.6557841	0.64250016	-0.07215153	0.16804726	0.57236284	-0.018883912	0.21501283	-0.47135743	-0.3998057	-0.94918346	-0.1612191	-0.1102281	-0.8462622	0.24807897	-0.5884204	0.1511325	0.2801177	-0.33955848	0.6826276	0.09595419	0.22294167	-0.3094123	-0.60179114	0.93337786	0.3517293	-0.9138258	0.18603958	-0.21509379	-0.22171412	0.4891797	0.5287673	-0.32727075	-0.3931549	-0.6255086	0.056368493	0.25529003	0.031026153	0.35780028	-0.029172588	0.04045486	-0.2656459	0.14909394	-0.61510044	-0.90347415	0.014475908	0.6514793	0.16002743	-1.0198648	-0.30096817	-0.30456084	1.3699769	0.2567457	0.26262394	0.5712269	0.7109163	-1.0181516	0.11968764	-1.0450783	-0.79207826	0.71080565	0.32290787	-0.59412354	0.20296334	0.48981103	-0.0885707	-0.5221983	0.24430554	1.215062	0.13661739
-0.39240822	-0.5839655	0.4704157	-1.025986	0.48966008	0.070062615	0.51442933	-0.008022861	0.5893118	-0.008002474	0.3651786	0.3673245	0.13791007	0.13964784	-0.33656242	0.39211008	0.56110424	-0.17465985	-0.6385099	0.52986395	-0.13316411	0.013704692	-0.70081276	-0.09723418	-0.9528096	0.8475916	0.29621226	-0.1891828	0.09966907	0.37060034	-0.31495383	-0.0060463957	-0.59052813	-0.41394135	0.34789273	0.3679793	-0.455454	0.2364607	0.28514084	0.20496264	0.43899897	0.028665803	-0.65215033	0.061560065	-0.041252386	-0.7045872	-0.60720015	0.54706866	-0.5087638	0.11078758	-0.25445512	0.51859325	0.5881931	0.12991424	0.08084637	-0.584108	0.27461785	0.053864483	-0.101528	-0.12389405	-0.5509381	0.13551663	-0.23267205	0.27618557	0.08026094	-0.24290489	-0.4321174	-0.056078535	-0.013666293	0.6748661	-0.09040911	-0.1129262	0.44397643	-0.011697044	-0.1000348	0.73830444	0.41942412	0.64336807	-0.5647209	-0.75612926	-0.54042387	-0.28024262	-0.007036382	0.17106943	-0.44878376	-0.075851776	-0.19339602	0.04579216	0.041433908	-0.86847615	0.72204053	-0.32417765	-0.24175972	0.1733619	0.30184734	0.56570333	0.15033674	0.37157175	0.14487515	-0.7729729	-0.5808039	0.038549367	-0.0986684	-0.31992576	0.1309068	0.14048694	-0.029599944	-0.12603556	0.07944521	0.10369886	0.03492876	-0.7259935	0.37973133	0.096514724	-0.7803341	0.4901243	-0.5997091	-0.014269019	0.19962724	0.0028408703	0.68006337	0.25427216	1.0097554	-0.052471764	-1.1154932	0.83733505	0.58597434	0.64165556
-0.0041446993	0.26560506	-0.3848316	0.12527435	0.12130523	0.15295762	0.108714476	0.19947408	0.0992062	-0.11149073	-0.18804738	0.070753634	0.111592226	-0.1991485	0.042608723	0.20376083	-0.062047265	-0.19619691	0.088908575	-0.2867339	-0.026802171	0.045297153	-0.15686701	-0.19233173	-0.16120683	-0.015689136	-0.23508064	-0.5051787	-0.2131054	0.014227307	0.13724919	-0.078386195	0.19216903	-0.17507388	-0.04188042	0.29048005	-0.3949458	-0.44609636	0.061175194	-0.13092084	0.001093291	-0.28614965	0.25431556	-0.22407293	0.21312165	-0.0075159934	0.15699717	0.04933772	0.009196096	-0.029100964	-0.03937867	-0.39219084	-0.116523616	-0.20940675	-0.12734234	-0.22974819	-0.048978724	0.3979394	0.0120784445	0.2446728	-0.17213085	0.18625802	-0.355406	-0.0438234	0.3163039	-0.26960894	-0.24431947	0.025534183	-0.0612247	-0.059383675	0.08051518	0.09856257	0.15789019	-0.14824569	0.047122557	-0.12512258	0.022575546	-0.054736808	-0.091692075	0.21756947	-0.1152903	-0.5352806	-0.19836289	0.24688376	0.07953417	-0.11150907	0.04178632	0.15626895	0.31878302	0.04980036	-0.11892582	-0.32764605	-0.108433284	0.18087348	-0.18151724	-0.22451802	0.14977594	-0.05229787	0.08477072	-0.1495152	-0.117864326	-0.5621315	-0.18627273	-0.14101902	-0.11727793	-0.022859817	-0.10767319	0.3020763	0.14181077	0.058585975	0.032786034	0.2352156	-0.09159739	0.00221119	-0.15397002	0.009966448	-0.142391	0.08717197	0.055263557	0.19616896	-0.3034304	0.019021709	0.32831872	0.3527714	-0.13343357	0.04287024	0.4934081	-0.342132
-0.10506668	0.03694862	-0.05374181	-0.008472126	0.059755422	0.11683479	0.16588806	0.18512642	0.051220845	0.079184115	0.032841828	0.055926893	0.09159863	0.01258486	0.021303343	0.13896461	0.0413464	-0.25714847	-0.11573152	0.0013433847	-0.03755668	0.0032594274	-0.06616707	-0.15231541	-0.17043224	-0.012219997	-0.101588205	-0.13992047	-0.06484663	0.06159211	0.012285399	-0.10897856	-0.04574339	0.059776727	0.12039815	0.03770358	-0.08352806	-0.01190993	0.069647364	-0.03413886	-0.07502561	0.060819283	-0.03342272	-0.02981309	-0.004019513	-0.16060495	0.015842443	0.075831525	-0.12028542	-0.0405148	0.100465894	0.09517674	0.027336152	-0.09248178	-0.060108446	-0.011099551	0.21726015	0.19248618	0.057434924	0.0036817805	-0.12157266	0.057323214	-0.17025359	0.03863224	0.18451367	-0.07688604	-0.025074804	-0.009219076	-0.051210925	-0.10575698	0.05878523	0.021526674	0.068358466	-0.08575867	0.037872683	0.059378326	-0.09392575	0.15851581	-0.009543307	0.14345255	-0.10099423	-0.22430332	-0.01954978	0.0768268	0.015369521	-0.0039935606	-0.05074595	-0.0025200946	0.09698748	-0.024740495	0.12844536	-0.077649154	-0.03937646	0.10729263	0.07376236	0.04186144	-0.02765656	0.18873887	0.03336246	-0.1193826	0.047808047	-0.27500707	-0.2175505	0.02072631	-0.13463631	0.012658513	0.0145586785	0.019747993	0.13751803	0.124789335	0.08262068	0.0002886998	0.027112545	-0.12873101	-0.088465884	-0.020346325	-0.15733904	0.027198652	0.027640987	-0.003809066	-0.16201986	-0.0056377584	0.12270453	0.091698974	-0.12510109	0.059440672	0.16478872	-0.118783
0.026298901	0.018294318	-0.039017722	-0.04153882	0.044283178	0.0741288	0.04088099	0.0869732	0.1116644	-0.015340216	0.033884645	0.0218927	0.036806386	0.026903188	0.022042695	0.06422526	-0.03978904	-0.09286967	-0.020352755	0.033394534	0.010225311	0.023047969	-0.0436547	-0.011037926	-0.13309906	0.032164313	0.0071845064	-0.064212784	-0.07626608	0.06596029	-0.007142851	-0.058295242	-0.00820902	0.08584838	0.016558817	0.07940328	-0.07329382	-0.1415804	0.021493867	-0.06989598	-0.04041376	-0.019623706	-0.087593965	0.02403037	0.03958974	-0.024943164	0.02743467	0.045915265	-0.09669492	0.013311513	-0.0005086293	-0.011074161	0.0720449	-0.060657617	-0.02493796	-0.043077856	0.031080214	0.10581238	0.032943252	-0.03096652	-0.021052873	0.077198416	-0.103506885	-0.017276404	0.090282805	-0.026140226	-0.019182099	0.02077335	-0.078180104	-0.0034094322	0.009703238	-0.0037528654	0.052740216	0.010261756	0.029250694	0.07390089	-0.007943636	0.017836306	-0.012620488	-0.022741565	-0.018596573	-0.17180668	-0.009385978	0.05966316	-0.026635818	-0.03465547	0.025467606	-0.019536242	0.067026064	-0.05760135	-0.032825887	-0.059231225	-0.06508853	-0.0030722227	-0.057845794	-0.025385017	0.061464727	0.0065986076	0.037752252	-0.06760221	-0.03895327	-0.11557724	-0.100074776	-0.055532884	-0.014545551	0.017615585	-0.035780255	0.025767913	0.08334028	0.008359611	0.004297932	0.061527345	-0.023926528	-0.026651464	-0.02766843	0.032176986	-0.08959983	0.032724906	0.02050871	0.031420518	-0.0062726964	-0.023048917	0.0038762218	0.07344266	-0.07573143	-0.025754713	0.13016504	-0.0181377
0.042188697	0.14642517	0.03167788	0.3346886	0.59970075	-0.11963965	-0.12449528	0.25124028	0.3739528	-0.04154064	-0.0855675	-0.19237742	0.096042365	0.2233046	-0.0045977384	0.03481463	0.0067537585	0.03961738	-0.12566873	0.029836643	0.10218913	-0.052399393	-0.17947166	-0.104228444	-0.51570004	0.33734128	0.2092914	-0.27602988	-0.06531707	0.2190902	0.2977197	-0.23969379	-0.36492026	0.021148574	0.029902928	-0.2493747	-0.2762091	-0.15625612	0.016911311	-0.26465043	-0.3236917	-0.16414228	-0.15291663	-0.072911754	-0.017759744	-0.57858974	-0.04023968	0.09401796	-0.05446979	-0.34117335	-0.38858926	0.28117076	0.21065578	0.23675126	-0.3769102	-0.045038816	0.005232004	1.0024375	-0.100984916	-0.3643281	-0.20085399	0.017858006	-0.10466627	0.23311833	-0.13944194	-0.42989913	-0.23204574	0.18463238	-0.28658843	-0.16104323	0.08324999	-0.4294137	0.020988017	-0.31452343	-0.11516591	0.27266273	0.079747	0.2622627	-0.020173198	0.7133611	-0.039739095	-0.049050536	0.17886508	0.55887014	-0.21875085	-0.39399302	0.27704126	-0.022126367	0.23376366	-0.05312313	0.11545386	-0.1411448	0.07946156	-0.14296627	-0.19100033	-0.21065094	-0.09504446	0.11804069	0.051453095	-0.24703361	-0.13898972	-0.35905153	-0.33911747	0.22855924	0.31422836	0.30772346	0.0935512	0.013373591	0.13706076	0.3683129	-0.29272515	0.38713712	0.096263684	0.31960365	-0.002131132	0.059771203	-0.0126442695	-0.16959544	0.40985674	0.18613258	-0.24914327	0.34711468	0.40268698	-0.039440405	-0.59147215	-0.5086938	0.22139943	-0.0595171
