0.57298654	0.0074608666	-0.6043131	0.019237006	0.6974632	0.6361534	0.8333188	0.78972894	-0.38395205	0.020651903	0.34855905	0.4378203	-0.10960402	-0.29711676	-0.4571383	0.2307271	-0.07874298	-0.6399959	-0.39048585	0.37228373	0.41092524	-0.27159023	-0.5181673	-0.5037784	-0.21055609	1.1271106	-0.44200352	0.093954325	-0.41882336	0.16473033	-0.35355082	-0.5501846	0.30167887	0.1605719	0.0015385442	-0.020129547	0.3020174	-0.39614037	0.47557396	-0.66807824	-0.8252228	-0.12857999	0.22210182	-0.019798646	-0.207999	-0.6597641	0.42042089	0.18645515	0.08657277	0.63717836	-0.34381458	0.42200616	0.60593694	0.857467	0.3482241	-0.034691643	0.021793459	0.7158597	-0.10440028	0.28853595	-0.2439272	-0.43958145	0.002035249	0.014295027	-0.2595838	0.08834929	-0.31096688	0.33752546	0.5182643	-0.059411652	0.077999935	0.6649325	0.6256503	-0.62220454	0.07454526	0.12252297	-0.5008143	-0.77581924	-0.36453956	0.35484776	-0.7050269	-0.56770474	-0.073450774	0.638881	-0.10894946	-0.87307847	0.03236791	0.4894651	0.37658745	-0.6432622	-0.4191677	0.17630805	0.16570646	-0.23343182	-0.39483923	-0.6184131	-0.99100703	0.70369375	0.23843749	-0.019745855	0.06434477	-0.7038371	-0.50449526	0.0039336463	-0.2671009	0.26289725	-0.34135067	0.03416247	0.5373593	1.3930079	-0.717841	0.42607668	0.70382273	0.4866057	0.08107092	0.13081343	-1.266236	0.09803954	0.28054628	0.28182012	-1.0425178	0.33363524	0.27133498	0.13520914	-0.058431912	-0.38445786	-0.22921057	-0.06696254
0.14200395	0.04462034	-0.00647978	0.28412554	0.19173074	-0.0034739897	0.18892004	0.1419059	0.26163024	-0.16877204	-0.07041552	0.018923918	-0.014614568	0.03646455	0.018753607	0.041228015	-0.13361184	0.00041130537	0.108989775	-0.0555156	0.18045974	0.14171375	-0.03982051	0.11990857	-0.0070914174	-0.043096256	0.01155922	-0.1368379	-0.017672785	0.14915262	-0.30550686	-0.19333075	0.11316904	0.06906272	-0.083374895	0.18120186	-0.31900722	-0.15006807	0.10708439	-0.15054391	-0.42352208	-0.11168699	-0.2113684	-0.3408533	-0.0010540056	0.077869244	0.07851767	0.18134494	-0.0972981	0.1862885	-0.15573958	-0.23537189	0.14984158	-0.10456902	-0.22314203	-0.33126968	0.36620563	0.25318658	0.09468681	0.041695353	-0.159789	0.14315654	-0.25761908	-0.111694485	0.03369236	0.07422732	-0.023849564	-0.09501882	0.050331276	-0.10881049	0.19964927	-0.032611288	-0.04615387	0.10351765	-0.018541817	0.09581343	0.23283343	-0.198699	-0.23887417	-0.09457137	0.10877467	-0.11432898	0.120133884	-0.061185416	-0.13857444	-0.10796492	0.12620969	-0.007147642	0.1642964	0.21444076	-0.14845861	-0.11047531	-0.26378432	-0.024438992	-0.04568157	-0.2531226	0.3110954	0.022260228	-0.10452045	-0.15442678	0.119837664	-0.3252139	-0.11428257	-0.1287874	0.07965475	0.0008535684	-0.055959627	0.11082997	0.18558505	0.16187268	0.0039435094	0.027015269	-0.0071911216	-0.011318942	-0.16213107	0.19271111	-0.14576077	-0.0764142	-0.14744364	0.08777726	-0.13890633	-0.100014664	0.106891684	-0.0369939	-0.11660381	0.020816268	-0.012470353	0.03076389
0.32686996	0.31517646	0.37967473	-0.6899833	0.36227006	0.13139935	-0.23119636	0.6253634	0.74176157	0.33876717	0.3071948	-0.1224508	0.18829565	-0.5456073	-0.014431226	0.6790631	0.39557296	-0.7911425	-0.47009015	0.14280556	-0.61605334	-0.66772187	0.19117637	0.15815231	-0.5573106	0.27442846	-0.16983594	-0.99314207	-0.16308708	0.2635521	-0.62702364	-0.7506991	0.23425311	0.23913117	0.23248617	0.25773367	-0.09665288	0.439517	0.15326935	-0.24390373	-0.5775508	0.641239	-1.2154287	-0.302701	0.6791731	-0.43618762	0.4197443	-0.3138921	-0.23338374	-0.13391837	0.30925763	-0.33082062	-0.0030429715	-0.029762097	0.34941742	-0.4053802	0.5691259	0.46143955	0.2068365	-0.027070757	-0.5501068	0.67553884	-0.2889523	0.60935086	0.31250805	0.15787569	0.4132004	-0.3457466	-0.45374426	-0.15193568	-0.5344765	0.12770829	-0.21244541	-0.34997213	-0.11659679	-0.28676367	0.28781268	-0.26764783	-0.59788877	-0.08347363	-0.09322148	-0.27260178	0.45930856	0.3177737	0.2018618	0.30754757	0.33968592	0.40709567	0.43399432	-0.14197478	-0.34558356	-0.27783844	-0.35027966	0.16061479	-0.18462893	-0.10429177	0.20602277	0.735864	0.49294263	-0.5595415	-0.0010295459	-0.3228341	-0.84837925	-0.10142115	0.24003962	0.40623826	-0.050431177	-0.3954178	0.43250433	-0.26898468	-0.21826062	0.551783	-0.65395	-0.17512159	-0.23592395	0.020823475	-0.31016576	-0.11905525	-0.3004806	0.040533993	0.24315694	-0.6161279	-0.16975021	-0.106467895	0.020743527	0.19176681	0.031177962	-0.08248494
0.5723816	0.16551156	-0.40431142	-0.35724044	-0.22385462	0.20639645	-0.083036125	0.2787565	0.5061305	-0.58276135	-0.0588701	0.28452656	-0.07758658	-0.25147945	-0.2794459	0.5354931	-0.105333254	-1.3004462	-0.4310573	-0.08366265	-0.5222523	0.0668929	0.025598733	-0.36913884	-0.5424392	0.30763787	0.08233128	-0.4180398	-0.13634738	0.120701246	-0.15884422	-0.21320496	0.07867785	0.31717864	-0.2931059	-0.24677628	-0.38171384	-0.5191777	-0.050613463	-0.3326672	-0.057753813	0.022914866	-0.17938091	0.040083855	0.15325598	0.02651253	0.056838382	0.11437644	-0.10533921	0.11079154	-0.43073946	0.05937376	-0.05590904	-0.06457452	-0.046210237	-0.10455191	0.38016722	0.48835006	0.09003447	0.010590039	-0.47713217	-0.1652895	-0.4899782	-0.43979394	-0.16780655	0.37511092	0.008991095	-0.47543994	-0.4176332	-0.79176927	-0.1901438	-0.3491627	0.45753872	-0.29791126	0.29732323	-0.15480378	0.07422336	-0.67221737	-0.120507084	-0.5300246	-0.46367896	-0.62713647	0.4491722	0.17574234	-0.028835164	0.06830731	0.3295511	-0.0011381807	0.0759088	-0.043372042	-0.02021251	-0.2693847	0.1391113	-0.19982673	-0.5099522	0.2517943	0.230261	-0.35400462	-0.14758869	0.19567934	-0.009816639	-0.81195205	-0.25320432	0.3015811	0.4920843	0.065753534	-0.4782565	0.5787296	0.21121009	0.4510398	0.4471453	0.16479555	-0.1661653	-0.16384026	-0.14322548	0.18328597	-0.6997263	0.12516887	0.079997316	0.25270584	-0.2921679	-0.29128885	0.30016685	0.24949417	-0.68703824	0.47284663	0.5640651	0.034761313
-0.018048333	0.13253869	0.059152383	0.115918115	-0.09180779	0.047506094	0.09648567	-0.038565625	0.1716281	0.03912835	0.052208785	0.11409562	0.06807309	0.086497575	-0.054558855	0.082411826	0.15887813	-0.050642908	-0.24383502	0.11501171	0.11827193	-0.15448244	-0.037387848	0.05363022	-0.15442382	-0.014980938	0.047614522	-0.16450739	-0.12546167	0.24774136	0.009330559	-0.050509613	-0.03912898	0.039753027	0.1984707	0.07002644	-0.22720678	-0.073675066	-0.06045918	-0.08639524	-0.18737116	-0.121756814	-0.14289908	-0.1628495	-0.019225428	-0.10689165	0.059217528	0.19883855	-0.007330104	0.18855505	-0.1453106	-0.04201956	0.028769039	-0.12678336	0.080598064	-0.021050151	0.30186567	0.09470629	0.09259709	-0.17236668	-0.30587485	0.12543038	-0.21157992	0.10969842	0.118304	-0.076327525	-0.10706011	-0.05686089	-0.10139699	0.06425381	0.05451081	0.09373797	0.0072456365	-0.105140805	0.04665058	-0.042090934	0.030820552	0.09183954	-0.16900869	-0.083917774	-0.06441239	-0.09662216	0.3280522	0.11832498	-0.21731482	-0.12644997	-0.043181267	-0.021712927	0.19815236	0.11915493	0.1691322	-0.16848506	-0.1016645	-0.17512257	-0.040958688	-0.10687132	0.059280254	-0.04654417	0.068022095	-0.16134155	-0.16756998	-0.24526934	-0.028364234	-0.16168137	0.15761764	-0.06411937	-0.17489254	-0.10137717	0.3017792	0.24102446	0.051706087	0.004508292	0.029336562	-0.040419213	-0.27061236	0.13409023	-0.042310216	0.04794354	0.04981474	0.15115236	0.031740315	-0.0720205	0.41097578	0.043516345	-0.21751033	-0.092773825	0.053596154	0.061440628
-0.13165364	-0.27532318	0.6383685	-0.45911026	0.15930326	0.0022087914	-0.00091636693	-0.29161572	0.9768899	-0.17069702	0.786277	0.395904	-0.53185314	-0.32322535	-0.38152036	0.10930752	0.6029564	-0.17296611	0.10719064	0.24995676	-0.52547324	-0.80894446	-1.0190772	0.26735672	-0.66840297	-0.29615638	0.16165948	-0.40755013	-0.121839695	-0.48389772	0.6884584	-0.72987413	-0.005219583	-0.09961183	0.47247204	-0.5854357	0.30279896	0.6229923	0.867335	0.14756657	-0.13417685	0.44557258	-0.4814643	0.2668006	0.7526518	-0.29431	0.6898498	0.52683896	-0.23933096	0.21056892	-0.3250286	-0.10724262	-0.1724693	0.09350759	-0.20532139	-0.12877314	-0.15981455	-0.23461357	-0.09409539	0.111573555	-0.26031527	0.4930582	-0.54418296	0.16661416	0.21894087	-0.8594395	-0.3947412	-0.6080802	0.52284694	0.29300728	-0.8314725	-0.037219215	0.09504594	0.091059394	-0.15088713	0.1680864	0.9771052	-0.2980018	0.19572452	0.14938879	-0.39035287	-0.31364205	0.1739445	1.0675972	-0.2570185	-0.471646	0.40746188	0.30425662	0.3500556	-0.06845886	-0.014633225	-0.6567895	-0.28536412	-0.62814015	0.41965193	0.35323033	-0.2153143	0.5472091	-0.20415176	-1.0853231	-0.21098576	-0.716825	-0.47787255	0.6623416	-0.2267922	0.33924747	-0.25482258	0.0589347	-0.055865925	0.21906601	0.51662016	0.76641506	-0.052712634	0.07674043	-0.34946704	0.1407956	-0.21782443	0.10476945	0.1819793	0.65235794	-0.46016183	0.078951955	0.53907067	-0.09610146	0.22673655	0.29943705	0.5321091	-0.025863605
-0.18325987	-0.14370576	0.5405509	-0.49132606	0.05527577	-0.07579184	0.40402868	0.7346053	0.23661698	0.105318494	0.35333404	0.56617445	-0.46156695	0.38589615	-0.5151777	0.10018458	0.7983165	-0.15834846	-0.35399243	-0.232059	-0.08267825	-0.55091697	-1.3370264	-0.16844039	-0.16161291	-0.19882889	0.22401945	-0.23193723	0.09140163	-0.41451347	0.24943382	-0.63354945	-0.41108763	0.31492501	0.8635863	0.17767541	-0.13872167	0.8328036	0.2098136	0.27188218	0.39729503	0.5886697	0.048563987	0.3097106	0.17409104	-0.5670719	0.5669921	0.53363436	-0.18237025	0.37832946	0.14900725	-0.35456666	-0.16170475	-0.041499175	-0.03292135	-0.45122543	-0.08726381	0.112652466	0.49890798	0.1869415	-0.14366458	0.8520583	-0.7477081	0.2878664	0.39370462	-0.27408376	0.15432942	-0.14832237	0.27178508	-0.015430087	-0.2628043	-0.20886974	0.019712478	-0.18345049	-0.15735374	0.44053224	0.49705338	0.22273272	0.17549227	0.12572904	-0.014527413	-0.2817446	-0.01979837	0.8664729	-0.69291633	-0.16252394	0.285402	0.4288961	-0.48253486	0.21485634	-0.16347729	-0.5663718	-0.15028979	-0.11220301	-0.24659625	0.45719227	-0.07211986	0.07943725	0.08160905	-1.2704033	-0.23942727	-0.7997271	-0.47395417	-0.09440533	-0.023691611	0.44691494	0.12109185	-0.18381996	-0.2987209	0.481071	0.13095774	0.83578604	-0.23555852	-0.24348085	-1.1378334	-0.15011075	-0.14143269	-0.49836615	0.53206134	0.19106151	-0.58575535	-0.512005	0.52849126	-0.2442584	-0.012473866	0.65690845	0.49212003	0.036489397
0.1375053	0.1848745	-0.13239807	0.09631058	0.19203995	0.027487807	-0.032079827	0.43693167	0.48640913	0.10572094	-0.1307196	0.16154554	0.07847605	0.09741084	-0.070934325	0.11815087	-0.06837873	-0.07652348	-0.1707907	0.32343423	0.05129306	-0.18827072	-0.19246201	0.08078678	-0.28880668	-0.23423064	-0.11624478	-0.19145077	-0.18112282	0.1562186	-0.12051906	-0.21699013	-0.07745538	0.101313226	-0.1689232	-0.17818516	-0.12043206	-0.2782951	0.077526465	-0.028149098	-0.16830738	-0.10315516	-0.3548438	0.060834818	-0.012814978	-0.16473499	0.049818628	0.3424849	-0.16016236	-0.1340337	-0.13631536	-0.35219783	0.09308496	-0.036414657	0.01549235	0.034320097	0.2605349	0.11308161	0.09550212	-0.09441635	0.096695594	0.0063341614	-0.1556353	0.029829752	0.14851387	0.06917268	0.00026111488	0.07063473	-0.047881473	-0.19563697	0.123838626	0.005349195	0.18760602	-0.101752505	0.25644276	-0.12996216	0.038623843	-0.065422215	0.09470889	-0.022759916	0.03305037	-0.17521846	0.10450232	-0.102374546	-0.16030842	-0.18632828	0.30047858	-0.05967897	-0.011935942	0.12633261	0.17015278	-0.15856156	-0.15560877	-0.0440184	0.23926413	-0.060943898	0.14453757	-0.1463262	0.10864215	0.04391308	-0.07700623	-0.15966381	0.008388808	0.14361979	0.021423781	0.015386063	-0.09993046	0.1575339	0.058860656	0.22759548	0.011014113	-0.0028358675	-0.06645602	0.15280898	-0.12397017	0.055460274	-0.19157706	0.2714189	0.09651794	-0.17420024	-0.06993566	-0.11810792	0.080839515	0.1573814	-0.2098301	-0.010938344	0.012519704	0.10404402
0.41782734	-0.7637242	0.2653684	0.38351482	0.037368987	-0.1985068	0.32321146	-0.17304681	0.8480479	0.09678662	-0.0034431252	0.3471044	-0.31079853	0.30608216	-0.04089882	-0.32760698	-0.3767701	-0.48214343	-0.08834689	0.19791421	0.22032778	0.16719149	-0.34603637	0.46829894	-0.99032867	0.048086785	-0.25278074	-0.08040345	0.2436002	-0.064074025	-0.4382082	-0.681048	0.04547144	-0.036843847	-0.6859995	-0.64999217	-0.60915667	-0.9397377	0.4560102	-0.14417347	-1.0739609	0.03253686	-0.8683601	-0.31441796	0.14482117	-0.15380023	-0.07500753	0.6880619	0.03626382	-0.06175185	-0.6122762	-0.09760498	0.32171947	-0.27843553	-0.33987516	-0.3998622	0.79863316	0.441771	0.07860152	0.4132675	-0.3605571	0.3510335	0.18679868	0.31956676	0.23499055	0.29082185	0.04945728	0.13264222	0.1342061	0.25807592	-0.022118397	-0.40804577	0.2280126	0.030559475	0.36861315	-0.22538766	0.10049246	-0.2626851	-0.055606764	-0.38660535	-0.23069282	-0.67343926	0.38200384	0.08783314	-0.34162715	-0.095779605	-0.1872525	0.121934175	0.59388506	0.4054775	0.2777087	0.19722076	-0.376497	-0.022066502	0.29120773	-0.53797346	0.29614767	-0.04218698	-0.24407642	-0.16934955	0.44181263	0.10826508	-0.4233452	-0.08409743	-0.17358616	0.23269768	-0.41510418	0.029934675	0.52321553	0.21977916	0.6044835	0.35358304	-0.059077583	-0.0507657	-0.31359896	0.5234359	-0.560619	0.13561021	0.7830535	0.20190501	0.120164596	-0.21840194	0.08060556	0.56467456	-0.27275926	-0.26241717	0.20058571	-0.015307717
0.07062457	0.11084739	0.5186723	-0.5969652	0.22727859	0.2589966	0.37249178	0.25490135	0.29506314	-0.2331935	0.3657405	-0.036714554	-0.36074704	-0.2840693	-0.5142223	0.07738147	0.55157226	-0.3220368	-0.45162627	0.06936233	-0.26338965	-0.4547154	-1.0035061	-0.3090275	-0.54065526	-0.33493644	0.15775669	-0.099345416	-0.23091634	-0.44893676	0.29957095	-0.5154313	0.16491415	-0.21423703	0.6463485	0.29640627	-0.0006439467	0.91959274	0.43528184	-0.20677684	0.19217588	0.39876056	-0.2072343	0.20968689	0.30608857	-0.2294218	0.4072896	0.31327772	-0.07086363	0.49322495	0.28147238	0.09612308	-0.4284725	-0.11717027	-0.13657025	-0.28088975	0.1389711	0.052540164	0.13598733	0.30210027	-0.12048569	0.8239127	-0.7294151	0.27011368	0.34630433	-0.4802152	0.08831934	-0.64068633	0.37285212	0.040351108	-0.5214925	0.29565	0.03147463	-0.2962367	-0.23791267	0.64806044	0.69790155	-0.45187333	0.24349734	0.3231939	0.15627228	-0.47763547	0.37529126	0.98607135	-0.48329642	-0.14227228	0.3702766	0.28535262	-0.008983029	-0.3103099	-0.10522144	-0.50919974	-0.2733559	-0.28493232	0.024254428	0.39554814	0.00013916295	0.2936055	-0.17104799	-1.342964	-0.12823913	-0.6137957	-0.2782956	0.3505595	-0.104825705	0.19057767	-0.20981103	-0.34700254	-0.24307619	0.6432765	0.44317323	0.47359073	-0.0002733319	-0.04901729	-0.7487805	-0.07184883	-0.38992932	-0.19983047	0.3607308	0.3867288	-0.67340887	-0.3648607	0.7491136	-0.2883123	0.065522894	0.7701373	0.5114536	-0.08334232
0.120917775	0.05429551	0.11429024	-0.12661949	-0.069970295	0.14648065	0.39668593	0.20551398	0.11698481	-0.09027039	-0.007272774	0.0049965205	0.063798	0.16552582	0.19220465	-0.017653419	-0.10895072	-0.1818641	-0.45380825	0.12533101	0.15454076	-0.26537624	-0.115053475	0.004460825	-0.36804506	0.38283667	0.12338448	0.093893796	-0.046240374	0.16503875	-0.060623582	0.22551185	0.16140398	0.042312853	-0.048296817	0.20202954	-0.06634819	-0.23726824	-0.009775475	-0.20433895	-0.40760526	-0.00965022	-0.39506915	-0.17010003	-0.12984565	-0.04692406	0.07620731	0.0014912838	0.017374331	0.13855346	-0.31039965	-0.14827287	0.087600976	0.07986625	-0.0070255194	-0.1320393	0.33422497	0.117526755	0.37956208	0.12964001	-0.13262358	0.13593611	-0.21350227	0.12698415	0.007824733	0.13571744	-0.15147538	0.22249016	-0.21251951	0.012850144	0.078138724	-0.047912594	-0.090907276	0.0357178	0.2565258	-0.23030996	0.09950474	-0.062517874	-0.18290405	-0.16423818	0.14784694	-0.30061027	0.13821636	0.34509078	-0.16152388	-0.37326288	-0.05356342	-0.13497183	0.26260087	0.017448982	-0.04694406	0.010718226	-0.35925275	0.004491612	-0.10185094	-0.022429794	-0.0072416915	0.04036217	0.19048448	-0.027209725	0.043253165	-0.11926213	-0.071341395	-0.29959288	0.29189962	0.0024762799	-0.109020256	0.18485983	0.10570857	-0.021553654	-0.16955994	-0.14458235	0.0008015536	0.13008967	-0.36418444	0.34659576	-0.28623548	-0.113937184	0.14883932	0.0721226	-0.014447863	-0.20901424	0.21175106	0.0086151995	-0.20060113	0.18104011	0.13609245	-0.01299005
0.0048915157	-0.024323286	-0.012702889	-0.032785505	-0.041341305	0.14362	0.19545077	0.13264273	0.08958539	-0.06192025	0.06483009	-0.006916367	0.046368856	0.087092414	0.013083867	-0.012236206	-0.1035771	-0.1521467	-0.2507404	0.060144935	0.12521681	-0.12079639	-0.1117013	-0.006239817	-0.21950805	0.07228074	0.04913243	-0.02167829	0.0030752462	0.073173635	-0.028733594	-0.036143415	0.07166656	0.0035790592	-0.03868633	0.07673674	-0.10850025	-0.09874979	-0.048309598	-0.19016318	-0.26019973	-0.02121301	-0.3046629	-0.023546522	-0.1327995	-0.08823247	-0.03236658	0.052930325	0.0409304	0.062061414	-0.17847012	-0.016172623	0.01912082	0.10558078	0.006159385	-0.011624293	0.060814798	0.005978624	0.20501542	0.03946049	-0.12760955	0.039016422	-0.039152842	0.09534867	0.00047517993	0.07581806	-0.082723886	0.09295055	-0.07105477	-0.03558801	0.19043805	-0.022399701	-0.07315964	-0.072490044	0.21441674	-0.056794345	0.10842225	-0.037215784	-0.060080245	-0.06879689	0.16752559	-0.21274313	0.07778122	0.1506513	-0.11996498	-0.141977	0.0091877235	-0.060467474	0.05855243	0.043345146	0.085410014	-0.0892561	-0.22082469	-0.06181392	-0.06471797	-0.04035983	0.02132512	0.08019668	0.07602795	-0.098086275	0.024649115	-0.06562953	-0.087460086	-0.16913444	0.13695137	-0.008105955	-0.0638091	0.07203069	0.04267685	0.012825797	-0.052351452	0.024975117	-0.012680867	-0.047484882	-0.12435256	0.1546274	-0.15763262	-0.052692402	0.049138192	0.13320358	-0.042508684	-0.10428442	0.14066727	-0.025703263	-0.12053502	0.058722306	0.08232283	0.000106847525
0.16488892	-7.328414e-05	-0.050675727	0.037740357	0.18209282	0.09701686	0.08656213	0.055584945	0.18075824	-0.078599766	0.029870732	0.0574109	0.033070985	-0.004050939	-0.020417053	0.18454766	-0.10178436	-0.104254715	0.08548502	0.25144872	0.01611522	-0.08911979	-0.07736213	-0.042654943	-0.04912144	0.03396225	-0.24935357	-0.10617809	-0.12058044	-0.13480097	-0.11427436	-0.17093977	0.2630411	0.02775442	0.09573388	-0.069246724	-0.065198064	-0.1798714	0.16873795	-0.05723958	-0.1768191	-0.005062012	-0.2043248	0.114586845	0.07658717	-0.2211098	0.110582136	0.12244654	-0.19125059	0.016894542	-0.011608909	-0.118941575	0.09213211	-0.19899814	-0.08178944	0.0472948	0.17096749	0.11185797	0.003942731	-0.063231006	0.03430972	0.08372687	0.008239867	0.12768833	0.037387088	-0.062404245	-0.022451572	0.24702404	0.106277145	-0.026358504	-0.0012919545	0.021069458	-0.021893386	-0.034363873	0.16456962	-0.015413802	-0.04153493	-0.0059442255	-0.16323403	-0.026821785	-0.28151634	-0.26033348	0.17839065	0.1280221	-0.07226879	-0.12662289	0.05920914	-0.018613003	0.2987464	-0.051033452	0.2467564	-0.19033001	-0.41030458	0.04590931	0.0047854516	-0.041404203	0.06006426	-0.016025461	-0.1071287	-0.10620979	0.062123887	-0.26781908	-0.14784285	0.11146079	-0.050383963	0.056567762	-0.10695698	-0.14671935	0.32315475	0.23515588	0.0015336233	0.13824615	0.13096797	0.14337267	-0.10751273	0.025835846	-0.16388042	-0.044954363	0.1500399	-0.073900074	-0.005990091	-0.04529194	0.13733514	0.0050696847	-0.25006646	-0.28293058	-0.05732041	-0.061217505
0.20621845	0.010288874	0.46311286	-0.6174835	0.17392401	0.2055623	0.11045515	0.3048485	0.20205238	-0.14192706	0.45624697	0.10981892	-0.59946936	-0.34113717	-0.36282077	0.0152386585	0.33823183	-0.46730813	-0.40427598	0.14598201	-0.37259486	-0.29195026	-1.157767	-0.103783526	-0.44673026	-0.27212107	0.07144503	0.014025957	-0.18870248	-0.5230093	0.41386083	-0.5511087	0.004529524	-0.25793785	0.6590516	0.21553151	0.08337059	0.9166435	0.59795856	-0.023519238	0.17559497	0.31144702	-0.18636362	0.36209232	0.50132334	-0.40508974	0.4618606	0.58361375	-0.15601943	0.37294617	0.3811677	-0.15395613	-0.2615826	-0.24617141	-0.066544324	-0.34472516	0.09289614	0.19693786	0.08358195	0.21574739	-0.062707014	0.98337823	-0.9375964	0.33135575	0.26031333	-0.5651848	0.1786523	-0.53533846	0.22659898	0.103888445	-0.7155499	0.38861194	0.11204908	-0.347736	0.06159938	0.6273372	0.6311192	-0.447724	0.2756768	0.40548894	0.043593828	-0.29521978	0.34273288	1.062123	-0.45691463	-0.25056067	0.50294155	0.33174387	0.12458652	-0.34520325	-0.13947901	-0.5870693	-0.28360578	-0.55936056	-0.28938934	0.29050532	-0.22532637	0.4387827	-0.28958988	-1.3352733	-0.28909898	-1.0203964	-0.29742053	0.31586865	-0.06097139	0.14503333	-0.16771029	-0.2707097	-0.23047784	0.61854875	0.44561076	0.55376947	0.112128615	0.12698285	-0.97436136	0.23311244	-0.4705834	-0.12726192	0.38955915	0.3274238	-0.76035887	-0.3859628	0.81483704	-0.3630703	0.11049686	0.8997955	0.5184569	0.029233834
0.07768584	0.13038586	-0.17217529	0.070631854	0.15990543	0.21044305	0.050777026	0.17856039	0.21026698	-0.13323994	-0.1283503	0.2678607	0.040286846	-0.23484515	-0.15906473	0.26397336	-0.26098388	-0.3380015	0.05266895	-0.041311394	-0.008583358	0.039480258	0.20119363	-0.058281496	-0.32858637	-0.045980193	-0.23761128	-0.4605451	-0.14924347	-0.1961398	-0.30974057	-0.36087427	0.33097273	-0.26284125	-0.079142265	0.13786253	-0.48697537	-0.22975591	-0.062619105	-0.24617846	-0.34389886	-0.2757382	0.0041938084	-0.29194134	0.09358735	-0.121489175	0.00026450318	-0.031298302	0.019171905	-0.23703334	-0.061719246	-0.3119543	-0.15826117	-0.0189943	0.060758952	0.028912105	0.20511463	0.23271565	0.2865257	0.16490212	-0.2231661	0.25267568	-0.18757685	-0.056177177	0.14694406	-0.16755317	-0.31822705	-0.11404061	-0.18210553	0.049347572	0.034647673	-0.011592357	0.11151828	-0.15481876	0.1471536	0.17069645	0.02069223	-0.2680623	-0.03208066	-0.009812278	-0.10579512	-0.62437266	-0.033440605	-0.021945562	0.15154028	0.021015005	0.1450695	-0.14927097	0.46285093	0.0033366862	0.13306509	-0.016607035	-0.08154565	0.11917162	-0.36612117	-0.20959556	0.040319134	0.11693762	-0.13571627	-0.2624562	-0.03413504	-0.39574903	-0.4064334	-0.08204465	-0.12944536	-0.043551005	-0.07849621	0.038144834	0.24942632	0.11067167	-0.1522331	0.14031695	-0.08813494	-0.14214496	-0.0780538	0.059184767	-0.12712367	0.06363927	-0.0123074455	0.17472094	0.09242524	-0.12560588	0.14236772	0.44978678	-0.17330891	-0.049233705	0.03993584	-0.27354544
0.038083125	0.092940345	-0.37072667	0.044165466	0.6781126	0.037176702	-0.03654167	0.81697583	0.5215347	0.2960564	-0.25886106	0.31749135	0.31274238	-0.031616926	-0.27531675	0.25124913	0.25451997	-0.3873825	-0.25108737	0.19377357	-0.18449375	-0.36157677	-0.18033978	0.10993512	-0.8085039	-0.1956385	-0.06507712	-0.34592047	-0.25998908	0.09365362	-0.15293708	-0.082589656	0.07628482	0.31459314	0.07898507	0.27607322	-0.57320714	-0.62117344	-0.21522407	-0.32504046	-0.3789106	0.10588629	-0.34541708	-0.22514905	-0.010203474	-0.0073363683	0.38796982	0.17651221	0.07085138	0.2658523	0.19294581	-0.4480038	0.49419913	0.038646933	0.15046424	-0.75069964	0.7591766	0.5571195	0.063865	0.34308845	-0.8608309	0.4072389	-0.45772374	0.44039613	-0.09518107	-0.06740718	-0.16080986	0.21504392	0.043588668	0.4325448	-0.017809529	0.45451605	0.08499069	-0.19951475	0.45455706	-0.2395262	0.010013099	-0.5927854	-0.07311569	0.4305882	-0.12968023	-0.36090684	0.4862915	-0.02065216	0.04821296	-0.18349843	0.21661316	0.10217515	0.17264062	0.02026686	-0.092922635	-0.10570595	-0.25961068	0.095123276	0.019217543	-0.09280191	0.1084496	0.18556379	0.18583205	-0.22529803	-0.2879205	-0.76830596	-0.30680263	-0.3132106	-0.16390179	-0.34267455	-0.039525747	0.20010181	0.21377997	-0.037420038	-0.25438043	-0.23078988	0.35627884	0.016948925	-0.0052528004	0.1386724	-0.29131675	0.26108417	-0.19675002	-0.06886024	0.4321226	-0.577794	-0.44391447	-0.3598008	-0.17827672	-0.0310281	-0.093722254	-0.21912044
0.21911429	-0.14108835	-0.3306097	-0.5934261	0.29617956	-0.018456168	-0.12730585	0.13589028	-0.23075074	0.15272683	0.14518328	0.13286251	-0.31920844	0.003150439	-0.03983881	0.1798601	0.49840838	-0.09837775	0.038155776	-0.30686513	-0.51694787	0.020441497	-0.63428205	0.575174	0.057759613	0.12607189	-0.049810242	-0.17744657	-0.45095828	-0.78677315	0.27371377	0.061493013	0.25721624	-0.015965594	0.53345215	0.50302154	-0.79204947	0.83490694	-0.028790621	0.32674438	-0.2015382	0.7151349	-0.44218343	0.028237581	0.25071183	-0.88061684	-0.12848641	0.58564967	-1.0047003	0.048946198	0.108232014	-0.007980214	0.3613153	-0.953384	0.117768854	-0.7189844	-0.21161947	0.39068577	-0.5514263	0.30970746	0.03908028	0.41833788	-0.47301742	0.5839497	0.27633426	-0.24135254	-0.14524382	-0.2234221	-0.2735017	0.82885814	-0.57889926	0.35868785	-0.060319915	0.021849455	0.1463033	0.8321992	0.46670467	-0.17364618	-0.56917024	-0.04717064	-0.2778212	-0.5986978	0.5604347	0.7768713	-0.04397472	-0.50507516	0.23249054	0.04909675	0.8672059	-0.13808699	-0.18543254	-0.53961974	-0.043503944	-0.47631037	-0.3792007	0.13240658	-1.1700759	0.116060145	1.1206374	-1.6301575	-0.44694695	-0.43556532	-0.80438197	-0.034099262	-0.08400902	-0.36716664	-0.47525096	-0.74111605	0.3924219	0.5734013	-0.022110444	0.093838185	-0.096288204	0.31844825	-0.47841662	0.33699694	-0.37927595	0.01904634	-0.2279099	0.36293292	-0.24583673	-0.27128494	0.49762404	-0.15596463	-0.16512401	-0.17078322	0.39679667	0.24124837
0.15513773	-0.029897755	-0.081231214	-0.05982481	0.22454761	0.006748728	0.042647116	0.17069	0.121151894	-0.18855852	0.188358	0.016867798	-0.004449898	0.030303428	-0.05269879	0.17222854	-0.052958444	-0.17665125	-0.11937525	0.15980208	0.01940274	-0.04811631	0.005612859	-0.021208076	-0.014422782	0.047662083	-0.22247252	-0.12628295	0.018639615	-0.16363184	-0.1054274	-0.09574338	0.032369457	0.15958391	0.028476005	0.16132198	0.033174466	-0.15007149	0.09070467	-0.24428082	-0.14477153	0.005257773	-0.094999894	-0.076585926	0.10930072	-0.16268672	0.089718185	0.09661591	-0.095533594	-0.02236785	-0.07142761	0.0791204	0.23026921	0.07687953	-0.052842434	-0.15779142	0.21609206	0.2001486	-0.058691055	-0.103416786	-0.052151673	-0.070539355	0.0049793697	0.082484886	0.014128426	0.0415483	0.042976152	0.04046496	-0.082411535	-0.23236679	-0.065829925	-0.014172413	0.06983924	-0.22043034	0.03149827	0.032246202	-0.077211164	-0.19284897	-0.055741325	-0.12347278	-0.114383705	-0.37011027	0.11423823	0.05590832	0.09194392	-0.12572856	0.1995047	-0.005022754	0.08084402	0.08594581	0.019180637	-0.02566379	-0.14960732	0.04031865	-0.09178773	0.0018496508	0.042287678	0.097781785	0.061350007	0.029525358	0.02370396	-0.14721657	-0.2685753	0.064264044	0.0066395667	0.112225346	-0.14242423	0.10636298	0.20469841	0.1627275	-0.09925391	0.21918418	0.008586824	-0.02116372	0.14232604	0.13189796	-0.18505552	0.005619598	-0.11601346	0.10057288	-0.122446746	-0.01851265	-0.055307373	0.026007166	-0.07077036	-0.08665728	-0.06372557	-0.054153733
0.5443265	0.2878879	0.46153048	0.3263703	0.11815925	-0.4519738	0.19806637	0.33657682	0.46007857	-0.15751286	-0.55501145	-0.045179874	0.5997467	-0.05390146	-0.6852052	0.57974565	0.56469494	0.29263645	-0.6309172	0.3477465	0.55278873	-0.2312512	0.37408262	0.5496084	-0.24142794	-0.0102762375	-0.2656474	-0.4798658	-0.0058575748	0.078903325	-0.1918851	-0.4130921	0.16101274	0.38426784	0.36990458	0.17690633	-0.37019512	-0.80736315	-0.4226474	0.06306942	-0.29999983	0.64127964	-0.79325885	-0.030748473	-0.36442316	-0.008248028	0.015683804	0.5149526	0.48756298	-0.030878408	0.37037608	-0.08560875	0.405175	0.1823189	-0.24759637	0.45560798	1.170746	0.44364026	0.11524825	-0.23006597	-1.1454604	0.39176714	-0.36295667	0.17339899	0.12373132	-0.506421	-0.48182	-0.41679034	0.15868951	-0.050355326	-0.16676824	0.5699102	0.046494637	-0.04985905	0.012382913	0.16045038	-0.62133497	-0.28384086	-0.061446615	0.73648626	-0.2627005	-0.009727847	0.9819224	-0.018450014	-0.9938156	-0.26324415	-0.00044240683	-0.23060045	0.10032139	0.23363312	-0.912042	0.034415748	-0.4488723	-0.34753403	0.26307374	-0.09916546	-0.1580245	-0.4653244	-0.3303774	-0.84053844	-0.28846142	-0.6059211	-0.13980803	0.033103768	0.4261214	-0.030764632	-0.15503098	-0.35166007	0.691533	0.1426935	-0.14900842	-0.2717116	-0.15765141	0.25773343	-1.3067987	0.13818377	-0.43892124	-0.43358198	0.7821918	-0.06908904	-0.062118247	-0.19235134	0.72722566	-0.12939155	0.19338109	-0.011657581	-0.01809706	-0.057102602
0.565904	0.16603494	-0.48020056	-0.38711432	-0.23726703	0.18314959	-0.0990268	0.30474055	0.45943087	-0.577693	-0.027391296	0.2692846	-0.10918352	-0.24212867	-0.29662842	0.51561064	-0.045254104	-1.3202131	-0.415753	-0.07893986	-0.49796999	0.030079944	-0.03387702	-0.34932905	-0.49594158	0.22245172	0.07518843	-0.37639758	-0.1641045	0.13744858	-0.14746325	-0.26331386	0.15416689	0.3318767	-0.33182216	-0.23101363	-0.3071692	-0.3988452	0.0016091705	-0.310563	-0.107118525	0.0014550705	-0.15715672	-0.012947038	0.20226195	0.02052368	0.0798646	0.10216966	-0.12581286	0.10019903	-0.47366443	0.10764008	-0.028351508	-0.10321687	-0.049237926	-0.19450577	0.3379312	0.4910464	0.10098088	0.055773318	-0.45679736	-0.1543437	-0.45210803	-0.4527465	-0.19048536	0.3266922	-0.0069647497	-0.46829447	-0.3931608	-0.78961074	-0.20983566	-0.34959003	0.48195896	-0.28645203	0.3119693	-0.12681654	0.05217993	-0.6803565	-0.13339962	-0.54513496	-0.4839321	-0.6249828	0.5077792	0.19207878	0.0078835385	0.06540956	0.33993778	-0.033892747	0.16981415	-0.06811296	-0.038279112	-0.28124225	0.06894524	-0.2124891	-0.54278314	0.2951697	0.18778509	-0.32995147	-0.08545596	0.16890444	-0.07805656	-0.78568363	-0.20108192	0.31151605	0.4122749	0.069792554	-0.4937424	0.56019866	0.20654158	0.45215732	0.41987544	0.14697038	-0.18492858	-0.1687458	-0.16528584	0.25446033	-0.70440674	0.09678784	0.04549026	0.30197248	-0.37396386	-0.2723978	0.2900601	0.19941974	-0.72460663	0.46881312	0.5669937	0.045316298
0.2505828	-0.20706084	-0.045078352	-0.07180114	0.027042663	0.032981824	-0.0701421	0.00785962	-0.106722504	0.021520028	0.4014782	-0.11164655	-0.8668023	-0.23884794	0.44217342	0.20196655	0.23795317	-0.116406396	0.0868433	0.061378367	-0.32681242	-0.31545314	-0.7957582	0.31640515	-0.055257414	-0.03532773	0.13195157	-0.34789622	0.012653933	-0.5008098	0.5724609	-0.12371085	0.34434307	0.1908173	0.68111795	0.2487545	-0.14853404	1.1087208	0.48119485	0.43774328	-0.42165002	0.39902776	-0.4582554	-0.12546219	0.16695161	-0.89236397	-0.2815651	0.8139399	-0.70120865	0.1150064	-0.3604701	-0.031159192	0.1618321	-0.29169086	-0.20085363	-0.72117245	-0.04300737	0.30803823	-0.3845207	-0.121136725	-0.12976901	0.7268951	-0.23120005	0.115681626	-0.131121	0.45898938	0.24513842	-0.19577365	-0.87238157	0.4698764	-0.96476924	0.33437204	-0.14903444	0.41372523	0.102329455	0.456546	0.35393816	0.3685511	-0.2744704	0.7544161	-0.52574605	-0.5262282	0.5213011	0.6170978	0.14976305	-0.7258229	0.60901433	-0.3909309	0.2193305	-0.002085064	0.16724406	-0.67253053	-0.47552142	-0.4861267	-0.5540304	-0.39901534	-0.51722425	0.4133678	0.6136382	-0.6652094	-0.47000536	-0.29517984	-1.1744657	-0.48144302	-0.026544062	-0.1799885	-0.44686085	-0.058339994	0.16707446	0.6721892	0.24831606	0.6190014	-0.57969487	0.4715939	-0.4414692	0.20730565	-0.526415	0.1532196	-0.20080692	0.4569288	-0.2922755	0.2878527	0.7018321	-0.11163028	0.47375226	0.19568364	0.22500527	0.4259484
0.5827592	0.15405913	-0.4288382	-0.40354	-0.24207751	0.20498225	-0.10520777	0.27146992	0.46714965	-0.5867036	-0.038620096	0.2763847	-0.15673843	-0.24612765	-0.24912989	0.49866432	-0.038573485	-1.3380527	-0.42423654	-0.038245186	-0.5035152	0.03295501	-0.05334449	-0.3182848	-0.5071958	0.25778946	0.054605607	-0.3871637	-0.16369928	0.08732243	-0.18478572	-0.27935073	0.15343814	0.33193377	-0.30633345	-0.25444728	-0.33395886	-0.39862585	-0.0066877697	-0.28504387	-0.1651288	-0.02809645	-0.18188325	-0.01651653	0.19065838	-0.030271905	0.107845634	0.109285004	-0.18242869	0.117209435	-0.50244063	0.12492809	0.011844023	-0.09201243	-0.06376036	-0.20229925	0.38372615	0.52458066	0.120602116	0.035997026	-0.44339254	-0.16650152	-0.4295715	-0.4207629	-0.20375063	0.34483603	-0.0060851495	-0.45550394	-0.39640564	-0.7469934	-0.2302677	-0.3415321	0.5143789	-0.30522782	0.31560802	-0.13609822	0.0612187	-0.67513806	-0.12388166	-0.5391179	-0.49372038	-0.6147976	0.48968303	0.14463398	-0.006213509	0.07133067	0.33078814	-0.0058934614	0.16760676	-0.05553834	-0.025724363	-0.2643796	0.028326128	-0.22697225	-0.5376943	0.27649525	0.19301723	-0.31195676	-0.06940719	0.19257668	-0.038594592	-0.76747483	-0.22444014	0.29988417	0.43608463	0.033012263	-0.49841633	0.5460291	0.1878588	0.42346996	0.42319918	0.16976142	-0.18610744	-0.20194687	-0.15205903	0.25828934	-0.70379686	0.080487914	0.061940093	0.31998622	-0.3660841	-0.28245834	0.27238795	0.22355863	-0.6929797	0.4612745	0.58480734	0.04314193
0.19730619	0.07073646	-0.022143893	-0.013214298	0.028311556	0.17556311	0.12966076	0.15283476	0.05465148	-0.16254723	-0.12336229	-0.003685654	-0.043865945	-0.025966605	-0.08252489	0.05940519	-0.08233758	-0.16915908	-0.040725593	-0.042387977	-0.035472304	-0.052322816	0.010171008	-0.06181681	-0.16953589	0.09121649	0.021825915	-0.15367496	-0.006052354	-0.033231802	-0.15794198	-0.041588306	0.057087008	-0.039933335	-0.074506156	0.054466363	-0.21475555	-0.060470864	0.005194404	-0.060030974	-0.066815	-0.121046774	-0.006806956	0.00070195954	0.022422258	-0.076654024	0.0921453	0.013621543	-0.061621998	0.084754206	0.04218243	-0.061438713	-0.08318747	-0.005559817	-0.040851347	-0.031152295	0.024876064	0.079616696	0.109297104	0.09910771	-0.069060594	0.10430009	-0.07983228	-0.044718485	0.029650792	-0.09938843	-0.10725891	0.034079455	-0.05907683	0.012236448	-0.014227671	0.011945951	0.10556386	-0.107723035	0.076736875	0.09850002	0.052477047	-0.05208998	0.051324055	0.013880246	-0.068549186	-0.11277816	0.0993113	0.020242058	-0.025572719	-0.08046582	0.07101269	-0.045620162	0.073126175	-0.038238894	-0.047555253	-0.018305158	-0.04842391	0.084298536	-0.1576132	-0.09640891	0.051699486	-0.05376366	-0.08653842	-0.14796363	-0.004042812	-0.13560496	-0.091428615	-0.07058708	-0.028460493	-0.0022271378	-0.11057048	0.04975911	-0.0009294944	0.055211894	0.14190729	0.09052989	0.03431987	0.07929481	-0.1313339	-0.049734797	-0.041249644	-0.014637646	0.10261191	0.15307476	-0.00850951	-0.08230107	0.12582216	0.17557643	-0.15342705	0.0059912847	0.11307961	-0.043677576
0.25344095	-0.08444579	-0.42690024	-0.1756622	0.4413122	0.0037452094	-0.20451012	0.30093694	0.42609754	0.14040203	0.058129054	-0.03684087	0.3523879	-0.07352762	-0.2575056	0.41925788	0.025182722	-0.38788283	0.20338802	0.4326846	0.17264535	-0.24834919	0.00144406	0.20849814	-0.14451009	0.4694506	-0.40462494	-0.11174774	-0.19862024	-0.18666355	-0.06570805	-0.37273338	-0.15523066	0.22893643	0.19145757	0.07625159	-0.18137197	-0.30288726	0.48238516	0.06619979	-0.28204778	0.16097817	-0.18151675	-0.13132378	0.3599671	-0.12897001	0.31085917	-0.22338821	-0.22586444	0.042417012	-0.22240756	0.37762585	0.048989907	0.17567968	-0.16990381	-0.45807397	0.25428936	0.56352293	-0.08402284	-0.4256157	-0.02835341	0.034128163	-0.26185504	0.15678625	-0.3186235	-0.22263287	0.021006446	-0.07480478	0.412854	-0.016399473	-0.5509443	-0.02652308	0.074153855	-0.083426975	-0.011212116	-0.23301682	-0.4963042	-0.4090041	0.010356495	0.13298151	-0.39481956	-0.53365123	0.6213774	-0.027006498	0.14465152	-0.37455523	-0.12027014	0.2978367	0.42085153	-0.104757115	0.18995045	-0.5932104	-0.24563804	-0.25039998	-0.33361045	-0.10231863	-0.034955	0.60515815	-0.058386914	-0.06338143	0.20943029	-0.11028561	-0.6191871	0.14970213	-0.19263454	0.07899383	-0.09396428	-0.015422993	0.5321298	0.40143692	-0.55387366	0.16897032	0.33772346	-0.060224332	0.1802588	0.11159871	-0.46853074	0.0053746062	0.07066053	0.06532059	-0.3054282	0.19724263	0.36219457	-0.2992721	-0.34775656	-0.13229859	0.08508657	-0.44833514
0.006681078	0.20608476	0.019928716	-0.10403858	0.75118494	0.12900734	-0.41941985	0.67106	-0.07080129	0.34460494	0.1834606	0.08352149	0.049387354	0.23558202	-0.00314239	0.4773355	0.37099916	0.15442474	0.057553116	0.3932684	-0.028188504	-0.3215818	0.05208032	-0.41947594	0.024796605	0.5461535	-0.43802848	-0.2547767	-0.02796812	-0.10455138	-0.1571387	-0.22599398	0.075538546	-0.032314945	-0.09552717	0.20152916	-0.23666671	0.21686104	0.3295335	-0.08205453	-0.587333	0.36847985	-0.12637436	-0.10188335	0.47845322	-0.7188985	0.00452513	0.5525461	0.1596868	-0.27787128	0.27061254	0.09415773	0.35650563	-0.34948257	0.29513213	-0.30629772	0.52912617	0.3262094	0.0019793177	-0.15841883	0.039954413	0.14476043	-0.115566924	0.853238	0.22227173	-0.19398732	-0.06250294	0.19209783	-0.17861465	0.47967207	-0.16101167	0.043536354	-0.070454836	-0.24950276	-0.25340074	-0.14475054	0.25006586	0.6585495	-0.47671285	0.24983865	-0.60204935	-0.5456704	0.51740617	0.21253319	0.3335476	-0.52291566	-0.21406215	-0.015255823	0.5859493	-0.17360033	0.15125722	-0.39631426	-0.68402195	0.3541724	-0.6946308	0.1354969	-0.029870313	0.6217473	0.46818024	-0.30012813	-0.018621797	-0.673269	-0.712029	0.24512549	-0.39616433	-0.22002019	-0.060108226	0.1463324	0.41976792	0.19114909	-1.1456006	0.028337821	0.1783825	-0.17669563	-0.05413428	-0.040088374	-0.20921911	0.37491456	0.079425424	-0.152915	-0.33442512	0.14944376	0.35500666	0.38820687	-0.33548662	0.21101038	0.3298954	-0.21791804
-0.0007779689	-0.009251907	0.30611494	-0.19848734	0.65488696	-0.5803676	0.10444928	-0.08137379	-0.29888323	0.0678706	-0.19089322	-0.6342885	-0.025348198	-0.43573725	-0.36873907	-0.53009605	0.55799323	-0.3067987	-0.65812844	0.08735939	0.5013612	-0.07865974	0.37293884	-0.011250232	0.08735305	0.6266457	-0.73045075	-0.0690899	-0.013577281	0.62661487	-0.5827234	-0.067907706	-0.034844793	0.24916318	-0.37984842	-0.05986401	-0.6857089	-0.22690155	-0.80581045	-0.10735015	-0.37277022	0.24811342	-0.61024016	0.5357636	-0.4818986	-0.59426093	0.032618705	0.28066465	-0.40698013	-0.12833244	-0.06762654	0.31809855	0.1097297	0.09446917	0.04476239	-0.38003156	-0.18514453	0.56649977	0.13141507	-0.29494497	-0.22996914	0.16149244	-0.2131925	0.62190706	-0.30428648	-0.39279243	-0.31783414	0.46208978	-0.8243345	-0.253681	0.97888666	0.48890957	0.5499499	-0.6012314	-0.2522523	-0.15759268	-0.43021926	-0.2042336	0.10154723	0.146519	0.17307863	0.4529085	-0.09532006	0.06934224	0.14734122	-0.32961422	0.19389613	-0.16264689	0.56307167	0.12030956	0.18868668	0.008422625	-0.15033706	-0.32227334	-0.8304423	-0.02902698	0.32846668	-0.06342683	0.74486107	-0.825808	-0.39392444	-0.89539844	-0.09226255	-0.05373772	0.23978084	0.30499113	-0.44458216	0.18165946	0.70603997	0.28676975	-0.4046858	-0.016290028	-0.46123698	0.037504658	-1.0784237	0.20916523	-0.29646072	0.21797791	0.22117601	0.2312509	0.57572764	-0.0076055382	-0.38498053	0.718514	-0.38507238	0.2865655	0.26085064	0.24553578
0.44624487	-0.18866801	-0.16370355	-0.26485685	0.8939754	0.08001952	-0.27677035	0.24433829	0.5934142	-0.11462774	0.24463384	0.26666388	0.3569134	-0.3371032	-0.054354217	0.4174544	0.07531987	-0.355074	0.21362689	0.39401498	0.15891536	-0.17085752	-0.24446063	0.18372145	-0.28060168	0.8044305	-0.17107847	0.23007615	-0.18872464	0.21794227	0.11669348	-0.32648778	-0.24338993	-0.042817164	0.23195463	-0.064133644	-0.3052214	-0.46019876	0.57384604	0.03346606	-0.3873672	0.2240185	-0.097437896	-0.052737508	0.5021134	-0.076948985	0.008235308	-0.054157134	-0.14948854	0.29457113	-0.53579694	0.51957804	0.07884313	0.44933617	-0.19479817	-0.40887642	-0.08420369	0.64499724	-0.055266533	-0.55555475	-0.13828617	0.036720157	-0.24799328	0.03648265	-0.43019503	-0.0334248	-0.17300908	0.14705643	0.32736453	-0.19396776	-0.3984118	-0.34832987	0.123955905	-0.03674281	0.044324465	-0.116859466	-0.58476	-0.38469303	-0.1731329	0.015688043	-0.5996074	-0.66194004	0.5177396	0.2604927	0.27556604	-0.4659468	-0.024097431	0.22976278	0.34618813	-0.010557698	0.13566217	-0.6230013	-0.30715802	-0.56899697	-0.34670877	-0.2894755	-0.34362572	0.75288236	0.21933125	0.03911792	0.14104484	-0.60622203	-0.56324714	0.3473973	0.17862655	0.1284907	-0.13051878	-0.2295541	0.6695519	0.6423172	-0.41658786	0.33287764	0.36135387	0.0037042883	0.2439645	0.11640452	-0.58139515	0.16948691	-0.0185277	0.29837406	-0.0036589084	0.26710513	0.23167904	-0.3022733	-0.54618305	-0.22817579	0.1619614	-0.39596608
0.081218675	0.14846744	0.4280883	-0.44421384	0.26492116	0.14219575	0.38517678	0.43063918	0.31164527	-0.07108334	0.5419799	0.009410802	-0.56949306	-0.26136258	-0.46492234	0.07021782	0.44161925	-0.44839358	-0.4017128	0.24661775	-0.3430888	-0.18861668	-1.139941	-0.255089	-0.45991284	-0.22688593	0.18285595	0.06900616	-0.12737775	-0.44170606	0.3132971	-0.21612033	0.2639336	-0.2473669	0.52599865	0.04047129	0.07047888	1.1655127	0.6112316	-0.054110177	0.08551747	0.21477908	-0.22265404	0.15253045	0.4902333	-0.31652233	0.437639	0.29917538	-0.29550332	0.27392805	0.32342252	0.006319457	-0.16613205	-0.14006059	-0.32801586	-0.28342992	0.01883637	0.21910702	0.07758075	0.29170275	0.030125469	0.8802433	-0.85490626	0.39949456	0.30798197	-0.5989758	0.08342433	-0.4622877	0.07904765	0.19885573	-0.587929	0.44058117	-0.06676199	-0.381934	-0.022847135	0.8321572	0.43877178	-0.31413332	0.23520298	0.514506	-0.17937823	-0.4342195	0.30998227	0.9748514	-0.5618754	-0.4205776	0.4695273	0.312862	0.3007407	-0.4972093	-0.24695875	-0.4986593	-0.27696988	-0.4334243	-0.13920698	0.27018285	-0.10856494	0.2845179	0.03862306	-1.3769331	-0.19142011	-0.800138	-0.39973715	0.47183147	-0.13514113	0.15034178	-0.13643174	-0.31160763	-0.2768167	0.7190261	0.5085861	0.58355695	-0.14420009	-0.10012608	-0.8574872	0.040555052	-0.32931492	-0.05975475	0.30058143	0.48347455	-0.8451929	-0.18110783	0.7363016	-0.10863713	0.18505067	0.68389595	0.4444063	0.17057978
-0.030331386	0.012363308	0.48417488	-0.11919286	0.5620319	-0.83895403	0.41886556	0.0848707	-0.6122879	-0.18554394	-0.3415965	-0.71697116	0.22634472	-0.2869596	-0.61337954	-0.29392502	0.36866382	-0.37360996	-0.89552164	-0.38805932	0.66352946	-0.16196255	0.109537795	-0.24482428	0.053057898	0.81145173	-0.8889283	-0.0072370605	-0.26983276	0.5466153	-1.1595664	-0.49233955	0.048766475	0.5990861	-0.38855147	-0.12523831	-0.95121694	-0.32718384	-0.5311041	0.43106428	-0.37805855	0.25391588	-0.4674963	0.6000262	-0.6232197	-0.5248117	0.17246087	0.11373797	-0.19225655	-0.108125925	0.05886943	0.7650351	0.37281084	0.31124696	-0.060026437	-0.06623418	-0.06456573	0.4436317	0.2784206	0.01982746	-0.5407248	0.3566844	-0.7738019	0.6507565	-0.24968557	-0.6183381	-0.2831581	0.16542058	-0.9309628	-0.36295682	1.2138213	0.67921525	0.4652199	-0.46599975	-0.24223128	0.12196031	-0.901628	-0.49713656	0.05706343	0.076673515	0.224178	0.48790592	-0.18978918	0.26157194	-0.0435492	-0.06897847	-0.11907358	-0.31374997	0.4721811	0.014996605	0.31486836	0.16091341	-0.13930799	-0.3517513	-1.1005682	-0.33228025	0.08525036	0.27994138	1.0458183	-0.96066755	-0.50562286	-1.0780481	0.1355329	-0.26618087	-0.133888	-0.05761005	-0.6165124	-0.15280423	0.46400252	0.33641246	-0.4753488	-0.00796943	-0.54575443	-0.09704034	-1.0905893	-0.19038634	-0.45723227	0.2899914	0.26253375	0.19559436	0.5427519	-0.21558145	-0.2817173	0.67384034	-0.2818525	0.74476683	0.49359754	0.31572205
0.20007028	-0.15795365	0.6937887	-0.57449734	0.4724851	-0.19199942	0.16152677	0.5756353	0.62400055	-0.2869342	0.36547148	0.21202844	-0.4744154	0.3876449	0.348553	-0.032078102	0.6496393	0.42214143	-0.29915142	-0.20121528	0.0781115	-0.6911151	-1.7042339	0.13427085	-0.54283655	0.5741847	0.14110154	-0.3355238	-0.2431048	-0.4595749	0.5496741	-0.5172749	-0.6803309	-0.09576382	0.85329545	0.5386415	0.3555169	0.44021112	0.40887564	-0.6043181	0.09310311	0.31328872	0.19684741	0.25294605	0.043261662	-0.16754797	0.07826936	1.3600843	-1.1088392	-0.17288835	0.038962238	-0.2289991	0.72490054	0.15169656	-0.3496429	-0.3248502	-0.20153302	0.08561164	-0.14745703	-0.3487626	-0.28451723	0.06124651	0.14786032	0.33025593	0.45043296	-0.44321677	0.42208418	0.09553028	0.04903772	0.22485274	-0.58829796	-0.30184624	0.10214104	0.057766974	-0.06637503	0.7104136	0.36545503	-0.026711246	-0.31875163	-0.13963298	-0.26806474	-0.078225374	-0.27732578	0.8227352	-0.43108922	0.09240889	-0.17121924	-0.09226394	-0.3443578	-0.41171253	-0.48324937	-0.20167576	-0.83983094	-0.686415	-0.0019630722	-0.13306877	-0.04376657	-0.2716037	0.44547153	-0.9974234	0.021878969	-1.4291201	-0.45393693	-0.63119155	0.24572758	-0.017952004	-0.34845653	-0.45063108	-0.16223188	0.12531802	0.8660736	0.80030906	-0.44448033	-0.156092	-0.049348187	-0.10555023	-0.7993559	-0.67669946	0.3355144	0.6225628	0.06962602	-0.5981024	0.77180386	-0.25579023	-0.06095787	0.43663508	0.067321606	0.42540663
0.16562149	-0.014514616	-0.06379226	0.02158091	0.17218152	0.0938462	0.12356204	0.050363	0.13003749	-0.10417658	0.032020066	0.103822105	0.03173474	0.008509589	-0.0036897722	0.16821276	-0.08367086	-0.097959265	0.09718772	0.26817036	-0.015903905	-0.101996414	-0.10878876	-0.019366756	-0.034114037	0.043240923	-0.26559088	-0.09701806	-0.11220495	-0.17038618	-0.08350353	-0.18955621	0.28554472	0.06328081	0.08204535	-0.08512792	-0.019374274	-0.20184518	0.20011221	-0.07511778	-0.1870921	0.038683522	-0.16810864	0.1479749	0.08477155	-0.16063306	0.09374399	0.114294484	-0.18558699	0.05257997	-0.018813118	-0.05310737	0.102845676	-0.14497948	-0.0755277	0.08476432	0.17141423	0.17469445	-0.005358484	-0.08062618	0.0296761	0.062262762	-0.018707579	0.11058917	0.05383699	-0.04118006	-0.07329309	0.23809676	0.08605646	-0.09958865	0.027383866	-0.011338924	0.00062015554	-0.0811308	0.16840968	-0.031118691	-0.005068182	-0.055140503	-0.120875336	-0.01746484	-0.25850442	-0.30310893	0.133029	0.12553719	-0.06467009	-0.10405457	0.097655684	-0.05581457	0.27512613	-0.0036937941	0.21397047	-0.23554215	-0.39212736	0.019404821	0.008739558	0.007291623	0.039420612	-0.0060658567	-0.122627825	-0.0966651	0.05660545	-0.2556927	-0.15312476	0.13252966	-0.0076617333	0.069112435	-0.0711814	-0.09133607	0.31588608	0.25976664	-0.0003684374	0.1459115	0.11368334	0.12912758	-0.081303045	0.033116214	-0.17594275	-0.028328855	0.12828453	-0.070115946	-0.04484784	-0.048533995	0.13394234	-0.0049595064	-0.20513535	-0.26397926	-0.023489969	-0.09723615
0.3711069	-0.06688105	-0.49686223	-0.15882513	-0.10328202	0.67318565	0.6141228	-0.028713925	0.10559936	-0.33835188	-0.12682101	0.6094387	0.52228177	0.3579146	-0.38018695	0.20719163	-0.09623579	0.0056031444	-0.8479782	0.3197519	-0.31011543	-0.008706556	0.3325529	-0.2790759	-1.341566	-0.37167844	0.042898454	-0.5859945	0.0062061525	-0.3426185	0.045327853	-0.25705552	-0.016196165	0.56530625	0.6820708	-0.30535963	-0.38577938	-0.14814332	-1.0227696	0.09536121	-0.033195514	-0.09746523	-0.5811423	-0.34806693	0.3485851	-0.11768035	0.16729823	-0.09883537	-0.91602415	0.46311966	-0.0712867	0.62322867	0.51191527	-0.40433496	0.08148174	-0.33460042	-0.052616052	0.41719413	0.05453158	-0.753156	-0.99951595	0.50363356	-0.7359858	-0.27010992	-0.3592813	0.3171717	0.07932285	-0.016331136	0.15459138	-0.28487673	0.023906741	-0.37182602	-0.063401364	-0.7388859	-0.33228597	-0.09644296	0.6773921	-0.52004486	0.29372966	0.1251067	-0.2655787	-1.3122253	0.14131671	-0.50942063	-1.0996706	-0.09915482	0.5630999	0.25920275	-0.018865358	0.39624888	-0.3789695	-0.3377351	-0.5622808	-0.6447831	0.28493452	-0.18165313	0.4035942	-0.18594383	-0.2000635	0.18164718	-0.6668316	-0.020132108	-0.09998304	0.19591352	0.50997293	-0.60742575	0.15943784	0.5090171	-0.005606817	0.14709379	0.61342317	0.5516887	0.23186585	-0.3087576	-0.003193508	0.025441242	-0.37180135	0.16507968	-0.27120766	0.43158674	-0.048918303	-0.24565257	0.65560067	1.095351	-0.8662778	0.10646468	0.008906828	-0.5238016
0.0022436928	-0.16297606	0.3875988	-0.25413224	0.156472	0.21600965	0.52243704	1.1132207	0.14240037	0.552472	0.35449082	0.12938638	-0.12661831	-0.035000432	-0.6460061	0.07338828	0.25580993	-0.3701819	-0.2272396	-0.08457372	-0.38128528	-0.22529054	-1.3681662	-0.202067	-0.34836745	-0.27170724	0.18310077	-0.15771198	-0.08128388	-0.5794717	-0.0045989216	-0.1704885	0.05418794	-0.2974616	0.66816527	0.17943612	-0.43066192	1.1572324	0.7748264	-0.36829117	0.046398282	0.37880334	-0.17604406	0.15691708	0.6018926	-0.49336842	0.27047467	0.5348983	-0.56594515	0.073825136	0.27062166	-0.013197199	-0.0012462563	-0.33481443	-0.054408126	-0.31966814	-0.14961301	0.024402939	0.2604944	-0.05631135	0.36357933	0.682106	-0.17086828	0.35976774	0.8130297	-0.9894981	0.09559827	-0.07013664	-0.16059127	0.45593333	-0.50274426	0.24236819	-0.67856956	-0.38014993	0.29166448	1.0256525	0.48048458	-0.5474687	0.22047941	0.21658488	-0.16758274	-0.74063677	0.13307326	0.92211974	-0.46035165	-0.4925165	0.18506134	0.016432986	-0.14900957	-0.42052436	-0.39262378	-0.4756773	-0.28305322	-0.06591676	-0.07261017	0.35246956	-0.44398043	0.09056437	-0.27428862	-1.1725329	-0.0468602	-0.6852885	-0.7137519	-0.16530667	-0.44120806	-0.36622372	-0.28578725	-0.1468803	-0.34029678	0.48683035	0.259261	0.26290601	0.0034845066	-0.39469975	-0.7946028	0.09077089	0.12079648	-0.22531898	0.14275715	0.4590048	-0.7841994	0.02301644	0.92257655	-0.0010501924	0.112282485	0.68443567	0.21959603	0.10537345
0.0026292962	0.25857088	-0.012082828	-0.10047325	1.1986818	0.55918264	0.014699034	0.33714053	0.71879977	-0.021677023	0.45597643	0.21938922	0.19673315	0.15843943	0.035580248	0.29731992	0.614884	0.39096776	0.017477129	0.22251947	0.18679892	-0.19421415	-0.4315303	-0.027964547	-0.0020207618	0.6781229	-0.4432534	0.039679885	-0.5232176	0.41075876	0.15165372	-0.76419914	-0.09929497	-0.099065386	0.024556022	-0.12655683	0.29977086	0.098541476	0.39106616	-0.21580139	-0.4287284	0.3745703	-0.07889995	0.21284407	0.30162328	-0.51613706	-0.09650625	0.024118477	-0.50863403	-0.08961305	-0.5523088	0.7397166	0.21783319	0.33064216	-0.19886355	-0.27977508	-0.15007752	0.46356863	0.07401185	-0.2563827	-0.11299842	0.17366852	-0.6436997	0.27037674	0.12678453	-0.26176724	-0.0048682922	0.08214927	0.043922786	-0.06637023	0.15896226	-0.28878334	0.8617202	-0.30589002	-0.024080632	0.30168676	-0.22305475	-0.25229418	-0.38642696	-0.010215697	-0.3525557	-0.47562554	0.16468658	0.32409033	0.40984496	-0.5798881	0.39135695	0.12412897	0.46781647	-0.18910524	-0.056947757	-0.36122096	-0.45383784	-0.18873465	0.0435988	-0.45258775	-0.9174097	0.6962897	0.28827393	-0.33394215	-0.32905596	-0.70045656	-0.061133627	0.44231978	0.052216865	0.20528083	0.114514485	-0.38942137	0.24964033	0.6787576	-0.5353901	0.41580757	-0.09255312	0.10409439	-0.25478372	-0.055625252	-0.74310154	0.052462876	0.27578017	0.09437173	-0.044301424	0.3087318	0.052561413	-0.07596768	-0.5134381	-0.5577199	0.385731	-0.1270368
0.13317631	0.07767944	-0.07359092	0.11730963	0.10869157	0.09261039	0.18630652	0.2510896	0.14680536	-0.31551194	-0.05971226	0.065965936	0.034615885	0.070539966	-0.0748823	0.05575028	-0.1444824	-0.0026343768	-0.17060769	0.051849063	0.031860262	-0.0420172	-0.025531838	0.09530812	-0.2048604	-0.11212148	0.061943483	-0.15726826	-0.022895763	0.06376392	-0.17882726	-0.2505308	0.11495176	0.003001431	-0.1553094	0.2776005	-0.15561378	-0.17391802	0.1271734	0.018228587	-0.16393943	0.099893436	-0.20691659	-0.24207337	0.030325899	-0.042974215	0.11543181	0.24623266	0.051136494	0.17066729	-0.12865801	-0.05141062	0.23171629	-0.06396485	-0.10588055	-0.21309197	-0.012893403	0.08014176	-0.10860089	0.032999583	-0.11510686	0.11563527	-0.16810173	0.07269288	-0.0004938363	0.25504062	0.08374872	0.12919301	0.07431501	-0.07821033	0.09888757	0.031858057	0.09276507	-0.04636762	0.10041111	-0.04131388	0.15793991	-0.2207336	-0.03663498	0.026386892	0.036190156	-0.2569813	0.0135422535	0.08531197	-0.112710334	-0.3584643	0.2076101	0.045854002	0.1715529	0.027980415	-0.119655535	-0.11397283	-0.0426195	-0.12555027	0.08193396	0.0039268066	0.14291342	-0.01159994	0.09738268	-0.21608369	-0.11272255	-0.32911292	0.007099497	0.11858084	0.035752524	0.099678464	0.05350092	0.15797175	0.15329954	0.033961173	0.1013861	0.042663146	-0.08732687	0.07273078	-0.16196218	-0.0034008988	-0.19433858	-0.04339083	0.2072939	0.020067405	-0.17968562	-0.12640487	0.093724184	0.05324344	-0.04823022	-0.006174765	0.2338734	0.0027465108
0.43307155	0.1392791	0.33181438	-0.4417178	0.34574166	-0.33088794	0.1947363	-0.28063142	0.90239096	-0.04286491	-0.19321239	0.2019711	-0.33813718	0.017840656	0.3556228	-0.25831634	0.015365318	-0.42661068	-0.4556261	0.37478784	0.1810514	-0.15548806	-0.4011711	-0.049761143	-0.42894933	0.13328594	0.010680165	0.028875735	-0.21547653	0.22232684	-0.19164424	-0.073723875	-0.21523695	-0.017959239	-0.2654393	-0.70461494	-0.67503583	-0.4010984	-0.3370722	0.22324072	-0.18477511	0.04398818	-0.6334995	-0.18185964	-0.3951007	-0.4072731	-0.09931653	0.5331316	0.52591646	0.005942672	-0.41771874	-0.04363242	0.17855999	-0.4852587	-0.09414312	0.0603599	0.802262	0.31219506	0.20939654	-0.002455423	-0.3453362	0.50883114	-0.3944111	0.08346219	-0.1523275	-0.14146163	-0.12865491	-0.123211	-0.16851766	0.071852826	-0.51048374	-0.3097238	0.5788192	0.1865359	-0.16900873	-0.046639744	-0.24221994	0.30819556	0.13995081	-0.11688812	-0.11902655	-0.072476074	0.60104567	0.29476932	-0.40559694	0.06226512	0.016099028	0.3219015	0.5015582	0.14352071	0.5252284	-0.022693861	0.08418262	-0.27007252	-0.20377913	0.0071851145	0.41642115	0.39121068	0.1167926	0.0128638195	0.52002794	-0.099962935	-0.3363166	-0.09174678	0.17088759	-0.046728473	-0.32621458	-0.08386891	0.2893377	0.46689525	0.50211024	0.75619084	0.23786686	-0.15518191	-0.69059676	0.36441928	-0.37288794	-0.023043975	0.051600017	0.024939505	0.36870623	-0.29562494	0.43211675	0.14763151	-0.14312978	0.31201258	0.15136404	0.068519205
0.14157943	0.21466926	-0.053993788	0.024294076	-0.07499281	0.05484895	0.16385402	0.09874155	0.2805772	-0.08602912	-0.008733735	-0.022761367	-0.026949065	-0.05803972	-0.08547876	0.042419456	0.17508884	0.04775793	-0.19537836	0.11655905	0.093909584	-0.078704886	0.023355268	0.0115840575	-0.26016825	-0.1202261	-0.04495504	-0.1688455	-0.18814886	0.060688555	-0.12775394	-0.11858021	0.05859486	-0.016836947	0.018269328	0.028724888	0.054916408	-0.20774037	0.025698049	0.12865613	0.014410411	-0.17505401	-0.16963312	-0.22404873	0.14913416	0.012418661	0.28018388	0.0027471816	0.10896384	0.0663297	-0.12735699	-0.07779624	-0.0054936097	-0.16655551	-0.025358537	-0.095772475	0.21028942	0.009692552	0.024624903	0.046099003	-0.13449377	0.21522352	-0.33147	0.08237797	0.12753285	-0.13138823	-0.05568128	-0.15136327	-0.03839238	-0.044538	0.071766995	0.12247971	0.07109622	-0.04154156	-0.08923831	0.059989914	0.01019845	0.10202421	-0.107887775	-0.09315104	-0.02153322	-0.07315584	0.3822492	0.03950253	-0.21665305	-0.25583696	-0.031845484	-0.1681625	0.17905903	-0.19738472	0.02813161	-0.07037587	-0.12646957	-0.059730697	-0.053867586	0.025389403	0.13129932	-0.06023642	0.017506517	-0.25944588	-0.20788607	-0.27320477	0.049073387	-0.0642948	-0.036147997	0.09418638	-0.19047312	0.0020097387	0.14721008	0.28443134	-0.04615639	0.02125633	0.012142537	0.15693495	-0.34391218	0.0017930473	-0.10655424	-0.007221227	0.016730025	0.105278976	-0.054783177	-0.038144436	0.35414562	0.1501884	-0.13817984	-0.029405156	0.16613215	-0.14602119
0.106133126	-0.15733376	-0.09773971	-0.44319806	1.3313931	0.38669977	0.10734498	0.67282337	0.82314193	0.2090204	1.046546	0.44377232	-0.34739435	-0.03641637	0.43567058	0.5736539	0.50130403	0.31639144	-0.21270368	0.54820204	0.16787249	-0.6716845	-0.5352394	-0.2791401	-0.50759476	0.6980832	-0.2420213	-0.14480874	-0.2946583	0.7392375	-0.054139808	-1.0235052	0.10361446	-0.20575187	0.26089665	0.11159634	0.39742905	0.04193516	0.67969906	-0.44969517	-0.7929467	-0.04063828	-0.05482303	-0.0074747414	0.68747514	-0.46633297	-0.042063385	0.35028505	-1.0167519	0.19548021	-0.5395759	0.36935708	0.09091585	0.017805712	0.13750757	-0.20742999	-0.2781152	0.51003265	-0.11189613	-0.043832365	0.20195782	-0.064022526	0.31677532	0.16955005	0.55500036	0.07987671	0.31519416	0.7354211	0.27424672	-0.13170592	0.27677715	-0.26166096	0.28232414	-0.2104381	0.013699617	0.04505538	0.3010599	-0.18644932	-0.7447329	0.025133112	-0.58913785	-0.63264704	0.06311	0.10500287	0.18132202	-0.29008302	-0.22752453	0.2855288	0.63142544	-0.24822973	0.18281241	-0.4450628	-1.2372729	-0.54564565	-0.39260536	-0.12623018	0.26197773	0.6060186	0.08976113	0.37543568	0.058916815	-0.66186124	0.0053441767	0.5595459	-0.15666202	0.38039708	-0.081007004	-0.23724091	0.26038966	0.17544521	-0.25156876	0.35197318	0.27265406	-0.0018029147	-0.04094559	-0.2388537	-0.8457296	-0.24223289	0.36664122	0.5962744	-0.022027418	0.16179267	0.03763064	0.20001602	-0.4435095	-0.7811143	0.20230797	0.24061857
0.17967309	0.09261414	-0.007969961	-0.026842395	0.045226935	0.17024086	0.13916196	0.111029	0.05582686	-0.16734743	-0.11003926	-0.0001745992	-0.038374756	-0.008670696	-0.06777365	0.07862564	-0.087853074	-0.15898402	-0.030509403	-0.012582699	-0.03149227	-0.062005043	0.03174559	-0.033596978	-0.14793053	0.07063031	0.043666508	-0.11440814	-0.010893871	-0.027693069	-0.17839672	-0.0584374	0.059230402	-0.034594856	-0.091389105	0.083417	-0.19702998	-0.08040139	-0.002881954	-0.06118255	-0.016557029	-0.108119644	-0.012691414	-0.0141178705	0.053861625	-0.052266028	0.058944162	0.015401763	-0.050059415	0.096622944	0.025660075	-0.037062477	-0.11356233	-0.030157017	-0.04417352	-0.009110561	0.01833716	0.10346728	0.0806206	0.06417203	-0.055941127	0.096390575	-0.105282	-0.053805295	0.026508441	-0.10236929	-0.0924587	0.024488745	-0.072667986	-0.013851268	0.036556557	-0.0029129973	0.059618574	-0.11333514	0.099353835	0.14073035	0.056918222	-0.034080572	0.031291097	0.011969218	-0.07825672	-0.15785126	0.10007904	0.014029654	-0.044635087	-0.10170409	0.065739825	-0.047271203	0.1018684	-0.04029445	-0.05125907	-0.03660977	-0.04436435	0.069571264	-0.121557415	-0.07560535	0.015175385	-0.054400545	-0.0813418	-0.09419244	0.027428892	-0.13526306	-0.092144124	-0.06479054	-0.013626774	0.010152024	-0.09454476	0.0766282	0.0211419	0.03405213	0.13210529	0.10291235	0.038519558	0.087301604	-0.14121352	-0.043151505	-0.06440591	-0.013237079	0.10825092	0.17818123	-0.0117919985	-0.07102999	0.11769992	0.1865297	-0.16465518	-0.010957372	0.123930804	-0.040810827
0.09720058	0.0045171455	-0.057905756	-0.120939285	0.09803727	0.13621637	-0.083536446	0.09747133	0.1560497	0.15880603	-0.05929314	0.06501428	0.031280942	0.08652379	-0.024282683	0.20830217	-0.07724184	-0.15550584	-0.04052661	0.21081348	-0.037428584	-0.02684204	-0.04651076	-0.19386818	-0.1795378	0.09301746	-0.16049689	-0.017486732	-0.010780222	-0.00156791	-0.09625458	-0.16307582	0.023163106	0.174602	-0.04799293	-0.08458427	-0.08006633	-0.088821776	0.055397164	-0.12402426	-0.23161057	-0.069931254	-0.09492947	0.07212463	0.12122111	-0.03105474	0.01204969	0.1246504	-0.14410321	0.004373245	-0.018585784	0.047201063	-0.03350808	-0.0009247929	-0.08140156	-0.06586534	0.22936688	0.3263842	0.08741313	0.003924535	-0.17400679	0.13362633	-0.08778226	0.05237905	0.0052215313	-0.062151853	-0.050670568	-0.064794585	0.050403047	-0.050960794	-0.0806354	-0.051642068	0.20221916	-0.048722222	-0.0018432864	-0.14306405	-0.041623875	-0.07490606	0.03606794	-0.030228388	-0.017732792	-0.19383681	0.018155266	-0.010254889	0.008532096	-0.034479	-0.071335115	0.10445052	0.047959078	0.008561285	0.07583477	-0.22486049	-0.120237865	-0.038907163	-0.052862242	-0.065780506	0.12991588	0.021724917	-0.043881316	-0.03191621	0.012445131	-0.15213121	-0.14121804	0.0025333224	-0.071447045	-0.095604025	-0.08030227	-0.0027230724	0.18615417	0.16855781	0.052950602	0.093126066	0.05878262	0.054291584	-0.05418895	0.12443238	-0.12339659	0.091140084	0.14015354	-0.04315338	-0.18958654	0.022755528	0.11539397	0.07749234	-0.03650202	0.13388287	0.14288831	-0.09133304
-0.021525443	0.022285357	0.22035313	0.05333353	0.69990826	0.3430137	0.0104073025	0.21401404	0.56182665	0.015078026	0.30586746	0.15406047	-0.40198687	-0.05356576	0.114565395	0.16422041	0.4060347	0.6934682	-0.03445671	0.5818439	0.46002516	-0.2692593	-0.33986983	-0.077296585	-0.6249737	0.3084108	-0.2616068	0.056287996	-0.48097306	0.075266294	0.19353631	-0.21013363	0.016951896	0.053343207	-0.36432186	-0.04127865	0.17868617	-0.3413192	0.25567427	0.23601733	-0.48034874	-0.07138521	-0.37907347	-0.21551254	0.09945059	-0.15685648	0.052489825	0.6398646	-0.2101384	-0.0772597	-0.26287845	-0.18487576	-0.078298084	-0.0062536597	-0.19056445	-0.28596315	0.20423926	0.012859856	-0.22386661	0.23784646	-0.45350143	0.43165445	0.15611711	0.23885733	0.6217437	0.08405264	-0.08528158	0.14342979	-0.48779413	-0.17474732	-0.21836153	-0.18447553	0.19132754	0.04150008	0.17176811	0.2808382	0.354867	0.6170491	-0.0015023793	-0.38358322	-0.24506883	-0.4870009	0.11595764	0.024089888	-0.41043308	-0.019879347	-0.31543967	0.031556398	0.63132304	-0.20158556	-0.15208638	0.20009477	-0.83487755	-0.10127899	-0.12577623	-0.39758974	0.14932886	0.30098668	0.36321992	-0.21217696	-0.1851793	-0.76099074	0.24716112	0.24314348	-0.08433946	0.22193831	-0.21126622	-0.48104113	0.23009908	0.5487867	-0.434422	0.3877863	0.21283543	-0.078799225	-0.6791207	0.08246902	-0.6698654	-0.12857446	0.5642643	-0.36198562	0.012399932	0.16113004	0.3984827	0.43782648	-0.3248482	-0.45475352	0.11548377	-0.204382
0.7427537	-1.1394053	0.31334955	-0.3588159	0.46738666	0.49347875	-0.28420782	0.42726833	0.13866532	0.52626777	-0.22408244	0.5836277	-0.3999525	0.0729555	0.6521063	-0.28633374	0.41966864	-0.3206552	-0.09827613	0.27583575	1.1423917	-0.6775456	-0.69134	0.37876114	-0.9224749	1.0903798	0.009019544	0.11047638	-0.030408867	0.13113882	-0.53114897	-0.3755053	0.16654412	0.4357667	-0.7980566	-0.50529575	-0.94408256	-0.31340966	-0.109024815	-0.21780464	-0.21749371	0.21108395	-1.0300217	-0.46447662	0.47210836	-0.053888276	0.35175386	1.1393886	0.432044	-0.18438101	0.0044193305	-0.610774	0.000458648	-0.23083387	0.25737345	-0.16370845	1.1759884	0.55274755	0.49916816	0.9314447	-0.8979201	-0.22909817	0.033356663	1.3706443	0.20323566	0.58350503	-0.12459289	0.023808884	-0.8454326	-0.21533012	-0.67626786	-0.25389445	0.43157724	0.009718302	-0.2788196	-0.394793	0.06093254	-0.2560883	-0.038667623	-0.35729346	0.46668738	-0.42081666	0.48820072	0.52722347	-0.36788434	-0.044082027	0.0023243304	0.40465367	1.0125611	0.09362364	0.18944958	0.22790925	-0.83572215	0.1581694	0.112076245	-0.3097578	0.86320513	0.20951548	0.35063738	-0.5709412	0.28466272	-0.09180561	-0.52431947	-0.7118115	0.06321111	-0.13571982	-0.26242155	-0.29182553	-0.24177556	0.33251587	0.1022987	0.32246813	-0.7493468	-0.10592759	-0.07626865	0.35898164	-0.5840555	-0.013514079	0.56684816	-0.19693437	-0.56195426	-0.18811047	0.22778097	0.8952474	0.20319073	-0.39077693	0.66048837	-0.63609666
0.09630243	0.26726025	-0.24737029	-0.13091284	0.8587199	0.22269805	-0.24539037	0.56174546	0.33188924	0.05235601	0.046983264	-0.1774007	0.45173648	-0.26681316	-0.0971269	0.70243335	0.10169174	-0.40552345	-0.051009063	0.7780844	0.34336716	-0.00030152447	0.11816976	-0.7297915	-0.37308726	0.29945847	-0.5067791	-0.05106961	-0.18120039	0.47923222	-0.29091784	-0.3295439	0.20401697	-0.57453775	0.1543518	-0.1897203	-0.25380066	-0.1408702	0.30902055	-0.47397235	-0.75570756	-0.11782555	0.1451338	-0.5739916	0.5587683	-0.5324601	0.66485775	0.061409775	-0.2896206	-0.14216682	-0.1955044	-0.22984092	-0.6423269	-0.09747019	-0.06740277	-0.461244	0.19445495	0.17603254	0.114669934	-0.095079154	-0.27937797	0.48035634	0.064402595	0.6734814	0.5864771	-0.2485622	-0.19865532	0.11369423	0.09937817	0.50435704	-0.445051	0.15606576	0.08657199	-0.22163972	-0.22851849	-0.1441316	-0.025832098	-0.117212966	-0.4136873	-0.008731583	-0.5061403	-0.2976833	0.27486938	0.12343573	0.06292786	-0.13684961	0.10514137	0.028628606	0.88170904	-0.38830334	0.0007108679	-0.4515552	-0.5427004	-0.12317738	-0.7231927	-0.014830545	-0.08313523	0.5647139	-0.11465675	-0.0485136	0.39583248	-0.8180844	0.092623435	0.49040946	-0.14767595	0.33236495	-0.40967074	-0.21441732	0.3481557	0.64936244	-0.6395714	0.35056633	0.31872156	0.3349013	-0.25977933	-0.021184029	-0.46395653	0.1167099	0.33146572	0.050833702	0.10266366	0.19061501	0.5259672	0.14489958	-0.561852	-0.28526655	-0.019468728	-0.29085764
0.15432048	-0.07839828	-0.008697993	-0.07980632	0.28409028	0.29843584	-0.07922337	0.29609242	0.016843965	0.09492098	-0.09961448	-0.064162575	0.099481285	0.16594946	-0.38640374	0.12790938	0.0625975	-0.3849038	0.0685138	0.310122	0.06634127	-0.55262053	-0.097252354	0.10421019	-0.2786057	0.42947704	-0.26173	-0.18688503	-0.19994648	-0.11237961	-0.18419965	-0.4201275	0.0012925089	0.10282631	-0.31803071	-0.27248132	-0.22164643	-0.27891117	0.21622995	0.19338255	-0.57735795	0.19184908	-0.1746875	0.015765557	0.08209402	-0.2921052	-0.074653566	0.34177783	0.009948592	-0.0070316694	-0.25728664	0.15145461	0.25597695	-0.24358444	-0.088394575	-0.35971043	0.19607481	0.3976423	-0.14150938	-0.13287313	0.023619	0.04861166	-0.25266737	0.27328277	-0.066218846	-0.08097905	-0.09068124	0.1046966	-0.021043293	-0.10471217	-0.13517478	-0.16809456	0.16502811	-0.008301757	-0.0037359945	-0.18992037	0.00084156747	0.10525558	-0.084514	0.043906838	-0.11692578	-0.14753285	-0.031863924	0.09544383	-0.016502414	0.007346962	-0.064351365	0.33504632	0.116040014	0.009746373	-0.0031485579	-0.0444564	-0.32196072	-0.38826084	-0.09448074	-0.10557507	0.11047413	0.29049304	0.11782552	-0.006747986	-0.41064557	-0.1364685	-0.31720415	0.096522726	-0.24427408	-0.2300928	0.22844373	0.15367149	0.61173123	0.32448357	-0.17307544	0.199588	0.090500064	0.053361632	0.060043715	-0.00025025028	-0.06900301	0.19000876	-0.033974405	-0.06806345	-0.17331707	-0.059677947	-0.07325244	-0.2160912	-0.18952772	0.0025898123	0.012351317	-0.18887556
0.054395527	0.2108707	0.09998295	-0.06137169	-0.007806633	0.3480302	0.050802052	0.4013198	0.3181017	-0.106895655	-0.20786805	0.1853493	0.06631111	0.1219055	-0.2927972	0.1793941	-0.06246735	-0.38692102	0.16868836	0.07023608	-0.06069317	-0.40528736	-0.09141137	-0.22694178	-0.079815015	0.13652398	-0.36485833	0.081969395	-0.24351257	-0.03331922	-0.21776673	-0.30429676	0.067036785	-0.041736808	-0.15810405	-0.06256695	-0.33917028	-0.30693215	0.06740645	0.08093286	-0.42316082	0.16748357	-0.15582818	-0.12552737	0.07305422	-0.123063624	0.08213032	0.38603392	-0.043038167	-0.17769623	-0.083499566	-0.014935557	0.19269295	-0.40895626	-0.40903342	-0.07425347	0.20135193	0.4902912	-0.044769034	-0.18206762	0.27532402	0.21234338	-0.44046116	0.1234078	0.05096688	-0.2486509	-0.33365104	0.041204844	0.34098148	0.021983186	0.05746358	0.0522399	0.252602	0.04704699	0.13142519	0.023993395	0.16226305	-0.07562566	-0.10243981	-0.026535122	-0.057538357	-0.17745556	-0.32482123	-0.11340832	0.032728236	0.036723565	-0.05400091	0.28925008	0.07626775	-0.074006826	-0.1779195	-0.096350275	-0.37012094	0.077810004	-0.09847586	0.20046198	0.2326101	-0.078614645	-0.034199767	-0.36896795	-0.22049893	-0.6536924	-0.09169878	-0.013299928	-0.5470484	-0.3059893	0.2672182	0.15884325	0.6037541	0.17135577	0.070129916	0.2239359	0.016131803	0.14248216	-0.23169476	-0.048072714	-0.30022338	0.10924183	0.14478277	-0.062805615	-0.2830687	-0.22955991	0.11056477	-0.18629159	-0.058416452	0.16412748	0.020145673	0.038442004
-0.14315	-0.5400794	0.40235153	0.08675435	0.48759052	0.023733024	-0.15255603	-0.26117322	0.57884556	-0.106261894	0.7032508	0.40302867	-0.22092377	-0.024574494	0.13723789	-0.10107246	0.36499956	0.5529856	0.21973982	0.025831452	0.32275763	-0.05536063	-0.22251047	-0.22230013	-0.82918614	0.293107	-0.5108009	-0.38712654	-0.1638689	-0.25874844	0.049968757	-0.4699017	-0.12647025	0.14139926	-0.07990395	-0.09483733	0.06851778	-0.51547635	0.37343577	0.2970477	-0.42397398	0.202745	-1.0438774	-0.193107	0.15989314	-0.11647976	0.06749991	0.50269777	0.02615466	-0.42473173	0.009437272	-0.005986746	-0.057068065	-0.20789358	-0.084002174	0.07999932	0.1643168	0.09641259	-0.45492262	0.24582426	-0.33080223	0.65179604	0.5102558	0.60619414	0.62846494	0.32201165	-0.043080892	0.050197627	-0.66407764	-0.007895341	-0.22399664	-0.14527784	-0.110896476	-0.07731375	-0.43939292	-0.36164477	0.2872848	0.9272019	-0.14781721	-0.27464414	-0.48851204	-0.5790598	0.25301382	0.11391796	-0.26522928	-0.29461116	-0.5032804	-0.24066475	0.7510122	-0.038280763	-0.27847624	-0.015815647	-0.868443	0.17179608	-0.29761764	-0.7948219	0.28305858	0.40032756	0.52531797	-0.23585863	0.3113879	-0.7030863	-0.004191076	0.07212059	0.010365775	0.24731494	-0.31271833	-0.56468016	0.41037068	0.373523	0.02505278	0.9504716	0.23296213	-0.24029712	-0.8130046	0.028170038	-0.574429	-0.26627755	0.53633183	-0.32567888	-0.0049728574	0.12666371	0.4485641	0.6436922	0.21808058	0.0036525556	0.07070022	-0.1123725
0.058690194	0.5666688	0.691486	-1.002642	0.83865297	-0.78759134	-0.16324165	-0.5186929	0.8717211	-0.2775878	0.017484711	-0.3052587	0.19703393	0.30322617	0.36215818	0.34236288	0.62409604	0.0889491	-0.25835913	-0.32304406	-0.054394472	-0.36048126	-0.7316137	0.4021783	-0.18341957	-0.06147841	0.18557669	0.038618177	-0.6326953	1.1719706	-0.09666887	-0.39461297	-0.44741884	0.3590013	-0.108663864	-0.59479815	-0.8261533	-0.52909845	0.036332253	-0.26966584	-0.18523261	0.4397408	-1.1790038	0.048575483	-0.045638967	-0.027010484	-0.47170126	0.02052439	-0.49965885	-0.47537103	-0.59275496	0.009198103	0.8234744	0.110322006	0.16416547	0.620086	0.43554276	0.6341352	0.20840462	0.016771827	0.46340385	-0.30325404	-0.39847988	0.7641231	-0.43014088	-0.27671987	-0.24260387	-1.084177	-1.430916	-0.6531794	-0.48653954	-0.37856898	-0.1359378	-0.15283287	-0.12247514	0.56042343	0.26839554	0.2827431	0.09485498	0.06338366	-0.11199688	-0.30051735	0.7834202	-0.11399505	-0.11300632	-0.18986182	0.43119648	0.066762954	0.56487286	0.30288833	-0.09668411	-1.1438155	0.067112125	-0.6966012	0.016246796	0.50427705	-0.27790394	0.569879	-0.2556168	-0.5037418	-0.77771735	-0.3539106	-1.2807264	-0.27683565	0.73767275	0.47419682	-0.03919831	0.3430357	-0.09484535	0.9440803	0.4949283	0.021129038	0.14936006	-0.5347635	-1.3666586	0.2893743	-0.70323855	-0.578822	0.26939666	0.7025969	-0.63046414	-0.124003544	0.94547707	-0.55272603	-0.54795	0.75620496	0.3676952	-0.29290622
0.06721793	0.08712068	-0.007920445	-0.08976258	0.30361676	0.16178696	0.13912548	0.22040246	0.12384926	0.037744205	0.11364614	0.08593914	0.09599039	0.07121693	-0.18613318	0.1252199	0.11982609	-0.12877987	-0.120211735	0.20345101	-0.024300309	-0.19132406	0.060894385	0.0071620075	-0.26816761	0.120010324	-0.15362623	-0.26627943	-0.10698875	0.02124455	-0.12725845	-0.04183458	0.036614902	0.105698176	0.1424843	0.14841028	-0.04952612	0.11385144	0.09298469	-0.047095343	-0.3614707	0.06280224	-0.35005707	-0.0011226558	0.19858404	-0.08862986	0.07448997	0.08484469	-0.07973108	0.09191225	0.025658974	-0.055518277	0.07241895	-0.15453999	0.021571642	-0.13233078	0.19819555	0.19948618	0.068465754	-0.07713131	-0.025801236	0.19349428	-0.023005929	0.21532658	0.18002193	-0.06782535	-0.008406636	0.16199577	-0.052583598	0.110295564	0.028229512	0.05536075	-0.074332185	-0.07460089	0.024595069	0.015452846	0.07285978	0.18476929	-0.15498084	0.003123622	0.073522024	-0.13529103	0.29588324	0.004138535	0.009469958	-0.1455042	-0.07716184	0.0040741973	0.35967165	0.036386944	-0.03979958	-0.047189143	-0.24224141	0.23110285	-0.21850114	-0.0808468	0.14921094	0.11515833	0.023903996	-0.115597226	0.13651928	-0.040419124	-0.13571453	-0.0987937	-0.07058214	0.039642725	0.011593181	-0.1982289	0.19491273	0.12400089	-0.22146119	-0.055400074	0.11367454	-0.175903	-0.065225616	0.18372567	-0.123612076	-0.057794552	0.04510303	-0.03066495	-0.115970194	-0.031851355	0.21435642	0.11994321	-0.103441685	-0.08049306	0.022337405	-0.06317674
0.43903217	-0.047726028	0.43710563	-1.163143	0.26053435	-0.27736548	0.18201627	-0.34338063	0.7333336	0.03313417	0.21956784	0.093600556	-0.43826702	0.0019421512	0.400135	0.3182603	0.67947626	-0.060190838	-0.23082012	0.64324915	0.20981687	-0.2584019	-1.2074282	-0.085548975	-0.63906515	0.35428482	-0.088858575	-0.13621816	-0.15239507	0.25921613	0.70093745	-0.40352648	-0.12056612	0.094917156	0.31184894	-0.93570226	-0.14828369	0.30229995	0.5132377	-0.3010358	-0.1375526	0.2373829	-0.45202383	-0.10505525	0.55666167	-0.7405253	-0.38230076	-0.53409284	0.2761353	-0.119140506	-0.6633712	0.61666787	0.38271594	-0.023997473	-0.0720712	-0.25805315	0.18878719	-0.4169182	0.22585352	-0.64020115	0.11520522	0.06477718	0.08455417	0.750075	-0.57251227	0.15838484	-0.17796683	-0.18456972	-0.3786368	0.067325994	-1.1183668	-0.27858618	0.2772936	-0.81193143	-0.24918135	0.51961285	0.04032351	0.28220275	-0.057414316	0.07460854	-0.66467744	-0.28848025	0.8762949	0.8260559	-0.20639606	-0.2559642	-0.09873719	0.9949761	0.28114128	0.03804712	0.3886011	-0.39433566	0.29455432	-0.47871628	0.32022953	0.05964217	-0.09266781	0.77107304	-0.1656603	-0.37681985	-0.08247325	-0.3890189	-1.6355652	-0.3825356	0.30678338	0.2041218	-0.49320954	-0.37103647	-0.40420192	0.057740714	0.9982896	0.6193582	-0.47695577	-0.42973977	-0.9668258	-0.22762088	-1.1678272	-0.27494776	0.21364704	1.0039155	-0.345353	0.19031292	0.5379506	0.21154977	0.48788488	-0.09005268	-0.15785915	0.47490877
0.41774163	0.025531843	1.2950183	-0.41043302	0.7576161	-0.48503998	0.01450641	-0.3797606	0.98453593	-0.3354124	-0.055484794	0.2858431	-0.081851274	-0.38343343	0.28927612	0.037327755	0.4904429	-0.4720641	-0.37333125	0.42158544	0.6189167	-0.9313154	-0.7145133	-0.17285651	-0.81874204	0.5742134	-0.037872937	-0.13667819	-0.6258191	0.49477196	0.1313603	-0.23639387	0.27240553	0.28019544	0.26855358	-0.36531514	-0.14554706	-0.3091331	-0.11729102	0.17079635	-0.7563781	-0.06546133	-1.4362333	-0.11695815	0.011118394	-0.6084929	-0.5780566	0.1987965	-0.58387613	0.6724948	-1.1337581	0.94896847	0.06918667	-0.16676228	0.111374825	0.28200123	0.6208682	0.56756306	0.5071265	-0.011821897	0.33030123	0.8208311	0.64580107	0.25813967	-0.037934806	-0.06331151	-0.1494105	-0.5392542	-0.7116393	-0.0625042	-0.8493957	-0.17068888	0.36088625	-0.12890278	-0.24103521	0.09440628	-0.22265473	0.6398635	-0.30065852	0.44631764	-0.033802636	-0.25938624	0.48041838	0.27790707	0.24933748	-0.14914514	-0.40205628	0.7753038	0.50966054	0.96403944	0.29963517	-0.2933441	-0.12991299	-0.34406134	-0.38138592	-0.18922484	0.32737413	0.43002784	0.058697477	-0.095222495	0.0062816306	-0.42198312	-0.6194294	0.032469302	-0.39120883	0.25225732	-0.78118294	-0.14924948	0.046177514	0.28737143	0.95957774	-0.045605354	-0.5286529	-1.0342361	-1.1038278	0.45074376	-0.704259	0.012865644	0.3800332	0.13376819	-0.3988765	0.2812946	-0.11382955	0.05217901	-0.040225253	0.3325505	0.25401667	0.005791017
-0.22728263	0.39308208	0.37840772	-0.32628122	0.89854276	0.35336208	0.41804412	0.78547615	0.5711543	-0.07011803	0.5682834	0.14497416	-0.055138342	0.19647898	-0.30622554	0.31133273	0.23832794	0.2713833	0.09782076	-0.0958653	0.3738217	-0.4945183	-0.3710887	0.45992175	-0.39503533	-0.29793355	0.4121957	-0.27288494	-0.15915234	0.42209026	0.03783056	-0.32351553	0.3397629	0.114488125	0.21324635	0.63169664	-0.03332556	-0.06536823	0.49743176	-0.51323247	-0.32797936	0.43314573	-0.3936502	-0.652044	0.17664859	-0.4504855	0.22098306	0.19919838	-0.09267659	0.20006102	-0.2712607	-0.050210115	0.39024976	-0.43199673	0.25199774	-0.45236638	-0.09401632	-0.24042082	-0.11445124	0.21663573	-0.43758866	0.4132643	-0.8693718	0.42737398	0.98982495	-0.05634458	0.3667493	0.86726654	0.28955954	0.2673501	0.22196195	0.12811029	-0.09626167	0.057093896	0.31880227	0.3050638	0.5902062	0.0407908	-0.3591296	-0.06302581	0.003814218	-0.527341	0.22385162	0.30587053	-0.48519745	-0.23541829	0.2359881	-0.3704259	0.69150513	-0.7721236	-0.08652197	0.049040407	-1.1177647	-0.3602435	-0.39871588	-0.22009459	-0.002177434	0.42542884	0.12089177	-0.49741116	-0.20082238	-0.42338178	0.060109563	0.1419219	0.051169887	0.36073634	-0.046198472	-0.5738082	0.12047151	0.5411616	-0.36330554	0.3216949	0.28682208	0.5456672	-0.3097229	0.24724954	-0.4283458	-0.33097467	0.7356491	0.10781045	-0.13943867	0.23616025	0.15911895	0.06774188	-0.5653836	-0.87344426	-0.099482894	-0.39210355
0.15575087	0.08883274	0.05340796	0.000951672	0.34874362	-0.05912953	0.050989706	0.18810825	0.27199283	0.14325365	-0.11076564	0.1221157	0.21797277	0.043604698	0.032736618	0.32229254	0.07378199	-0.026999788	-0.02888272	0.23662175	-0.029383766	-0.21672735	-0.22208259	-0.088201284	0.03546611	0.056751773	-0.27077407	-0.09540862	-0.15774731	0.08965391	0.010569184	-0.30178335	0.30273333	0.005765203	0.12901056	0.040951513	-0.016336543	-0.31763074	0.16063343	-0.05159197	-0.35766092	0.074275985	-0.29665372	0.26661894	0.20104374	-0.28814745	0.026001606	0.15215221	-0.16724208	-0.020078545	-0.049295455	-0.24059577	0.23741248	-0.28223225	-0.15272015	-0.035025135	0.26898074	0.2492073	0.06198118	-0.028907	0.04234576	0.10764538	0.06332508	0.09882015	0.2887728	0.003947555	-0.15093838	0.45962417	0.17328106	-0.16545723	0.033879988	0.017383603	0.045665428	0.017066326	0.30605793	0.0795046	0.07717399	0.062405653	-0.3187156	0.006990018	-0.23308347	-0.38546053	0.40424162	0.16108906	-0.23085931	-0.22324938	-0.040067952	-0.2551214	0.27570882	0.009440874	0.28041485	-0.23154268	-0.6613231	0.04868441	0.09587696	0.006531562	-0.046381965	0.058738485	0.028239312	-0.15022132	-0.06108766	-0.475043	-0.069916256	0.27006507	-0.23404443	0.23731719	-0.15655021	-0.037351534	0.23875633	0.35341573	-0.10660217	-0.011818891	0.17968713	0.26111627	-0.12657884	0.0530981	-0.12881424	0.03848755	0.32663596	-0.08754153	-0.0073957914	0.16334587	0.08089008	-0.002462213	-0.18280888	-0.3778024	0.0015759441	-0.21915673
0.08586778	0.049982037	0.50057733	-0.5214709	0.50041324	0.23697951	0.19835757	0.40902308	0.43835428	0.018227447	0.26919168	-0.14201817	-0.28017282	-0.31413972	-0.27306455	-0.009130113	0.24184497	-0.5092509	-0.31183946	0.2162425	-0.40283293	-0.093415424	-1.4812014	-0.33843538	-0.5584128	-0.09003272	0.11789009	0.18428671	-0.09830936	-0.39555064	0.18523872	-0.40077192	0.08196856	-0.31893864	0.5590347	0.049085815	-0.08972005	0.9423694	0.5310759	-0.18526658	0.06461277	0.32852972	-0.12612431	0.061870385	0.31087005	-0.48944214	0.1807043	0.61687964	-0.22241816	0.14406662	0.42339703	-0.31423777	-0.25771654	-0.21120632	0.0359881	-0.14884907	-0.1075413	-0.0038428467	-0.033555873	0.39116755	-0.0900229	0.82319725	-0.81688076	0.36181724	0.35121462	-0.753397	-0.13859904	-0.38830715	0.028402764	0.17617095	-0.7468139	0.28237104	-0.30845863	-0.5777907	-0.22294137	0.5082296	0.47526973	-0.2844492	0.29337037	0.635418	-0.10828513	-0.43040916	0.32874092	1.1052098	-0.41726595	-0.23912443	0.4096317	0.32644242	0.2610834	-0.40947458	-0.17657143	-0.6671834	-0.19252478	-0.31168938	-0.21113086	0.15355448	-0.103015594	0.15838285	-0.19823392	-1.1657318	-0.12904686	-0.7385471	-0.25530747	0.54765356	-0.012508885	0.100585274	-0.2564592	-0.12522408	-0.13212967	0.60406476	0.72362757	0.5471478	-0.10063229	0.1455888	-0.8339233	0.13502754	-0.508296	0.16507669	0.49802265	0.43757796	-0.9280154	-0.19209415	0.8077459	-0.2566894	0.26289684	0.6946183	0.41233045	-0.10266367
0.15564413	0.048730746	0.03786273	-0.18969625	-0.07473757	0.18007885	0.5486083	0.28158447	0.18002746	-0.101794384	0.07794713	-0.07240077	0.066891074	0.16483621	0.24097313	0.033653155	-0.109867625	-0.1678875	-0.5326327	0.2939116	0.28714842	-0.3680503	-0.124582596	0.013757033	-0.384785	0.403875	0.04838251	0.06916383	0.012117862	0.24460402	-0.069856495	0.18504709	0.23063895	0.04511607	-0.0480624	0.25397462	-0.13974398	-0.2582243	-0.12926114	-0.08172575	-0.31502438	-0.029786319	-0.32614827	-0.16865134	-0.14562	-0.03531682	0.108176306	-0.071631014	0.17070907	0.22921163	-0.3086679	-0.109881826	0.069601506	0.19414198	0.13151571	-0.27726895	0.3356177	0.22760776	0.43691167	0.07162848	-0.12730245	0.27225578	0.00488154	0.331897	0.053991664	0.1861943	-0.232222	0.17228825	-0.23250481	-0.007203308	0.105505235	-0.1446785	-0.14275579	0.030451087	0.15872571	-0.34348586	0.2208647	-0.042524196	-0.18369909	-0.13740481	0.18631305	-0.3631391	0.16102363	0.4086995	-0.1291141	-0.5065207	0.01251328	-0.07457096	0.2611154	0.014626708	-0.07173228	0.05096976	-0.54882675	0.031349987	-0.26099423	-0.031656235	0.066596575	0.057842474	0.122112595	-0.14665227	0.04962073	-0.17186104	0.008900245	-0.4569743	0.22041984	0.10264578	-0.014390868	0.24749023	0.27573338	0.023939412	-0.10497678	-0.075151995	-0.13352147	0.09511911	-0.4582991	0.3879544	-0.4042705	-0.15603657	0.072358854	0.16622125	-0.0005165068	-0.12869145	0.3086253	0.08483315	-0.22952165	0.09712586	0.20972219	7.446321e-05
0.025187893	0.14434436	-0.09644611	-0.12887017	0.7037591	0.024601102	-0.5558888	0.7607122	0.02808033	0.24250253	0.26163888	-0.120198764	0.14553909	0.10169906	0.053094428	0.47961044	0.25028113	0.17000401	0.01308246	0.4368975	-0.008032774	-0.22423068	0.14428547	-0.4237753	0.30469948	0.6373718	-0.57038385	-0.40942225	0.11416959	-0.23396184	-0.3224929	-0.24229476	0.07253825	-0.017752789	-0.07610605	0.20823659	-0.06241378	0.22139587	0.3777015	-0.16813438	-0.5272801	0.37965846	0.038055595	-0.05344014	0.33301014	-0.6544237	-0.026768528	0.5517565	0.16207974	-0.21123901	0.42615524	0.00864741	0.19868177	-0.3267781	0.31016824	-0.3128066	0.5935423	0.4409675	-0.02267128	-0.26059517	-0.13183305	0.02369645	-0.09510626	0.87194735	0.26782215	-0.20347139	0.008699598	0.24189433	-0.041064475	0.41805696	-0.030305604	0.06653739	-0.018888112	-0.4555327	-0.12275166	-0.1018252	0.1499547	0.6139281	-0.5011709	0.20055082	-0.541629	-0.5928337	0.47255743	0.119091526	0.30387378	-0.5767523	-0.21319813	0.13541262	0.6151462	-0.041156597	0.085149296	-0.41293684	-0.6092452	0.37015626	-0.6509888	-0.014366828	0.07349378	0.41690835	0.3978287	-0.44926113	0.22816807	-0.6239664	-0.5492104	0.18875779	-0.40881038	-0.22056277	-0.059923716	0.14167412	0.48663116	0.26601443	-1.1125352	0.116965674	0.05552434	-0.16143642	-0.07618459	0.028921498	-0.29240018	0.26191056	0.17933849	-0.16968161	-0.21117121	0.049538054	0.44976962	0.46911564	-0.31453162	0.27319324	0.35066703	-0.3210872
0.3362371	0.029056348	-0.20879743	-0.0003181429	0.513287	0.23431008	-0.09944485	0.061869755	0.48484913	-0.2023568	0.24675794	0.3301269	0.053166334	0.060911924	0.08907572	0.17276585	0.21425712	-0.08306898	0.0050497116	0.08231638	0.040042296	-0.22077428	-0.3104994	0.07408737	-0.19869581	0.20665476	-0.13087466	-0.051008694	-0.017532133	0.14548765	-0.052157238	-0.08846107	0.027986044	0.29740885	0.17937203	-0.053139642	0.15206912	-0.47454736	0.3710718	-0.022927048	-0.15344939	0.16904856	-0.073517434	0.16999532	0.091478385	-0.19473602	0.057561327	0.1857677	-0.2236969	-0.036171064	-0.2969814	0.122863986	0.21369642	0.2875474	-0.078588426	-0.25976947	0.1676555	0.38916895	-0.24366878	-0.2495921	-0.23086256	0.026204355	0.028475428	-0.0046621333	-0.06296916	-0.09639064	-0.02347716	0.15132912	0.12037543	-0.11073603	-0.3465708	-0.26518276	0.047866143	0.04844095	0.06355725	0.091020964	-0.09447113	-0.11728918	-0.10141304	0.022890616	-0.4384533	-0.35796928	0.18006206	0.07380813	0.34998107	-0.25661808	-0.018778121	0.07663079	0.29100394	0.023485957	0.27744502	-0.19421397	-0.39163834	-0.16002743	-0.14078708	0.042652056	-0.20271572	0.3086884	-0.0031309123	-0.12228185	-0.09450419	-0.32112834	-0.50345683	0.13545175	-0.12133169	0.14380176	-0.12704073	0.1549286	0.45146137	0.55366457	-0.002916392	0.1426777	0.17091429	0.051561024	0.012138231	0.12596455	-0.22027192	-0.11729128	-0.07605067	0.1295946	-0.20344092	0.12713891	0.13664499	-0.16931784	-0.11035567	-0.13074857	0.15786202	-0.17267452
0.12252493	-0.1778222	0.19037484	-0.076402925	0.16036013	0.015911365	0.19942564	0.2593489	0.3731013	0.03317961	0.069089904	0.06661686	0.1298229	0.0064937994	-0.020573203	0.14376919	0.1709554	-0.032111794	-0.13578889	0.024179855	0.17009121	-0.4665142	-0.050638903	0.108928464	-0.49334466	0.0563386	0.14232406	-0.031513605	-0.13321187	0.021250682	-0.01424957	-0.07469923	0.10236894	-0.014389657	0.010233898	0.15735766	-0.18910159	-0.20256886	0.096025705	-0.088904396	-0.34698072	0.16966806	-0.3388062	-0.22053157	-0.009078396	-0.073865004	0.25316545	0.022255722	0.11420106	0.13995259	-0.017988626	-0.026732987	0.1673395	0.011422621	0.11262339	-0.22926211	0.31073266	0.01961159	0.07132181	0.079896376	-0.029222362	0.24548362	-0.1875101	0.34158683	0.19506253	0.20534463	-0.037716705	0.22724038	0.02143173	0.0774563	0.10098435	-0.09806576	-0.26849744	0.23710117	-0.18010989	-0.325561	0.27996367	0.16538227	-0.14617607	0.080453224	0.02647055	-0.23192836	0.28544027	0.3397812	-0.18521805	-0.27904686	-0.16881861	-0.108652726	0.33259678	-0.045702964	-0.0865036	0.079992406	-0.53207415	0.061135802	-0.14950927	-0.056863513	0.21748605	0.20828274	0.12271597	-0.06498827	0.004131129	-0.20851228	-0.076027304	-0.15545906	0.10156699	0.11030068	-0.015025219	0.024455154	0.2649835	0.09247081	0.039540324	0.07828142	0.17203835	0.05845003	-0.32774517	0.070835374	-0.14953677	0.0019360669	0.16737443	-0.027996492	-0.048057318	-0.19384222	0.12317866	0.010866245	-0.16936494	-0.21122259	-0.03213902	-0.100434266
0.28624815	0.2291321	-0.32305112	-0.19312967	0.75048494	-0.12293756	-0.3096681	0.68930876	0.6856474	0.14069524	0.46758258	0.23541915	0.53386843	-0.490414	-0.24123415	0.6067013	0.060136747	-0.10743648	-0.111298315	-0.033690512	0.16258153	-0.28572887	-0.50043625	0.09717523	-0.22395909	0.51877564	-0.21487114	0.030697882	-0.17480867	0.29431683	0.3576834	-0.23497663	-0.16311958	-0.2330848	0.47386888	0.21725199	-0.22201079	-0.4489453	0.57607484	-0.10290563	-0.70754737	0.34988964	0.3626909	-0.21878268	0.41015205	-0.3364107	-0.12918566	0.031845674	-0.20092404	-0.20533252	-0.42414016	0.28135478	0.24199013	0.057310473	-0.1823839	-0.7705648	-0.039654452	0.5546239	-0.33577847	-0.60365605	-0.28792867	0.011136021	-0.24571048	0.11820897	-0.2818326	-0.19972436	-0.047112208	0.22880611	0.6634745	-0.20353536	-0.50064594	-0.32618952	0.39677864	-0.14829406	0.14978914	-0.16315685	-0.35301572	-0.32442287	-0.25639358	-0.029883392	-0.9131236	-0.80456656	0.6774968	0.298605	0.16143444	-0.4471703	0.11262474	-0.06747167	0.19182022	-0.08432493	0.12523705	-0.06843349	-0.8381594	-0.35819185	0.11342057	-0.082311414	-0.3384483	0.49696547	0.795786	-0.16345453	-0.042041894	-1.1473323	-0.6970564	0.072355755	-0.16541977	0.19270946	0.003677214	-0.25782937	0.3814992	0.7831642	-0.0076434277	0.25360665	0.43740952	0.002567974	-0.025212519	0.13776194	-0.11118609	0.037521638	-0.25589404	0.21261647	0.109180145	0.30300653	0.4617022	-0.059246533	-0.36093268	-0.4913999	-0.11146075	-0.25737935
0.246082	0.30289352	-0.015398113	0.015414234	0.36834836	0.11224087	-0.15639329	0.34062177	0.106682844	0.254989	-0.019952916	0.06288563	0.061635792	0.06319848	-0.10610681	0.32080078	0.60060674	0.190236	0.084045224	0.26734057	-0.07934733	-0.38610372	0.09417772	0.2027531	-0.3803574	0.40990847	-0.23939086	-0.30470243	-0.17717773	-0.26038644	0.12456933	-0.45107588	0.07897976	0.14552428	-0.026753057	-0.18499815	-0.27099845	-0.0636302	0.13531207	0.4675505	-0.63621724	0.29860488	-0.3118091	-0.06097408	0.13737316	-0.58230734	0.022486638	0.27951828	-0.3196698	0.048365273	-0.33406788	0.31549874	0.4761994	0.06132117	-0.11601712	-0.53019094	0.050604217	0.62159437	-0.23923771	-0.21289347	-0.47813594	0.5833708	-0.06307798	0.264663	0.03240311	-0.0057176296	0.02916612	-0.11352717	-0.21242738	-0.18786858	-0.4677748	-0.36002445	-0.05526835	-0.30671716	-0.04210883	-0.13056228	0.1292886	0.1769363	0.020804249	0.0807617	-0.5000967	-0.39716452	0.3539849	0.10185139	0.0087836785	0.056788597	0.2657156	0.05138484	0.1769574	0.04599106	0.031746905	0.09889202	-0.31677562	-0.32011974	-0.144733	-0.24687956	0.019264767	0.51763976	0.1669217	-0.072314814	-0.22496836	-0.22172216	-0.713108	0.22049898	-0.057979908	-0.15739883	-0.07623001	-0.1256133	0.84732616	0.40112928	-0.17632163	0.3093805	-0.33622533	-0.2104789	-0.03545539	0.13333264	-0.12345337	0.052122016	-0.06480478	-0.106859624	-0.15034465	-0.14856216	0.069779314	-0.052181244	-0.31997302	-0.45858544	0.2527035	-0.38248208
0.07308107	0.19230227	0.6393549	-0.5257712	0.22610734	0.088511355	0.20328893	0.74329007	0.5689883	0.19829203	0.20592514	0.031605374	-0.094341956	0.5103445	-0.57557285	0.08902938	0.73914284	0.39948538	-0.11868004	-0.05031406	-0.31032166	-0.068332724	-0.889339	-0.12852338	-0.25849608	0.1929499	0.107358426	0.2740012	-0.57815534	-0.31392112	0.88483423	-0.42435327	0.04350414	-0.6856246	0.3541036	0.36693966	-0.36991906	1.3647559	0.33022144	-0.15941985	-0.070070885	0.7631741	-0.2541302	0.2990336	0.420238	-0.6938047	-0.16960682	0.80117184	-0.9016949	0.037214436	-0.27705523	0.11231339	0.21319155	-0.52768683	0.0811865	-0.9986293	-0.29810888	0.3352448	0.23261037	-0.1155581	0.034835026	0.5538724	-0.26066276	0.45804778	0.8003465	-0.7005846	0.19715475	-0.07979926	-0.09352573	0.36074442	-1.0514657	-0.22936499	0.10307329	-0.43805045	0.068554625	1.1966621	0.6150651	0.15588145	0.15544719	0.3094874	-0.47658032	-0.63662416	0.0023734742	1.0357631	-0.06845922	-0.38013855	0.051037226	0.13800983	0.31229928	-0.54994816	0.10786605	-0.81250226	-0.30484295	-0.28042293	0.03309272	-0.030753467	-0.7879018	0.14426243	0.025760952	-1.096397	-0.56634027	-0.5637713	-0.6223337	0.41974828	0.05091414	-0.20889647	-0.4477081	-0.38235694	-0.017561857	0.3381044	0.25838792	0.8270486	-0.30660304	-0.391309	-0.6248046	0.07020699	-0.24537195	-0.011675617	0.49643835	0.462873	-0.37018532	-0.04878532	0.83966124	-0.37036595	-0.6643185	0.05667234	0.467274	0.20240118
0.027167184	0.20560211	-0.006061135	0.06337796	-0.0524853	0.08260103	0.08479482	0.17656098	0.4241124	0.19856879	-0.03070326	0.09302254	0.23125033	0.105468206	-0.18804303	0.18545638	0.13494419	-0.27272335	-0.40700722	0.24808684	0.114582166	-0.17026338	0.039944727	-0.016202465	-0.30354834	-0.30664	-0.048608266	-0.2073402	-0.114094324	0.3895629	-0.12514393	-0.020990415	-0.100233406	-0.037134845	0.350902	0.16795447	-0.45937836	-0.3090294	-0.054140553	-0.22966293	-0.31110212	-0.26180375	-0.21103385	-0.37613145	-0.0042162756	-0.266919	0.1901453	0.093345806	-0.023323651	0.29171118	-0.13276953	-0.21328567	-0.15779191	-0.20888533	0.1862334	-0.22261138	0.43628198	0.22436285	0.12824547	-0.283017	-0.23886588	0.24857071	-0.34482694	0.15405442	0.23390442	0.0137646645	0.024614057	-0.1839547	0.054205965	-0.020389747	-0.087883905	0.06875355	-0.06486436	-0.019326972	0.08506856	-0.31170833	0.21278588	0.07382326	-0.47042406	-0.20711634	0.019577827	-0.22843598	0.48664853	0.055075	-0.20399936	-0.13247651	-0.19339639	0.016647674	0.277236	0.14574192	0.42514324	-0.4866339	-0.14776056	-0.2992188	-0.04605421	-0.035957087	0.38179126	0.013311554	0.0059017926	-0.017961401	-0.19889262	-0.2964312	0.027939934	-0.15795015	0.06447396	-0.04649328	-0.121860065	0.13060112	0.42398423	0.3117807	0.1817516	0.051877853	0.029988823	0.06238871	-0.22649673	0.29826072	0.0112334825	0.047545232	-0.18048456	0.4457623	-0.047385614	0.11567065	0.63125783	0.11048146	-0.31287602	-0.15989494	0.09441798	0.027721183
0.34954602	-0.5330941	0.28927195	-0.03224374	-0.079612814	0.2681846	0.53760904	0.334468	-0.2892242	0.57183	0.6008662	0.59523463	-0.68678945	-0.21760868	0.25581527	-0.19067799	0.75729674	-0.10454084	0.63599443	0.6154221	-0.050074868	-0.33005968	-1.356418	-0.18235101	-0.08856434	0.37189174	-0.17568865	-0.20403004	0.039327078	-0.1657694	0.71179706	0.33246693	-0.19234878	-0.24667719	0.31052685	-0.17968471	-0.045594446	0.8955071	0.492758	-0.21538797	-0.5426955	-0.034679614	-0.19923039	0.9218648	1.0346572	-1.425177	-0.04541383	0.082786836	-0.89721763	-0.280247	0.059765063	-0.09199903	0.904162	-0.17593572	-0.74413925	-0.065800026	0.23202536	0.55873865	0.039775617	0.017608387	0.7719313	0.4714729	-0.10529988	0.17373027	-0.1671842	-0.5416875	-0.21326156	-0.15939532	-0.15673165	0.6545019	-1.1517678	-0.10745491	-0.021490002	0.34160998	0.12105505	0.5462107	-0.21538077	0.36339974	0.030901864	-0.078064755	-0.3037427	-0.52454704	0.19510388	1.102321	-0.48492804	-0.22950682	0.3368726	0.28775707	0.13398455	-0.20362525	0.07676166	-0.731721	-0.021710772	-0.328683	-0.41690278	-0.07602505	0.01431035	-0.32456782	-0.08433136	-0.886998	-0.2711341	-0.1292567	-0.3203743	0.45142394	0.6807939	-0.16778928	-0.39833608	0.29199365	0.51906794	0.2034856	0.4576429	0.7479619	-0.59253347	-0.07816177	-0.14249314	0.46826768	-0.6961253	0.31087786	0.08665762	0.8415893	-1.064344	-0.46151462	0.48737544	0.04049605	0.058124207	0.18624115	0.107503146	0.5862412
0.8547639	0.3975218	0.024244659	-0.14790082	0.07335031	0.51687235	0.57175416	0.22276802	0.22181338	-0.85335666	-0.30755457	-0.16745329	-0.12793143	-0.22259524	-0.19379418	0.19848399	-0.5148211	-0.6031651	-0.13203172	-0.22874098	0.0264212	-0.18550907	0.41395533	0.037022382	-0.7863874	0.48589244	0.12943868	-0.5109785	-0.07140442	-0.07274772	-0.44001165	-0.19695257	0.50350666	-0.17932528	-0.15340896	0.3550819	-0.6275374	-0.2960004	-0.18915015	0.00897822	0.03238355	-0.49976587	0.19492896	-0.24109283	-0.1307863	-0.2335948	0.51155674	0.016707348	-0.12210926	0.36872286	0.13109234	-0.3010896	-0.25752223	-0.12285341	0.020275045	-0.38066715	0.040043727	0.21512334	0.19873203	0.37160096	-0.3646472	0.29215595	-0.23964967	-0.101242684	-0.065655775	-0.4048015	-0.4270163	0.040961772	-0.25136673	0.08091834	0.048924774	-0.060086597	0.13875452	-0.50092816	0.14114428	0.5239533	0.18032819	-0.25370184	0.0021396137	-0.06083791	-0.26713613	-0.27434608	0.20161805	0.060164224	-0.16572304	-0.2524062	0.29129	-0.24754874	0.6509679	0.09945347	-0.09096768	-0.154743	-0.37062597	0.31908634	-0.46530506	-0.28884208	0.1536965	-0.3540072	-0.20288171	-0.8198687	0.23461111	-0.6139903	0.15225154	-0.48837087	0.04066486	0.051781293	-0.44322416	0.18150358	0.022701371	0.118039265	0.493499	0.2667299	0.014220189	0.3102651	-0.47525656	0.09535208	0.027171561	0.017853465	0.3523158	0.33669955	0.10997637	-0.16860585	0.19659355	0.46179515	-0.5970252	0.09703036	0.4025226	-0.14304738
0.11108561	-0.06428181	-0.17228197	-0.18603985	0.22833776	0.11774992	-0.10648531	0.097487144	0.27240005	0.35786882	-0.11012831	0.05007192	0.098357715	-0.027974475	-0.17644972	0.44860825	-0.03930246	-0.25901648	-0.14104638	0.39303643	0.022039918	-0.093946464	0.005360949	-0.3417257	-0.38245863	0.08179738	-0.2794665	-0.15227048	0.04744315	0.06603716	-0.2576496	-0.3301997	-0.071698785	0.0011246039	-0.036951534	-0.1680689	-0.46518967	-0.25268498	-0.03111315	-0.19142358	-0.40074772	-0.16421553	-0.108580306	-0.07256032	0.19171436	-0.13816398	0.16232733	-0.13476925	-0.32275444	-0.05605383	0.011839928	0.02700231	-0.23766395	-0.20593703	-0.025046831	-0.1133471	0.3812083	0.506167	0.20329045	-0.07115777	-0.064952046	0.12786232	-0.10659499	0.18824194	0.11733807	-0.13728303	-0.11819805	-0.15811408	0.23508063	0.026407206	-0.13165002	0.15897664	0.15667552	-0.0325871	-0.15796976	-0.3124014	-0.082935266	-0.106911585	-0.37290794	0.021587165	-0.19885987	-0.20624454	0.1508057	0.009677991	0.04807051	0.062633924	-0.3615254	0.1648882	0.27361834	-0.06881828	0.29882	-0.66432846	-0.05838962	-0.05096599	-0.28016627	0.05588267	0.35325748	0.035862546	-0.3061439	-0.14327307	0.15877922	-0.2945237	-0.2533425	-0.04214569	-0.18984035	0.123257995	-0.12022412	-0.011670161	0.4981291	0.2637666	0.0048703956	0.27807844	0.06960797	0.15288939	-0.1566083	0.16505995	-0.048037123	0.20948794	0.20652983	0.25768	-0.2244322	-0.06659329	0.41929522	0.25603038	-0.21910416	0.03559838	0.1721327	-0.16669177
0.31053448	0.31913334	-0.1353572	-0.14723267	0.0882196	0.0770531	-0.07962244	0.13956207	0.51062167	-0.20770416	0.369184	-0.25415763	-0.1316396	0.099172205	-0.16364153	0.0467222	-0.0149714025	-0.07898226	0.18809336	0.82110196	-0.098807074	0.53316104	-0.12260341	0.05175741	0.046678394	-0.16822842	0.024158558	-0.06617835	-0.39332792	0.18016194	-0.041702487	-0.30685028	0.45269415	0.37636235	-0.117784776	-0.058881063	0.32333022	-0.28378505	0.35208794	-0.04675341	0.15003863	-0.24725798	0.035576116	-0.03345697	0.46892264	0.10950464	0.44342718	-0.22864352	-0.61922413	0.13314775	-0.08770587	0.014765995	-0.031310942	-0.7841275	-0.13701814	-0.32061115	0.44201094	0.6253794	0.022082731	-0.5551613	-0.19010696	-0.10059768	-0.48303136	0.0106424205	0.7399558	-0.40202743	0.24717273	0.079458795	-0.21664095	-0.3812287	-0.16146743	-0.043397628	0.1053621	-0.7765936	0.24739672	0.10440226	0.14503783	0.41734472	-0.5193448	-0.2363204	-0.596023	-0.64736825	0.35067615	0.16339663	-0.34576198	-0.4548608	0.22086999	-0.16315024	0.63965464	0.16212507	0.09869563	-1.0900923	-0.79171526	-0.58800495	-0.17748967	-0.016691223	0.39759395	-0.22534625	-0.016310414	-0.37618005	-0.1127076	-0.5162251	-0.16390163	0.21175498	0.06276741	0.16180018	-0.5145606	-0.24342889	0.3583407	0.24732146	0.23083007	0.48130435	0.21064036	0.30972272	-0.23540716	0.1994627	-0.7921079	-0.02273488	-0.0106823575	-0.048901234	-0.39762965	-0.00805512	0.3084402	0.9446919	-0.4764174	-0.13230512	0.4908717	-0.18574467
-0.6509476	-0.011159464	0.71450096	-0.23317525	0.5186471	1.2183627	1.0402706	1.0130746	0.8173404	0.23939365	-0.3049127	0.5269777	0.3200253	-0.044243507	-0.19304895	0.039136946	0.010067023	-0.6743508	0.15433694	0.48828447	-0.5121755	0.14901431	-0.10217707	-0.5523892	0.16938736	0.694251	-0.9261186	-0.6496703	-0.79210967	-0.15582143	-0.17962568	-1.0162932	-0.38662994	0.2562969	-0.07876505	0.51630527	-0.47585076	-0.21193282	0.024631219	0.25320575	-0.5306172	0.43306598	-0.15642513	-0.09286453	-0.20156902	-0.012578727	-0.26473275	-0.1041294	0.13581714	-0.6803842	0.17440407	0.018294333	0.7769443	-0.61066425	-0.49742043	-0.41077313	0.41161203	0.35281262	-0.012870798	-0.40227264	0.23604925	0.14075914	-0.8809518	-0.3366691	0.6207765	-0.63443655	-0.31850764	-0.29574648	-0.24911568	0.09598645	0.49433956	-0.008206987	0.16789202	-0.4193672	-0.27754477	0.09577277	-0.23241374	0.07690466	0.25670898	0.3119215	-0.7477657	-1.0785596	-1.0759118	-0.34711567	0.26931813	-0.39058676	-0.23172481	-0.6695813	0.51697683	0.13587324	0.48612052	-0.44400385	-0.6781472	0.7908364	-0.11878032	0.9179494	0.023402974	-0.75207376	0.37104198	-0.2674147	0.6334047	-1.3054907	0.72314835	-0.17183766	-0.16094907	-0.7276267	0.16540295	0.93998444	0.69944566	0.3344896	0.29401466	-0.39118782	-0.6935102	-0.015519796	-0.5075248	0.05849902	-0.93643934	-0.26355782	-0.6647512	-0.90489537	-0.72097063	-0.85856724	0.59336746	0.18800823	-0.66906625	0.53109574	-0.08534933	-1.6294738
0.08559531	-0.026435878	0.08406935	-0.17518668	-0.042392213	0.17202486	0.33448812	0.16538765	0.19641145	-0.06547964	0.041613154	-0.06797226	0.08899226	0.227949	0.19513442	0.06504104	-0.1044411	-0.16969407	-0.47729844	0.17470787	0.22606926	-0.3225701	-0.10282094	0.021410516	-0.3487479	0.32428315	0.134614	-0.0018451444	-0.029644178	0.24129882	-0.06042012	0.13644525	0.17628321	0.048953548	-0.038736325	0.23114537	-0.11272063	-0.2582938	-0.09491425	-0.10703745	-0.29149926	-0.026363237	-0.3973533	-0.13508396	-0.21930017	-0.057376962	-0.023983143	0.0074516675	0.030205656	0.20476684	-0.28526187	-0.13413335	0.12030454	0.20366839	0.07869986	-0.15622105	0.27234492	0.19090223	0.40803933	0.04407615	-0.14523903	0.16004752	-0.06381037	0.17766687	0.111334324	0.19582768	-0.19339147	0.14594284	-0.23575243	-0.030250128	0.1130984	-0.13058004	-0.1476366	0.060427282	0.19944103	-0.3105144	0.15124138	-0.05638443	-0.19073212	-0.10348689	0.16734393	-0.24892204	0.079587124	0.3626107	-0.13702908	-0.37583122	-0.08805236	-0.06183042	0.22420695	0.04403186	-0.048145693	-0.025818104	-0.42025864	0.04943902	-0.11464229	-0.0111185	-0.007488647	0.07927677	0.086855836	-0.033997025	0.016876083	-0.19709335	-0.0027126127	-0.33549365	0.23257105	0.081680216	-0.086100295	0.24703965	0.12135688	0.039831374	-0.055907097	-0.15929517	-0.113501206	0.121011406	-0.4011187	0.3301197	-0.32924053	-0.13976443	0.12193938	0.06778334	-0.014113548	-0.100208916	0.22278096	0.0072610066	-0.16024438	0.15324628	0.109181665	0.025463646
0.44548795	-0.14380683	-0.33882493	0.30608243	0.6521664	0.34697983	0.622007	0.4435161	0.27523464	-0.12170127	-0.1529348	0.460936	0.07599199	-0.33432218	0.14351663	-0.03344868	-0.027951837	-0.023014275	-0.52486014	1.1000907	0.7475802	-0.14908706	-0.41239193	0.06328022	-0.73687196	0.16943255	-0.80269533	-0.282176	-0.10875528	0.123504445	-0.30315906	-0.050819777	-0.0020532822	-0.19340985	-0.4300513	-0.09511616	-0.04410393	-0.004018666	0.05909313	-0.34823453	-0.7911903	-0.597967	-0.14749509	-0.16177818	-0.19141279	-0.08240337	0.27011144	0.7983616	-0.39891404	0.10852776	-0.14669964	-0.5272527	0.31761152	-0.08149163	-0.24105744	-0.20461997	1.025606	0.033332154	0.43986422	0.39814675	-0.3741456	0.29345435	0.107825205	-0.44539213	0.14209723	-0.3481758	-0.35552776	0.44206518	-0.4764991	0.56928796	-0.16712424	0.07343999	0.61643565	0.007954825	0.26055396	0.5095683	-0.14716783	0.58517087	-0.06893147	-0.48052445	0.042398524	-0.46875116	-0.17221536	0.22199951	-0.25291157	-0.5247672	0.35569736	-0.0347913	1.2284057	0.7333342	-0.093698554	0.002601623	-0.6862265	0.1980407	-0.27402833	-1.0264153	0.24614154	-0.2151006	0.4128178	-0.7056129	-0.77889365	-0.39303184	-0.10915273	0.030364823	-0.46497378	-0.14953071	-0.39786285	0.22573757	0.51161987	0.49187738	-0.29283723	0.62156194	0.2934314	-0.28279236	-1.0981039	-0.04498978	-0.64432186	0.22884451	0.11315365	-0.58933973	-0.31228942	0.0015986994	0.8400902	0.99277276	-0.5264441	0.19451489	0.4206594	0.24638897
0.006559064	-0.014488814	-0.07802191	-0.1302125	0.20109305	0.14380533	-0.11774016	0.10950506	0.24746622	0.05538897	0.018787557	0.0551158	0.041559946	0.064318314	-0.019248461	0.24318491	-0.16376445	-0.24308112	-0.022925029	0.22953081	0.05726591	-0.0036953287	-0.0892223	-0.1711095	-0.08748161	0.18850875	-0.21110225	-0.0069708275	0.00013723978	-0.045513812	-0.08995751	-0.12354936	0.05416167	0.2348737	-0.02955609	-0.04723672	-0.021399265	-0.16696908	0.17344373	-0.07696807	-0.2596688	0.05560375	-0.13064426	0.076301485	0.1311705	-0.08819759	0.01802271	0.108701974	-0.16954571	-0.054696105	-0.12977602	0.07920375	0.05322971	-0.047548916	-0.18744767	-0.1204232	0.28021705	0.37959293	0.037170686	-0.01538875	-0.20115072	0.14037237	-0.004082514	0.008931813	-0.052094657	-0.16412582	-0.06625073	-0.079839736	0.05974261	-0.0707375	-0.24628511	-0.02722126	0.113078654	-0.046508238	0.0036382303	-0.16186737	-0.17008889	-0.074720494	0.021430643	-0.025662476	-0.060416374	-0.21247415	-0.0707229	0.0064911563	0.16765335	0.01963277	0.021308545	0.11308762	0.09148712	0.025638452	0.2500352	-0.26805833	-0.1837912	-0.0074079814	-0.058793332	-0.007223214	0.09703335	0.14084278	-0.019519765	-0.08122178	0.087292336	-0.23903972	-0.25085276	0.030784076	-0.17184974	-0.051078796	-0.048383273	0.046709042	0.21520355	0.24202268	-0.025836553	0.15816456	0.08435647	-0.02429695	-0.016708013	0.16608912	-0.18062486	-0.0063501904	0.104642786	-0.03122471	-0.26308474	0.04034896	0.17683941	-0.012646112	-0.06610455	0.107518844	0.083347246	-0.2060725
-0.03945782	-0.11324851	0.046958085	-0.0013566548	0.16299918	0.19859965	-0.011521125	0.03383792	0.44001994	-0.13836008	-0.0019845932	0.035441082	-0.0047956714	0.024595808	0.053685654	0.14034724	-0.0558079	-0.02809947	-0.0026353942	0.11177183	0.24018942	-0.06305592	-0.14628716	0.0441569	-0.12963608	0.36250338	-0.2543012	-0.09799608	-0.06127275	0.14955395	-0.21093929	-0.10189109	0.026351899	0.20210122	-0.08267266	0.04737036	-0.19955014	-0.46487513	0.17860836	0.07212914	-0.18331107	0.11307112	-0.45861536	0.032767452	-0.025782218	-0.06357607	0.037840694	0.17154048	-0.096471205	-0.120272666	-0.30713528	-0.17417996	0.042720426	-0.07994668	-0.23143515	-0.03841391	0.3289047	0.2462937	-0.034949973	0.0777486	-0.052292094	0.05536268	-0.005276282	0.11859208	0.07953294	-0.12759745	-0.14328468	-0.0016008537	-0.10172538	-0.17175043	-0.20361522	-0.20426658	-0.030256769	0.051405404	0.21481259	0.022669572	-0.022358228	0.12691271	0.11564632	0.04300919	0.063881695	-0.29900405	0.06269752	0.033675436	0.059162453	-0.05643515	-0.27713308	-0.061624557	0.21646588	-0.061117522	0.16021726	-0.070535965	-0.5010314	-0.00076740806	0.0688897	-0.070335865	0.05638057	0.1693337	0.11221231	-0.1408243	0.02092002	-0.33179447	-0.1759834	0.012424925	-0.12960412	0.21138485	-0.09369639	0.036475092	0.16696765	0.20958088	-0.11499201	0.13650003	0.105383605	0.062172808	-0.046794362	0.11110773	-0.2888657	-0.18769714	0.25206453	0.062279508	-0.10978802	0.022930179	0.10922331	-0.040414255	-0.042830344	0.056463327	0.0003817226	-0.32117456
0.051096734	0.03194211	-0.011149552	0.0051799673	0.23417133	0.08833446	0.12712374	0.020015467	0.12519345	0.097446665	-0.1451626	0.077368386	0.10653153	-0.023682393	0.065424785	0.082736015	0.050738327	-0.0069984794	-0.22426814	0.051451907	0.051533483	-0.05877326	-0.17076768	-0.12018456	-0.042963695	0.11460139	-0.114075914	-0.13333397	0.009062256	0.15207951	-0.1036491	-0.12360938	0.029085634	0.07054872	0.0122837825	-0.09123525	-0.049548436	-0.18429865	-0.007715312	-0.041952964	-0.16037418	0.0075237555	-0.2811356	0.20530455	0.02197453	-0.13242348	0.008995066	0.14122054	-0.12854713	-0.018491274	-0.068795346	-0.07568894	0.2182802	0.01986649	-0.20821415	-0.020096079	0.11016892	0.12790455	0.018863415	0.014747895	-0.018723665	0.17011522	-0.015904311	-0.063625075	0.14724436	-0.0006994961	-0.111689225	0.14029464	-0.014269773	-0.12703371	-0.0093326615	-0.019052247	0.06635757	-0.041515004	0.11545474	0.045492716	-0.066648155	0.075693525	-0.059509516	0.13356999	0.028513817	-0.1836815	0.20803942	0.08897832	-0.07880341	-0.1825081	0.0013269245	-0.23627307	0.1130095	0.06951154	0.04527555	-0.048123248	-0.17153406	0.05117824	0.032750875	-0.07777976	-0.027158773	-0.0260188	0.0002226585	-0.16633676	-0.012224385	-0.3161976	-0.106218204	0.098099746	-0.0134098325	0.080791324	-0.052421343	0.0323211	0.044789806	0.15204585	-0.016804613	-0.03772908	0.06509069	0.09996458	-0.16011976	0.021731433	-0.12145277	0.060399044	0.12051128	-0.020264028	-0.096633255	0.029073095	0.09594045	0.097485304	-0.0373414	-0.017755518	0.08110281	-0.07529851
-0.018705256	0.026158901	0.08493392	-0.083611675	0.16276407	0.19978991	0.079446904	0.13190335	0.22535324	-0.031264935	0.11198899	0.0023112874	0.085948184	-0.004990056	-0.17269191	0.10030097	0.17497869	-0.06360426	-0.070343256	-0.17203039	-0.01551464	-0.22648343	-0.08238843	0.11592569	-0.3365536	-0.17932571	0.154359	-0.20145595	-0.10561349	0.061480366	-0.12264879	-0.20894244	0.036533054	0.0035993163	0.12771179	0.13284965	-0.19955796	-0.059403915	0.120379545	-0.07466075	-0.18839999	0.1009911	-0.5029989	-0.14799294	0.07483178	-0.08721475	0.09747998	-0.05906212	0.088049136	0.05348747	0.12812924	0.012697724	0.2057058	-0.07474795	0.10164387	-0.08107673	0.036386725	0.06126266	0.03145817	0.068632044	-0.010523744	0.21675779	-0.25679004	0.31334987	0.13020277	-0.0073489826	0.041320793	0.07087431	-0.041381594	0.013343317	0.045680188	0.033935785	-0.089263685	0.013605101	-0.058487017	-0.032913305	0.18324853	0.098417655	0.010860958	0.177075	0.008516893	-0.14956115	0.12560825	0.019851608	-0.123725876	-0.00982281	-0.022205397	0.045724355	0.25841936	0.004874045	-0.077683136	-0.0021348128	-0.17165358	0.07972534	-0.064222485	-0.16883323	0.27674985	0.16180524	0.01646788	-0.13116485	-0.026175823	-0.07965407	-0.16382053	-0.0951834	-0.010957843	0.08936081	0.09162214	-0.30112326	0.17547147	-0.00427696	0.062774785	0.11528861	0.0023724083	-0.121465854	-0.17514521	0.09144486	-0.15805611	-0.13885956	0.08773118	0.14281048	0.004180599	-0.13151523	0.08544719	0.06921931	-0.21040264	-0.23285148	0.020858943	-0.13123897
0.07230153	0.12897123	-0.16578281	0.0017353633	0.17104992	0.22540168	0.07993215	0.16964158	0.1930757	-0.124570146	-0.118732765	0.27228686	-0.004773616	-0.24943247	-0.16603722	0.2768517	-0.23935989	-0.34371373	0.0025708703	-0.051188175	-0.021524463	0.023137521	0.17797415	0.0017085298	-0.3259192	-0.046124168	-0.23257819	-0.5059796	-0.19737896	-0.19348827	-0.26498404	-0.35973758	0.36586875	-0.24179874	-0.08065504	0.12874009	-0.49870855	-0.26200405	-0.13735868	-0.24543802	-0.28487217	-0.27847216	-0.0242078	-0.27120084	0.07891077	-0.11007005	-0.034073886	-0.03943062	0.03773307	-0.22426946	-0.07017348	-0.3079161	-0.16563495	-0.036667634	0.022667168	0.031707134	0.18552524	0.18198012	0.29930788	0.17759809	-0.20875072	0.27617356	-0.15996453	-0.07872817	0.1977289	-0.14975724	-0.31352848	-0.13727976	-0.16991891	0.02207152	0.048949815	0.011949788	0.10280509	-0.13931134	0.2251292	0.19525717	0.012382652	-0.26305434	-0.059106216	-0.017285643	-0.067291334	-0.6656724	-0.05582492	-0.0068823015	0.1256729	0.01688137	0.15109089	-0.1795707	0.41970986	0.009785065	0.13890249	-0.02675516	-0.10937208	0.15504503	-0.31923604	-0.19087103	0.07670399	0.09965831	-0.13454746	-0.2616266	-0.06346189	-0.36461145	-0.3486157	-0.11886721	-0.078000516	-0.04662809	-0.05459613	0.03320354	0.23169918	0.14703351	-0.11383171	0.16360372	-0.09763367	-0.12653257	-0.11867652	0.10949446	-0.20799813	0.07881923	-0.0008743808	0.16225584	0.12843885	-0.08630083	0.10018359	0.47749868	-0.18042348	-0.0142388595	0.08945725	-0.26308218
0.06876366	0.12689373	0.022634014	-0.15845615	0.8962974	0.1299406	-0.42392245	0.7417485	-0.034542378	0.24369363	0.13967769	-0.0294894	0.23890737	0.115807846	0.12548128	0.46538755	0.24385385	0.21957001	0.045237955	0.42367354	-0.21614568	-0.2864733	0.23678531	-0.55674815	0.19341105	0.64337426	-0.6208535	-0.3869424	0.10546396	-0.13013572	-0.30239245	-0.23324782	0.1584	-0.07074911	-0.03772996	0.1955577	-0.1856467	0.13664523	0.2576634	-0.20696145	-0.47777632	0.38688114	-0.012160028	-0.09117294	0.3536515	-0.57383764	0.056838818	0.52448314	0.29935604	-0.31654754	0.38181248	-0.079567395	0.25746134	-0.30645475	0.34764585	-0.16883226	0.573861	0.35031545	0.13235681	-0.20807731	-0.09260891	0.09062093	-0.3070206	0.8589306	0.25187683	-0.18423608	-0.064541504	0.27555627	-0.0770234	0.33201593	-0.047223892	-0.044982765	0.04879377	-0.45355675	-0.2606547	-0.13140027	0.27449262	0.5784777	-0.53399444	0.23491152	-0.5648944	-0.59182876	0.5074579	0.22509919	0.43860346	-0.52348495	-0.18101296	0.14045195	0.605096	-0.107486725	0.06630396	-0.37881583	-0.49294958	0.4085279	-0.6749588	0.07303315	0.015659126	0.48863178	0.42819685	-0.3619918	0.22844064	-0.70361054	-0.5733061	0.2005093	-0.2649095	-0.22597218	-0.011571456	0.0845224	0.5612203	0.18295482	-1.1664668	0.047263816	0.060544383	-0.17256121	-0.14488868	0.026705556	-0.23006374	0.3441742	0.14795138	-0.18262118	-0.16580255	0.12308374	0.35134217	0.4649223	-0.3687997	0.3712907	0.4387631	-0.30336413
0.11870877	0.13075912	0.10568821	-0.15953988	0.9289625	0.120715335	-0.37473428	0.69764745	0.04918477	0.25402528	0.17294154	-0.011414442	0.21645214	0.072382584	0.076687835	0.41873115	0.28104234	0.12992229	0.022302613	0.31438422	-0.15445048	-0.3132574	0.16518247	-0.52172816	0.14252245	0.54583126	-0.65165406	-0.35790554	0.09756306	-0.080903284	-0.31441775	-0.23264502	0.11827378	-0.09068236	-0.06945734	0.1345939	-0.18150324	0.16688135	0.38037977	-0.14657228	-0.4742364	0.34272414	-0.03301585	-0.09591478	0.36511752	-0.5542997	0.081605576	0.5019632	0.23726664	-0.30602214	0.34334671	-0.1018151	0.23161389	-0.26588517	0.28740054	-0.17430307	0.61030185	0.44186568	0.1589058	-0.25344053	-0.057723083	0.13676648	-0.25154445	0.8532111	0.2443872	-0.16714588	-0.10864702	0.28763455	-0.09015882	0.32187667	-0.07422058	0.075841114	0.02938338	-0.40283906	-0.23392375	-0.20253758	0.12472823	0.5560728	-0.45722517	0.28945452	-0.5710947	-0.5698817	0.4735556	0.24315389	0.47782537	-0.5470276	-0.14418435	0.154894	0.611607	-0.053542133	0.097813524	-0.40145317	-0.5557881	0.2840448	-0.7058961	0.044842195	-0.038611025	0.52895415	0.47777012	-0.3204155	0.20311248	-0.71598864	-0.63488215	0.23000182	-0.21321711	-0.19144216	-0.049622774	0.1310976	0.44639775	0.18592915	-1.1577768	0.13164367	0.013925192	-0.14206767	-0.06221392	-0.00913702	-0.22701266	0.3255121	0.15200393	-0.17299889	-0.14847635	0.16363108	0.2864908	0.42955995	-0.34519422	0.26493186	0.45185283	-0.32124445
-0.37601367	0.29975644	0.35049626	-0.25021723	0.91451883	1.0935115	1.5704435	1.3635898	0.8925487	0.0881922	-0.18070078	0.18601	0.33455336	0.082581066	-0.3789058	0.12003873	0.10432873	-0.8344446	0.4514684	0.30807322	-0.5673411	0.060256306	-0.37839407	-0.47988403	0.028946845	0.48712137	-0.92521405	-0.73572105	-0.7955372	-0.011435296	-0.49229014	-1.136285	0.0117982775	0.53910255	-0.16793652	1.0293074	-0.18311028	0.041158736	0.14126433	0.037516702	-0.55377245	0.39430147	-0.5527035	-0.25151223	-0.49226004	0.3636634	-0.53350705	0.27670884	0.06230404	-0.8830891	0.17280781	0.24038602	0.47908562	-0.14456041	-0.427911	-0.84453857	0.19763196	0.45866334	0.3949313	-0.1270905	0.2856268	0.2629175	-0.91110253	-0.38529012	0.43476996	-0.6571685	-0.16678691	-0.4956608	-0.66075397	-0.11438196	0.67883784	-0.30065408	0.14990988	-0.5777238	-0.12952922	0.12210911	-0.28845054	0.18111847	0.7815814	0.4136668	-0.8754293	-0.7344317	-0.84094983	-0.50793326	0.45715904	-0.20998965	-0.08831731	-0.53332776	0.5712709	0.44457608	-0.022342991	-0.22720677	-0.95923036	0.9905017	0.45882815	0.77169466	-0.067698464	-0.76350266	-0.031691395	-0.2505181	0.21702485	-1.1764374	0.99680185	-0.2819558	-0.26881716	-0.8904204	0.14354104	0.7600244	1.1256535	0.2425731	0.41118437	-0.47342423	-0.86203784	-0.34373257	-0.9403393	0.026681555	-1.0829996	-0.45215565	-1.0886048	-1.2582164	-0.8073592	-0.65769047	0.24281928	0.463886	-0.49035817	0.1692618	-0.4751533	-1.3732066
0.11291785	0.06399509	-0.1161564	0.048643075	0.065806046	0.30452842	-0.0056309793	0.3109369	0.15775385	0.15592118	-0.012283297	0.267776	0.12392554	-0.15329273	-0.09268356	0.2966057	0.07856289	-0.25810334	0.15362407	0.0066690343	-0.13391791	0.09405243	-0.005440259	-0.04108598	-0.11701161	-0.007227545	-0.30669153	-0.22718833	-0.15248746	-0.0059084618	-0.14171334	-0.22128284	0.0064922227	0.055401936	-0.020183181	0.041114576	-0.20777889	-0.16337521	-0.11380983	-0.06020251	-0.3229001	-0.101410985	-0.087344065	-0.09278509	0.012274244	0.0050856397	-0.065908775	-0.079241745	0.06606088	-0.1579719	0.069372535	-0.16851963	-0.086016916	-0.31550142	-0.22760044	-0.112713225	0.19980514	0.23612523	0.12354757	0.048969246	-0.21525177	0.06783502	-0.28058824	-0.005735793	0.3180312	-0.21656473	-0.023507023	0.039398026	0.066623926	-0.071848825	-0.0267588	-0.0670984	-0.074247286	-0.008153165	0.10353825	0.14373918	-0.02839145	-0.08148094	0.06481578	0.08075357	-0.027792616	-0.40650707	-0.14654619	-0.10663056	0.18651551	-0.015802784	-0.062079597	-0.17088306	0.29249865	0.024146887	0.24529204	-0.008083244	-0.14620183	0.25745368	-0.071516216	-0.04303308	0.14579248	-0.10206229	0.041094035	-0.007079621	0.11845924	-0.30815396	-0.3003731	-0.07629538	-0.18600722	-0.21170342	0.060916558	-0.028159168	0.36211726	0.09323591	0.024040021	0.028650515	-0.15175954	-0.18102199	-0.11855381	0.17083672	-0.21802348	-0.03670203	-0.041007154	-0.06876822	-0.19163738	-0.034465235	0.2244407	0.22828968	-0.09743224	-0.037930183	0.07430499	-0.27583942
0.35354134	-0.08024047	-0.060948096	-0.0685515	0.44878775	0.041665796	-0.1862112	-0.12489363	0.27825373	0.4073459	0.56199086	0.2277387	-0.2854463	0.019884765	0.21487957	-0.01273783	0.72902405	-0.21323085	0.08697157	0.19273752	-0.32430223	-0.5902701	-0.058146685	-0.049113747	-0.4443377	0.12784658	-0.42481995	-0.1511971	-0.100995354	-0.45483673	-0.117492236	0.18836036	-0.10639182	0.26440117	1.1068891	0.2276473	-0.022157392	0.82524407	0.7656385	0.051502846	-0.03506131	0.33379292	-0.1718719	0.024253787	0.34350523	-0.557814	-0.05562561	0.41248676	-0.45522943	0.042673953	0.36367112	-0.6163872	-0.06797909	-0.21300812	0.14427659	0.042131398	-0.30851048	0.19503658	-0.48698393	0.21291254	-0.24935119	0.8907161	-0.17215355	0.4457062	0.40450126	-0.3224999	0.27103156	0.26286083	-0.14773287	0.18394282	-0.052789718	0.8244292	-0.059950687	-0.33622026	-0.16705942	0.33945793	-0.20293951	0.08479474	0.05329106	0.51594734	-0.1967679	-0.1786936	0.3565249	0.7228446	-0.58047915	-0.7508615	0.42143434	0.29161298	0.8767217	0.02781591	0.22278973	-0.2605329	-0.35180646	0.024734681	-0.59268	0.12509817	-0.13299608	0.40482652	0.36854056	-1.0454972	-0.47493866	-0.4464629	-0.17708713	-0.5005126	-0.05469008	-0.06532261	-0.33229807	-0.73651665	0.20405936	0.27494013	0.0041143335	0.5485146	0.63294595	0.31982112	-0.73819286	0.4191079	-0.47206485	-0.2950565	0.09677019	0.6050766	-0.26668745	-0.120260805	0.45699528	0.07406552	0.80820155	-0.08481742	0.040333875	-0.23094699
0.0034689582	0.017520564	-0.03660834	0.099349946	0.07049268	0.28989506	-0.07226718	0.029207168	0.28124276	0.021994054	0.0704734	0.0013101207	0.014731038	0.16032912	-0.007258346	0.035685793	-0.0075089675	-0.08705449	-0.033275098	0.05385859	0.07684724	-0.14022358	-0.055793103	0.06757532	-0.10935604	0.10555987	-0.056639664	-0.01399132	-0.049776804	0.12785733	-0.06950598	-0.14790055	0.058695372	0.11315163	-0.035255846	0.05750591	-0.11693216	-0.05952166	0.0021145802	-0.09167885	-0.07003693	-0.16016343	-0.15695898	0.054985665	-0.052286856	-0.045941554	0.07863704	-0.0040644025	-0.15651067	0.061597545	-0.13833988	-0.04259967	0.06098074	0.05414383	-0.15486033	-0.10232223	0.10633539	0.112293996	0.16702883	0.07290195	0.022282936	0.00863167	0.036046386	0.0064610983	0.09033267	0.04819985	-0.07638766	0.09316657	0.031768665	-0.0609377	0.2491765	-0.07572715	-0.0408064	0.10100506	0.11563548	0.035979185	0.13423736	-0.007454986	0.07577694	0.018675892	0.0722644	-0.14178838	0.019270714	0.054199982	-0.16297923	0.053216655	-0.06272706	-0.053551298	0.07632534	-0.013176865	-0.04468319	-0.11692347	-0.35990068	-0.05966549	-0.0531748	-0.17179054	0.04753676	0.10793633	-0.09297722	-0.10056055	-0.06290694	-0.19579235	-0.090643756	-0.041642703	0.056063775	-0.044027645	-0.07107602	-0.05682839	0.06620087	0.086430885	-0.028830286	0.060458098	0.17487726	-0.039778292	-0.06130211	0.052189488	-0.24186045	-0.07287111	0.20953646	0.11989175	-0.002635956	0.040078115	0.034078028	-0.08501722	-0.08756575	-0.034265302	-0.020224443	-0.018735874
0.13887312	0.2639245	-0.00028263542	-0.004208476	0.80198234	0.025067009	-0.40939164	0.53575695	-0.034433354	0.05355332	0.12479179	-0.01965879	0.18321213	0.07866771	0.12502468	0.29917625	0.16535471	0.051373478	-0.07590729	0.16728596	-0.166305	-0.029730558	-0.05470002	-0.39791158	0.27803996	0.35681245	-0.24146713	-0.32419506	0.036192022	0.024516333	-0.2709543	-0.16213718	0.19072235	-0.09451235	-0.17096506	0.07633306	-0.15412167	0.018698223	0.1526193	-0.13581358	-0.3601113	0.33065563	0.12345268	0.055070788	0.30785054	-0.4365676	-0.22373755	0.55570763	0.059072826	-0.13199884	0.13337776	0.18219104	0.3629056	-0.14001118	0.15300544	-0.20294957	0.35195956	0.34059185	0.07207202	-0.31792933	-0.06510229	0.022748226	-0.24258772	0.45358363	0.10508352	0.020052748	-0.15097709	0.2679777	-0.04689645	0.02947235	-0.0053143	-0.1480184	0.18969956	-0.37323168	-0.071945794	-0.018347317	0.08423045	0.33803594	-0.4709414	0.051309288	-0.44227117	-0.37398663	0.29750404	0.29668936	0.19834569	-0.30996594	0.061705716	-0.032515988	0.34638903	0.09447454	0.035499763	-0.29641804	-0.33981335	0.07193739	-0.44845027	-0.01948908	-0.19428286	0.37595233	0.3653552	-0.21089785	0.069076665	-0.5358777	-0.3547688	0.10827859	-0.18234032	-0.03560514	0.039609388	0.13375118	0.221485	0.19758788	-0.70473665	0.0015031846	-0.14555775	0.0007205365	0.1569176	-0.018366493	-0.093948565	0.2619208	0.0134765105	-0.07768198	-0.008546022	0.23261887	0.118085384	0.16696034	-0.18087862	0.25427407	0.37199387	-0.21927428
0.2814787	-0.034558084	0.34836105	-0.33285472	0.23105374	0.17431612	0.028244004	0.080561996	0.50866795	-0.09742525	-0.27090552	0.17103867	-0.4307929	0.12626064	0.2993229	-0.11880172	0.042027745	0.04454144	-0.3085563	-0.163154	0.23201306	-0.1322999	-0.2189657	-0.08321685	-0.28082588	0.3666137	-0.007161577	0.2970447	-0.29627925	0.004161038	-0.37711462	-0.030243156	0.09943017	-0.09711084	-0.15326405	-0.24016874	-0.33112553	-0.29588634	-0.12849464	-0.18479818	-0.3358323	-0.12203132	-0.09736931	-0.50611013	-0.07092201	-0.44950184	-0.011640609	0.7989516	0.086036116	0.10688159	-0.8092734	0.030525858	0.20893323	0.0038964716	-0.3503014	-0.095925234	0.8425758	0.26186785	0.015577361	-0.0049224836	-0.4827707	0.52154	-0.15649988	0.084197834	0.43481836	-0.26235923	-0.2694199	0.0023903486	-0.19498773	0.25606456	-0.16378076	-0.016571919	0.7219802	0.18662299	-0.003959681	-0.05671103	-0.1484898	-0.17717329	0.19063449	0.24050213	0.22809333	0.14690612	0.3020719	-0.017768366	-0.15832637	-0.1576443	-0.016835652	0.50582045	0.3216585	0.11768269	0.0035249516	0.06291983	-0.022539258	-0.14172149	-0.24665605	0.059266124	-0.014299033	0.55598176	0.059959337	-0.05722528	0.024554241	-0.44402468	-0.17512468	-0.34819502	0.16622902	-0.13106765	-0.40945235	0.04084429	0.33764923	0.03629164	0.25902307	-0.10710222	0.38428506	-0.2401174	-0.3754875	0.09527423	-0.35001943	-0.20335916	0.42669478	0.20346682	0.043915946	-0.3093742	-0.23044233	-0.24863143	-0.20717132	0.40799448	0.283951	-0.12075611
0.55878955	-0.4569616	0.31415766	-0.40195292	0.7471896	0.41535342	0.14594519	0.68530107	-0.31022164	0.40675148	-0.092417575	0.33136037	0.22751264	-0.026188968	-0.0026406704	0.3633685	0.53248775	-0.11853527	-0.48311684	0.8197579	1.094465	-0.4998381	-0.5850153	0.31690627	-1.5044445	1.12988	0.21650794	0.05599506	0.25631496	-0.03129798	-0.59618884	-0.6579187	0.47917712	-0.21207859	-0.9298899	-0.6730186	-1.1500541	0.029985128	0.009340161	-0.039632015	-0.7223258	0.08318836	-0.45461404	-0.4016844	0.625173	-0.049458854	0.4055825	0.39888278	0.11542307	0.19511263	0.49736917	-0.32331386	-0.11945607	-0.66306424	0.73697567	0.22317939	0.31424254	-0.005303406	0.22969887	0.78518975	-0.5429212	-0.35415843	-0.7564218	1.0976804	0.054145698	0.49031448	0.033977784	0.211094	-0.2684382	-0.44470844	-0.827984	0.42277282	-0.049732782	-0.2031533	-0.1831064	-0.37537882	-0.17748255	0.06345515	-0.48861286	0.106029354	0.43032286	-0.29070964	0.08868871	0.48573753	-0.60353607	0.4419553	-0.838002	0.30396852	0.954859	-0.097413495	-0.068506844	-0.26009777	-0.7654469	-0.21907264	0.26670343	0.039653312	0.92696285	-0.018236997	-0.20857182	-0.14077997	-0.09848294	-0.19761634	-0.37441713	-0.80129045	-0.09610213	-0.35969937	-0.122140415	-0.8525503	-0.026134362	0.5953705	-0.7954103	-0.057849698	-0.08335731	0.5510829	-0.3808061	0.24552883	-0.7106966	0.37870044	0.86834747	0.07765389	-0.19925675	0.051708836	0.83346516	0.87214655	-0.23617458	-0.3117824	0.56934303	-0.40000093
0.035944216	-0.93529516	0.4664277	-0.7452138	0.3782666	-0.0028672891	0.1869697	0.1644449	0.44572335	-0.8214706	0.26324272	0.48132354	-0.53991526	0.12559868	0.2363634	0.18662025	0.32480597	0.35363778	0.33750418	0.07325903	-0.16724527	-1.0198632	-1.5892512	0.3372768	-0.76396495	0.73619175	0.48550394	-0.1380866	-0.3663769	-0.48679602	0.54672897	-0.93765426	-0.3791801	0.28460824	0.21457674	0.20329599	-0.029662795	0.19211076	0.2639201	-0.28448942	0.52662796	0.057158858	0.090360895	0.74775916	0.44632885	-0.084665135	0.09703483	1.1115993	-0.80950904	-0.09123039	-0.24202317	-0.54379535	0.69793665	1.1650827	-0.60677	0.5163785	-0.30806708	-0.25329342	0.50359356	-0.54427415	-0.029320482	-0.11570783	-0.34950495	-0.4738684	0.2662696	-0.6572818	-0.11837117	-0.22980173	-0.3052823	-0.07716645	-0.5890032	-0.9696727	0.009689629	0.38115758	-0.2550967	0.13114089	-0.012530188	-0.5605401	-0.17843232	-0.11896251	-0.8824674	-0.35281765	-0.23217781	1.200379	-0.198791	-0.1793661	-0.06390127	-0.27030656	0.1826294	-0.40166703	-0.6322808	-1.0749975	-0.44557256	-1.0592988	-0.775231	-0.07068397	-0.43799597	-0.33850974	-0.3259732	-0.9405268	-0.6449704	-0.8514362	-0.56439525	0.1985469	0.107815966	0.2649834	-0.50901777	0.19746506	0.24618617	0.63383687	-0.015225767	0.8977126	-0.8335188	-0.07597151	-0.54979277	-0.18934898	-1.2137852	0.22880577	0.045648307	0.64049584	-0.53103435	-0.19844988	0.21920198	-0.3227199	-0.067016385	0.8095757	0.5049105	0.3800521
-0.027252557	-0.31538862	0.29160687	0.27121377	0.38881487	1.0293428	0.1504817	0.466379	0.7139377	0.0749499	0.036595784	-0.19493668	-0.31781858	-0.16262653	-0.020967625	-0.0153150605	-0.3423691	-0.18088503	-0.23958138	0.09953074	0.73880607	-0.44110832	-0.4539158	0.35413116	-0.6952957	0.8879666	-0.362429	0.0041457	-0.12848274	-0.02674402	-0.55823356	-0.37457272	0.43855605	0.3555411	-0.529663	0.36393175	-0.47388345	-0.5048794	0.18129623	-0.37290278	-0.9819653	-0.45813432	-0.95733243	-0.14788628	-0.20477752	-0.05950943	0.25975713	0.5234905	-0.36646023	0.09583577	-0.86428875	-0.05929673	0.1251141	0.039641507	-0.80451167	-0.22047377	0.61800784	0.24469349	0.5179358	0.3693814	-0.24960713	0.092819236	0.24976681	0.089185715	0.5145178	0.17379124	-0.30520162	0.07853897	-0.44482857	0.035797123	0.790051	-0.5302991	0.1360055	0.3648697	0.31719705	0.17666574	0.35731632	0.0074378755	0.1514806	0.030500464	0.4572611	-0.4246496	0.023723872	-0.009406	-0.50281066	-0.40001658	-0.41028732	-0.014632807	0.6787324	-0.0056470097	-0.77553856	0.17918475	-1.4223113	-0.19628993	-0.28602552	-0.70545816	0.05253181	0.5785651	0.3072747	0.025536543	-0.38418716	-1.2250026	0.10042912	-0.25082368	0.1786559	-0.011431499	-0.41104966	0.053079776	0.52938473	0.38770017	-0.14181414	-0.18918891	0.66390747	0.32288122	-0.67358446	0.042169806	-0.7849962	-0.42717758	0.9672827	0.20984001	-0.06067065	0.079825714	-0.03509045	0.13514721	-0.17139311	0.17786153	-0.27956378	-0.31614447
-0.23017322	0.32098913	0.01302009	-0.17525747	0.10661937	0.1275534	0.05528507	0.11196328	0.41414067	-0.031961992	0.13105488	0.09960094	0.21842551	0.13590679	-0.27312067	0.14712358	0.12102436	0.015013264	0.03966493	-0.08334448	0.0908682	-0.38829735	-0.054052737	0.06980899	-0.17065364	-0.34629846	0.22771277	-0.1089025	-0.15329117	-0.17293662	0.079870984	-0.17129295	0.19023505	0.07109573	0.2797787	0.19106393	-0.23488681	-0.08913156	0.109598726	-0.13423349	-0.13413785	0.17154904	-0.32890788	-0.21332398	0.3211643	-0.052177787	0.34607312	0.1453722	-0.07000066	0.19255003	0.09646188	0.19263536	0.23438759	0.051304877	-0.0385941	-0.11413337	-0.14453933	0.10333567	0.011518055	-0.076334365	0.021518566	0.47845662	-0.7397641	0.18542285	0.029025761	-0.095011905	0.1938541	-0.031780884	0.09321131	-0.045286827	0.03936545	-0.115937926	0.032593105	-0.22103968	-0.07655105	0.10370523	0.25731057	0.06219903	0.01788418	0.35817632	-0.024086338	-0.4653477	0.18975806	0.06300775	-0.2021093	-0.05236889	0.12740085	0.051437274	0.1810168	0.00063941133	-0.114874795	-0.051478427	-0.34970173	-0.1423603	-0.03509507	-0.08886493	0.36119276	0.29017058	0.19126828	-0.09580811	-0.30650723	-0.04525595	-0.37432835	-0.105924435	0.05796187	0.06624632	0.04201248	-0.4420145	0.36360052	0.2078092	0.059921164	0.30754444	0.10076606	0.13528365	-0.13800892	0.08736959	-0.18908446	-0.027411573	0.06866997	0.16086482	-0.18937688	-0.0012022367	0.2559482	0.1754053	-0.3764628	-0.4766973	0.029722989	-0.27413136
0.42757887	0.24692696	0.47343343	0.50061995	0.21315162	-0.61013514	0.2535156	0.14652768	0.57248753	-0.19382234	-0.38990203	0.0035269803	0.7327146	-0.06479151	-0.5578945	0.45873725	0.47103426	0.13685423	-0.7597611	0.5273745	0.5866634	-0.2781461	0.2701272	0.43606317	-0.03997566	-0.014498232	-0.21980706	-0.44498923	0.038818832	0.24258898	-0.18366224	-0.43588132	0.1929477	0.45626688	0.70379466	0.25799358	-0.26948908	-0.9547633	-0.35116926	0.05583663	-0.5423558	0.42890108	-0.85008806	-0.09776787	-0.3388249	-0.05233323	-0.08521334	0.446498	0.30017704	-0.13465771	0.35034573	-0.15974794	0.6917071	0.18172702	-0.089748725	0.34988376	1.0891206	0.3815923	0.1856526	0.011885295	-0.98619175	0.2690705	-0.40225935	0.38690105	0.11535169	-0.77272177	-0.5135397	-0.6669775	0.03206779	0.03699335	0.032317854	0.60035634	-0.28127578	0.02693948	-0.16472366	0.24841318	-0.80447316	-0.48044786	-0.2165265	0.6972395	-0.26529416	-0.38986805	0.905535	0.13619988	-0.7819511	-0.35670808	-0.014244475	-0.021996142	0.21415164	0.3076048	-0.7433438	0.10566348	-0.42801562	-0.34760946	0.32053745	0.16770408	-0.34820017	-0.33037853	-0.25803974	-0.8224467	-0.3549359	-0.3635252	-0.2583122	0.09393728	0.4236955	-0.14154519	-0.09503159	-0.5810356	0.49467438	0.28869995	0.039005082	-0.4070687	-0.3364448	0.2746588	-1.4024854	0.11664368	-0.35433093	-0.45943716	0.5183202	-0.0957757	-0.08208124	-0.07905873	0.653279	0.006928998	0.24338248	-0.035641003	-0.11091823	-0.04976325
0.05906297	0.20702477	0.2563668	-0.45072654	0.7723923	0.2845258	-0.038605407	0.9542251	0.44344097	0.37506506	0.44562188	0.09477448	-0.50148374	0.15996711	-0.5154404	0.36973655	0.7027534	0.09684093	-0.1868238	-0.024735006	-0.4260423	-0.047741722	-1.050809	-0.091464914	-0.08727449	-0.006434745	0.26429042	0.45259714	-0.47921315	-0.30563748	0.57298017	-0.27489176	0.3108049	-0.42223898	0.14243206	0.46631733	-0.1605865	0.99688405	0.41776496	-0.07256019	0.16967422	0.5468507	-0.022104783	0.17079397	0.4883736	-0.8198211	-0.18393144	0.6733448	-0.26576585	-0.3341884	-0.08723193	0.055184953	-0.22433648	-0.7914861	0.23725927	-0.910735	-0.12256551	0.2285346	0.47293517	-0.02511373	0.11037207	0.35415626	-0.40496603	0.36711696	0.9960875	-0.5000442	0.1860539	-0.10759941	0.054889325	0.040987346	-0.6547343	-0.24536286	-0.02918058	-0.3185575	0.033646163	0.5479393	0.3193006	-0.03538212	-0.027840829	0.10900617	-0.32772642	-0.52451295	0.077918954	1.1611799	-0.15158643	-0.34683764	0.11913628	0.32119116	0.38411245	-0.74496603	0.09851665	-0.67357785	-0.15805086	-0.30679688	0.044587936	0.20059876	-0.8960595	0.26778054	0.017895814	-1.157858	-0.31604624	-0.5201022	-0.55112666	0.35851368	0.21462302	0.06652034	-0.16206507	-0.22083557	0.21843968	0.5995482	0.002383166	0.92265093	-0.3330189	-0.007883275	-0.48467806	0.064119376	-0.43850532	0.24403866	0.39422086	0.4111222	-0.2553801	-0.12201938	0.6646834	-0.043958858	-0.59771377	0.15496786	0.5905362	0.14024799
0.0038907407	0.21565378	0.041268133	-0.09178814	-0.16403419	0.38752332	-0.016819997	0.3257291	0.2971471	-0.18664259	-0.22569458	0.17689417	0.086012505	0.16102691	-0.33241844	0.17449415	-0.015589122	-0.3501573	0.16756062	0.03408118	-0.07711828	-0.46198377	-0.09580529	-0.20947823	-0.039915044	0.10010644	-0.32703915	0.017351555	-0.2131352	-0.08998162	-0.22261514	-0.3341002	0.052113235	0.040465314	-0.1918699	-0.028227728	-0.348908	-0.28584105	0.10742578	0.12407595	-0.32228073	0.12377501	-0.18845707	-0.10326791	-0.0092640165	-0.12439617	0.094595574	0.3623501	-0.040820308	-0.14476779	-0.05193136	0.02832179	0.12634464	-0.38960722	-0.3901472	-0.077040695	0.18696724	0.551065	-0.091167204	-0.14061154	0.25837103	0.22106968	-0.47295335	0.11668196	0.00021627273	-0.2576763	-0.2806514	-0.040440585	0.29406214	-0.0735497	0.044437096	0.05264686	0.29980767	0.005698712	0.16340828	-0.01671336	0.110687144	-0.06614632	-0.0878913	0.013622408	-0.06327535	-0.15262686	-0.29154027	-0.101160794	0.015831575	0.023010278	-0.004955815	0.3746299	0.0017945854	-0.08210994	-0.13922802	-0.12530133	-0.40082467	0.072219506	0.021888334	0.14502199	0.30776432	-0.061987482	-0.018722288	-0.29249167	-0.36904764	-0.6486312	-0.09209003	0.015262759	-0.58190876	-0.30567974	0.2764778	0.17864786	0.5733531	0.18390092	0.05650857	0.29217055	0.018778704	0.18288678	-0.25353783	-0.012195765	-0.33401388	0.13801372	0.09481967	-0.038132407	-0.2251289	-0.21283337	0.16038068	-0.0987009	-0.03025702	0.11750303	0.080972135	0.05922362
0.09248505	0.21557486	0.006932724	-0.014785842	0.8484846	0.09694977	-0.38647395	0.5481748	-0.048387345	0.15211424	0.09772552	-0.04063882	0.19039743	0.08116381	0.15419646	0.31334028	0.16200322	0.09278488	-0.041017473	0.1930416	-0.14621279	0.020933041	-0.058080465	-0.39053804	0.2942474	0.4282615	-0.29570854	-0.39560932	0.05684144	0.012024147	-0.34328136	-0.18951343	0.18618542	-0.057342358	-0.14985909	0.09771884	-0.14654188	0.092534274	0.17012422	-0.16055939	-0.28836253	0.31889293	0.0729092	0.08413496	0.3076049	-0.403338	-0.16750975	0.57433665	-0.03217743	-0.19166093	0.14316146	0.118251845	0.36122394	-0.1450373	0.19257793	-0.1926592	0.3738773	0.30061203	0.13522923	-0.31648526	-0.048890673	0.05291934	-0.26192403	0.47259834	0.1296848	0.0071563385	-0.17182495	0.304008	-0.10248251	0.09155768	0.013429142	-0.13404445	0.13981105	-0.43807608	-0.060527448	-0.059148278	0.11965	0.41291234	-0.48269215	0.05510588	-0.42659858	-0.38896298	0.1767793	0.2886914	0.2907032	-0.2934665	0.050207518	-0.045369953	0.37547848	0.048241287	0.03667585	-0.26347458	-0.3120042	0.14183447	-0.49176532	-0.026533607	-0.14073005	0.43847427	0.36737126	-0.23834068	0.058400806	-0.54733783	-0.42907113	0.06435523	-0.16679798	-0.04161882	0.08293819	0.09429086	0.17389756	0.124506295	-0.6667889	0.032338314	-0.12764093	-0.07749672	0.18109174	0.008254621	-0.06693879	0.24950239	-0.010711796	-0.1052022	0.02505441	0.2544468	0.13533477	0.2642543	-0.15519874	0.30195606	0.33802393	-0.17850895
0.08139543	0.08866798	-0.15141557	0.017109869	0.12873666	0.22572945	0.045369066	0.1423225	0.18082136	-0.14400558	-0.14080963	0.26472005	0.0054779095	-0.28156537	-0.16513143	0.25693077	-0.24943088	-0.4012395	0.015184043	-0.06738083	-0.00562993	-0.013301332	0.2117931	-0.027028	-0.31310636	-0.039117444	-0.25339565	-0.52660084	-0.20668854	-0.17705308	-0.28513652	-0.3561945	0.37401065	-0.21730594	-0.115842536	0.1409207	-0.5083986	-0.25051647	-0.13087268	-0.24048288	-0.2739291	-0.2850112	0.0048292363	-0.27309978	0.031204928	-0.119311064	0.014684304	-0.025180956	0.054413818	-0.20051296	-0.12937938	-0.34815136	-0.18830118	-0.039803952	0.05084582	0.027145898	0.19534875	0.18769227	0.29700533	0.18547219	-0.23624057	0.2822436	-0.15466908	-0.05230482	0.20441769	-0.1266636	-0.2816457	-0.13892816	-0.16034968	0.019493312	0.023651851	0.020958554	0.120066844	-0.14044024	0.19465329	0.19837564	0.026523119	-0.31473175	-0.032865435	-0.06276677	-0.058095608	-0.627172	-0.05724946	-0.026930576	0.12917311	0.0013588346	0.18132298	-0.14183168	0.4236475	0.008932366	0.12102908	-0.017024139	-0.08282918	0.14228466	-0.36577472	-0.20212556	0.046547	0.07603783	-0.10830189	-0.2567483	-0.057039715	-0.3500796	-0.36019203	-0.09688961	-0.0828419	-0.00665785	-0.058245324	0.06063024	0.23571669	0.12083484	-0.14857273	0.14369306	-0.105765775	-0.13624737	-0.071143486	0.09609221	-0.19229515	0.08344919	0.00079241284	0.17878987	0.12606801	-0.07176238	0.113558516	0.4531477	-0.1793041	-0.0066299452	0.07566613	-0.30067053
0.5556117	0.17474036	0.36490855	0.33316594	0.10439157	-0.60158587	0.16305652	0.20352556	0.7022007	-0.2257169	-0.44994077	-0.07302562	0.6616074	-0.06694729	-0.49080476	0.46440992	0.55460227	0.20718348	-0.81625855	0.44633752	0.56314117	-0.22249566	0.35225394	0.40524596	-0.18207666	0.043635942	-0.32859376	-0.43800387	0.06903548	0.22891465	-0.34683254	-0.45054924	0.28040266	0.5231578	0.6517929	0.17488876	-0.3486503	-0.94421095	-0.3762546	0.07252127	-0.504903	0.52137214	-0.8953178	-0.13153389	-0.3956335	-0.080113776	0.10593835	0.40974966	0.37434283	0.048233643	0.20586683	-0.18347977	0.6071823	0.08707005	-0.26407328	0.17936979	1.0816095	0.36283484	0.023853462	-0.1276914	-1.1528661	0.38815704	-0.37531263	0.2778242	0.13017425	-0.62473655	-0.5559306	-0.70427066	0.08929042	0.09763346	0.04505319	0.57064193	-0.22407931	0.040838648	-0.046608593	0.14775157	-0.7008111	-0.36252853	-0.2759815	0.52216494	-0.27370712	-0.30322438	0.7722061	0.17044197	-0.8792699	-0.323424	-0.07556891	-0.12119727	0.20590647	0.33303982	-0.79639417	0.04453598	-0.40828237	-0.18464449	0.28211895	0.13151915	-0.22117652	-0.4341889	-0.14653374	-0.806821	-0.14438285	-0.45675454	-0.23640403	0.056721922	0.26081043	0.049235076	-0.14499195	-0.53584754	0.56766397	0.23906198	-0.09388607	-0.38807327	-0.28576246	0.264187	-1.212204	0.14985894	-0.43711174	-0.54711455	0.4994014	-0.1567468	-0.05048126	-0.081245795	0.62298495	-0.01213927	0.12065989	-0.14717104	-0.18206467	-0.10342233
0.6097513	-0.17411414	0.30846074	-0.88286406	0.15091164	0.1715037	-0.5683932	0.67537785	0.93670005	0.16956736	0.019101467	0.45316806	-0.09002915	-0.047572847	-0.4380035	0.49976486	0.20231318	-1.3422267	-0.44892052	0.5494288	-0.13127922	-0.4750378	-0.56457263	0.0019854014	-1.2766199	0.7423377	0.110410854	-0.7076978	-0.5479685	0.01115984	-0.34590364	-0.58883005	-0.0072445837	0.59905773	-0.48315632	-0.78033763	-0.68546987	-0.1474616	-0.122379385	-0.14648707	-0.21853033	0.25969568	-0.78407615	-0.2980604	0.01928691	0.23964763	-0.14324783	0.8163807	-0.29115862	-0.39692804	-0.38473898	-0.117759556	0.33991134	-0.3588393	0.4567425	-0.15287998	0.9524671	0.1262313	0.52069515	0.3007203	-0.8432278	0.10473693	-0.462566	0.5500774	-0.19158189	0.86869806	0.12077589	-0.6358562	-0.34436277	-0.78976303	-0.8937671	-0.41703242	0.7044357	-0.21129692	0.44813687	-0.8235143	0.22403497	-0.4460685	0.038374495	-0.68431306	0.18788171	-0.59448427	0.24674994	0.12975691	0.097687356	0.2341314	-0.1696609	0.52752966	-0.1309467	-0.1371875	0.27670306	-0.048520897	-0.41320866	0.016735546	-0.27767217	-0.12560329	0.7465764	-0.032314435	-0.20006064	0.06966771	0.37013683	-0.39603317	-0.6732096	-0.14290161	0.16371448	-0.48077637	-0.4013839	0.35164	0.11442272	0.6550876	0.51691824	0.31317154	-0.6122151	-0.59506017	-0.21924075	0.94802153	-0.7545794	0.008615869	0.43442842	0.022347208	-0.24792677	-0.19249493	0.37015626	0.27042907	-0.36428905	0.20401895	0.6497687	-0.012375212
-0.050204094	0.13241719	0.557936	-0.75529146	0.6434451	-0.5500336	-0.04787297	0.32462358	1.0886323	0.7291874	-0.38554016	0.28551134	-0.26700848	0.26554862	0.11465471	0.41968924	-0.4029781	0.32041684	-0.24801329	0.65564823	0.44041133	-0.89678335	-0.5621307	0.018909967	-0.24750003	0.6178011	-0.034586526	0.07207056	-0.32557765	0.73699105	-0.2324372	-0.26934102	0.009084482	0.14894629	-0.16986212	0.30759412	-0.5154129	-0.432929	-0.12578827	-0.16914825	-0.69368297	0.24739406	-0.5514355	-0.7028655	-0.076075226	-0.83098125	-0.3507992	0.18970749	-0.057182286	-0.083298236	-1.2314295	0.7424129	0.12223739	-0.9376842	-0.57654387	0.08233766	0.7640105	0.8715151	0.35863993	-0.43542287	-0.14496103	0.59278554	-0.5050917	0.7359908	0.6698948	-0.2899921	-0.42588434	-0.7836614	-0.61221534	-0.2643858	-0.24377732	-0.29830077	0.09783392	0.33662984	0.19704998	0.61262834	0.25742987	-0.082021035	-0.09927238	0.2828427	-0.15070221	-1.0320143	0.7264964	-0.16895485	0.058571097	-0.121419676	-0.050778914	0.19444548	0.604146	0.8052507	0.3833271	-0.27741897	-0.15934324	-0.41404417	-0.15820141	0.6185276	-0.19478436	0.1493525	-0.008750667	-0.42137653	0.38895565	0.19759911	-0.19787355	-0.51280046	-0.4787025	0.266432	-0.027754195	0.21328287	0.30833218	0.8898501	0.18264638	-0.1341035	-0.2956329	-0.24731767	-0.80036813	0.56889915	-1.129236	-0.1306658	0.07898036	0.22386293	-0.12308225	-0.2295809	-0.39363545	-0.5157626	-0.12304514	0.10099708	0.6392422	-0.037571512
0.098908246	-0.017274255	-0.073673606	-0.09009128	0.15836383	0.14256544	-0.08365175	0.08408429	0.19203287	0.16951913	-0.029804919	0.05716903	0.062723294	0.033460647	0.00047140356	0.17013846	-0.057211034	-0.14226975	-0.024662333	0.22045451	-0.023536036	0.03845837	-0.048889026	-0.16451567	-0.20625965	0.115899354	-0.14600201	0.009952822	0.0062086824	-0.018234804	-0.09941558	-0.146983	0.021310952	0.14636357	-0.033569112	-0.13383298	-0.09017413	-0.13320278	0.057294987	-0.08233145	-0.21064627	-0.1175564	-0.103898175	0.07945424	0.10909972	-0.05213479	-0.002014931	0.05754033	-0.12492078	0.0172305	-0.061138153	0.074242465	-0.06664828	0.008003378	-0.14061591	-0.06009796	0.1789032	0.33066863	0.061029192	0.04512505	-0.17444378	0.14141537	-0.072258994	0.016382582	0.04832138	-0.0970305	-0.06165444	-0.10383873	0.022866901	-0.04977297	-0.026497878	-0.044644684	0.18736729	-0.015249671	0.01431184	-0.12645881	-0.057896115	-0.061063692	0.021576246	-0.005840003	-0.048420172	-0.18610612	0.0021456582	-0.020730883	0.07427196	0.03127829	-0.064182736	0.07548239	0.038445592	-0.016298553	0.041354284	-0.2590277	-0.09760714	-0.037929762	-0.09536157	-0.07534322	0.15756209	0.066862874	-0.07952437	-0.040010877	0.031173397	-0.1924977	-0.12826668	-0.00040794158	-0.06342331	-0.1122756	-0.08244702	-0.016032385	0.2261766	0.16694897	0.030231796	0.14398597	0.036729615	0.049055733	-0.056295853	0.12496838	-0.13907433	0.059258044	0.15774724	0.007719189	-0.14205992	0.02240513	0.13985263	0.04177555	-0.08485465	0.07788518	0.14029294	-0.09536987
0.13694726	0.3473115	-0.3946356	0.3672173	0.7506506	-0.20389558	0.15046713	0.26699492	0.17136656	0.33709216	-0.16385733	-0.06162914	0.17923504	-1.0621352	-0.21309943	0.43162858	0.017293343	-0.04945338	-0.26638752	0.25791758	0.7048848	-0.5735093	-0.13544947	0.19930801	-0.543936	0.084299564	0.06900103	-0.08187209	-0.054917056	0.07665794	-0.41904765	-0.3383182	0.2654862	-0.37164015	-0.88159424	-0.69920295	-0.73961914	-0.6225429	0.42774838	-0.062232826	-0.8651224	0.1546329	-0.25371668	-0.6668023	0.3252343	0.04910885	0.73661286	0.3518425	-0.09235308	-0.2172125	0.015771534	-0.01246695	-0.2096738	-0.31096515	-0.78960776	-0.05379934	0.88023674	-0.33335048	0.18036032	-0.3421961	0.032981116	-0.07234796	0.09066385	0.06041247	0.7544921	-0.56918716	-0.5433335	0.29664665	0.050725218	0.29301357	-0.2678491	-0.055794615	-0.036796015	0.025705576	-0.4847512	-0.17739706	-0.15103474	0.14769617	-0.5237404	-0.064909995	-0.07618006	-0.2993831	0.9745962	0.005681973	-0.058138307	-0.13818786	-0.11488936	0.30389342	1.3309479	0.44377148	-0.36317465	-0.097868465	-0.62871414	-0.24089485	-0.06931533	0.32049415	0.35995036	0.63475245	-0.27409825	0.25746676	-0.5461361	-0.6519325	-0.67078316	0.09719114	-0.2874385	0.49447176	-0.77441525	-0.13521802	1.3001546	0.70026714	-0.09370622	0.17671399	0.526898	0.27946383	-0.3016309	0.18006164	-0.7156812	0.2556377	0.5106672	0.23184186	-0.453785	-0.83647114	0.32315317	0.5207081	-0.6367185	0.0390495	0.13787097	0.141758
-0.008628335	-0.44729856	0.18144637	0.19558606	0.45536277	0.9774383	0.14119752	0.5182496	0.8193206	0.08134246	0.044903032	-0.2131338	-0.35624826	-0.12782589	0.031108765	0.0029320768	-0.36288205	-0.23495652	-0.32429162	0.12842086	0.74217933	-0.46703884	-0.50708777	0.4061546	-0.65657705	0.88894206	-0.43728256	-0.12800127	-0.12759677	0.040510133	-0.6760001	-0.3516657	0.5158096	0.44630688	-0.42434666	0.4080934	-0.42532375	-0.38944831	0.17359804	-0.2793764	-0.95240444	-0.49783802	-1.0138209	-0.27865493	-0.21894307	-0.12966053	0.29905853	0.47087106	-0.31725964	0.04540616	-0.81342405	-0.096253194	0.13856918	0.08430728	-0.62622625	-0.2642513	0.6104756	0.18172681	0.5146131	0.29533136	-0.27366537	0.0077460846	0.3522881	0.08308571	0.55377394	0.20134567	-0.34204516	0.116887316	-0.3929838	-0.023612328	0.7683221	-0.529618	0.094047055	0.33625087	0.27639034	0.20782614	0.39107445	-0.024172878	0.11188961	-0.00091674645	0.44464132	-0.51822656	0.010636266	-0.0032233677	-0.5172628	-0.50632423	-0.3835648	0.0059270933	0.7366278	-0.0023915155	-0.7488878	0.29596362	-1.5943693	-0.16235878	-0.2196868	-0.7647975	0.071619935	0.516211	0.11906285	-0.05938979	-0.34018013	-1.2369701	0.021757191	-0.3991763	0.19397599	0.0024914707	-0.4228376	0.10670958	0.4303659	0.39201495	-0.22415777	-0.111157954	0.58171946	0.3813004	-0.6962621	0.14046921	-0.86993974	-0.3332799	0.8764503	0.21841878	-0.09679336	0.0031594797	-0.050766993	0.07579086	-0.32378593	0.21201235	-0.20433375	-0.21320136
0.08728437	0.07408292	-0.083556265	0.004798526	0.086275466	0.29942468	0.010707839	0.34729213	0.15001212	0.16330126	-0.0067229834	0.25249383	0.16167127	-0.15664527	-0.13084625	0.2867702	0.14484501	-0.25443685	0.14056319	0.010770026	-0.14104189	0.05247235	-0.072126925	-0.061539467	-0.170663	0.0037548873	-0.32102224	-0.22721681	-0.15429781	-0.007634869	-0.084669955	-0.20294032	0.00916472	0.05330256	-0.016369749	0.031126712	-0.17705958	-0.14481981	-0.12037308	-0.040116966	-0.24358456	-0.0637346	-0.12019178	-0.093371026	0.04330243	-0.012370052	0.011848477	-0.09008703	0.053880304	-0.12869585	0.07434992	-0.15752558	-0.07677048	-0.2821182	-0.17646077	-0.12852705	0.21720494	0.23216574	0.0994844	0.058417	-0.23139018	0.10671226	-0.2636383	0.059249196	0.31921965	-0.2193641	-0.012256307	-0.0010634861	0.056877423	-0.14677314	-0.05893131	-0.07934744	-0.1133178	-0.024321908	0.09108703	0.13740005	0.010365445	-0.058209017	0.13392623	0.07122078	-0.06473689	-0.35334426	-0.106741	-0.086874105	0.14894918	-0.037552807	-0.10541943	-0.20510091	0.22734359	-0.022472816	0.21169858	-0.011876854	-0.14059414	0.27912748	-0.061099067	-0.032760434	0.11896391	-0.07166563	0.05029653	0.00405593	0.054801825	-0.2744455	-0.29287514	-0.08438949	-0.15449423	-0.1746181	0.044190314	0.019470252	0.30543572	0.09765113	0.011989523	0.033117663	-0.13783848	-0.1723709	-0.14910094	0.18615468	-0.21847288	-0.035478614	-0.06681489	-0.026986921	-0.21942796	-0.008797558	0.23681231	0.23106743	-0.07836879	0.0033939697	0.12113424	-0.30893543
0.10791122	0.14109692	0.72906023	-0.6020782	0.41326228	-1.0621771	-0.12088015	-0.93984866	0.84768075	0.3367239	-0.16335024	-0.18236068	0.018720847	0.5349057	0.21577641	0.4442129	0.55341685	-0.11044979	-0.16831903	-0.24542779	0.3268151	0.1647056	-0.38239413	0.28225705	0.030847747	0.5993299	0.13603218	0.091085576	-0.0077919457	0.7410534	-0.36895987	0.13273595	-0.10102771	-0.1301169	-0.43813202	-0.2884301	-0.8481341	-0.25791386	0.4181155	0.044612154	-0.0066787517	0.57973677	-0.5511827	-0.14860089	-0.41375148	-0.33150798	-0.63408554	0.289303	-0.9221504	-0.3900384	-0.9403535	0.38335437	0.6976858	-0.066063434	-0.21424085	0.6686211	0.5662273	0.35510287	0.21693116	0.24275418	0.043521103	0.12123075	-0.2683783	0.5177436	0.04664144	-0.3488085	-0.56262165	-0.8354297	-0.7055324	-0.10911551	-0.44710472	-0.04773403	-0.09941656	-0.37481612	0.16374308	0.37749264	-0.0132951075	0.41750216	-0.17284289	0.383183	-0.6299355	-0.6378113	0.80109125	-0.096522376	-0.20850478	-0.25708726	0.4080891	0.42647862	0.4825179	0.2576703	-0.15836795	-0.7606954	-0.1810197	-0.27035156	0.17156653	0.21216184	-0.07462175	0.5669899	-0.2007471	-0.56563854	0.26477802	-0.1935732	-1.143653	-0.110309705	0.4030085	0.6869716	-0.46983814	-0.07571543	0.49444798	0.7151277	0.26308838	0.53844696	-0.045640644	-0.36459237	-1.3512797	0.5797422	-1.0683988	-0.36635157	0.46205902	0.66623396	-0.19489843	0.20595574	0.7670318	-0.51732045	-0.17973651	-0.1471026	0.6628535	0.2217484
0.22492099	0.08968883	0.24967615	-0.17745526	1.4911048	-0.09668223	0.08693749	0.9908207	0.0905446	0.41387603	0.3803458	0.21882679	0.4154831	0.022821188	0.12810639	0.39940766	0.47717354	-0.19830933	-0.5089967	0.51204264	-0.13076183	-0.19710204	-0.2787456	-0.31483978	-0.2887909	-0.109332055	-0.09450581	-0.63999736	0.13859476	0.29093775	-0.035369094	-0.30193058	-0.08238341	0.023647005	-0.41328898	0.6587462	-0.25978032	0.16304523	0.6418002	-0.52130204	-0.16681744	0.38247418	0.15942883	-0.20019613	0.21982354	-0.19177915	-0.37694952	0.6549218	0.3900484	-0.0061207227	0.527696	-0.20194274	0.5244051	-0.21602577	0.4296632	-0.3461718	0.56201905	-0.15340075	0.13662644	0.59597737	-0.51129836	0.22966436	-0.303059	0.32668135	0.9416866	-0.26996794	-0.12726218	1.0431657	-0.23054503	0.34468624	0.26943165	0.23845766	-0.12782413	-0.14860378	0.031195533	0.042071667	0.43659073	0.617215	-0.37238273	-0.04050316	-0.21217562	-0.95877796	0.14290255	0.7455583	-0.020195194	-0.3538717	0.3070423	-0.48516494	0.5729913	-0.094404764	0.121052496	0.44793683	-0.81595975	0.3374882	-0.54023707	-0.44751745	0.13072106	0.12257986	0.83986896	-0.77882487	-0.35772428	-0.64845127	-0.47962165	0.4737601	-0.4658185	-0.045750063	0.09264144	-0.3134683	0.2973973	0.35907567	-0.4458215	0.19150567	-0.02244312	-0.06385554	-0.6171041	0.14330935	-0.4102985	-0.099434465	0.27997342	-0.5359408	-0.4919341	0.43058357	0.45904538	0.45363712	-0.63317335	-0.08992248	0.4422101	0.07012392
0.10903246	0.17236598	-0.13260636	0.15497723	0.13200364	0.08116244	-0.019392047	0.37741828	0.4360005	0.08755113	-0.17274286	0.18563038	0.0365465	0.044149924	-0.06618322	0.11348035	-0.097076565	-0.05267344	-0.12381296	0.27097312	0.09190272	-0.21904704	-0.2199953	0.08770805	-0.29070485	-0.21253553	-0.13820955	-0.12826027	-0.15413752	0.11490984	-0.080787495	-0.21441245	-0.029842833	0.070910476	-0.17793614	-0.1593422	-0.13157879	-0.35205087	0.096022174	0.00024391946	-0.16254993	-0.15206438	-0.32498026	0.030417921	-0.044299122	-0.07271781	0.057618007	0.36172614	-0.1003087	-0.031845268	-0.18029648	-0.3553337	0.026973294	-0.09965966	-0.07417303	0.014233581	0.30364516	0.14833896	0.071830876	-0.021540519	0.0752603	0.04200452	-0.09717465	-0.017948216	0.19779053	0.015486673	-0.05942139	0.108091824	-0.009429233	-0.17824398	0.15904075	-0.0021093546	0.20914996	-0.068764634	0.21336243	-0.084663466	0.026852297	-0.09843219	0.17675914	0.04460463	0.11368672	-0.1794693	0.10153092	-0.08841936	-0.1521952	-0.22741245	0.24400055	-0.09608261	0.051095195	0.11772408	0.12993544	-0.19341399	-0.16232763	-0.0059385803	0.2347607	-0.056961276	0.1693469	-0.15218271	0.027217928	0.037937496	-0.10711951	-0.18949454	0.06992319	0.13518892	0.0067901127	0.053923637	-0.10785977	0.16303444	0.08651426	0.21091458	0.022259949	-0.0012434133	-0.044318322	0.1670927	-0.07442891	0.007396989	-0.22479023	0.26513642	0.12914446	-0.20246552	-0.053641967	-0.122193694	0.065132655	0.14638713	-0.18885247	0.030853584	0.044235043	0.05175979
0.18045478	0.23900689	0.003134797	0.029620117	0.85464764	0.07157926	-0.3594033	0.5459696	-0.053659495	0.05555147	0.07500498	-0.059927754	0.19308682	0.077439226	0.17055015	0.25641862	0.08579906	0.030282542	-0.0857581	0.15667792	-0.17898794	0.037042398	-0.058127094	-0.33323365	0.30652022	0.43088028	-0.29191646	-0.36509475	0.02451782	0.03721876	-0.351047	-0.1758614	0.20365687	-0.06029489	-0.1259388	0.13293624	-0.1821816	0.072159484	0.17752357	-0.18022318	-0.3081005	0.34894273	0.0004243478	0.07300423	0.2649284	-0.47779065	-0.14373322	0.5672179	0.045473397	-0.26382846	0.07881292	0.036404517	0.3952486	-0.11000973	0.15508884	-0.15236613	0.35332966	0.27685025	0.12168293	-0.28904667	-0.013250119	0.0048446897	-0.2709972	0.4236526	0.100050464	0.024632907	-0.08919152	0.24925289	-0.087109245	0.038889244	0.049646255	-0.19640401	0.16029067	-0.41084722	0.00052742276	-0.033263348	0.097224616	0.39361337	-0.4891614	0.07357547	-0.42201027	-0.43187383	0.26191047	0.2779913	0.2213784	-0.33337605	0.078831345	-0.040823095	0.37724966	0.11595154	0.04883025	-0.23349251	-0.3487467	0.07798397	-0.42410535	-0.10735746	-0.15409586	0.39276913	0.40661168	-0.21995692	0.033181846	-0.5153125	-0.4212416	0.11443826	-0.12278435	-0.060217142	0.012006935	0.2074031	0.24491778	0.18843505	-0.7209797	0.00562771	-0.15244824	-0.07114271	0.115199625	0.00968538	-0.13203116	0.26056647	-0.03429747	-0.08379157	0.010451128	0.21687546	0.1436796	0.18128425	-0.1749621	0.22549522	0.3361064	-0.16222154
0.040170856	-0.0017828905	-0.066577755	-0.0016023581	0.08334559	0.030682696	0.006070141	0.09608723	0.06022951	-0.008495574	0.027396094	0.03392494	0.0019764705	-0.004500026	-0.04267648	0.049679507	0.010993756	-0.08373191	-0.027712762	0.019336054	-0.012663177	-0.031649012	-0.06348029	-0.0090548135	-0.07158333	-0.010453828	-0.002421759	-0.048938878	-0.013959213	0.032593902	-0.04356989	-0.08083085	-9.582668e-05	0.04004695	-0.032964315	-0.0045704213	-0.05850994	-0.057250384	0.044286072	-0.06677995	-0.02593844	0.0056323176	-0.08309652	0.019030964	0.045255285	-0.03369095	0.004451098	0.074122906	-0.043315884	0.010642483	-0.018348677	0.0076744333	0.06470446	-0.03737775	-0.034447264	-0.016254183	0.05154242	0.06170591	0.052733112	0.0111803515	-0.012910323	0.036956556	-0.11152467	-0.00085989863	0.055224463	-0.043846447	-0.02985719	0.04598353	-0.051086303	-0.043671977	0.031872805	-0.004255871	0.024409158	-0.08805406	0.07164021	-0.0036656414	-0.0041111168	0.0008873337	0.009746981	-0.026809687	-0.0062006316	-0.14995874	0.041245997	0.08279904	-0.00862608	-0.0784694	0.06820499	-0.02926721	0.07097811	-0.03497415	-0.0019932603	-0.0699937	-0.033236362	-0.022864437	-0.06362795	-0.0017842115	0.0689966	-0.0032468697	0.021324318	-0.039732594	-0.035373647	-0.09701356	-0.08598047	0.0037296538	-0.01033028	0.010357877	-0.03824686	0.018871604	0.07140474	0.05547257	0.02775835	0.053916126	-0.013889203	-0.03983268	-0.03470442	0.03273645	-0.109331414	0.0012676005	0.016369205	0.049942043	-0.062418364	-0.044521097	0.051033683	0.051427882	-0.12855248	-0.013881863	0.08466603	-0.0007183846
0.04537748	0.25037837	0.0859173	0.082672484	0.3425053	0.24493483	-0.02991395	0.3749258	0.39635915	0.06267374	-0.6373064	0.2538095	0.40456077	0.059524488	-0.22675835	0.06348138	0.026318204	-0.49541372	-0.14113529	0.011107041	0.19765458	-0.23068367	-0.37170202	-0.36626408	0.11926567	0.0722384	-0.42426974	-0.16507891	0.13114816	0.14263813	-0.42076764	-0.121163495	0.012113992	-0.18289295	-0.23767447	-0.30176607	-0.46855766	-0.35006216	0.13956846	-0.0041524284	-0.5172204	0.15607785	-0.4178731	0.002854864	-0.05696736	-0.34972093	0.27464542	0.7495557	0.16196851	-0.12107091	0.20772444	-0.35657695	0.5736766	-0.3430156	-0.4243116	-0.23491377	0.36840558	0.4530764	-0.20397647	-0.06251165	0.13855556	0.33545855	-0.34703425	0.12284293	0.031266853	-0.32997245	-0.31039655	0.15551083	0.29401556	-0.20025611	-0.1728088	0.42510253	0.17799088	0.1307934	0.25640246	0.029323434	-0.12273896	0.23159273	-0.29444814	0.08628657	-0.19267835	-0.08088196	0.071763664	-0.08739877	0.0580124	-0.24851815	0.031109467	0.21963759	0.038942393	-0.099542804	-0.16014166	-0.052418604	-0.3836201	-0.014083745	0.10956709	0.18958986	0.046646994	0.017296668	0.16847937	-0.19633804	-0.48817834	-0.9703019	-0.38537145	0.23365876	-0.5895501	0.026252883	0.35981962	0.267791	0.23293604	0.5035489	-0.2094928	0.2653843	0.20839728	0.2189964	-0.25561303	0.084791355	0.033368398	0.26980695	0.030798709	-0.23765647	0.009855497	0.056728605	0.29952094	-0.027993256	-0.060115065	0.08952125	0.2668505	0.13540125
0.04962736	-0.19094472	0.36364168	0.26458353	0.5955027	0.10533066	0.45080855	0.61906654	0.7345685	0.046192173	-0.11581499	-0.08097082	-0.15967481	0.20459634	-0.09697237	-0.32304698	-0.6596417	-0.54630274	-0.35717413	-0.3695582	0.3003843	0.028445542	-0.5600343	0.21116602	-0.26945367	-0.20124252	-0.074595444	-0.30189794	0.21913046	0.21852493	-0.75893223	0.10203482	0.13278426	0.3114956	-0.23913538	0.6613491	-0.99777406	-0.8488141	0.42621738	-0.46583787	-0.8271384	-0.21805894	-0.3051198	-0.99666256	0.29909143	0.09763988	0.34995046	0.87418115	-0.021399971	-0.110496625	-0.3343453	-1.1168991	0.10186612	-0.34689867	-0.27822378	-0.78674537	1.3198441	0.5964203	0.18972471	0.074355334	-0.627685	0.5874026	-0.5613571	0.25199008	0.9553928	-0.07842427	-0.08139054	-0.3274662	-0.274955	-0.2773869	0.012977459	0.046742808	-0.1596113	0.23916584	0.5111153	0.20668647	0.73967016	-0.6958472	-0.18689388	-0.47202727	0.39406645	-0.48250765	0.07702824	-0.15276001	-0.41388497	-0.4297218	-0.06309081	0.25965312	0.15537097	0.18383902	-0.21871299	0.08987727	-0.59877205	0.10807181	-0.083496496	0.2069671	-0.011462407	0.34418496	-0.13242534	-0.4032306	0.095195316	-0.87413865	-0.47283152	-0.6483465	-0.18426898	-0.19089746	-0.34471187	0.54795647	0.100329325	0.71738034	0.0012222799	-0.32042354	0.19602792	-0.19146955	-0.1539908	0.7890149	-0.6027027	-0.13996966	-0.05815563	0.611783	0.066738226	-0.16270962	0.058333695	-0.0326014	-0.55789346	0.2848851	0.29725468	-0.020035433
0.14250743	0.06462745	0.019670151	0.24146956	0.18650481	0.011458521	0.12895824	0.19314119	0.2599281	-0.12257678	-0.09814556	0.019423578	-0.02869647	0.05306456	-0.05763582	0.03858523	-0.18174593	-0.046469644	0.08809242	-0.08816564	0.16990782	0.096456185	-0.09988488	0.10108621	-0.08329304	-0.016354362	0.05767077	-0.15334347	0.023609636	0.1538153	-0.27206272	-0.1480088	0.11866936	0.10055614	-0.084688134	0.17999247	-0.3243511	-0.17475803	0.10369947	-0.17404664	-0.36498767	-0.08658938	-0.21146597	-0.32243887	0.021124894	0.03117963	0.10986793	0.17478302	-0.10916126	0.13657138	-0.19409028	-0.27281696	0.16334227	-0.057996012	-0.22167847	-0.34225473	0.3225052	0.2537427	0.07685287	-0.019283935	-0.17250842	0.19411784	-0.20510784	-0.073684655	0.101906106	0.055910137	-0.045177307	-0.19480826	0.067102306	-0.110348865	0.16773729	-0.0564375	-0.009914039	0.12866215	0.08302143	0.09613116	0.26140723	-0.1880336	-0.12321692	-0.105870984	0.16359392	-0.11691662	0.058376923	-0.06683378	-0.19153245	-0.15807183	0.09360993	0.002648632	0.07785148	0.14203812	-0.17477569	-0.094906285	-0.26665077	-0.058925133	-0.099584185	-0.18858193	0.22966632	0.029077712	-0.13235983	-0.16715665	0.052183356	-0.33559704	-0.17935841	-0.20105536	0.06448351	0.0028085802	-0.053205233	0.12758465	0.1054037	0.18233027	0.056322996	0.02525079	-0.05803738	-0.0018078468	-0.129224	0.20099922	-0.2095829	-0.08346544	-0.0458162	0.13313274	-0.12523888	-0.083036095	0.0718334	-0.093946435	-0.19370158	0.05634857	-0.010085501	0.014808754
0.10274655	0.24382067	0.71365315	-0.6465957	0.39650944	-0.9630067	-0.069552846	-0.9663522	0.9747489	0.4142116	-0.23764674	-0.1883918	0.025177846	0.43532547	0.14159201	0.47091934	0.5532671	-0.09174529	-0.23638	-0.4575682	0.20571926	0.07618265	-0.38268176	0.21079843	0.05707074	0.52656657	0.023716602	-0.057790477	-0.12690349	0.6262474	-0.4891563	0.21734822	-0.034082662	0.10544955	-0.37466532	-0.3055954	-0.7556738	-0.22655758	0.3373397	0.23117217	0.03769481	0.48424137	-0.75945485	-0.20899594	-0.418888	-0.48110417	-0.3583691	-0.040259406	-0.73571765	-0.33386958	-1.1394252	0.36726248	0.5304165	-0.091278486	-0.095622316	0.6728103	0.4941992	0.5389988	0.048787322	0.33833128	0.15732284	0.157675	-0.35414618	0.5142215	0.2630776	-0.40197784	-0.625444	-0.93479687	-0.66523635	-0.10871283	-0.5883306	0.00055679615	-0.12838031	-0.42572442	0.2801249	0.4619369	-0.10364599	0.36984134	-0.31481192	0.40597034	-0.62103677	-0.7299197	0.77930063	-0.00084947114	-0.21295623	-0.07197414	0.39961997	0.31173915	0.5600947	0.21070342	0.02784577	-0.61583406	-0.15921862	-0.5628459	0.23798503	0.32991943	-0.10865225	0.61836237	0.055363916	-0.52197164	0.1301275	-0.10620855	-1.1875772	-0.15977444	0.26168343	0.59261745	-0.42019492	-0.15470216	0.44208506	0.56917924	0.24690884	0.43321016	0.08479106	-0.6103149	-1.49136	0.51786774	-1.0050484	-0.46588543	0.44864497	0.77320606	-0.28272396	0.01949697	1.0462254	-0.34018937	-0.08504318	-0.14039432	0.7077204	0.40300936
0.43608758	-0.13867047	0.059457425	-0.096164666	1.2847551	0.49739954	0.103677124	0.7902044	0.6173856	0.23573634	0.9818894	0.4506536	-0.16026302	0.002101786	0.3901058	0.5413539	0.1831458	0.26578528	-0.0011319229	0.6504022	0.06695391	-0.50669485	-0.45149222	-0.2707879	-0.5581855	0.9083321	-0.1365314	-0.31528267	-0.30139115	0.88681823	-0.062090904	-0.7511817	0.63965374	-0.05003695	0.23578347	0.42731956	0.26171935	-0.1345248	0.53100985	-0.20926897	-1.0338144	0.113430865	-0.068557285	-0.17338906	0.49422398	-0.675683	0.07512127	0.27218983	-0.97948486	0.17946541	-0.66381663	0.29983187	-0.15364622	-0.114196785	-0.06169256	-0.4593673	-0.29527494	0.5033267	-0.17071047	-0.46069375	0.022981497	-0.07852796	0.3931343	0.16336939	0.7665967	0.22639954	0.23015206	0.3853956	0.22619867	-0.4157088	0.01473945	-0.7030959	-0.02637619	-0.14092368	0.22575937	-0.12560606	0.4056367	-0.044000614	-0.779609	-0.16526906	-0.64267486	-0.9463929	0.31450576	0.06892509	0.024016827	-0.22556737	-0.4257411	0.25227514	0.61323875	0.096681535	0.23114607	-0.28319302	-1.2580783	-0.5686475	-0.4399947	-0.24464598	0.33235782	0.54696393	-0.01848375	0.51986384	0.34815475	-0.7288794	-0.23586401	0.3571983	-0.10845013	0.49002695	0.13729085	0.19405605	0.4109542	0.23215881	-0.25487787	0.4176786	0.08248509	0.03138938	-0.09743475	-0.003011366	-1.011344	-0.12411816	0.18521453	0.7010497	-0.10363128	0.23533	0.17275481	0.18307862	-0.601597	-0.7783488	0.12401927	0.29232404
0.15238322	-0.12215752	-0.23277146	-0.1148867	0.01279184	0.095301256	-0.026270064	0.30265936	0.253454	0.07311627	-0.013443054	-0.1562489	0.1109573	0.13243155	-0.347784	0.40672317	-0.09852404	-0.22521953	0.03701058	0.46074584	0.18139806	-0.45691606	0.107760295	-0.14550225	-0.13927144	0.2184339	-0.46249408	-0.24326737	-0.023639908	-0.18283291	-0.3520123	-0.28990415	0.23449996	0.15558681	-0.07985358	-0.15628223	-0.27259678	-0.16579953	0.17092644	0.1458586	-0.22541285	-0.00672586	-0.3224753	-0.023257151	0.10690015	-0.4742115	0.3945837	-0.012037334	-0.22298463	-0.08216726	0.24475892	-0.16260955	-0.07650374	-0.47965914	0.06935324	-0.010214597	0.32374427	0.34984672	-0.07980555	-0.046297178	0.25715944	0.011779869	-0.06382372	0.35509115	0.019088445	-0.31243753	0.035905927	0.22684266	0.16765052	0.090274826	-0.07470821	0.06985716	-0.10924264	-0.030321993	0.14656363	-0.25446728	-0.036808107	0.16667372	-0.42937917	0.1425129	-0.44572216	-0.20050414	0.44076207	0.015444418	-0.09650185	-0.25637037	-0.32916248	0.2998342	0.42703837	-0.25634807	0.36553255	-0.47543648	-0.72607046	0.07218093	-0.21229994	0.0766155	0.30524105	0.14458226	-0.2549209	-0.083918646	0.08551797	-0.2932059	-0.33216408	0.15649313	-0.32694983	0.04125259	0.10348948	0.06834072	0.5460407	0.35039112	-0.27292696	0.3104252	0.38569894	0.20177843	-0.51328206	0.12500611	-0.19197883	0.2265131	0.2738655	0.13090695	-0.20523573	-0.12707652	0.4279316	0.18270218	-0.6130152	-0.21863407	0.0911204	-0.0010806845
-0.3024436	0.47115657	0.38660562	-0.21600981	0.84760594	1.1275966	1.3301507	0.8760196	0.76064134	-0.3793823	0.28495756	0.1390399	0.19768463	0.46529946	0.028555151	-0.3317476	0.18226244	-1.3374084	0.68591356	0.50453407	-0.73167944	0.6163738	-0.76029617	-0.98239595	0.062131718	0.36358982	-0.47605383	-0.7470911	-0.7000079	0.08318504	-0.2389263	-1.508403	0.1126604	0.8283622	-0.294755	1.3864663	-0.71629834	-0.09364185	0.58275217	0.05462889	-0.8054914	0.6067457	-0.18870173	0.13572125	-0.7759171	0.118098676	-0.6911863	0.44513628	-0.15230632	-1.258608	0.026571166	0.39986372	0.68578476	-0.5194764	-1.1871916	-1.1466116	-0.33192122	0.6304865	0.18070309	0.23444688	0.6155698	0.014674775	-1.2851967	-0.43225187	0.3764387	-0.546878	0.24897942	-0.4845594	-0.6881305	-0.31805733	0.93502426	-0.12444227	0.02956694	-0.69429374	0.21213768	0.05201016	-0.27667686	0.5845393	0.25300786	0.4340257	-1.0972265	-0.8769635	-0.7255043	-0.14606567	0.5648305	0.16231449	0.10163639	-0.7340929	0.74007094	0.54956096	0.12551449	-0.23168935	-1.1650244	0.7413214	0.62726355	0.81766665	0.12575234	-0.9427422	0.3552212	-0.07463892	0.32872555	-0.6762712	1.1748664	-0.21600619	-0.03618414	-1.3090615	0.2816233	0.92134804	0.6602019	0.53379846	0.3684422	0.104410276	-0.55237937	0.21100953	-0.92730975	0.39536875	-0.8168381	-0.12310904	-1.0353419	-1.4350296	-1.1394486	-0.36214072	0.3466409	0.4521762	-0.38684374	0.4580971	0.007096477	-1.3022028
0.58479106	0.1633985	0.048671193	-0.22043689	0.62202805	0.27269727	-0.04170338	0.6400029	0.27891257	-0.44900346	-0.15073511	0.016544346	-0.2541325	0.11815798	0.073299065	0.15740277	-0.37503085	-0.3011592	-0.189721	0.28590575	0.19029026	-0.5220707	0.26870608	0.0843216	-0.373189	-0.14510436	0.045188516	0.1422477	0.11139925	-0.22124939	-0.52842206	-0.13457024	0.07393879	0.13342857	-0.15671977	0.008670639	-0.24085595	-0.42389992	0.24979517	0.3301915	-0.30774876	0.126269	0.12861054	-0.5323549	0.78569174	-0.12069536	0.8431717	0.3048092	0.1301287	0.21572208	0.1315626	-0.24815899	0.23274301	-0.20329463	-0.08673691	-1.0132066	0.25713933	0.47781116	0.035641063	-0.3960389	-0.071391776	0.4190597	-0.30787784	0.63940316	0.57730454	-0.11342755	0.42360237	0.42519334	0.16911693	-0.12762776	-0.17299016	-0.017086187	0.5435893	-0.17735808	-0.40996096	0.16541512	0.3936394	-0.1655087	0.07523778	0.14885458	-0.38312715	-0.31848937	0.84826374	0.30927795	-0.37239367	-0.27517214	-0.40398887	0.5688488	0.5985186	-0.42405453	-0.4002876	-0.26234117	-0.11688654	-0.016792951	-0.21202943	0.14453481	0.40468022	0.14491713	0.118684255	-0.78676796	-0.24082236	-0.43764502	-0.29501045	0.15107532	-0.16158532	0.25807777	0.12559013	-0.42146626	0.6921868	-0.10032978	0.20307094	0.51822114	0.1319005	0.21880044	-0.40799704	-0.09618482	0.051863305	-0.033734057	0.41176078	0.61846405	-0.039659727	-0.0386138	0.38971287	0.14475793	-0.570744	-0.64351463	0.471988	-0.07239935
-0.10718573	0.4918132	0.5976145	-0.18971431	0.6762285	1.1558769	1.3274796	0.99328834	1.1876687	-0.53407073	0.4012141	0.81885976	0.38257715	0.4434062	-0.09167473	-0.1835141	0.035156608	-1.4938847	0.67067105	0.7853364	-1.0205038	0.33844602	-0.6015094	-0.7493092	0.23086332	0.19647224	-0.5715364	-0.92048013	-0.99553597	-0.13519484	-0.19319394	-1.2015508	0.51491076	0.96384734	-0.6087398	1.561663	-0.59728676	-0.44510868	0.48016506	-0.024182819	-0.5285585	0.6412587	-0.15444379	0.35905927	-0.59362984	0.03463302	-0.56195486	0.35340574	0.0045030527	-1.1842433	-0.19084774	0.17088914	0.4939644	-0.6338398	-0.7906538	-1.1720269	-0.008910785	0.47578984	0.16344258	0.2869991	0.50152814	-0.19262896	-1.1525921	-0.66946185	0.42630476	-0.57609147	0.23013544	-0.4461622	-1.0896505	-0.42455038	0.8642789	0.023107631	0.3544904	-0.752734	0.07260726	0.18761523	-0.6153527	0.7206649	0.37434942	0.6293921	-1.4647833	-0.55927646	-0.43737626	-0.33697248	0.33466327	0.1532647	0.025073962	-0.90550786	0.47622105	0.340093	0.30172652	-0.34512958	-1.2277519	1.183112	0.70367885	0.77772486	0.080427326	-1.1686283	0.55472344	0.04312844	0.26044536	-0.5023375	1.1705428	-0.15773572	0.020702733	-0.9439254	0.4979493	1.0750352	1.1941088	0.31934422	0.6268363	0.23954575	-0.472356	0.4720234	-0.9564336	0.7053463	-0.81675196	0.004640858	-0.9849454	-1.007251	-1.2728035	-0.60337836	0.5028088	0.2887148	-0.5345031	0.15821515	0.33260384	-1.2961774
0.06019497	-0.0216233	0.29623657	0.12539516	0.6130163	0.36103687	0.06785803	0.51607907	0.24470647	0.048861727	0.38307273	-0.026234256	0.01331056	0.14430377	-0.07716029	0.13525851	0.22291191	0.027014405	-0.003414741	0.19625059	0.25267854	-0.22554076	-0.43899584	0.04302181	-0.4070133	0.05288626	0.16385691	-0.12144956	-0.18879788	0.1528739	0.06651624	-0.211565	0.21361952	-0.006247205	0.04622144	0.4281086	0.090417445	0.1356452	0.2922751	-0.264281	-0.21209198	-0.031525806	-0.2818793	-0.21308684	-0.12527362	-0.30003518	0.050372686	0.17992954	-0.12079257	0.10718186	-0.2062214	0.081211776	0.19686328	0.07366712	-0.027401084	-0.17022568	-0.029654952	-0.062001668	0.088922836	0.03214644	-0.06837928	-0.013453953	-0.020095509	0.21217348	0.53681695	0.08893535	0.02028374	0.40607014	-0.039426707	0.05731992	0.23038931	-0.09382132	0.10757153	0.07976452	0.10317289	0.23382932	0.102641515	0.12625018	-0.06585968	0.031599607	0.06787182	-0.44523984	0.005389033	0.38334253	-0.19780008	-0.2804574	-0.024550682	-0.052083906	0.5659143	-0.238094	-0.20793907	0.10911219	-0.8169979	-0.07236363	-0.46439368	-0.51587677	-0.048413023	0.37495336	0.0895296	-0.0842687	-0.26052937	-0.5311074	-0.013546147	0.01098973	0.19623493	0.05827372	-0.09754255	-0.50155795	0.20424151	0.19054483	-0.21097311	0.13098489	0.14575817	0.11201892	-0.088862084	-0.08892974	-0.46206298	-0.38101915	0.39716667	0.067820735	0.05472225	0.029417071	0.0011485812	-0.05040861	-0.33475968	-0.38072762	0.03336989	-0.07634094
0.4330255	0.4129535	0.41209763	-0.5049133	0.679752	0.13405515	0.029304951	0.9321706	0.6181689	0.5723467	0.34486547	0.106527135	-0.43204048	0.31462	-0.46958348	0.35734504	0.84999675	0.40911376	0.025835441	-0.04869167	-0.45557448	0.34356385	-0.94822603	0.09584036	-0.03045583	0.16901654	0.34432843	0.37827793	-0.47963572	-0.088859014	0.5735496	-0.27283213	-0.044277098	-0.3083559	0.34786892	0.19675486	-0.40579674	0.7392749	0.40462738	-0.066299014	0.16871876	0.72686136	-0.13577092	0.14794533	0.36710572	-0.66535527	-0.3699049	0.6588243	-0.36652762	-0.18608604	0.2725923	0.13349582	0.014864081	-0.6222737	0.07234249	-0.65733665	-0.24148491	0.068053566	0.337384	-0.26840547	-0.23215236	0.49499494	-0.52428627	0.52292305	0.9056566	-0.498528	0.040606387	-0.44608852	0.0895961	0.2714628	-0.65697217	-0.31304944	-0.08459121	-0.14902253	-0.058289178	0.647628	0.29845124	0.11336542	-0.14226678	0.38430378	-0.4425545	-0.73779404	0.13996671	1.3231071	-0.35054824	-0.41961104	0.1581085	0.0637074	0.07093301	-0.5378134	-0.22058699	-0.67450255	-0.05151635	-0.38729334	-0.015956463	0.0059768027	-0.69114554	0.06046847	0.20071296	-1.2185079	-0.08488014	-0.4647892	-0.45295316	0.18907571	0.23071994	-0.18409872	-0.02768986	-0.20686635	0.19849655	0.6756792	0.24286747	0.8911348	-0.20882553	0.034717996	-0.39126626	0.16930205	-0.47064212	-0.034010194	0.4630286	0.29373795	-0.5956215	0.019599704	0.68913746	-0.16021405	-0.54410243	0.13590099	0.8447415	0.30141985
0.48748103	0.017254768	-0.023408314	0.059738494	0.90406	-0.0074592913	-0.11720735	0.26410896	0.7035633	-0.33693507	0.15345642	0.34674978	0.3163138	-0.32363382	-0.06529062	0.32035595	0.033158004	-0.35018256	0.092838526	0.21645711	0.22783074	-0.2641294	-0.25210673	-0.14953358	-0.34877235	0.74175394	-0.077729404	0.06435444	-0.18302144	0.2269076	-0.018887725	-0.133017	-0.3316679	-0.097230434	0.2053653	0.29784423	-0.5128748	-0.5116561	0.47197413	-0.037408166	-0.30860287	0.0096464725	0.12542187	-0.057721358	0.20000361	-0.12122794	-0.059445273	0.2655996	-0.20336625	0.27903202	-0.30951437	0.31550586	-0.015539639	0.66293514	-0.014593986	-0.25232783	0.01169025	0.35852224	-0.28990117	-0.35452554	-0.26182395	-0.035920776	-0.41093865	-0.27388388	-0.48541147	-0.017395591	-0.3047674	0.3190735	0.17348942	-0.1936445	-0.2173015	-0.37440076	0.34756583	-0.22306661	0.008003889	0.19446887	-0.57353747	-0.50671387	-0.36289474	0.0701096	-0.840681	-0.7422891	0.4406098	0.4572295	0.2408113	-0.84838617	0.16856663	0.15020165	0.4735801	0.1909309	0.11845936	-0.3379775	-0.35245353	-0.43229955	-0.1934387	-0.029476488	-0.5381014	0.49262163	0.22762248	-0.036039643	-0.13602583	-1.109696	-0.385655	0.33152744	0.3117227	-0.046153698	-0.21880177	-0.22577077	0.58805186	0.7173728	-0.4213505	0.04018517	0.14670275	0.05637125	-0.1946623	-0.0032902223	-0.31992513	0.31703743	-0.14159414	0.35888293	0.08181293	0.2479826	0.28162935	-0.007983328	-0.63631374	-0.33605257	0.30043942	-0.19466147
0.14073546	-0.35700744	0.28361878	0.047659952	0.42495656	0.07659796	-0.12922363	0.3807285	0.45787778	-0.042737205	-0.2367269	0.18312453	-0.34430408	0.14345047	0.21233897	-0.10877827	-0.4341763	-0.40916905	-0.08693311	-0.0070769917	-0.052355416	-0.36188883	-0.33755088	0.12930046	-0.43727544	0.3668572	-0.096929796	-0.14399105	-0.008860204	0.01583586	-0.66076005	-0.17523758	0.11271108	0.36844447	-0.15404724	-0.11148905	-0.6095589	-0.66304654	0.048049983	-0.29916364	-0.58645415	-0.083706416	-0.27285317	-0.059550475	0.021683874	-0.28864604	-0.11038594	0.42924288	-0.2700332	-0.06557683	-0.7107887	0.082691	0.4596041	0.08653933	-0.41048706	-0.035550818	0.44890633	0.46241605	-0.115186244	0.036881894	-0.029412901	-0.023711061	0.20784914	0.14885683	0.12361323	0.13764627	-0.1499856	-0.17335013	-0.28524306	0.08345331	0.2675009	-0.13697551	0.27877837	-0.0041257045	0.32283655	0.0096006375	0.1404155	-0.48258942	0.27281082	0.077074714	0.0788965	-0.2854009	-0.036558986	-0.1974416	0.07753406	-0.0420288	-0.0048582675	0.29621395	0.027072737	0.17641298	-0.028787386	0.04736238	-0.1601423	0.054096114	0.0374948	0.08399848	0.08025415	0.00401494	-0.010072105	-0.06734069	-0.030376576	-0.21172938	-0.3224142	-0.18866248	-0.18356697	-0.12801294	-0.099334314	0.41706783	0.33789778	0.089228846	0.1282769	-0.027133066	0.15721487	-0.31558695	0.14464493	0.29486006	-0.45868355	-0.045874875	0.21780479	0.33961728	-0.03749325	-0.046500567	-0.20850596	-0.19371824	-0.21049137	0.04717896	0.2720567	-0.11748072
0.039887775	0.12857929	0.05331141	-0.093540266	0.52202755	0.085717365	0.06756927	0.33261243	0.19035135	0.28136113	-0.21186838	0.15723568	0.19958381	0.0522747	-0.17260513	0.21989845	0.074156895	-0.0033064508	-0.21378057	0.29154414	0.05273463	-0.63316035	-0.25809115	-0.08149356	-0.29133776	0.063720405	-0.33782464	-0.2928337	-0.10435028	0.22450998	-0.26489252	-0.038198527	0.033028495	0.049398396	0.027966084	-0.12793726	-0.0910717	-0.04644317	0.05675468	-0.04652174	-0.6571657	0.2448594	-0.42258978	0.2584377	0.08274167	-0.13111874	0.21571921	0.40320703	0.03245187	0.039283372	-0.015263917	-0.37456167	0.39641967	-0.12671885	-0.019511145	-0.13417011	0.39846185	0.19323657	0.0070017227	0.024974508	-0.0105181765	0.38371447	0.13858916	0.21725678	0.07438864	-0.093926065	-0.06242168	0.19501011	0.18236649	0.059910875	-0.18512654	0.15575357	0.014171422	0.03501541	0.023210151	0.14518933	-0.089239806	0.2325567	-0.02379172	0.09932217	-0.0023210691	-0.13819584	0.27653491	0.021045487	-0.12159618	-0.37474877	0.1253874	-0.034799766	0.34921464	0.013955992	0.010392363	0.19779627	-0.21240452	0.3206471	0.0075509064	0.073846705	0.117810294	0.079673715	0.07712705	-0.31125033	0.14447357	-0.21117103	-0.04169498	-0.06331501	-0.39217737	0.12827642	0.083718695	-0.15080428	0.1236373	0.5705273	-0.23202826	-0.10148032	0.16569303	-0.13841484	-0.34511933	0.28771	-0.070262134	-0.086948395	0.17095125	-0.2560208	-0.2156295	-0.08635184	0.31067026	-0.020921266	-0.028065497	-0.06024305	-0.055659022	-0.014627472
-0.20268118	0.7419064	-0.100233376	-0.7254522	0.86116725	0.16731031	0.17643324	1.0563099	-0.42742193	-0.2825866	-0.77243996	0.06295758	0.076189436	-0.6504378	0.12200698	-0.44865388	-0.033243265	-1.3254181	-0.33647928	0.50708777	0.46392858	-0.8076973	-0.5902164	-0.2117012	-0.7461951	0.6381394	-0.18488242	-0.6007758	0.45016277	0.40782458	-0.07539381	-0.24398115	0.03531444	0.48215818	0.14458232	-0.41652057	-0.975141	0.40329722	-0.096909925	0.58396465	-0.40508923	0.03377725	-0.27345163	-0.16934401	0.14101559	-0.1379384	-0.00964551	0.48234203	0.36134833	0.100378916	-0.21203557	0.19162855	0.40725532	-0.4553654	-0.33126304	-0.5121486	0.4420317	0.56044674	-0.15216322	-0.06931593	0.20323648	0.2681369	-0.23405258	-0.071205035	-0.12621443	-0.31155875	-0.08266391	0.41928545	-0.71211743	-0.11080502	-1.2526588	-0.099730104	0.7715713	0.17481907	-0.44248083	-0.3936855	-0.28192624	0.39322355	0.397538	0.3288428	-0.071198635	-0.5354611	-0.040295623	0.29450956	0.38602284	-0.50738955	-0.2325031	-0.23916222	0.41065165	0.2919197	-0.92475766	1.1201967	-0.7388001	-0.7520474	-0.23508766	-0.5434187	0.69998133	-0.08577513	0.094403766	0.40493715	0.37377796	-1.0917594	-0.2804667	-0.18989742	-0.41770634	-0.5990736	-0.24646886	-0.026922321	0.012539147	0.79913217	-0.19090562	0.19824164	0.015590003	-0.115537144	-0.52118874	0.21168569	-0.53924406	-0.20037636	-0.17315082	-0.38572466	0.16754635	0.3653637	0.037830833	-0.26612803	-0.17075396	0.4799751	-0.3747855	0.020704461
0.1144363	0.012044139	-0.07883137	-0.08102658	0.107338674	0.17618823	-0.13289423	0.15527624	0.14074652	0.10332163	-0.12547134	0.04002381	0.12022728	0.044763565	-0.18060641	0.110907055	0.016876452	-0.21479225	0.0028479972	0.16535796	-0.006336365	-0.005432042	-0.019557705	-0.16613768	-0.16822228	0.09531478	-0.23317894	-0.11647747	0.0043668174	-0.049356382	-0.19111685	-0.1495056	0.025931345	0.11493485	-0.06328752	-0.22466318	-0.21263272	-0.13911858	0.026066817	-0.11894373	-0.24883693	-0.074195705	-0.18626098	0.07912827	0.10947797	-0.07868357	0.10908512	0.2477518	-0.16313216	-0.06928304	-0.05219662	0.10857236	0.034983158	-0.11458284	-0.05552341	-0.08142763	0.18514836	0.38995495	0.01357651	0.015211599	-0.1262086	0.10808237	-0.17652169	0.0992502	-0.08054959	-0.20407164	-0.08933036	-0.08034498	0.12504694	-0.10386475	-0.090440325	0.051844023	0.16070291	-0.11578008	0.015982423	-0.20213087	0.0058309445	-0.10574779	-0.0080996705	-0.066279404	-0.06729082	-0.20500362	-0.15761574	-0.068781115	0.094063416	0.0057188813	0.0026333844	0.17321025	-0.0025852255	-0.021888819	0.11224221	-0.17363033	-0.28226507	-0.0950819	-0.041990835	-0.08351165	0.28543124	0.06143668	-0.036373865	0.03590076	-0.08467172	-0.18250841	-0.21603267	0.03466418	-0.21110918	-0.15620486	0.070569746	-0.042900227	0.2600839	0.12020489	0.05118187	0.25426933	0.061179746	0.062961034	-0.058375075	0.15573317	-0.08576204	0.18353726	0.13502952	-0.0068351147	-0.22518027	0.0070492285	0.14738446	0.07693554	-0.12966007	0.045523964	0.12387196	0.008471439
0.41617793	0.013520028	0.4542868	-0.26750055	0.32660696	0.180492	7.7136116e-05	0.1299816	1.1342103	-0.080765046	-0.10855911	-0.041475438	-0.15737464	-0.07749293	-0.0081349695	0.017560191	0.16462699	-0.57334536	-0.47406557	0.6365657	0.08934894	-0.15904492	-0.22798641	0.37253678	-0.9860919	0.3856746	-0.31076247	-0.36117044	0.04565529	0.37658283	-0.3324611	-0.48612696	-0.09696639	0.0350141	-0.305784	-0.50372994	-0.49494997	-0.35610342	-0.047919963	0.015337993	-0.30316606	0.075772524	-1.0914913	0.027213166	-0.10496171	-0.36871418	0.32808733	0.4943041	0.04479625	-0.43501666	-0.5883001	-0.5922587	0.1880575	-0.12848167	0.082940795	0.17531085	0.6548567	0.26197433	0.16969001	0.06609052	-0.17858882	0.1393177	0.03739059	0.3328316	0.24463463	0.16446579	-0.10800022	0.017440487	-0.099325836	-0.3210606	-0.55616087	-0.21905616	0.49973238	0.096784435	0.6544042	-0.2113676	0.33703583	0.22134976	0.096727446	-0.2714303	0.23412994	-0.3214334	-0.08714015	0.20898901	-0.3531636	-0.047398843	-0.3010219	-0.040308118	0.47547445	-0.019909887	0.22278716	0.011597063	-0.6008011	-0.45389894	0.06962888	-0.2574729	0.44794315	0.16462061	0.21554767	0.09571588	0.3107473	-0.30593252	-0.022425981	0.12042036	0.15140946	0.30692095	-0.50289035	-0.11996135	-0.0729284	0.31020635	0.20013767	0.14605027	-0.2975573	0.08043811	-0.20688014	0.23483425	-0.55580425	-0.10767654	0.86565566	0.0031621438	-0.04947926	-0.18004513	0.27467662	0.24439085	-0.23513748	0.22872205	0.28134128	-0.088956855
0.07115371	0.16743323	0.94568187	-0.7331166	0.37527677	-1.1013	0.01094122	-1.0011538	0.9807458	0.038887788	-0.37335223	0.00020794247	-0.055796646	0.3134046	0.058226287	0.27280375	0.35722712	-0.021057649	-0.2900478	-0.23659596	0.352017	0.19729191	-0.18548891	0.32510436	-0.07929658	0.46543786	0.34919804	0.11855312	-0.26557744	0.79625905	-0.29196233	0.20820156	-0.17828411	0.19724873	-0.40966675	-0.08431959	-0.88710356	-0.25165454	0.34776896	0.2124979	-0.24850106	0.7444097	-0.6096129	-0.29860285	-0.3700116	-0.36632833	-0.6422915	0.12648624	-0.8284903	-0.52479005	-1.0714092	0.30509734	0.7828787	-0.0949706	-0.17809851	0.57866	0.27626827	0.4741956	-0.050474714	0.034054615	0.41481838	0.018259354	-0.3996778	0.43739578	0.04357197	-0.1332606	-0.31755602	-0.91147643	-0.4484578	-0.21399581	-0.6828688	-0.088779084	-0.20165448	-0.23261085	0.062436003	0.7118034	-0.09659225	0.55023086	-0.25744596	0.31477126	-0.6321342	-0.7391362	0.97175467	0.11425778	-0.24914975	0.009818563	0.43026403	0.43200234	0.3894886	0.4246589	-0.11221898	-0.984839	0.10912654	-0.4660788	0.24338205	0.3960138	-0.15270028	0.45076114	-0.18407816	-0.5829926	0.22673146	-0.3494614	-1.3498098	-0.107177995	0.23887151	0.473215	-0.36085236	-0.12769489	0.4345429	0.71426606	0.4829487	0.47359934	0.08941	-0.39885858	-1.4780201	0.58526385	-1.164779	-0.35988545	0.5505529	0.86669016	-0.27067712	-0.21210529	0.8229314	-0.32276163	-0.06689841	-0.18029211	0.57833076	0.22785977
0.51179796	0.029167714	1.4682127	0.4675782	-0.006890166	-0.10658602	0.018086359	-0.13789213	0.93266994	-0.48148602	-0.08872573	0.2699131	-0.19812137	-0.43902662	-0.78080857	-0.03752438	0.1164294	-0.28054178	-0.4875533	0.5769717	-0.22209351	-0.5131277	-0.5736386	-0.045692492	-0.18061252	0.38729453	0.111094125	-0.5626443	0.10947567	0.6800025	-0.2610806	-0.10635001	0.37903798	0.26629475	1.2062396	0.29375574	-0.77469695	0.52715456	0.4507592	-0.14544669	0.6135222	0.22676018	-0.36211058	0.17722014	-0.40305933	-0.48419255	0.62510127	-0.059961546	0.17724678	0.34543833	-0.34725896	-0.3705605	-0.6397857	0.3469411	-0.14879681	0.12835799	0.39638403	0.042444915	0.38071528	-0.3467537	0.16290557	0.3559269	-0.8392133	0.5716021	0.24308783	0.15666176	-0.03707003	-0.30287236	0.004714701	0.0076587135	-0.07253122	0.24869224	0.034675304	0.2829748	-0.24434392	1.0935775	0.010500769	-0.68360996	0.24986501	0.74179167	-0.02106686	-0.13832876	-0.09064565	0.40760994	-0.82524735	-0.57105476	-0.07433236	0.66861266	-0.43718287	0.13637441	-0.474314	-0.4716046	-0.36824238	-0.7614799	0.19770022	-0.03226925	0.611427	0.32679144	-0.7688822	-0.72156984	-0.04894193	-0.9029839	-0.68666714	-0.34944636	0.5095867	-0.2628724	0.29252788	-0.015918115	-0.014013083	1.0954983	0.62735784	-0.041305788	-0.42528757	0.076576546	-0.86655855	-0.34701985	-0.19033681	0.2858858	0.6965447	-0.08838174	-0.12514506	0.0031408186	0.8310157	0.052646484	0.38979426	0.29836357	0.23022406	0.3691552
0.033760887	0.16975988	-0.052838627	-0.14785448	0.8056961	0.13718112	-0.45506674	0.8761216	-0.008012159	0.21057256	0.28506696	0.114425145	0.22528264	0.2443751	0.04609672	0.5029335	0.28717968	0.26198208	-0.0011324422	0.27139983	-0.15859291	-0.21696098	0.16787772	-0.53256756	0.06151553	0.54337215	-0.47242564	-0.3424874	0.033847965	-0.086228855	-0.28389314	-0.31348956	0.16693771	-0.058567937	-0.17493318	0.26173502	-0.19768885	0.17790139	0.32369813	-0.21302955	-0.52628547	0.35109842	0.033891726	-0.122608155	0.43493447	-0.55517226	-0.043307636	0.5064826	0.20815529	-0.20462885	0.34446725	0.10482296	0.2085931	-0.2996939	0.119036935	-0.3537808	0.46154118	0.33683807	0.21179605	-0.2769599	0.06368733	-0.061129034	-0.39875883	0.8050123	0.16963825	-0.16960225	-0.07478313	0.33964682	-0.07467164	0.3496004	-0.04439632	0.021644536	-0.076063275	-0.37922978	-0.42263678	-0.11203928	0.16698329	0.5513879	-0.48873594	0.29356974	-0.6103136	-0.52939075	0.51805794	0.18403098	0.41824895	-0.5548439	-0.08782258	0.10150415	0.5700081	-0.027160514	0.099632554	-0.49808595	-0.49312034	0.27239832	-0.65893984	-0.051148273	-0.001059284	0.43501452	0.3535586	-0.25286412	0.16491593	-0.60309273	-0.6863783	0.20224917	-0.29473573	-0.21568757	0.05996905	0.20595743	0.3324123	0.19202405	-1.0595981	0.12204054	0.11583809	-0.17179489	0.024144122	-0.04660546	-0.24022801	0.3841956	0.18723762	-0.18953596	-0.24225485	0.19271654	0.41833684	0.41416854	-0.39542684	0.22421023	0.4700715	-0.40626723
0.1317424	0.28659555	0.06241785	0.06301551	0.7868789	0.11222636	-0.34684563	0.58813745	-0.12107169	0.058406997	0.1388302	-0.021369334	0.25530997	0.22751467	0.21242456	0.3310023	0.1960926	0.10307495	-0.08521284	0.12571888	-0.17069738	-0.030239524	-0.015791632	-0.42333546	0.20643188	0.35929814	-0.13873324	-0.27794832	-0.008410012	0.023875719	-0.19552669	-0.18374564	0.30196428	0.049568582	-0.15949902	0.14594193	-0.14459084	-0.012973015	0.13833107	-0.22515897	-0.34131345	0.33907154	0.045182444	0.073143445	0.2632115	-0.41398767	-0.15485843	0.6104127	0.03938649	-0.12703209	0.08990873	0.16258197	0.39324802	-0.04580689	0.14688432	-0.17871442	0.3447042	0.21426292	0.04286489	-0.28114977	-0.079240024	-0.08949468	-0.2732003	0.4209935	0.07784243	0.05169627	-0.121646896	0.26859245	-0.06482544	0.059618916	0.0001930858	-0.22496705	0.1439162	-0.35855874	-0.12406142	-0.040750038	0.09151493	0.27094227	-0.4286776	0.16273369	-0.46681178	-0.40441206	0.2691816	0.27299592	0.2435649	-0.38183224	0.12098335	-0.16749115	0.3666606	0.07317486	-0.021751132	-0.37139058	-0.3544994	-0.08205787	-0.3564254	-0.05465956	-0.26420093	0.34889004	0.22069322	-0.1375048	0.012611447	-0.53567773	-0.38314664	0.22829603	-0.012526274	-0.11182868	0.02639544	0.25980592	0.12614068	0.13459074	-0.6786563	-0.12452264	-0.12672725	-0.024105988	0.25754628	-0.104949504	-0.085939415	0.30753592	0.10175722	-0.014456311	-0.11431325	0.23495133	0.093940236	0.13029176	-0.24731103	0.16900846	0.39444482	-0.21960106
0.01809899	-0.0034375621	-0.05040891	-0.23519365	0.15540883	-0.015482041	-0.30137196	0.017882952	0.086921	0.05088729	0.14017779	0.055802483	0.15039419	0.11013103	-0.17280723	0.045277614	0.59933466	-0.25914615	-0.06305378	0.049419295	-0.10859754	-0.39227042	0.15901998	-0.0262883	-0.013145221	0.5317134	-0.30139858	-0.24110584	0.22668238	-0.18318799	-0.42051825	-0.3719095	-0.3356399	0.13711765	-0.24291813	-0.10431181	-0.4368281	-0.030820396	0.21836452	0.119245395	-0.43090087	0.025464278	-0.59185916	-0.12576042	0.017501619	-0.5872052	0.5448985	-0.09300389	0.14578246	-0.13334939	0.095717005	-0.23691154	-0.06719162	-0.18640852	0.25130928	-0.08493297	0.18058653	0.558116	-0.15314129	-0.0831495	0.091083854	0.25276735	-0.41154757	0.6653758	0.060270783	-0.5002739	-0.0052912985	-0.17154934	0.15527023	0.120829426	-0.102440834	0.09524323	0.1932385	-0.2932624	-0.1722877	-0.3178339	0.22020604	0.34502926	-0.15005009	0.33806923	-0.19048801	0.0037045071	0.22973046	0.14031895	0.065033756	-0.30980742	-0.09616657	0.2702479	0.55626947	0.09715955	0.21697074	-0.5132232	-0.12436604	0.12168666	0.050105274	0.3617395	0.09222019	0.09620295	-0.00015563337	-0.082184196	-0.0040458515	-0.24223223	-0.38151014	0.12921736	-0.2865473	0.107104346	-0.060999963	-0.0976207	0.552865	0.13656053	-0.42390496	0.21421313	0.14288741	0.02646779	-0.54478	0.25094685	-0.26644462	0.15423828	0.27471596	-0.056498278	-0.18962836	0.042975344	0.5625467	0.20217998	-0.11733576	0.13979833	0.5004405	-0.32655716
0.39032757	-0.07350597	-0.5320606	-0.055990312	0.043329906	0.6418008	0.6409867	0.034454767	0.094132155	-0.3892101	-0.1719324	0.646285	0.5062828	0.33570376	-0.31868973	0.127199	-0.09195057	-0.029463576	-0.6715872	0.20389476	-0.38116825	0.054588106	0.38310048	-0.30253723	-1.3429208	-0.27948612	0.056789096	-0.685694	-0.17237534	-0.23277098	0.009366514	-0.37078536	-0.07470457	0.4220697	0.69361496	-0.26731998	-0.4152361	-0.11864883	-1.106633	0.15410429	-0.009587849	-0.12957829	-0.5471493	-0.28323564	0.37080494	0.091816165	0.12178458	-0.07484769	-0.86128306	0.37602612	-0.026892167	0.63494027	0.47799414	-0.37539992	-0.039773438	-0.33760685	-0.18780828	0.4592222	0.068052754	-0.80582595	-1.0002214	0.4218963	-0.77408767	-0.15472439	-0.41805056	0.3838615	0.11300655	-0.017266564	0.29634434	-0.26492167	0.0014284983	-0.28182423	-0.19052991	-0.7584703	-0.3337723	0.076188594	0.63044	-0.42354292	0.25330105	0.21706332	-0.18350355	-1.2121055	0.15465613	-0.44569153	-1.1442358	-0.1671595	0.5548129	0.20751518	-0.023320315	0.330908	-0.28126717	-0.3694922	-0.50072205	-0.6131308	0.41175857	-0.09590188	0.38040185	-0.21378562	-0.20568514	0.15668309	-0.57253563	-0.026178736	-0.20621416	0.2513165	0.46289718	-0.56338644	0.111186504	0.5448507	0.085341945	0.17977966	0.6263312	0.49117407	0.2250186	-0.4347373	0.06827051	-0.029894795	-0.4688677	0.16154727	-0.16853078	0.29214147	-0.09514466	-0.14763622	0.7576639	1.1555502	-1.0028331	0.123001896	-0.02050209	-0.53793055
0.0528387	-0.00816399	0.010054162	0.07143267	0.19583778	0.08278845	0.1480244	0.06078491	0.1149686	0.064830445	-0.16846237	0.13389681	0.14078374	0.0043150843	0.010329625	0.05495322	0.07124735	0.0054855724	-0.2213855	0.028914189	0.061430924	-0.04220698	-0.13742754	-0.10345844	-0.027388422	0.096718095	-0.13626733	-0.08636711	0.031944767	0.17159308	-0.12750208	-0.08822834	0.06296649	0.05722195	-0.01051932	-0.055874474	-0.088660076	-0.21447852	-0.020938726	-0.023133004	-0.16943644	-0.03578758	-0.22527242	0.10638032	0.04722562	-0.15369149	0.056173477	0.18429552	-0.10077464	0.018115195	-0.085647725	-0.092244565	0.2415436	-0.0050456	-0.20220476	-0.06711254	0.13012095	0.120548174	0.039254665	0.04415036	-0.009170315	0.13240506	-0.07788352	-0.03336074	0.20578104	-0.02446103	-0.111378916	0.14401156	0.015377821	-0.11148306	-0.004339701	-0.00503188	0.08315033	-0.02533532	0.10976695	0.078495346	-0.02044759	0.06033348	-0.02795335	0.11196993	0.05057394	-0.20201421	0.17412838	0.08650712	-0.050565686	-0.2030115	-0.03244246	-0.19832157	0.11373578	0.06178535	0.013866158	-0.06900077	-0.17997156	0.01602796	0.009040208	-0.042809203	-0.028281791	-0.0069564437	-0.0276315	-0.15530197	-0.047399547	-0.33207512	-0.09830659	0.09171604	-0.015069016	0.07469537	-0.032889415	0.060195632	0.062433872	0.15538898	-0.049792275	-0.02902981	0.07070977	0.119212255	-0.13163716	0.058975123	-0.12393274	0.08122454	0.10962425	-0.0021323324	-0.083742306	0.045308415	0.09310886	0.051216766	-0.072450854	0.0020040893	0.1121236	-0.04830943
0.16141358	-0.16190735	-0.0007118923	-0.13644288	1.2325134	0.42977542	-0.023947746	0.8990113	0.7496238	0.25665146	1.0962925	0.46907902	-0.24909534	-0.099609874	0.2056397	0.62182444	0.2918072	0.36124104	0.08779212	0.61518943	0.1199942	-0.49038127	-0.5965796	-0.11341681	-0.8055419	0.7381731	0.09574122	-0.20398775	-0.38244647	0.75395507	0.12581803	-0.7996689	0.52108043	-0.26847208	0.39376587	0.16774373	0.33986348	-0.1133973	0.6515255	-0.3505738	-1.0016565	0.1466826	0.103242084	-0.11043084	0.71899074	-0.7196501	-0.19294724	0.38727283	-1.0048993	0.040945053	-0.66487056	0.47637725	-0.101664245	0.024066687	-0.016575752	-0.31138134	-0.45324653	0.33881807	-0.11428621	-0.4983068	0.1270285	0.040147457	0.45696333	0.15667558	0.69051486	0.14590542	0.090604946	0.3796865	0.2415916	-0.32014394	0.11170784	-0.6702326	-0.0862891	-0.049836595	-0.05146211	-0.20159596	0.24759899	0.027707504	-0.87380433	-0.12308596	-0.63023007	-0.89638174	0.26175535	0.18979108	0.058804873	-0.15877758	-0.3759243	0.12848014	0.60809153	0.007011116	0.32936248	-0.39635247	-1.0251756	-0.51669097	-0.602718	-0.115162894	0.44786507	0.561819	0.005141511	0.45831537	0.30316466	-0.8390895	-0.23074427	0.43997633	0.05954573	0.5944281	-0.016887562	0.03267708	0.34501135	0.28822064	-0.2708111	0.53642166	0.17991689	0.08200592	-0.18754923	0.011763938	-0.881506	-0.11260205	0.3362278	0.6952232	-0.13481866	-0.0003346691	0.2420891	0.15945962	-0.3979318	-0.73389345	0.38669	0.18485808
0.45277762	0.23720166	0.2789912	0.4424194	0.30655822	-0.5985247	0.3637261	0.30381218	0.5757453	-0.30312884	-0.44557658	-0.03847155	0.8014758	-0.0773685	-0.63128793	0.44024304	0.4448595	0.21567598	-0.67102134	0.3196314	0.66292024	-0.2344291	0.08553573	0.56179124	-0.36386174	-0.19234517	-0.12756748	-0.57274914	-0.10126824	0.10418687	-0.37437057	-0.39433995	0.2249453	0.45570448	0.7512384	0.11697903	-0.34993538	-0.9602439	-0.5034774	-0.05003267	-0.42480224	0.5453959	-0.5757994	-0.1859421	-0.40856004	-0.038642894	-0.24724524	0.5051241	0.3415446	-0.12969145	0.3967551	-0.27586684	0.7856776	0.17791802	-0.2566209	0.52096295	1.0619516	0.31750458	0.30249494	-0.27594432	-0.9228999	0.42005855	-0.29795897	0.24377847	0.16750234	-0.5568777	-0.4712113	-0.5782429	0.022734499	-0.06330967	-0.1272322	0.52070284	-0.13509783	0.1894971	-0.054980937	0.0041923393	-0.7082229	-0.2910709	-0.2383591	0.6227612	-0.37394542	-0.10018379	1.0455409	-0.06773167	-0.8606103	-0.078935936	-0.1479592	-0.115333915	0.21445358	0.17160863	-0.56653106	0.07608682	-0.29319605	-0.15387572	0.25560793	0.1886637	-0.18544981	-0.36047694	-0.20162855	-0.9445877	-0.3105036	-0.44173005	-0.2735319	0.033450663	0.2950698	-0.030498352	-0.15387985	-0.40210614	0.64307755	0.25882256	-0.09490023	-0.44866067	-0.13635004	0.16601805	-1.2667543	0.2230438	-0.6964033	-0.5430252	0.605653	0.02045891	-0.2995194	-0.2748437	0.6695929	0.0106479665	0.18414475	-0.025548086	-0.1339921	-0.14674509
-0.22150792	0.013359307	-0.2658963	0.15502137	-0.052922346	0.08369931	0.81948185	0.06668981	0.24996032	-0.17030434	0.00017537533	0.055658042	0.059442203	-0.010420789	-0.23295648	-0.05317543	0.1968898	-0.47371885	-0.669278	-0.29065588	0.44264302	-0.3266787	-0.38532525	0.16749139	-0.7076002	0.22084367	0.348119	0.32828617	0.18096656	0.5207222	-0.255321	0.37305593	0.23981835	-0.12965792	0.26340556	0.13966775	-0.404994	-0.36296037	0.5157821	-0.20174159	-0.5479972	0.047388345	-0.8225044	-0.11465469	0.13632177	-0.19907993	0.6055794	-0.120653614	-0.45478612	0.38597485	-0.7308006	0.19040504	0.5469907	0.15995857	-0.06516959	-0.56809783	0.191809	0.2889374	0.36518985	0.2458572	-0.099067815	0.51211137	-0.7283385	0.2331054	-0.04512651	0.025185127	-0.2373805	0.4631768	-0.2338621	0.103498384	0.22019656	0.039279662	-0.04181812	-0.40002403	0.026311172	-0.14990693	0.08057977	-0.1328642	0.3435097	0.19920267	0.16704756	-0.20959038	0.3618511	0.30291703	-0.40912658	-0.675413	0.03304071	-0.027457274	0.65149117	-0.40188736	-0.3885017	-0.13031863	-0.20459326	-0.3008619	-0.46164045	0.117776126	0.1498601	0.30309513	-0.0026543904	-0.41356045	-0.37747186	-0.1991883	-0.4033408	-0.77003044	0.71890175	0.4841692	-0.43240726	0.11331198	0.27878484	0.12659907	-0.16800795	-0.28634542	0.27686918	0.04624232	-0.81345415	-0.07952879	0.019822903	-0.532157	0.2236619	-0.0010658168	0.20252077	-0.2884989	0.60025156	-0.12209666	-0.20479606	0.012353044	0.20179842	-0.39676595
0.49964154	0.16715635	0.3071072	0.37801197	0.17383876	-0.6344015	0.32422313	0.24633951	0.5540898	-0.19189417	-0.3728246	-0.0096824365	0.8522787	-0.1969048	-0.52956235	0.50758153	0.44888327	0.19840166	-0.67865485	0.40045694	0.64868265	-0.039410014	0.06589138	0.61160487	-0.3676212	-0.2215571	-0.33015072	-0.5188737	-0.26826584	-0.117542714	-0.42281634	-0.4079921	0.18465881	0.5103088	0.7369607	0.08348282	-0.33774787	-0.8854174	-0.40770957	-0.052327845	-0.41012534	0.43927073	-0.5982545	-0.093755454	-0.44470406	-0.0055839065	-0.08262077	0.49044865	0.4448747	-0.11224746	0.3300365	-0.27428198	0.762976	0.24072473	-0.2228876	0.5198015	1.0663571	0.3222649	0.22323264	-0.25361708	-1.0880249	0.37123412	-0.28545868	0.25234777	0.26855624	-0.58184403	-0.3936982	-0.71800214	0.10126409	-0.09200012	-0.07638959	0.5274878	-0.08282985	0.1728898	-0.07496884	0.026029197	-0.7402583	-0.31170917	-0.15995559	0.6085767	-0.32249814	-0.18415086	0.93977296	0.016406547	-0.8598197	-0.17056422	-0.25457546	-0.19167203	0.08845694	0.21358214	-0.59826666	-0.023756547	-0.23498869	-0.25381756	0.20435059	0.13001515	-0.20515206	-0.5085377	-0.21065935	-1.0213785	-0.2753193	-0.5202465	-0.24548236	0.15164039	0.38229242	-0.035232987	-0.12896173	-0.49647576	0.662535	0.3888683	-0.078208394	-0.5110565	-0.18088958	0.16116878	-1.1062635	0.069324575	-0.7054272	-0.5785294	0.56069744	-0.050260477	-0.23149607	-0.18833302	0.7338981	-0.056993313	0.16969448	-0.11374464	-0.11398805	-0.13870269
0.16916727	0.07365618	-0.033690408	-0.017768208	0.027098965	0.21447453	0.10930057	0.12058574	-0.014407846	-0.17606081	-0.08621959	-0.014989937	-0.027656186	0.00707914	-0.088951804	0.0674656	-0.10418547	-0.13676198	-0.024741186	-0.029032545	-0.06192113	-0.03177948	0.006535044	-0.04970698	-0.14968805	0.08469391	0.058420524	-0.111092694	0.0075217197	-0.02284539	-0.1113378	-0.044131152	0.054801453	-0.013005207	-0.084819876	0.07554199	-0.15400003	-0.052869003	0.011554173	-0.07540779	-0.016898198	-0.121118106	0.01034684	0.0027057587	0.04799647	-0.03826051	0.04100476	0.0029158283	-0.11673942	0.06549459	0.023061005	0.00031155348	-0.07739958	0.0067236233	-0.046931967	-0.0077877073	-0.03927761	0.10399364	0.100024424	0.046773866	-0.101930514	0.08834392	-0.08542636	-0.055796213	0.009822705	-0.106919624	-0.09570948	0.0143932905	-0.10937911	-0.03576588	0.03913678	-0.0044282745	0.060688116	-0.13327049	0.100411706	0.1540025	0.039835013	-0.028575834	0.043049514	-0.011740557	-0.06693147	-0.15116678	0.06699738	0.030931903	-0.03169699	-0.10139226	0.063727066	-0.04884212	0.06321031	-0.06347983	-0.08888782	-0.03704168	-0.034580175	0.04225589	-0.16842018	-0.09667012	0.027187042	-0.05398944	-0.12205384	-0.08660712	0.01287124	-0.09111836	-0.08163352	-0.096943706	-0.009834901	0.011330211	-0.106603295	0.012578443	-0.018976724	0.06907331	0.15225156	0.09797518	0.05310744	0.03817278	-0.096984655	-0.03464195	-0.06659403	5.139394e-05	0.09730381	0.16744387	-0.0075266627	-0.07982283	0.13322048	0.19690572	-0.15075289	0.027614377	0.11797847	-0.03520459
-0.033378623	0.14371496	-0.013248656	-0.2653973	0.7551649	0.1205822	-0.48627424	0.823505	0.03410399	0.21449783	0.24414527	0.10590648	0.3236672	0.19706841	-0.052354112	0.4266767	0.2713064	0.2690028	0.07793825	0.30194533	-0.12754068	-0.3424164	0.14534266	-0.43171638	0.20198141	0.52715987	-0.46953627	-0.40517393	0.03528994	-0.124731995	-0.20732532	-0.24775912	0.15076001	-0.055424567	-0.14000438	0.36347795	-0.18982968	0.28043562	0.36782214	-0.12995113	-0.4949112	0.41053814	0.10379183	-0.15657303	0.46263063	-0.54793775	-0.050026614	0.45050696	0.2040591	-0.251125	0.3069691	0.0019715365	0.28301644	-0.3280718	0.24032603	-0.28205392	0.47703034	0.3948008	0.07245396	-0.20268361	0.06335346	0.059122987	-0.3347674	0.77260244	0.20059647	-0.17095107	-0.04219316	0.25929743	-0.07835769	0.34024402	-0.03272797	-0.05456465	-0.109866835	-0.42894483	-0.29861486	-0.049268298	0.32132307	0.57501006	-0.4481736	0.15945403	-0.60592055	-0.57600206	0.4574066	0.24199428	0.42637727	-0.50362366	-0.05049475	0.12983558	0.54740584	-0.15072975	0.07793305	-0.43807182	-0.49967012	0.33076245	-0.7541994	-0.016201314	0.031765066	0.48610038	0.38779226	-0.38890323	0.10960857	-0.5666701	-0.69965696	0.20737885	-0.36179373	-0.13192835	0.0100237485	0.2982102	0.3358627	0.21304022	-1.1716924	0.13252605	0.06335016	-0.21143155	-0.09299559	-0.03837611	-0.28031558	0.3898997	0.24323452	-0.17322427	-0.20136306	0.19279812	0.40963462	0.482933	-0.41277006	0.21453634	0.50079733	-0.32964584
0.12344894	-0.047251903	0.27112025	-0.11393748	0.04324421	0.19822885	0.29820395	0.20949905	0.52632505	-0.011444654	0.26488686	0.2685115	0.20546368	-0.04811438	-0.22139217	0.13328351	0.17853087	-0.20252576	-0.27809122	-0.20507576	0.07945508	-0.5333472	-0.104867004	0.16701274	-0.9053961	-0.0015791592	0.3871477	-0.21007086	-0.16453335	0.10013899	-0.07999353	-0.12878306	0.13385049	-0.011069974	0.22688973	0.101737894	-0.2093851	-0.21005139	0.17915706	-0.2241247	-0.5506731	0.14262734	-0.70266646	-0.23837022	0.04766884	-0.18812993	0.34945434	-0.14338382	0.066579156	0.14657676	-0.15900171	0.03520369	0.15230262	-0.015013354	0.09491101	-0.2606473	0.2937384	-0.013711061	0.2884573	0.051714335	-0.1360225	0.4080539	-0.18689774	0.55415773	0.18416046	0.29473847	-0.024361212	0.25468877	-0.02450642	0.12744933	0.106529094	-0.029507613	-0.36747047	0.22312741	-0.16607524	-0.35842922	0.35317767	0.30437857	-0.11320976	0.09601342	0.068601705	-0.3806499	0.44151872	0.33633894	-0.24746515	-0.14712368	-0.22392929	-0.1282665	0.42489982	-0.062455393	-0.024008181	0.088633545	-0.5738558	0.007183	-0.12456756	-0.28844914	0.29569227	0.22151124	0.033783983	-0.04217819	-0.09701648	0.019544542	-0.32534936	-0.30305213	0.26306435	0.15797518	-0.17775284	-0.16030087	0.4395477	0.08769144	0.1449004	0.22263055	0.1565859	-0.12837484	-0.34828588	0.17039026	-0.11191106	-0.08584819	0.29438266	0.10096817	0.17206813	-0.24748188	0.21472348	-0.015881298	-0.12097678	-0.39885396	-0.11433774	-0.18694901
0.2042767	0.22773299	0.035595894	0.019932568	0.44463748	-0.085413285	0.27587637	0.8338375	0.32395068	-0.23145579	-0.3435419	0.30977446	-0.07459204	0.09646672	-0.4899086	0.057402346	0.25221092	-0.56784916	-0.40982297	0.10809582	0.1853935	-0.52981585	-0.23517646	0.16411485	-0.44761395	0.24840595	-0.006902709	-0.13971125	-0.23020083	-0.011547962	-0.5458854	-0.23090543	0.122050025	-0.18724717	-0.30214477	0.3985386	-0.39803648	-0.43467513	0.12596262	-0.16549297	-0.5807309	0.55788785	-0.4235412	-0.1966864	0.096375756	-0.34095967	0.048745707	0.46418563	0.3327662	-0.06858591	-0.2437444	0.19878693	0.3809122	-0.24453631	-0.18918465	-0.5697667	0.73402876	0.02185996	-0.14858511	-0.22620246	0.008095593	0.085835055	-0.70894736	0.68931586	0.14343242	-0.23191954	-0.19104563	0.18492876	-0.05117727	-0.11139925	-0.31698686	0.20177053	0.033049926	-0.05113036	-0.21788351	0.12729308	-0.07917367	-0.10926	0.06476422	0.20345531	-0.109131046	-0.32967153	0.4619592	0.39827013	0.20181547	-0.226818	0.032830004	0.085027106	0.57956463	-0.06615559	-0.5231772	0.20155601	0.07696647	-0.45597717	-0.11553776	0.39856315	-0.12794727	-0.18718053	0.102339834	-0.37942594	-0.35258102	-0.54899126	-0.24778028	0.012258181	0.11763703	-0.030582856	0.18300712	0.15518993	0.33270496	0.24109778	-0.4230602	-0.25101066	-0.39092162	0.13425136	-0.07655456	0.16379109	-0.17525937	-0.24090585	0.023368638	-0.22749747	0.09513422	-0.1707601	-0.13817175	-0.6444336	-0.20712468	-0.20359159	0.09309952	-0.35752434
0.28757468	-0.060231205	0.44468078	-0.7591466	0.30027068	0.03440112	0.22815393	0.42182246	0.42811665	-0.2572555	0.62642443	-4.054919e-05	-0.5281467	-0.47534174	-0.41967303	-0.029849505	0.24409658	-0.4558912	-0.34924975	-0.042852473	-0.30052915	-0.21262999	-1.2587055	-0.32906953	-0.58834577	-0.13380578	0.045369707	0.14851473	-0.31755	-0.48319834	0.12907137	-0.4635877	0.10312631	-0.30977827	0.42817238	-0.02361068	-0.15051684	0.7635885	0.2846818	0.06636433	0.3222711	0.23194782	-0.26905566	0.15307973	0.31156012	-0.3171135	0.27753794	0.42837024	0.14008163	0.33695415	0.31186813	-0.08479375	-0.35051435	-0.15556183	-0.46938616	-0.3052533	0.121344075	-0.09684286	-0.21052615	0.3758858	0.013259383	0.7443232	-1.0514642	0.3271249	0.03702143	-0.42430383	0.03341654	-0.5088246	-0.10407628	0.23320371	-0.6295904	0.40092376	-0.055884928	-0.18429473	-0.47455788	0.69889385	0.3433396	-0.42833024	0.3376199	0.55830145	0.026991667	-0.55102825	0.15964133	0.95893776	-0.4373445	-0.36012456	0.59031993	0.40781727	0.1764554	-0.10139812	-0.089407966	-0.39912137	-0.24909513	-0.4026004	-0.40613008	0.23147878	0.07169923	-0.026973067	-0.13291977	-1.3221713	-0.09736697	-0.7612882	-0.1910734	0.14709188	-0.11668551	0.14903262	-0.26353392	0.008718236	-0.1762306	0.8081671	0.530711	0.48082477	-0.07837204	0.20894876	-0.80827606	-0.049053747	-0.4718795	0.17385022	0.42154354	0.41477236	-0.8108407	-0.35731262	0.6317252	-0.29103738	0.056099083	0.7754073	0.40921402	-0.14443134
0.22002843	-0.51286227	0.17430308	-0.0848733	0.24467348	0.14050567	-0.3232012	0.4088913	0.7503435	0.23597167	-0.08069132	-0.033418402	-0.25244373	0.30085632	0.0010580226	0.25778788	-0.27280545	-0.61300796	-0.21767183	-0.16833405	0.054169707	-0.42507958	-0.2405695	-0.004749384	-0.3955329	0.43214208	-0.96163726	-0.1323269	-0.23910014	-0.065158375	-0.22738144	-0.3350888	0.2756239	0.24652615	-0.0032988137	0.29297966	-0.76404184	-0.91722584	-0.29601	-0.22479977	-0.46089327	-0.5776208	-0.48387772	-0.2653796	-0.32426584	-0.38181114	0.123078935	-0.05069886	0.035896458	-0.10719119	-0.8278579	-0.2881036	0.33957982	-0.0678622	-0.086752735	-0.21634315	1.2460603	0.6445175	0.14350712	-0.077631466	-0.41058746	0.078271165	-0.11175125	0.5420914	0.4601806	0.4965966	0.1482485	-0.1672355	-0.48255584	0.10528361	0.14876084	-0.042255145	0.37996832	0.068286076	0.61321324	0.059474796	0.28529027	-0.9465846	-0.058756012	-0.15095912	-0.22156432	-0.6015653	0.19339843	-0.1792493	-0.09043125	-0.12681152	-0.35143068	0.20970608	0.017152952	0.18180251	-0.076663576	-0.4072231	-0.32142708	-0.10220583	-0.17935759	-0.14140098	-0.11819588	-0.1211579	0.16318294	-0.18613704	-0.10839955	-0.800837	-0.88780206	-0.3865989	0.34242722	-0.29438975	-0.31308305	0.20927632	0.68146485	0.085976414	-0.06010347	-0.37380007	-0.22338787	-0.30977473	0.34328955	0.2134983	-1.0491197	0.26817018	0.11241054	0.4207974	0.16300878	-0.18670505	-0.32637364	0.2727451	-0.42052403	-0.06089409	0.18074352	0.077116184
0.32334483	0.36629608	0.53814405	-0.5948906	0.5834526	0.12714872	0.0076092887	1.0114905	0.5697188	0.1905567	0.62110573	0.42018303	-0.065032706	0.03301437	-0.42562044	0.3639662	0.88004756	0.11919386	-0.5240597	-0.2251117	-0.66145426	0.13245603	-0.67251426	-0.055355944	-0.24188444	0.410746	0.281048	0.09350719	-0.19145797	-0.10940143	0.5921393	-0.11153657	0.083943285	-0.33584478	0.14102183	0.43319052	-0.02799483	0.9906119	0.0035545789	-0.25726032	0.119958535	0.5372061	-0.39176226	0.56799966	0.2844194	-0.97723854	-0.24343306	0.14928335	0.13426214	0.0056995517	0.21925274	0.18855985	-0.19333297	-0.90293187	0.02154979	-0.77490497	-0.30434456	0.2046045	0.39330572	-0.09584224	-0.121816814	0.30224577	-0.09451859	0.38238698	0.8707722	-0.1504235	0.37928984	-0.24311692	-0.067763016	0.12486492	-0.9140795	-0.34785715	0.017499192	-0.1900595	0.086113244	0.86144936	0.23584642	0.15500963	-0.29375154	0.07574504	-0.6304867	-0.591407	0.43150702	1.0981405	-0.61799526	-0.6604856	0.13533828	0.19359086	0.03604119	-0.583633	-0.08938941	-0.50589883	-0.09292808	-0.3273366	-0.00598934	0.18483463	-0.8780711	-0.009736217	0.23644683	-1.1757712	-0.12206818	-0.4145513	-0.43722633	0.3334392	0.2038187	-0.0044142217	0.050662603	0.1403271	0.14275602	0.8041	0.5036995	0.835684	-0.38058722	-0.13367327	-0.6235854	0.046114378	-0.6779856	0.17527582	0.5911715	0.40253818	-0.34500653	-0.00813562	0.6001111	-0.0072822785	-0.6059874	0.28640866	0.7766501	-0.121454015
-0.13717756	-0.24922775	-0.2822013	-0.13830543	0.9860035	-0.628662	0.07698904	0.81374633	0.3697538	0.33328176	-0.29067644	0.4571725	0.46998996	-0.42297077	0.08362016	0.25542235	0.15451135	-0.30705017	0.14184679	-0.12453105	0.49950662	-0.28888518	-1.0074176	0.076637045	-0.6270544	-0.21402745	0.012319651	-0.3161715	0.034182757	-0.013698472	-0.4226661	0.109845184	0.41703832	0.037888505	-0.40699863	-0.5057216	-0.7435007	-0.71650875	-0.1664696	0.40098643	-0.44010448	0.35190353	-0.38680318	-0.24247207	0.22052038	0.48758125	0.15339158	0.5101101	0.17097317	-0.4082647	0.22114491	-0.32804802	0.54457474	-0.43007016	0.20888236	-0.034787994	0.2611825	-0.23363008	0.2478091	0.03463671	-0.2592222	0.14473721	-0.90064424	0.15442443	0.1773981	-0.15269908	0.07353085	0.1758484	-0.17276272	0.14485857	-0.3680818	0.46003208	0.08690702	0.36113602	-0.16992517	-0.7193985	-0.63162684	0.37070206	-0.08409086	-0.07780439	-0.72387874	-0.3316546	0.28504804	0.31190607	-0.08362923	-0.16843526	0.24416147	-0.4062773	0.67050534	-0.1210035	0.5360339	-0.068881184	-0.46192387	-0.05802647	0.19724035	0.22548468	0.25289217	-0.25100744	0.25363034	-0.41182622	-0.17843436	-0.59756726	0.047041565	-0.27734712	-0.4420969	-0.08828049	-0.0127504	-0.18690501	0.0923714	0.45358574	-0.3271108	0.12154295	0.16669263	0.4147358	-0.8271761	0.292213	-0.70747674	0.2303828	-0.45962343	-0.59104156	0.035687126	-0.40982556	0.5167714	0.19987316	-0.4601655	-0.4903573	-0.08606128	-0.39325553
0.104602754	-0.057139706	0.2348133	0.0041735354	0.10694394	0.029169912	0.23593475	0.33197263	0.4075426	-0.018672142	0.13804688	0.15363263	0.19383837	0.004431782	-0.20681387	0.10801603	0.14764838	-0.101896346	-0.14743263	-0.11333745	0.14956978	-0.4408143	0.02278701	0.17688401	-0.6588715	0.09931562	0.31324694	-0.14957517	-0.17134391	0.03273081	-0.114388786	-0.07609292	0.14226355	-0.059368234	0.16477674	0.1296502	-0.16297762	-0.27921167	0.17260592	-0.14325494	-0.29464245	0.12548539	-0.6265225	-0.23732279	-0.027637675	-0.13683133	0.25694817	-0.10979118	0.17271282	0.104827836	-0.120059915	-0.12758407	-0.010870625	-0.049642015	0.056108493	-0.17201307	0.3080128	-0.07700022	0.20942898	0.03233648	-0.0011184892	0.25875717	-0.2246594	0.44400564	0.22008188	0.24031013	-0.09198603	0.17885152	0.009379639	0.055687163	0.15596014	-0.11012877	-0.37647712	0.15837316	-0.17424138	-0.2494494	0.24970287	0.26477015	-0.043841332	0.09004967	0.0827704	-0.36483017	0.32553005	0.41296175	-0.22308832	-0.18552573	-0.23714845	-0.14618915	0.34708416	0.05604589	-0.06683198	0.09302838	-0.41365078	0.070892505	-0.10337828	-0.20798081	0.25351542	0.16005296	-0.013163812	-0.040971603	0.023700386	-0.115679964	-0.20436844	-0.26797584	0.1987739	0.15620987	-0.10986173	0.019112667	0.31495202	0.061333194	0.13930467	0.09276176	0.14433268	-0.011357221	-0.44624364	0.13392037	-0.14203475	-0.10413327	0.229403	-0.08073693	0.16190657	-0.20186254	0.19735603	0.06142308	-0.06915978	-0.26235878	-0.05302809	-0.14814007
0.18282826	0.05770757	0.44626445	-0.7051519	0.38854492	0.13636021	0.18608648	0.3810455	0.46668774	-0.16273496	0.4872007	0.00013097325	-0.35641843	-0.22421797	-0.58463556	0.0015480598	0.23611975	-0.2879344	-0.23943686	0.061562177	-0.25817686	-0.374467	-1.2449963	-0.26021934	-0.623683	-0.08432478	0.051847447	0.14315647	-0.22033006	-0.43823865	0.17108288	-0.53039026	0.2847315	-0.18640053	0.6252616	0.14042057	-0.17916842	0.7118715	0.32236376	0.1275805	0.43028018	0.40465334	-0.25365	0.02402229	0.34324503	-0.26979652	0.48904136	0.29974648	-0.03266234	0.44541734	0.30456495	-0.08965805	-0.42536378	-0.27200556	-0.32195172	-0.35827005	-0.019838123	-0.27793378	0.033073336	0.28273776	0.20165971	0.68952173	-0.8764565	0.31836677	0.17618339	-0.5872653	-0.0037724287	-0.5045068	0.23699646	0.2031698	-0.5166589	0.24758248	0.030207533	-0.24960062	-0.1799387	0.74646044	0.5196434	-0.4134813	0.37904304	0.4421893	0.10772096	-0.4095315	0.30278116	0.76949567	-0.44937086	-0.25013235	0.354981	0.5292188	0.33167985	-0.3058975	-0.029905595	-0.36720368	-0.25195748	-0.24026205	-0.26154497	0.3521116	0.20158903	0.13464671	-0.1513827	-1.4134775	-0.05970685	-0.5951953	-0.2935512	0.10026296	-0.023401054	0.19538073	-0.114576496	-0.40719315	-0.070193954	0.67872435	0.50541186	0.49806723	-0.04375266	0.1080569	-0.9095956	-0.08998137	-0.38538158	-0.035337448	0.44825628	0.5026114	-0.8471009	-0.5386372	0.67344517	-0.4484779	-0.23177446	0.75042474	0.434597	0.045073807
0.5418765	0.15406209	-0.45727858	-0.3708247	-0.28527394	0.19251591	-0.09491594	0.32828572	0.45496377	-0.549523	-0.034378074	0.2628073	-0.034061816	-0.27487978	-0.3655849	0.53317803	-0.009280016	-1.2904112	-0.39540365	-0.08811525	-0.5596399	0.041941624	0.0060700336	-0.32234105	-0.5857542	0.27883244	0.08749105	-0.43614215	-0.17823079	0.10642249	-0.11439325	-0.23961441	0.12015918	0.3577731	-0.27475277	-0.19755936	-0.34024224	-0.4637821	-0.024141334	-0.3454021	-0.07287666	0.01625365	-0.24005	-0.017170053	0.16914128	0.0017813904	0.116141304	0.03416143	-0.19621046	0.080862366	-0.42869997	0.021224631	-0.0054029482	-0.111485824	-0.06880561	-0.18973069	0.35674396	0.47993413	0.043407407	-0.023268485	-0.50935644	-0.18163496	-0.42434683	-0.4263478	-0.18873233	0.34336442	-0.03612242	-0.49965027	-0.44748288	-0.7761855	-0.21211235	-0.32724506	0.40013036	-0.29327345	0.3438389	-0.12541707	0.09239751	-0.6152954	-0.14615117	-0.5382899	-0.44407967	-0.6364404	0.44710037	0.15478541	-0.07420357	0.011035927	0.34987223	-0.060040843	0.096916996	-0.059410676	-0.10966391	-0.27082404	0.09241679	-0.22609754	-0.5482989	0.24041654	0.2873689	-0.3540682	-0.13199782	0.15371644	-0.08989801	-0.88922864	-0.23710546	0.279628	0.49071205	0.07732115	-0.50072753	0.58854544	0.2231813	0.4249648	0.46959803	0.11733314	-0.2007653	-0.15590744	-0.18842638	0.22668563	-0.76754844	0.09416681	0.07528832	0.23326454	-0.31619948	-0.35237944	0.3213768	0.23724598	-0.67283046	0.50087637	0.5681525	0.02024847
0.55200744	0.023038566	0.27247402	0.39441878	0.06957617	-0.64818144	0.18101107	0.2515994	0.55732685	-0.12773602	-0.37373242	-0.05003377	0.7511388	-0.07845153	-0.6412265	0.47758973	0.41085094	0.31198636	-0.805373	0.45692807	0.635927	-0.3024176	0.32398754	0.6042095	-0.40234783	-0.15849626	-0.18352084	-0.62369525	0.042439785	0.16488335	-0.3924246	-0.42026985	0.15087974	0.49165177	0.62506765	0.071800984	-0.384557	-0.80293405	-0.3166377	-0.0015251574	-0.41756266	0.5147174	-0.8516376	-0.32419604	-0.38175395	-0.094405696	0.06138145	0.48841658	0.46380827	-0.113785535	0.08793887	-0.18672386	0.6124129	0.15751015	-0.24332993	0.30312073	1.0332408	0.49897859	0.2139305	-0.281213	-1.0034884	0.33815482	-0.18241465	0.29607308	0.24153627	-0.66616434	-0.516962	-0.71594036	0.10523966	0.017439585	-0.05056631	0.6679112	-0.090876475	0.046096735	0.17388348	0.049291413	-0.6569748	-0.3848001	-0.15047416	0.58627033	-0.3084083	-0.18803656	1.0188677	-0.019073054	-0.8415873	-0.38004842	-0.15623154	-0.15699454	0.2512237	0.27240506	-0.70171154	0.04378169	-0.3473438	-0.27373302	0.14413615	0.12585524	-0.15891837	-0.49683172	-0.19549741	-0.6936264	-0.24592187	-0.39937657	-0.28262052	0.075290866	0.14668334	0.08386786	-0.24988203	-0.33763826	0.7194839	0.16043629	-0.11503784	-0.3609448	-0.26669934	-0.011778581	-1.2712003	0.111783296	-0.57986754	-0.43352136	0.6320385	-0.007564721	-0.2878943	-0.25501552	0.74429953	0.02712374	0.24721943	-0.26723707	-0.2551431	-0.11195701
0.12915726	0.020591179	-0.03311135	-0.11666965	-0.07054595	0.06361016	0.5883393	0.23787507	0.08904619	-0.13288839	0.08399306	-0.104543515	0.024215544	0.1728452	0.07579268	-0.08610693	-0.09864485	-0.16158523	-0.58351684	0.22834177	0.27030239	-0.29236692	-0.22520939	0.03253432	-0.52224004	0.33032253	0.1264152	0.07472125	-0.035110235	0.11038456	-0.1575581	0.27613387	0.20502405	-0.014177364	0.02265756	0.2578501	-0.10998986	-0.2238371	0.052346982	-0.14448328	-0.19820343	-0.055828035	-0.46227372	-0.100638755	-0.15528026	-0.15698797	0.12341087	-0.09371485	0.014897075	0.19135126	-0.38662484	-0.14863214	0.12011156	0.115582146	0.13404639	-0.26907885	0.32363975	0.14836131	0.48705325	0.11310723	0.027425695	0.17006056	-0.07750036	0.29376787	0.154849	0.18467212	-0.1525588	0.22753783	-0.2870583	-0.030322514	0.20042928	-0.13088134	-0.09463018	-0.06978763	0.33421424	-0.2795535	0.18157718	0.05323457	-0.1209523	-0.119652145	0.15868019	-0.352586	0.28793135	0.39762917	-0.26132905	-0.4454364	-0.10750515	-0.08770932	0.30898014	0.014529884	-0.06765631	0.06954291	-0.46664357	-0.05950095	-0.2135995	-0.041874465	-0.06408746	0.06113551	0.16866258	-0.15952185	-0.041020416	-0.10102629	-0.046988696	-0.40346974	0.33191094	0.07482548	-0.16083199	0.16285343	0.22830868	0.02291046	-0.12178556	-0.024566326	0.06546414	0.10943371	-0.57527524	0.3619199	-0.4702592	-0.19034837	0.12923859	0.1654747	0.07613287	-0.0773272	0.28467515	0.042764388	-0.17732733	0.06666771	0.18405873	0.017374145
-0.16360515	0.43581286	-0.07451803	0.102038905	0.13142861	0.39105672	1.0801806	0.73167413	0.46695933	0.053193577	0.16451168	0.69608223	0.4500236	0.15072903	-0.050991878	0.33021793	0.35299072	0.3752162	-0.11481079	0.55239177	-0.42430827	0.12975469	-0.87810576	-0.030914737	-1.5542578	-0.62184227	0.30945575	-0.3256812	-0.08838927	-0.58234274	-0.5047249	-0.8651589	-0.28136966	-0.24945207	-0.31412578	-0.78348553	-1.0398154	-0.18400037	0.47554904	0.26268715	-0.9189429	-0.21629807	-0.57791656	-0.4501013	0.41491607	0.45456827	-0.04787462	0.632541	-1.0333081	0.24846366	0.30556652	0.07967247	1.1014186	-0.5332586	-0.24024546	0.43592608	-0.52926576	-0.18398792	-0.79688025	0.32231578	-0.7777344	0.8242944	-0.4302958	0.052006282	0.08098201	-0.4249848	-0.2604103	-0.298848	-0.118072085	-0.6231765	0.59169847	0.8970876	-0.6154093	-0.5605948	0.33528405	0.4443106	0.6099884	0.5522467	-0.06839695	0.68894327	-0.07364135	-0.5071983	0.11818185	0.48493877	-0.76016957	-0.27371606	0.41784543	-0.4004119	0.53766114	0.0020833742	0.3857834	-0.64172107	-1.3428937	-0.3301905	0.30389252	-0.04940787	0.28867564	-1.267817	-0.6626376	-0.2558426	-0.27353752	-0.55398715	-0.4073747	0.18781199	-0.39384338	-0.46088958	-0.4468157	-0.7060093	0.34662104	1.0504364	0.7911871	-0.26784918	0.04076371	0.19657576	-0.78770834	0.25427666	-0.042170595	-0.3824672	-0.28168404	1.065361	-0.30074486	-0.884822	0.6701649	0.41324747	-0.55878747	0.5823541	0.1585512	-0.17474099
0.069875926	-0.047617786	-0.25226748	-0.2446693	0.21297422	0.16249399	-0.046880424	0.10666248	0.1663551	0.36775696	-0.1274132	-0.02943258	0.025829421	0.04598354	-0.25706536	0.4328458	-0.022879077	-0.21648306	-0.12888731	0.3971479	0.082312845	-0.13783938	0.039753765	-0.4126569	-0.4787104	0.12570366	-0.20159563	-0.18753402	0.062633544	0.061059564	-0.23694147	-0.3242979	-0.20396797	-0.002099473	-0.035866346	-0.15119511	-0.4968444	-0.18548685	-0.042090047	-0.18230158	-0.35223764	-0.22356597	-0.053211905	-0.08350958	0.18274367	-0.15551612	0.20298651	-0.23739897	-0.3703911	0.018549515	0.050905842	0.08435211	-0.20184954	-0.22699471	-0.046706837	-0.07363566	0.31317213	0.43495214	0.21564895	-0.029058045	-0.00045474168	0.04006608	-0.07742115	0.1789558	0.07615822	-0.18681347	-0.013353819	-0.11453544	0.20164354	0.04061687	-0.053119063	0.14406279	0.08357222	-0.03172665	-0.17978688	-0.35796836	-0.12644272	-0.048481807	-0.4104175	0.01547562	-0.22350368	-0.12908843	0.14340091	-0.06437602	0.036946233	0.025889026	-0.37107927	0.14682457	0.29030186	-0.16341303	0.33331344	-0.6511594	-0.100940146	-0.08560479	-0.40425664	-0.008711834	0.45450166	-0.0009572523	-0.33252046	-0.17959014	0.17354082	-0.20590079	-0.28851146	-0.06734626	-0.18120456	0.10518601	-0.17496581	-0.106046915	0.494129	0.20931254	-0.016700232	0.32902524	0.20419027	0.14942342	-0.09909765	0.11015494	-0.0069967317	0.20473145	0.18230636	0.27190933	-0.23544464	-0.07635616	0.48566642	0.29219458	-0.27583033	0.006833302	0.20040996	-0.12253377
0.14143191	0.18309808	-0.15475045	0.12560596	0.14906284	0.014969093	0.0063766325	0.39946207	0.43541074	0.11527227	-0.16203496	0.18487662	0.07144726	0.080396034	-0.09054064	0.12759234	-0.053475384	-0.08449963	-0.15648651	0.31809247	0.008501533	-0.1802374	-0.20624025	0.07434838	-0.3454276	-0.242343	-0.08295329	-0.18281338	-0.18006082	0.11563574	-0.0852774	-0.25467497	-0.074438006	0.095113814	-0.16786872	-0.21020636	-0.12850726	-0.308148	0.08387726	-0.021934241	-0.1644579	-0.12688212	-0.37977928	0.04888786	-0.011475674	-0.13601278	0.06370243	0.3405141	-0.17046489	-0.12179847	-0.12226192	-0.33158842	0.13701127	-0.062253438	-0.011505044	0.024098378	0.2659772	0.08991287	0.10702595	-0.0703263	0.06390064	0.044464104	-0.17750086	-0.031671744	0.13273689	0.03358268	0.0025773668	0.03628959	-0.059293337	-0.19704057	0.11635609	0.008339291	0.18297182	-0.105536304	0.25110868	-0.11360075	0.03271285	-0.10937259	0.1302181	-0.011806915	0.052915584	-0.17228161	0.083089575	-0.13162854	-0.2191162	-0.17970365	0.309868	-0.1262052	-0.017141381	0.12435104	0.16902857	-0.19969308	-0.12847988	-0.08940899	0.24486226	-0.08914275	0.16815336	-0.1503123	0.099279426	0.02667482	-0.08796165	-0.13750224	0.012145726	0.1646215	0.013123122	0.0017657657	-0.14675483	0.17330413	0.04226769	0.23403576	0.050715562	0.020627704	-0.028446801	0.18380298	-0.13807525	0.050741386	-0.19154848	0.28364915	0.09976333	-0.1954296	-0.08805007	-0.13543366	0.08113543	0.15266259	-0.2001557	0.009907753	0.00738978	0.08698776
-0.10440734	0.8799423	0.064288795	0.710721	-0.49088255	0.013639772	0.66548723	0.2505716	0.46563345	-0.26511556	-0.6708372	0.19972229	-0.36295328	-0.06875405	-0.42710748	-0.2644665	-0.2155454	0.055469844	-0.024409622	-0.066039756	0.7504343	-1.0308828	0.09099508	-0.35749906	-0.70455426	-0.18156743	0.48357257	-0.7897436	0.01638568	-0.16338858	0.4214747	-0.5047188	-0.0564599	0.39168993	-0.43361908	0.39482036	-0.14761847	-0.74251777	0.18408468	0.3042479	-0.9938874	0.7564968	-0.6313176	-0.22494516	-0.28586495	-0.5894937	0.8041362	0.6912638	-0.32893693	-0.3537313	-0.70285815	0.21497609	0.460205	-0.31297764	-0.7251849	-0.65468967	0.59390855	0.28543353	-0.124651566	-0.40544233	-0.025613956	-0.3089144	-0.042408872	-0.38555145	0.4430093	-0.65214056	-0.48487964	0.7667534	0.13196275	0.6772754	-0.20515482	0.34162435	0.16553335	0.07759137	0.17530014	-0.15061486	0.5665933	-0.09052215	0.1988309	0.07473049	-0.2998613	-0.9930443	0.36899862	0.27040377	-0.4002757	-0.48657173	0.08636638	-0.89993095	0.6483008	-0.024530271	-0.27347404	-0.3150824	-0.8869385	-0.018677527	0.13078965	0.097373664	1.0624084	-0.47418743	0.07625851	0.0016785037	-0.84643114	-0.92133015	0.33410898	-0.31630656	-0.66515803	-0.41162515	-0.46427897	1.1736697	0.14636846	0.67189234	-0.24524	-0.45329618	-0.106660455	-0.46812338	-0.60501045	0.5032136	-0.49223155	-0.2885675	0.37934464	-0.9135097	-0.9380951	-0.37739882	0.6214444	-0.027014157	-0.060521062	0.15215784	0.31341904	-0.10160514
0.087046474	-0.021128085	0.3308508	0.17817125	0.63721764	0.46259597	0.13854149	0.5001587	0.22134912	0.07530337	0.39000106	0.11518688	-0.006528975	0.2575182	-0.065745264	0.12464311	0.28916228	0.12129978	0.092616454	0.08175605	0.19829446	-0.20575501	-0.48876926	0.11444915	-0.36052713	0.08101769	0.15032683	-0.116994195	-0.17159739	0.097411506	0.12424878	-0.23763241	0.18435596	0.023806538	0.14894727	0.33112857	0.1534568	0.11335758	0.2678778	-0.20447247	-0.2482078	-0.15289357	-0.208465	-0.19076416	-0.17611982	-0.21558745	0.05524315	0.20538794	-0.08650381	0.19141991	-0.14645547	0.21785612	0.3051661	0.08535218	-0.029856237	-0.11639757	0.037809595	-0.07043847	-0.015556378	0.09203474	-0.17156631	0.04526681	-0.11519012	0.19556792	0.47901425	0.029359296	-0.080020554	0.44178173	-0.059676252	0.1446264	0.32410833	-0.031999312	0.09800482	0.14833796	0.1524373	0.2191777	0.14834072	0.11469247	0.030237462	0.11829175	0.08995875	-0.426833	-0.037917767	0.38811317	-0.1253762	-0.17373207	0.0057881423	-0.16807128	0.5738909	-0.15166765	-0.20877682	0.115846775	-0.8408097	-0.088693745	-0.43725392	-0.47449422	-0.101814054	0.28960547	0.010140289	-0.14368573	-0.26231375	-0.52079296	0.0647895	0.12480841	0.26046962	-0.048697088	-0.009279116	-0.5889417	0.060727354	0.18174638	-0.20082471	0.050572205	0.13219857	0.063041374	-0.02618139	0.0034926254	-0.43797857	-0.37800366	0.37672535	0.018937407	8.1317165e-05	-0.016306648	-0.08923181	-0.016666863	-0.35785148	-0.29536805	0.04754963	-0.15646735
0.11695359	0.07435876	-0.05467649	0.11477775	0.13695888	0.09062513	0.13840273	0.25434974	0.13878867	-0.3317823	-0.06658672	0.035235215	0.024178889	0.081569254	-0.03842141	0.03754392	-0.14726283	0.04905554	-0.15440267	0.113883905	0.03649248	-0.053463187	-0.031257518	0.0927185	-0.20291132	-0.079803616	0.054556713	-0.14915632	-0.021018272	0.06743025	-0.19252805	-0.25806063	0.12657243	0.02009752	-0.11278828	0.25235575	-0.14016597	-0.14513761	0.13907333	0.031267863	-0.17719796	0.0525244	-0.17828837	-0.2510574	0.071571186	-0.0512646	0.14911754	0.24780981	-0.012754569	0.14079447	-0.14148353	-0.05203079	0.26025176	-0.09159778	-0.13912207	-0.29065368	0.008335753	0.12070279	-0.12348145	0.04932267	-0.14224964	0.116508335	-0.13258864	0.09978987	0.008778008	0.21408196	0.06760936	0.07352718	0.12455469	-0.04157564	0.077709086	0.027105918	0.11279097	-0.044090413	0.07584985	-0.002258445	0.17340206	-0.22195697	-0.031766135	0.022650344	0.03203349	-0.22344704	0.0039830236	0.08993241	-0.10975555	-0.35998368	0.18480657	0.080119565	0.17299066	0.07556403	-0.15438408	-0.073767364	-0.121386506	-0.10607769	0.031508613	-0.048974738	0.15007904	0.005064704	0.062388342	-0.23297916	-0.12759392	-0.3107278	0.01758061	0.13256541	-0.032369547	0.10740656	0.052182995	0.108195744	0.14163464	0.0627065	0.08777511	0.0783801	-0.06630964	0.049721956	-0.20704982	0.009880066	-0.19157392	-0.03218372	0.1796378	0.047784965	-0.17810237	-0.12522227	0.068698004	0.07029058	-0.044978384	-0.022572223	0.1427215	0.042552136
0.06680731	-0.47970337	0.19245379	0.36702037	0.49614558	0.61418027	0.31924492	0.15251681	0.7084778	0.21523626	0.3141	-0.2620172	-0.18189888	-0.45357445	0.0048181308	0.013102213	-0.32589456	-0.1526271	-0.21891461	-0.1725892	0.641318	-0.32008332	-0.5801701	0.39054146	-0.8770673	0.73271674	-0.109468386	-0.2423799	0.07710576	0.06593815	-0.6761778	-0.4206164	0.50834185	0.44751853	-0.2500346	0.38219988	-0.42877415	-0.42752388	0.26452574	-0.3608987	-0.8747654	-0.47988433	-1.1821433	-0.098178744	-0.0067971293	-0.02537178	0.18012527	0.1777347	-0.3399639	0.11646902	-0.6958952	-0.13067839	0.23404182	0.05995967	-0.7078327	-0.16633746	0.67845315	0.23076324	0.4302795	0.41435295	-0.10802824	-0.007424031	0.14562505	-0.1317532	0.5599822	0.18743992	-0.23775832	0.1504306	-0.43467236	0.026934192	0.82689834	-0.6604184	-0.13877563	0.4762587	0.40572447	-0.011016587	0.36380088	0.040356584	0.16502373	-0.0246368	0.59593767	-0.6184075	0.13210036	0.057569772	-0.3019784	-0.35946208	-0.45274067	-0.24093802	0.8075014	-0.05419231	-0.6318904	0.33025366	-1.3931801	-0.0047254427	-0.18839476	-0.88028497	0.15543632	0.446194	0.15607348	-0.018964803	-0.34033152	-0.856382	0.09620506	-0.24349733	0.2278798	0.03796465	-0.37398097	-0.2029126	0.5378761	0.10227067	-0.011788579	-0.10181728	0.55108774	0.12778005	-0.6327398	0.072303705	-0.8882109	-0.4187771	0.7026209	0.42132145	-0.18435982	-0.08227883	-0.16323775	0.24350187	-0.2942675	0.055023808	-0.44819123	-0.20309848
0.60620666	0.14064686	0.3202172	0.42402068	0.017589225	-0.67837167	0.21291588	0.0870236	0.5705615	-0.12655059	-0.4094589	0.011932431	0.74031067	-0.16487369	-0.48720172	0.2518152	0.44368154	0.28879845	-0.75689477	0.30334267	0.5285929	-0.16157779	0.305954	0.46588728	-0.35985836	-0.1373855	-0.35696682	-0.40620872	0.048967246	0.20338999	-0.55046874	-0.3734992	-0.007975283	0.45549625	0.64371586	0.10147497	-0.381688	-0.91073817	-0.31651753	-0.13821535	-0.32184067	0.3906664	-0.8584287	-0.2331621	-0.6156616	-0.1688585	0.06736624	0.49367028	0.42072672	0.044483524	0.18202263	-0.38905796	0.58278424	0.17366478	-0.309857	0.31018445	1.1388843	0.3918168	0.22497368	-0.13297074	-1.0668583	0.22582713	-0.20008741	0.30912286	0.37333417	-0.5576308	-0.5099323	-0.5633918	0.1680784	0.06582831	-0.061175622	0.65083146	-0.074007094	-0.07377131	-0.009879752	0.08345952	-0.65845776	-0.24925941	-0.1777495	0.59649044	-0.32006043	-0.197631	0.96966404	0.1590158	-0.81042653	-0.3801035	-0.071026415	-0.21788688	0.24429695	0.16852005	-0.66290176	0.018899627	-0.39427623	-0.26782775	0.28481334	0.13116415	-0.18474568	-0.49527854	-0.22538042	-0.8001322	-0.2861242	-0.59529364	-0.41261205	0.03776434	0.29162148	0.12155102	-0.10843947	-0.35909823	0.85529137	0.15274552	-0.07516173	-0.498558	-0.32597572	0.22764684	-1.2961315	0.12574913	-0.55512476	-0.5402283	0.62628645	0.115157984	-0.124775104	-0.18412577	0.64732426	0.071416065	0.22607595	0.014551067	-0.24581434	-0.053583853
0.0387005	-0.037289888	0.27719274	-0.055153143	0.7602539	0.0057727643	0.12690556	0.52816975	0.2880394	0.049750745	0.09563424	0.49753046	0.18778984	-0.18425907	-0.19440801	0.27888113	0.04651565	-0.07366276	-0.03789318	-0.08405825	0.40393284	-0.42283773	-0.37488097	-0.034704804	-0.31860632	-0.045151617	-0.06265049	-0.16763298	-0.09853342	0.4359467	0.07860734	-0.14071508	-0.041448377	-0.06320871	0.07761581	0.050970078	-0.24827476	-0.31633025	0.122668475	-0.03912491	0.02069979	0.14209972	0.034253556	-0.40557876	-0.18062802	-0.06702331	0.22387114	0.4747546	0.17530364	0.2475579	-0.044032644	0.0014902331	-0.068116605	-0.121016204	0.1050087	-0.18118824	0.094274	-0.15841703	-0.030288685	-0.021612423	0.00881998	0.23454958	-0.47063014	0.10471127	0.42398024	-0.0007514926	0.20310682	0.77527624	-0.011886114	0.1884536	-0.012811248	-0.1072686	0.010202147	0.049828082	0.09608039	-0.00694698	0.14799075	-0.04391411	0.10167325	0.03762212	-0.2739141	-0.5379417	0.007886782	0.29432184	-0.12534401	-0.33608994	0.25039718	0.039889734	0.54861134	-0.103707224	-0.09086858	0.1694554	-0.5911436	-0.22873716	-0.22292912	-0.0067817173	-0.112241104	0.4618369	0.28944814	0.09897342	-0.088267855	-0.724579	-0.12387636	0.048410106	-0.11297779	0.082626484	0.1259393	-0.28045475	0.22126564	0.17701831	-0.1417925	-0.053581003	0.28276333	-0.01914004	-0.15950328	-0.20347409	-0.37505224	0.32129198	0.07690229	-0.10310554	0.008258679	0.5729937	0.21636835	-0.0114513915	-0.45751837	-0.45921886	0.08844259	-0.12937602
-0.0018654206	0.29210255	0.87993926	-0.7347767	0.60902524	-1.1436274	-0.06674219	-0.7673599	0.83883375	0.22570588	-0.23179339	0.081858195	0.011458786	0.43262312	0.14443055	0.46670526	0.61948574	0.16057193	-0.59131175	-0.22594997	0.27281627	-0.041360505	-0.5692447	0.29215908	-0.037828602	0.5326391	0.40829596	-0.022363944	-0.31899574	0.72555214	-0.16021179	0.051997647	-0.2680967	-0.09035319	-0.4511761	-0.27990994	-0.6257274	-0.17235062	0.24371263	0.09477259	-0.2238797	0.7615914	-0.79329836	-0.2050901	-0.45395675	-0.35619706	-0.6757828	-0.01596778	-0.69650835	-0.47363016	-0.8741925	0.32439628	0.85902506	-0.14329158	0.0035858394	0.65641296	0.38359866	0.22788756	-0.021162357	0.22022517	0.09394904	0.12458227	-0.2938732	0.6201395	0.13972296	-0.14199428	-0.2304251	-1.0026339	-0.58092165	-0.061016683	-0.817257	-0.05937905	0.0064292615	-0.5395674	-0.042206224	0.35419798	0.032454316	0.5105591	-0.46348682	0.2876806	-0.581651	-0.75096685	1.0156556	0.1716404	-0.31626192	0.020325921	0.48012406	0.34687173	0.5305323	0.38815144	-0.09358979	-0.7436853	0.015429678	-0.6220816	0.16293283	0.2650439	-0.14120421	0.50419235	-0.13075955	-0.58059	-0.050546315	-0.17414834	-1.0682744	-0.20558728	0.10832587	0.64066774	-0.47560793	-0.11885046	0.62814164	0.59506464	0.50175136	0.4705517	0.14407259	-0.3850153	-1.6179507	0.6888584	-0.96640867	-0.42407224	0.4603635	0.6580107	-0.3565059	-0.050287973	0.99653137	-0.34173003	-0.17303208	-0.16434911	0.63962495	0.26657027
0.25724918	-0.28079206	0.38476357	-0.677003	0.01959141	0.1509704	0.4140748	0.42752653	0.4107024	-0.15255761	0.6019951	0.21068852	-0.6809343	-0.17607898	-0.47901523	0.03969998	0.059744976	-0.50495225	-0.21663895	-0.02043531	-0.41264704	-0.5660971	-1.0611093	-0.166975	-0.5512255	-0.17657866	0.046039682	0.09898785	-0.3048797	-0.5715823	0.15163545	-0.30528292	0.026635021	-0.06558541	0.6557773	0.029666409	-0.12510233	0.6353566	0.261189	0.13071162	0.38093695	0.4454352	-0.21411546	0.2181069	0.21442874	-0.4805949	0.53202945	0.4920467	-0.010837428	0.4783923	0.26773927	-0.12419662	-0.32701674	-0.12047109	-0.12223631	-0.356878	0.00046785636	-0.037355546	-0.09401387	0.15035444	0.26592895	0.7671425	-0.91916955	0.20231217	0.27231556	-0.6926511	-0.0009718528	-0.46401346	0.18608353	0.28534472	-0.7371321	0.19930471	0.27009884	0.058863144	-0.08639268	0.71776277	0.58685774	-0.41168532	0.347144	0.5261985	0.23197109	-0.6658865	0.27636492	0.92879015	-0.5803002	-0.28050894	0.39991117	0.42213744	0.22592436	-0.0955708	-0.10300821	-0.33567303	-0.11308697	-0.21688943	-0.3017324	0.39052665	0.12311571	0.023888502	-0.044932865	-1.405803	-0.2244083	-0.41260692	-0.3092484	0.085469015	-0.11708317	0.12142086	-0.24403287	-0.30076852	-0.016602563	0.6281179	0.57449055	0.3389575	-0.14584963	0.16033272	-0.6089307	0.0648079	-0.40696028	-0.09674323	0.46149957	0.5362261	-0.69904584	-0.19029993	0.66436946	-0.34540915	0.007876164	0.788439	0.49015513	0.23512907
0.039244544	-0.06555586	-0.029743508	-0.07158524	0.23621939	-0.026420502	0.0494372	0.13617095	0.16814797	0.023006825	-0.040526606	0.12365345	0.1385827	0.0045306655	0.041787952	0.11480037	0.048325542	-0.054325465	-0.10847483	0.077777885	0.050803088	-0.09003471	-0.10546392	-0.018164773	-0.28133306	-0.03562589	-0.099722706	-0.05626144	-0.075869456	-0.10760333	0.014801013	-0.16606694	-0.06386411	0.0005741256	0.05042203	-0.1319983	-0.15267424	-0.15751229	-0.013116324	0.011831917	-0.1916571	0.030037502	-0.08586035	-0.0058677765	0.053038843	-0.07548479	0.07577095	0.14096478	-0.06164101	-0.071664564	0.00956408	-0.024095442	0.22599652	-0.044528347	0.08811985	-0.079257265	0.14339246	0.0020975086	0.039742358	-0.030598821	-0.16201071	0.21964915	-0.09371042	0.15352784	0.04162737	0.073605694	0.0050005317	0.13755906	-0.035084624	0.05204837	-0.011114541	-0.1239176	-0.06580327	-0.061180674	-0.03731948	-0.12223352	0.04559279	0.07768847	-0.10504841	0.01175585	-0.07577773	-0.24713388	0.10290692	0.09247104	-0.14189456	-0.1256787	-0.012913645	-0.045542248	0.05354867	0.0104945125	0.071188666	-0.022029642	-0.23870215	-0.017594134	0.0028209148	-0.11699621	0.11904728	0.07736708	0.0048504607	-0.091157295	-0.06234473	-0.15866421	-0.08730743	-0.033686135	-0.029480124	0.03905242	-0.04237398	-0.03371115	0.10060875	0.12675059	0.07117837	0.16779977	0.079908535	-0.059069626	-0.12074972	0.055537365	-0.1294978	0.07690243	0.063058965	-0.045786187	0.016280642	-0.16341735	0.103285104	0.11770795	-0.14886679	-0.09247821	0.07928035	-0.082941055
0.5391666	0.18259025	-0.47766557	0.030915383	0.6964898	-0.12597987	-0.17089055	0.76319075	0.5748798	0.25841883	0.43266916	0.61016124	0.75641954	-0.50815403	-0.18047234	0.4739468	0.12646663	-0.53100485	0.15883209	-0.37014437	0.30850545	-0.36568663	-0.43584245	0.1072561	-0.5306231	0.47281003	-0.19840294	-0.04820306	-0.039790098	0.113394745	0.24610464	-0.27796197	-0.16996366	-0.36284503	0.17627738	0.06926537	-0.44263747	-0.54520005	0.7124783	-0.19827642	-0.80187273	0.06472262	0.26929632	-0.008691812	0.4104926	-0.19356681	-0.1794635	0.24368529	-0.061640516	-0.06893069	-0.56346464	0.36487675	0.13983612	0.16049898	-0.3347565	-0.5601324	-0.12091947	0.6061738	-0.32926053	-0.6852239	0.10201525	-0.1143301	-0.25730273	-0.025747245	-0.16082093	-0.29329067	-0.25762045	0.085320465	0.70480627	0.0501658	-0.2774752	-0.15309145	0.2972513	0.18756795	0.056945488	-0.4011246	-0.46751612	-0.4616423	-0.2997783	0.17993152	-0.8293592	-0.7692017	0.31156275	0.29231328	0.5360828	-0.573724	0.24558721	-0.10003693	-0.00945304	0.005975234	-0.17744277	-0.12677024	-0.48836666	-0.13863483	0.014304204	-0.16716449	-0.4818225	0.19308594	0.37392974	-0.1596805	-0.082833625	-1.1763065	-0.8201573	-0.1754058	-0.39472497	-0.0076598804	0.059623707	-0.2555935	0.7745657	0.6405422	-0.13315645	0.027095022	0.19248204	0.1832887	0.13908169	0.10628994	-0.22384652	0.17373352	-0.2413767	0.10340925	-0.008223106	0.14809525	0.5646676	-0.097432524	-0.24646915	-0.4532869	0.25726032	0.044316728
-0.09217991	-0.09091173	-0.20177048	0.26637584	-0.029822122	-0.26770324	0.33810067	0.05474193	0.0630216	0.033525724	0.0052512265	-0.08071312	-0.047298264	-0.06614778	0.12257745	-0.0011192232	-0.16872267	-0.35210824	-0.077239655	0.3855476	0.18739255	-0.20072623	-0.18537688	-0.19067864	-0.36063966	-0.14579454	-0.23469749	-0.16323029	-0.0034547106	0.03545144	-0.036527533	-0.19122386	0.009526409	0.17814179	-0.20971483	-0.17260626	-0.04684138	-0.18698025	0.22711653	-0.26151606	-0.23341236	-0.35226718	-0.33568856	-0.14996018	0.2374505	-0.032842774	0.39974037	0.21393669	-0.19920664	-0.12322917	-0.3510402	-0.17824186	-0.14494722	-0.043587167	-0.1247717	-0.06342632	0.041878298	-0.14946324	0.15577978	0.07867038	0.11149766	0.0543579	-0.15125167	-0.13338597	0.123871185	-0.18202853	0.13136515	0.028851125	-0.12753291	-0.037536755	-0.035746593	-0.050698128	0.18532786	-0.23405686	0.03642988	-0.17331092	0.11018781	-0.11418927	0.28500557	0.07699171	0.29997122	-0.20572928	-0.036135178	0.28477398	-0.037528493	-0.36651418	0.28262472	0.001678065	0.36074018	0.018384287	0.28944466	-0.26476634	-0.3109273	-0.6454687	-0.2111612	-0.11132825	0.18405974	0.060794167	0.059337277	-0.14152367	-0.30281872	-0.3546331	-0.16004197	0.08396162	0.09011441	-0.1003142	-0.34943104	-0.064960435	0.23615988	-0.014984302	-0.08933313	0.042510036	0.12417314	0.12543108	-0.016401667	-0.08041499	-0.09022027	0.15826128	-0.10613553	0.05777026	-0.11515839	-0.21503225	0.2982301	0.09293555	-0.4092639	0.009995454	0.015286374	0.061935008
0.084576696	0.15573749	0.11235315	0.038768772	0.64738864	0.016923336	-0.26707482	0.45673862	-0.16802824	0.045109063	0.15889314	-0.064404264	0.25296974	0.10551465	0.13901095	0.20706841	0.17257415	-0.0007962833	-0.21523829	0.2214227	-0.051525995	0.08113966	-0.09302291	-0.2757805	0.2854073	0.28219202	-0.21618792	-0.30507147	0.02404486	-0.053988516	-0.25617698	-0.075682305	0.29473913	-0.14276794	-0.25519058	0.20793183	-0.13899678	0.21709538	0.096047886	-0.22218665	-0.40327793	0.3482313	0.07471274	0.12748265	0.21681036	-0.40192834	-0.26800194	0.5438694	0.0979874	-0.10025764	0.012864827	0.1619754	0.49940175	-0.10096952	0.049304567	-0.25642037	0.31952858	0.19136474	0.14086081	-0.25647083	0.03295916	-0.047575295	-0.15489662	0.4193504	0.06850687	-0.01942861	-0.17981444	0.13634542	-0.07647186	0.05645549	0.07257342	-0.18525882	0.089800805	-0.37326688	0.012017359	0.08987765	0.04016077	0.32612777	-0.40503833	0.061893	-0.238579	-0.37408346	0.0942769	0.37297052	0.17666508	-0.42197272	0.16200234	-0.18923251	0.36933023	0.104800224	-0.09839285	-0.3104717	-0.31776306	-0.040051684	-0.4040131	-0.007343192	-0.1737142	0.2590545	0.3171028	-0.33277446	-0.091006026	-0.51335764	-0.44400895	0.06875345	-0.1377244	-0.0067123435	0.0072043086	0.19043794	0.14512798	0.15530232	-0.5332118	-0.03031918	-0.19040367	0.028657481	0.08728516	0.031523433	-0.17890684	0.25086403	-0.026501901	-0.12803835	-0.11462292	0.12772568	0.18855624	0.1809303	-0.10066169	0.24771735	0.3403257	-0.18039574
-0.03415144	-0.2181449	0.24037637	0.14484927	0.63369113	0.16660823	0.25222975	0.15665795	0.45093146	-0.086426176	0.25179785	0.27927026	-0.35748783	-0.066438146	0.04783012	0.09159124	0.24522237	0.6088763	0.15723142	0.41850376	0.52206576	-0.21317872	-0.2535113	-0.06859421	-0.723335	0.32591835	-0.22167532	-0.09367985	-0.30794203	0.05374863	0.12597172	-0.18128827	-0.07585792	-0.017319962	-0.31855044	0.13223734	-0.15451668	-0.49815887	0.27058965	0.3234706	-0.43054003	-0.1881516	-0.50149673	-0.2841026	0.13096157	-0.12252097	0.037727967	0.6086447	-0.2957226	-0.13132413	-0.37150958	-0.14156672	-0.013359583	-0.13644786	-0.19352484	-0.2541151	0.1997734	-0.006728798	-0.28314006	0.35101458	-0.15306729	0.23903242	0.045488507	0.11023163	0.57716024	0.026677156	-0.21663344	0.28758845	-0.354154	-0.20543161	-0.13385421	-0.3591087	0.17838626	0.17055482	0.13943876	0.17904021	0.31705478	0.399925	0.05328671	-0.38853708	-0.3597989	-0.64713216	0.20380318	0.12551093	-0.35131517	-0.02632514	-0.41000232	-0.052713532	0.6471693	-0.05696891	-0.11623801	0.21824285	-0.81663615	-0.016039371	-0.2834294	-0.49927112	0.09830774	0.1241918	0.25232616	-0.11620233	-0.10826587	-0.5248066	0.34392184	0.18040156	-0.06569356	0.22395656	-0.15081455	-0.51025254	0.29188722	0.32858974	-0.5191918	0.46465573	0.37231633	-0.11585144	-0.48218262	0.05272615	-0.5247914	-0.21316661	0.5809205	-0.15693274	0.124192074	0.21659327	0.40124512	0.3898052	-0.42757088	-0.5418409	0.07112875	-0.25469968
0.01456321	0.57049346	0.5697829	-0.038584024	0.03430002	0.20935741	0.52747405	0.4791068	-0.014411804	-0.41797006	-0.20319976	0.556092	-0.072513	0.06806045	0.7294843	0.1591708	0.13275202	-0.33279744	0.2943905	-0.3130978	-0.3338347	-0.12490291	-0.39374408	-0.025690848	-0.6720189	-0.25622165	0.19366434	-0.547415	-0.21389925	-0.2451233	0.21861675	0.028525036	-0.02495514	-0.24409716	-0.59260315	0.21353537	-0.36364156	-0.23944995	-0.34399858	-0.3422238	-0.61334854	0.35931003	-0.28156525	0.11525848	0.55224866	-0.37285832	-0.029243585	0.3306232	-0.049215443	0.124146745	0.08262021	0.552058	0.49060234	0.0863515	-0.20453915	0.23575625	0.49374446	0.39184907	-0.074507736	-0.292695	-0.12107452	0.09393515	-0.8811223	-0.2962537	0.36021408	0.07789445	-0.13153061	0.3677721	-0.206062	-0.45838442	0.32886598	0.1285232	0.20230728	-0.25237575	0.3638015	-0.20418268	-0.23072378	0.043416675	0.6068692	0.5256842	0.18515661	-0.13748305	0.4534565	0.28338096	0.06573282	0.12478565	0.3826016	-0.16908021	0.36832964	0.15968238	-0.059484426	-0.3509084	-0.23935926	-0.53631353	0.057967935	-0.17115882	0.07801472	0.40640163	-0.02004779	-0.31151038	0.2085179	-1.4606656	-0.74894154	-0.07154606	0.39639434	-0.19274247	-0.27476394	-0.28434703	0.21379636	0.055815928	-0.43212798	-0.15153654	0.25658876	0.51998293	-0.330725	0.5102287	-0.676763	-0.14235632	0.38729638	-0.04032937	-0.23029609	-0.19264427	0.08980835	-0.14719935	-0.21019047	0.16003251	0.2953506	-0.75097674
0.7355136	-0.072850995	0.62529355	-0.6244767	0.7071598	-0.40413186	-0.5139965	0.019380169	0.6889331	0.7777648	0.32084233	-0.017616555	-0.281067	0.28684133	0.29785046	0.2219617	-0.07913227	-0.38698775	-0.5341556	0.84729177	0.091676876	-0.59113884	-0.37419817	-0.15330577	-0.6282889	0.65772784	0.26388955	-0.38907364	-0.7878631	0.6359872	0.041941274	-0.85389245	0.4657248	0.59241617	0.12108348	0.031597786	0.106244914	-0.118309096	-0.2164457	0.10225022	-0.60058874	-0.26156768	-0.7274719	-0.1858847	-0.027587693	-0.43267047	-0.47383142	0.5647096	-0.05539236	0.22485514	-0.8355582	0.7939486	-0.10753983	-0.08308836	-0.24150346	0.19231892	0.59760255	0.5127888	0.6374626	0.36331013	-0.790958	0.91165245	0.039490927	0.5317174	0.20738602	0.3606911	-0.6506596	-0.97527313	-0.44607967	-0.4432666	-0.37013477	-0.8856554	-0.11061257	0.03736826	0.0033965043	-0.09609079	0.31061816	-0.07136935	0.20627347	0.2578203	0.6957588	-0.68907946	0.55710775	-0.26943472	0.07021741	0.45058542	-0.028548624	0.83173794	0.3747221	0.24035464	0.29619697	0.07093759	-0.39964554	-0.49302125	-0.03317152	0.10803736	0.41093513	0.58258307	0.16956782	-0.3405063	-0.31163222	0.23678797	-0.6878545	-0.092623025	-0.32433733	-0.38396075	-0.61894506	-0.010668676	0.28511068	0.84654725	0.64526856	0.03341622	-0.14611503	-0.6679938	-0.851459	0.54464626	-1.0238302	-0.1861566	0.20234157	-0.0747513	-0.5709631	0.11289587	-0.2297783	-0.25036004	-0.23914585	0.20926867	0.5824844	0.095911615
0.16750075	-0.051552135	0.09228165	0.108915985	0.5445493	0.34245682	0.09853709	0.195211	0.10520391	-0.08040682	0.35152698	0.10487866	-0.13633853	0.0038165003	0.006929717	0.11313386	0.16952989	0.21718012	0.02630777	0.4144112	0.07771449	-0.12782747	-0.17903228	-0.15213278	-0.37927654	0.3094437	-0.0388399	-0.106211424	-0.15551999	0.16828164	0.025769414	-0.19407696	0.24940749	-0.12618153	0.12553206	0.103811376	0.17068209	0.08130478	0.17180492	-0.017254189	-0.4198287	-0.14802614	-0.056330055	-0.15920822	0.28293294	-0.32536334	0.1751735	0.2939	-0.3274516	0.11186841	-0.15267523	-0.017208671	-0.028541796	-0.14268906	0.0008131429	-0.24733068	0.12734465	0.06173603	-0.08783502	0.020097451	-0.09416654	0.07666815	0.064072914	0.06370707	0.43803158	0.11923295	0.02929933	0.31771633	-0.0021168902	-0.05585709	0.035004344	-0.12947024	0.13762939	-0.11331832	0.168015	-0.03529773	0.17214957	0.09497177	-0.27212337	-0.11337538	-0.22955644	-0.3786301	0.06714611	0.15559451	-0.17969362	-0.12241109	-0.11159885	0.07857976	0.43877524	-0.004498135	-0.07651273	0.015563306	-0.6977434	-0.13632943	-0.30051905	-0.12745096	0.19691277	0.20394206	-0.024028031	0.16038741	0.028601136	-0.4418346	0.16602837	0.27363977	0.09918858	0.051433634	-0.08625881	-0.2245098	0.059274998	0.07473221	-0.17580275	0.10878676	0.14521757	-0.048094794	-0.029883176	-0.023739636	-0.3467981	-0.12652725	0.31833127	0.2035166	-0.025777241	0.023753148	0.1980265	0.12061812	-0.32131886	-0.3380029	0.13620313	-0.01851337
0.037361495	-0.01161137	-0.0011459572	-0.13306725	-0.08893569	0.046293683	0.49628273	0.23928043	0.05072757	-0.034287196	0.073893584	-0.027064512	0.06315781	0.22678208	0.08100847	-0.052212503	-0.1292856	-0.19673869	-0.55469203	0.18694079	0.25756666	-0.30693534	-0.1857717	0.077219374	-0.39327615	0.22953863	0.042144157	-0.0066789775	-0.007651442	0.14210029	-0.17447017	0.2410924	0.1835163	-0.013959807	0.042527612	0.11044982	-0.1672618	-0.25906625	0.016428733	-0.15292214	-0.21950625	-0.046686027	-0.41083208	-0.17516957	-0.13539454	-0.097956404	0.09843441	-0.018671364	-0.05137388	0.19243002	-0.24863347	-0.15502863	0.10592281	0.100890264	0.0807829	-0.23442847	0.24629	0.10055418	0.39787054	0.121372856	0.007281535	0.12267416	-0.12063292	0.18106407	0.13679817	0.15201175	-0.12239661	0.19000448	-0.24911577	-0.021016177	0.1849212	-0.10408663	-0.07825396	0.00090026675	0.2577624	-0.25845656	0.17728052	-0.067413114	-0.16382055	-0.0656643	0.15023874	-0.3096852	0.2084283	0.34854993	-0.22098272	-0.35837793	-0.11115238	-0.03921847	0.2670414	0.040917605	-0.04876026	0.02040676	-0.44911024	-0.0532722	-0.118855804	-0.0036330067	0.0026871646	0.049304593	0.14929706	-0.060001843	-0.074837826	-0.09138778	-0.106975615	-0.32077128	0.23995626	0.023244837	-0.06186085	0.14438657	0.18489553	-0.03301932	-0.031765975	-0.079691544	0.055296548	0.096561745	-0.41493326	0.31038973	-0.3093904	-0.2274401	0.009540409	0.17631511	0.06528059	-0.047028746	0.25957954	0.024508085	-0.21586406	0.081855096	0.11231085	0.042608175
0.18363889	-0.1896511	-0.16754556	-0.42029566	0.30216455	-0.09684973	-0.15007095	0.011730712	0.26643324	0.13885984	0.6623699	0.3353047	-0.3573719	0.049681775	0.18785271	0.057104602	0.56122625	-0.035596468	-0.031773206	0.16061737	-0.48532364	-0.8087232	-0.077970736	0.13901882	-0.41826025	-0.02335357	-0.20275876	-0.16020252	-0.09449188	-0.739948	-0.10700351	-0.04521392	-0.12367294	0.5811088	0.86649716	0.2824159	-0.12731762	0.58118725	0.5852127	0.15530369	0.15438798	0.5630268	-0.34200084	0.031873427	0.33074692	-0.51905686	0.22414954	0.34585825	-0.6119911	-0.06485573	0.27700448	-0.48008022	-0.07210316	-0.15627718	0.45497796	-0.064512305	-0.34872723	0.29216582	-0.4868525	0.25836787	-0.12228352	0.89826685	-0.061084956	0.5429399	0.38073134	-0.2574473	0.26771745	0.23269176	-0.32521513	0.5139887	0.09214357	0.59285104	0.039624527	-0.21038188	-0.31518027	0.554938	-0.07211544	0.22475708	0.08940566	0.34569317	-0.33411515	-0.22269282	0.40619662	0.5611972	-0.5413994	-0.6368685	0.5894165	0.23594792	0.7585079	0.07897769	0.12432599	-0.1261544	-0.1400185	0.11540545	-0.40250605	0.14479257	-0.16224222	-0.04218736	0.20880942	-1.5795847	-0.5344688	-0.5455283	-0.44399956	-0.7375427	-0.39504406	0.06639309	-0.38649428	-0.7696799	0.4398357	0.18427274	0.060956664	0.53114647	0.64993185	0.38851118	-0.8918671	0.46383455	-0.39119402	-0.29996216	0.387463	0.44676283	-0.07529383	-0.4133193	0.5461243	-0.07650274	0.5900877	-0.18291539	0.13382474	-0.2048026
-0.034450553	0.082130544	0.02929503	-0.13337448	0.6237921	0.1345762	-0.43116525	0.7508701	-0.13156565	0.18606666	0.26207912	-0.006369371	0.2230418	0.1402799	-0.03838757	0.3888133	0.33053645	0.19016145	0.039686076	0.32581428	-0.068112604	-0.19944105	0.29414803	-0.5394507	0.2609576	0.48994902	-0.49638733	-0.34526858	0.03540888	-0.21874914	-0.29772922	-0.25129294	0.16472493	-0.11154176	-0.31981382	0.2699143	-0.18329248	0.15082096	0.26308778	-0.18247914	-0.504618	0.416659	-0.06614475	-0.09192956	0.40220746	-0.5144999	-0.030173894	0.5829362	0.2914551	-0.2499783	0.29505312	0.04438449	0.3398947	-0.23964886	0.18742523	-0.27856928	0.48604378	0.27273113	0.18718481	-0.17049275	0.05639885	-0.072632134	-0.35457805	0.8322135	0.22603336	-0.21391536	-0.1049983	0.21296635	-0.04152577	0.4835142	-0.030682977	-0.09113451	-0.12246339	-0.4239004	-0.3774965	-0.27576268	0.26757497	0.6566063	-0.49062595	0.1520077	-0.5193489	-0.49628574	0.4850601	0.35850197	0.3587349	-0.49890405	-0.1452838	0.09624047	0.62759775	-0.13440019	0.08800406	-0.5722921	-0.5341468	0.33790863	-0.7423876	-0.06775576	0.091635704	0.3890256	0.38650402	-0.3930988	0.087076366	-0.6816492	-0.6395526	0.21588463	-0.40538397	-0.2981308	-0.026195534	0.25801525	0.5099322	0.17468034	-1.0596713	0.02657138	0.07391164	-0.1110714	-0.072267	-0.10213178	-0.23595788	0.45395508	0.12788367	-0.28891182	-0.33730906	0.16742086	0.49939162	0.42745873	-0.4345772	0.32533234	0.47636402	-0.38846084
0.013656188	-0.051936917	-0.23052992	-0.2162778	0.22115108	0.18177953	-0.04035375	0.07397658	0.21419822	0.34728867	-0.112718225	0.015201461	0.0676225	-0.030235045	-0.22385815	0.44774917	-0.03848013	-0.20360725	-0.073509194	0.32876283	0.09181752	-0.1058539	0.045184568	-0.38300657	-0.440645	0.09624101	-0.25654885	-0.14518318	0.10375794	0.066542745	-0.27043012	-0.26836357	-0.16421035	-0.04252511	-0.05538745	-0.21307752	-0.5681523	-0.2119774	-0.04901175	-0.17717849	-0.32977527	-0.23755197	-0.122193635	-0.10243865	0.16323052	-0.14753902	0.22234514	-0.20819242	-0.3806384	0.023173476	-0.011266479	0.070190385	-0.18042684	-0.24647743	-0.024154954	-0.09042284	0.34826392	0.47528395	0.17931837	0.038989	-0.06667234	0.06255517	-0.085394144	0.12647416	0.056654196	-0.18399835	0.009870265	-0.12136348	0.2040596	0.051874757	-0.05672022	0.16038269	0.14009172	-0.059440766	-0.1588056	-0.33889323	-0.057315104	-0.065750346	-0.3709518	-0.02126842	-0.23451163	-0.16213857	0.15395784	-0.045706265	0.084919736	-0.007393313	-0.31839827	0.13557726	0.26823506	-0.15942305	0.34100664	-0.65028805	-0.13973825	-0.08401166	-0.34871984	0.02732045	0.42781144	0.057049446	-0.30807957	-0.16073008	0.16513795	-0.24507411	-0.27958503	-0.055159617	-0.17739332	0.11096701	-0.19313133	-0.09862888	0.49942502	0.23607062	0.0068527	0.30756414	0.2095245	0.15051849	-0.13700527	0.08838787	-0.035659883	0.23333625	0.16527301	0.32294816	-0.19283865	-0.078523666	0.47307718	0.31550315	-0.2780009	0.0029920237	0.100654736	-0.13176432
0.05530526	-0.09234408	-0.13798009	-0.37497762	0.1515578	-0.033009198	-0.10193114	-0.083891496	0.16298565	0.18388279	0.42859456	0.43440586	-0.4000533	-0.2626852	0.077936925	-0.035915613	0.8703491	-0.09643044	-0.029233333	0.2042448	-0.4754711	-0.81229526	-0.13290372	0.05300497	-0.4472363	-0.02922727	-0.12700146	-0.094169475	-0.086801484	-0.7998497	0.052552525	-0.042865198	-0.30716527	0.45590743	0.8234842	0.39848557	-0.1949865	0.53829706	0.66144204	0.0987128	0.09247808	0.64239705	-0.50251245	0.026623791	0.22807187	-0.5695338	0.22530851	0.2593704	-0.5357698	-0.028370028	0.103832975	-0.34606743	0.039366126	-0.06111715	0.4110944	-0.13974379	-0.36364198	0.32281786	-0.5817927	0.32131818	-0.098706104	0.7933144	-0.025252588	0.6313172	0.494939	-0.15077946	0.09456822	0.1722428	-0.30400723	0.4852102	-0.061353873	0.47220108	0.005383436	-0.18856126	-0.21713968	0.4078332	-0.0071829488	0.19228095	0.06683033	0.38693547	-0.30515528	-0.3350579	0.41236746	0.5916383	-0.6074359	-0.6691314	0.46571758	0.2754571	0.59335095	-0.093179524	0.043404922	-0.02258858	-0.25759923	0.08414753	-0.4450841	0.0909247	-0.1810501	0.08648602	0.16602877	-1.5568849	-0.47036058	-0.50784725	-0.5553064	-0.6297114	-0.30965003	0.1881881	-0.34490976	-0.9378761	0.4018276	0.2875254	0.23022453	0.51247376	0.44961718	0.31841558	-0.7459426	0.28343555	-0.42877886	-0.41242787	0.3233597	0.37446532	-0.14037059	-0.3958155	0.6446628	-0.03433797	0.64483	-0.17298579	0.0600019	-0.16986036
0.25959858	-0.49887678	0.20868815	-0.29943433	0.0491923	0.48280013	0.38074633	1.1834615	-0.43424025	-0.3229511	1.0099647	0.2964007	-0.49266008	0.29169783	-0.71884894	0.3159077	0.93298376	-0.3196545	-0.6793702	-0.24524802	-0.40682858	-0.28098544	-0.5223004	-0.2435565	-0.0067956788	0.20780434	0.5165215	0.16983026	-0.34829772	-0.1358204	0.57733804	-0.109110065	-0.14992605	0.19689193	0.09047388	0.4184664	-0.3961813	-0.03198585	0.08677982	-0.046766832	0.0029624267	-0.12610625	-0.41232046	0.99513704	0.056612916	-0.6362629	-0.22420512	0.27610806	-0.19282585	-0.43731484	-0.36961508	0.2259965	0.828793	-0.24613512	-0.13860466	-0.6556981	0.1828076	0.27926028	0.246836	0.06679149	0.36043513	0.701341	0.31371525	0.6711601	0.2816123	-0.7372743	-0.12720509	0.008419035	-0.35430104	-0.0036440461	-0.7416588	-0.8038929	-0.19519655	-0.3014873	0.44638637	0.44835418	-0.02748983	0.5072655	0.254704	-0.48765266	-0.18982852	-0.10847807	0.17155917	1.1624714	-0.53917676	-0.27499276	0.2130364	0.5069916	-0.30143815	-0.8732105	-0.4638329	0.08517076	0.38995093	-0.036132727	-0.52156585	0.5075745	-0.88679487	-0.42052194	0.18776713	-1.212063	-0.01723718	0.020247309	-0.044950303	0.33353242	0.53416485	0.49159265	-0.49301583	-0.39142743	-0.12712246	0.8829929	0.2598412	0.54896265	-0.18218102	-0.51275736	-0.23940781	-0.21393487	-0.63202274	-0.3499155	0.6149588	0.2669142	-0.077989735	0.14167038	0.5851863	0.2800475	-0.8240853	0.7497691	0.605735	0.32776073
0.04590533	0.016964296	-0.044776186	-0.16860664	-0.08856071	0.045288745	0.44976306	0.22405738	0.0956485	-0.056933746	0.0695151	-0.015816906	0.056538712	0.19857213	0.081385784	-0.053554516	-0.08185754	-0.18525948	-0.5538319	0.13158607	0.26569536	-0.28162634	-0.20502351	0.048690874	-0.38145354	0.2717261	0.12301695	0.043924686	-0.010758055	0.20813332	-0.18079057	0.1822781	0.208768	-0.05811767	-0.00961562	0.12303533	-0.14053454	-0.21321213	0.04654642	-0.16260807	-0.2506685	-0.013580369	-0.46019027	-0.16615137	-0.12934238	-0.095702544	0.08653016	-0.08107017	-0.04808776	0.20185347	-0.25684237	-0.17304574	0.07742374	0.057013027	0.07357732	-0.26076952	0.2653963	0.11229211	0.36238685	0.15215135	-0.032069586	0.11275784	-0.11766125	0.18105352	0.115323976	0.21048214	-0.12526569	0.18730997	-0.19184959	0.013007723	0.20337121	-0.07844208	-0.09829855	0.021225188	0.2502944	-0.2830836	0.17076199	-0.010483464	-0.15702266	-0.06707186	0.15377043	-0.26194274	0.2275711	0.38096386	-0.19633484	-0.3284754	-0.096893094	-0.054002777	0.26685667	0.009201908	-0.0591817	-0.052327186	-0.44770485	-0.03416305	-0.11736654	-0.007360804	-0.039810684	0.08107934	0.11287804	-0.032573935	-0.026828306	-0.14156921	-0.03576167	-0.330373	0.27402753	0.061659425	-0.08977674	0.14960548	0.108718306	-0.03614039	0.0039225393	-0.116014324	0.048127715	0.1493946	-0.3762584	0.25558716	-0.26993495	-0.20831968	0.01519534	0.12683302	0.06167113	-0.085659996	0.23154806	-0.020146802	-0.20665967	0.115081094	0.12941621	-0.0031693818
0.15046062	-0.026919119	0.23385134	-0.1029272	1.2824068	-0.11705949	0.09837251	1.1185783	-0.022178696	0.20595829	0.5568309	0.41843045	0.27526876	0.0986943	0.08911917	0.19012609	0.45204324	-0.08899048	-0.3830553	0.5340765	0.2036038	-0.30475268	-0.5347166	-0.20638327	-0.62868357	-0.1946036	-0.022721486	-0.6140024	-0.072937965	0.10408079	-0.030366922	-0.29171678	0.028368393	0.15828021	-0.56738997	0.62794036	-0.31555268	-0.017299509	0.55890465	-0.5705801	-0.2994573	0.25190416	-0.21735434	-0.20809737	0.1961721	-0.072251394	-0.35266978	0.8363338	0.53172904	0.0547145	0.52028406	-0.3567995	0.6894304	-0.28799644	0.06679393	-0.25965846	0.51589644	-0.4421902	0.30121848	0.7809142	-0.21779478	0.1522218	-0.5034889	0.29620942	0.76461685	-0.48712775	-0.090069346	1.0764561	-0.53042907	0.50139046	0.19172707	0.1407191	-0.014985227	-0.006827366	-0.103172205	0.03341999	0.25880575	0.6250241	-0.063765526	-0.28128996	-0.0779132	-0.7980768	0.043910533	0.72057295	-0.08743748	-0.4017089	0.3375856	-0.39380607	0.56028926	-0.3615648	0.11868217	0.19820446	-0.7623936	0.20294318	-0.4334858	-0.21036708	0.16054809	0.096286565	0.7736358	-0.7992731	-0.61220413	-0.68771434	-0.35291845	0.33180982	-0.50239533	-0.36264443	-0.09504964	-0.07592982	0.118686415	0.17287052	-0.49255672	0.15479018	0.19774994	0.0013521803	-0.33124548	-0.07694519	-0.53357804	0.14971615	0.1998168	-0.5548865	-0.50762755	0.29654855	0.46506947	0.34093454	-0.6511207	0.007614878	0.43771031	0.0599978
-0.013252808	-0.017787693	-0.13592304	-0.12593086	0.19126001	0.12686223	-0.11520455	0.11999294	0.25362268	0.034547564	0.014628595	0.075925834	0.053969257	0.038111884	-0.041479226	0.22068016	-0.13125256	-0.24364033	0.010472933	0.23956986	0.084684916	0.034684468	-0.09491369	-0.11608124	-0.116661444	0.16157879	-0.19026987	0.017542128	-0.006950406	-0.06504129	-0.086982094	-0.13453811	0.058926992	0.23340602	-0.02017656	-0.082073055	-0.09017351	-0.18916968	0.19253942	-0.07350419	-0.31907475	0.06414172	-0.21513791	0.06669741	0.14861998	-0.11432979	0.058045812	0.097133406	-0.17040274	-0.046159085	-0.13151234	0.06938885	0.057622544	-0.119477026	-0.20158677	-0.20280051	0.2343072	0.3802947	0.028967775	0.005459711	-0.16689867	0.07301538	-0.053880915	0.0092813345	-0.009723092	-0.20259194	-0.05240568	-0.046472263	0.14839843	-0.017288726	-0.19157745	-0.009697395	0.0876113	-0.013391245	0.0072091906	-0.12058295	-0.1163353	-0.10311645	0.017809054	-0.0148770055	-0.10346621	-0.19195694	-0.050107718	0.006169875	0.17321856	0.05706785	-0.014071804	0.10874359	0.11868083	-0.019463584	0.279505	-0.3042845	-0.22058025	-0.017446743	-0.09482431	-0.03369085	0.07822485	0.16070431	-0.050741322	-0.060967132	0.07105475	-0.20825684	-0.25334063	0.07064031	-0.23040919	-0.026666675	-0.062488146	0.052749097	0.23470598	0.21487153	-0.056202892	0.18844725	0.1507407	-0.009369345	-0.000810625	0.1456473	-0.1109414	-0.033721548	0.11016234	-0.00645126	-0.2482042	0.005959495	0.1925261	-0.06148178	-0.123870455	0.10973546	0.07994728	-0.2213752
0.17261782	-0.023957275	0.3025879	0.031027175	0.5566305	0.3946012	0.10726525	0.5085786	0.16338319	-0.011284017	0.26030853	0.04257325	-0.02089455	0.25418746	-0.08452646	0.09406084	0.15290958	0.05911867	0.013711539	0.0719832	0.22347929	-0.23288393	-0.29633352	-0.013843021	-0.3113703	0.022115048	0.095416084	-0.022432728	-0.13067701	-0.017193064	-0.0074717714	-0.1465566	0.07469001	-0.019734023	0.12502594	0.21675964	0.06650885	0.07473485	0.15782759	-0.17758846	-0.18594362	-0.0761005	-0.19269897	-0.18317649	-0.14042261	-0.24908412	0.21534236	0.15746042	0.07865147	0.17347918	-0.0948979	0.16793846	0.24897164	0.099027626	-0.040537324	-0.21876283	0.12805887	0.06257993	-0.014525337	0.07741913	-0.113597445	0.14650491	-0.12953995	0.30372772	0.385543	0.08122957	-0.06600123	0.38339937	0.03139108	0.02680854	0.2492688	-0.13024789	0.1636143	0.12273797	0.12224062	0.15811697	0.13639346	0.014990753	0.06371183	0.1468986	0.13336396	-0.37394118	0.09204412	0.35223	-0.11239049	-0.17329003	0.0071557607	0.009771814	0.44283852	-0.21888514	-0.26184353	0.16398573	-0.6167855	-0.091494665	-0.34603152	-0.35291696	-0.013206731	0.32883486	0.15139142	-0.12868278	-0.22342905	-0.45470256	0.041447185	0.14411293	0.30544594	0.0011228551	-0.009474225	-0.6404249	0.15373474	0.20406768	-0.18621886	0.08934969	0.103065126	0.089180656	-0.050803173	-0.015638852	-0.3851557	-0.2679213	0.3368411	0.07411127	-0.018482232	0.024628287	-0.09160293	-0.06619747	-0.40347323	-0.28667524	0.07737134	-0.036182888
0.26570293	-0.051847972	-0.06312578	-0.21918541	0.17443478	-0.62070656	0.0047153523	0.84600204	0.5787372	0.1079453	-0.23237585	0.14636795	0.43364844	-0.09029994	-0.30435583	-0.023300447	0.160416	-0.55997044	-0.5353288	-0.080314964	0.24561222	-0.8727173	-0.0021186334	-0.03567891	-0.5211111	-0.04943818	-0.33453995	-0.65195274	-0.24622163	-0.22562218	-0.16188027	-0.23914945	0.11796748	0.3190229	0.13177228	0.010727474	-0.583395	-0.5613633	-0.28896043	0.0041810814	-0.5434476	0.14970408	-0.8183729	-0.20448722	0.0221971	-0.5479858	0.592587	0.44898778	-0.04260974	-0.041310944	0.021369953	-0.44313228	1.1218228	0.33031282	0.18154922	-0.52481836	1.0190885	0.550437	-0.22351897	0.17265972	-0.3752508	0.25007308	-0.39658445	0.54864424	0.115305096	0.41042313	0.06857788	0.014711567	-0.21153085	0.30023015	0.04915816	0.25774637	0.42314088	0.096699014	0.21958826	-0.4810013	0.120662205	-0.54144895	-0.21588807	0.1916304	-0.30998415	-0.26443145	0.17201608	0.16940324	-0.5030522	-0.38118768	0.025568156	0.2099956	-0.11183599	-0.03939605	0.105723344	0.16812374	-0.5208105	-0.17146926	0.012229789	-0.078504235	0.29395407	-0.10814032	0.3352147	-0.32342863	-0.74303865	-0.9158195	-0.43863425	-0.12656552	-0.46969998	-0.5871599	0.23959433	0.124170184	0.34359488	0.19911715	-0.48559377	-0.14003752	-0.315198	-0.0083233705	-0.06284272	0.16958365	-0.48994678	0.19640669	-0.26079217	-0.03788523	0.16145319	-0.3017672	-0.31013483	-0.17988628	-0.16320813	-0.106243335	-0.062250413	0.06661865
0.09450065	-0.14894012	-0.033354327	0.1612439	0.21604717	0.25956476	0.17978041	-0.16257563	0.37870383	-0.036980312	-0.07575756	0.048887882	0.09827616	-0.004462369	0.029962186	0.13551074	0.028319286	0.06053173	0.023519555	0.26351658	0.16860524	0.024925923	-0.23325782	0.07193652	-0.05300771	0.21255189	-0.44235322	-0.11745348	-0.027100712	0.14812206	-0.3140769	-0.25758472	0.31289828	0.22775917	-0.02422598	-0.15562762	-0.18542776	-0.47097817	0.22088487	0.022873458	-0.2919165	-0.123168185	-0.6724952	0.29384354	0.030868096	-0.26854438	0.071601234	0.23548374	-0.38516784	-0.034402143	-0.19549502	-0.34197354	0.10422254	-0.048843224	-0.3395747	0.09102016	0.26260588	0.16978763	-0.0940739	0.19341387	0.09997321	-0.02108932	0.14816406	0.17703693	0.22522531	-0.030161161	-0.1542556	0.24800655	-0.054466676	-0.24174409	0.0057847556	-0.23877744	-0.051686462	0.06382585	0.4698516	-0.022238266	0.023868792	0.20627303	0.0006420097	0.044027966	-0.0712136	-0.44482794	0.22537933	0.028104581	-0.12843256	-0.08143212	-0.32284692	-0.26008293	0.43213016	-0.03831893	0.16590826	-0.15001035	-0.8584832	0.0014958413	0.24219933	-0.2587462	0.15591368	0.04420032	-0.12703829	-0.14533132	0.010349708	-0.40117905	-0.17491631	0.15067281	-0.032398045	0.31668118	-0.17817074	-0.21875162	0.33064783	0.24792269	-0.015362905	0.09236614	0.25894165	0.28810668	-0.116226286	0.15506041	-0.39099064	-0.08930554	0.52265	0.021452125	-0.011346439	0.044434533	0.090909965	0.058014743	-0.15919213	-0.27425367	-0.07553621	-0.2376637
-0.00329762	0.021383272	-0.10122449	-0.12532261	0.14956547	0.15075275	-0.14495228	0.10799922	0.2587686	0.035550185	0.023904622	0.07517814	0.040798213	0.044283744	-0.033224966	0.24043067	-0.16642584	-0.20725872	0.024081957	0.18541843	0.07095673	0.014998564	-0.101474985	-0.13141087	-0.112190485	0.19762106	-0.19042788	0.012022864	0.02140173	-0.07136078	-0.12761785	-0.13598655	0.06952045	0.22470032	-0.032318797	-0.057272054	-0.09143973	-0.20250769	0.19104819	-0.04345423	-0.2890627	0.062158164	-0.17762628	0.035160195	0.13881935	-0.09896731	0.03665194	0.09320915	-0.18257219	-0.048789516	-0.16993403	0.05544668	0.05051104	-0.102297515	-0.18031383	-0.21239826	0.27282453	0.4221469	0.00026365498	-0.013232654	-0.19055541	0.09520936	-0.06729317	0.035696816	-0.027676571	-0.18171771	-0.06518826	-0.080014184	0.105806656	-0.031451978	-0.20897275	0.0068367235	0.0925054	-0.021246208	0.05341837	-0.14327225	-0.119027	-0.100087866	0.024897449	-0.07599169	-0.078057304	-0.18811941	-0.068071	0.019587096	0.1709634	0.02010105	-0.043247722	0.1377888	0.088795014	0.007919461	0.27963874	-0.278587	-0.23249106	-0.01481419	-0.08783421	-0.010863131	0.0708418	0.12072902	-0.02647301	-0.085850134	0.07745646	-0.24627456	-0.23174034	0.06448375	-0.1898517	-0.04357293	-0.041072644	0.05672298	0.22255625	0.24537012	-0.020992314	0.16112635	0.06083353	-0.04323944	-0.018370995	0.1998984	-0.13630943	-0.03068417	0.1284295	-0.006749526	-0.28688142	0.019057408	0.16220802	-0.057763677	-0.102098234	0.09591569	0.0723402	-0.19491407
0.037462786	0.014087582	0.0071229134	0.007910916	0.19937901	0.09513862	0.11839224	0.025085667	0.20981328	0.07171025	-0.17536232	0.099586286	0.08456171	-0.033365224	0.0022035767	0.07992616	0.04486232	-0.06644024	-0.21800905	-0.0025448482	0.074302696	-0.03215062	-0.14654431	-0.08826974	-0.07698412	0.09862385	-0.13261175	-0.06911245	-0.0130850505	0.16763952	-0.10465987	-0.05741383	0.028330078	0.03730292	0.038477175	-0.08463352	-0.054937843	-0.20959546	-0.01864352	-0.061678182	-0.15149403	-0.012886333	-0.26338086	0.16096804	0.013403475	-0.11830303	0.050585408	0.14845484	-0.082128905	0.0032162145	-0.09075342	-0.06103147	0.21075541	0.009060775	-0.20342341	-0.032310687	0.17437264	0.16296804	0.012103632	0.04948438	-0.032810524	0.14139216	-0.041468028	-0.055269007	0.19917558	-0.027029168	-0.13099338	0.15146025	0.0033815587	-0.076577775	-0.017031575	0.01736737	0.08739114	0.001402449	0.13188559	0.07948566	-0.064467855	0.028820505	-0.019518007	0.17478445	0.03552785	-0.18218043	0.17532803	0.09594838	-0.0568891	-0.15166126	-0.062375993	-0.18197894	0.13984545	0.015146011	0.052399017	-0.06668455	-0.20789891	0.02589818	0.042942602	-0.025970446	0.015704583	0.0043055597	-0.022242142	-0.16805755	-0.065625444	-0.3847813	-0.1427982	0.08461695	0.004473417	0.06963544	-0.070729785	0.0073604197	0.11760493	0.15302885	0.035922345	-0.039385248	0.08868094	0.11975112	-0.18168005	0.0072545204	-0.099371135	0.031570446	0.104328215	-0.038471118	-0.049135648	-0.029029509	0.08198209	0.022095481	-0.09202354	-0.0031993096	0.08063481	-0.080787994
0.074049	-0.21759416	-0.04775204	0.19363031	0.3686577	0.41535366	0.03526468	-0.07647317	0.45346642	0.1696886	0.36765692	0.43166205	-0.017304767	-0.072400995	0.04828775	0.17863023	0.60627276	0.16246828	0.03006291	-0.17766361	0.12451908	-0.23098475	-0.4080429	0.37127858	-0.4269839	0.024999175	-0.19493493	-0.045349386	-0.18115014	-0.0841603	0.020803355	-0.11882951	0.20092508	0.3537475	-0.013842493	0.111725174	0.018712405	-0.19277371	0.51616913	-0.10167603	-0.3773004	0.30607715	-0.71956646	0.2383989	0.23456827	-0.2525569	-0.22761641	0.30123284	-0.06172482	0.011314161	-0.1316251	-0.0826582	-0.1369767	-0.3086502	-0.13171853	-0.02521079	0.0977778	0.3149579	-0.1391414	0.16692421	-0.037940055	-0.057464793	0.48169082	0.5740223	0.50118774	-0.029453384	-0.31160173	0.037334118	-0.26906797	0.22247104	-0.02430899	-0.24843898	-0.13141708	0.1878039	0.3352687	-0.019690625	0.39017105	0.4355811	0.09843418	0.023864541	0.1345357	-0.4798466	0.06011403	0.21549764	0.07960653	0.03706755	-0.3362426	-0.23917028	0.8358184	-0.12890399	-0.21149288	-0.3700094	-0.7319308	-0.31850028	0.019891664	-0.36051917	-0.1589485	0.49989066	-0.056843545	-0.32707748	-0.5580462	-0.54958934	-0.47893026	0.21751359	-0.085245885	0.35372245	-0.025777942	-0.39258137	0.20394313	0.30712038	-0.05227283	0.08470216	0.14789149	-0.05486954	0.050066583	-0.37912527	-0.31319967	-0.3694867	0.6821825	-0.006083321	-0.32090914	0.10765141	-0.032267857	-0.0449674	0.024874756	-0.27349672	0.39966518	-0.116662025
-0.058007874	-0.0973691	0.012601493	-0.14062117	0.53960526	0.08853906	-0.18149	0.6293431	-0.007716401	0.31982285	0.19670597	0.12881544	0.17797305	0.068729624	-0.12696347	0.2873267	0.45405322	0.20925707	0.14257644	0.26195636	0.04633704	-0.38383916	0.23093097	-0.46129662	-0.18403214	0.40012124	-0.50102264	-0.22280313	-0.016052017	-0.16622806	-0.09817203	-0.31794026	-0.1528793	0.009901671	-0.15153629	0.12744655	-0.18581167	0.10027969	0.34243754	-0.12981908	-0.41605225	0.30814528	-0.23569262	-0.1384598	0.43282387	-0.33041734	0.19081688	0.32432985	0.23188864	-0.18518123	0.26485702	-0.15346563	0.19023018	-0.3259741	0.24005313	-0.20342915	0.44548842	0.25996438	0.16691126	-0.14653553	-0.067356065	0.12531805	-0.3702153	0.8222839	0.32752475	-0.3298818	-0.07676951	0.29130745	-0.1364124	0.5140669	0.007923954	0.10623404	-0.03591817	-0.38700548	-0.35465854	-0.23791407	0.24483643	0.56071895	-0.20018975	0.18964627	-0.43564686	-0.4403735	0.48777357	0.25367165	0.34283134	-0.408356	-0.23451678	0.2037511	0.59197325	-0.2553147	0.13359745	-0.36114573	-0.4920672	0.5153983	-0.66299266	-0.06352785	0.08245585	0.29996964	0.35496727	-0.41376764	0.01835256	-0.5722082	-0.57614875	0.1851044	-0.34863883	-0.23930198	-0.08267412	0.022566328	0.48800552	-0.01417681	-0.9219229	0.20698251	0.25538704	-0.26858392	-0.21618263	-0.1126134	-0.18121426	0.28474382	0.28608733	-0.26376545	-0.25350794	-0.011091388	0.33792925	0.38829973	-0.44469082	0.18484488	0.33887863	-0.3714955
-0.021568317	0.0067265057	-0.14014731	-0.08460262	0.16325499	0.13461979	-0.09772327	0.06594661	0.20411508	0.012902776	0.016747605	0.053630553	0.0547251	0.051563837	-0.016132668	0.22793294	-0.15112385	-0.24609748	0.0017214633	0.21585588	0.06498804	0.054400593	-0.069522925	-0.1535059	-0.11756477	0.14884655	-0.19984365	-0.01484151	0.031037217	-0.07455931	-0.11602602	-0.09954797	0.07112647	0.24506052	-0.04835973	-0.055144787	-0.08621211	-0.16691129	0.19186592	-0.035447955	-0.26858577	0.042344194	-0.16067468	0.052363947	0.14824508	-0.1385502	0.079841	0.1173732	-0.19882962	-0.027783766	-0.15530674	0.06351383	0.048508488	-0.08073075	-0.20303942	-0.19837539	0.22651911	0.36326024	0.03038259	-0.0046993853	-0.20373756	0.11388226	-0.034448687	0.012032669	-0.058982447	-0.17981839	-0.043294497	-0.082854584	0.13702506	-0.050814018	-0.2123683	0.017629294	0.08488678	-0.07320805	0.019410277	-0.17864178	-0.14964822	-0.11937445	0.024826735	-0.04817317	-0.108126834	-0.19979413	-0.071718514	0.015464654	0.13540906	-0.023121726	0.0047317944	0.10521185	0.09285825	-0.0027504365	0.306431	-0.32558796	-0.25949645	-0.03209779	-0.102695905	-0.013298708	0.074035786	0.1302117	-0.062721446	-0.059935443	0.040437322	-0.2613893	-0.2830386	0.05537844	-0.15056172	-0.032985494	-0.05508726	0.07251579	0.22845116	0.2221313	-0.050266076	0.18689233	0.11405052	-0.004033437	0.016095567	0.17363285	-0.14531243	-0.020646378	0.0853822	0.005103091	-0.25131905	-0.0019362165	0.14995074	-0.024321882	-0.10276827	0.11561581	0.06498616	-0.1729745
-0.02363315	-0.44215912	0.15991563	0.15164758	0.37665832	0.6850464	0.28155154	0.30639362	0.5882922	0.06331051	0.18868078	-0.27403417	-0.28056136	-0.17749786	0.0835838	-0.06817234	-0.3319944	-0.3216325	-0.2676611	-0.020791544	0.6753118	-0.35545397	-0.63785857	0.36552137	-0.7491695	0.94162446	-0.10748704	-0.2716641	0.03884701	-0.011603887	-0.7614561	-0.39191756	0.50047165	0.46678895	-0.34409636	0.29789048	-0.57321095	-0.4582517	0.24655499	-0.32426512	-1.0682881	-0.42674416	-1.1564192	-0.14741528	-0.058672525	-0.05480601	0.2276897	0.27899963	-0.41618946	0.24197856	-0.8161415	-0.115951024	0.26619366	-0.03843055	-0.7571556	-0.43015027	0.70090866	0.2880452	0.3370309	0.49077642	-0.12900823	-0.02234723	0.30154076	-0.061526205	0.5374274	0.19959633	-0.19997908	0.091373034	-0.43165714	0.0022388876	0.9380493	-0.66072667	-0.09289065	0.48703498	0.2714427	0.09469389	0.41217586	0.02023987	0.14687976	-0.15531929	0.52134037	-0.5143837	-0.0128040435	-0.09414501	-0.2737383	-0.35063538	-0.41844943	-0.27541006	0.89477336	-0.12411509	-0.7136403	0.20196486	-1.6132165	-0.019053528	-0.22078396	-0.7379567	0.21895699	0.44910172	0.07095925	-0.09673081	-0.2062544	-0.87444633	0.10042066	-0.2415671	0.1194706	0.017879553	-0.41857454	0.03673361	0.4418942	0.2878449	-0.091634095	0.010599788	0.5680863	0.2355982	-0.5589374	0.14554499	-0.8331249	-0.46692047	0.8253289	0.30447128	-0.17696647	-0.0992147	-0.14983232	0.25788054	-0.23919083	0.29034153	-0.350806	-0.18818986
0.46213183	0.3126837	-0.05263542	-0.08941039	-0.09552132	0.23052001	0.18292527	0.13003922	0.26237306	-0.45476112	0.014586098	0.010719886	-0.08720511	-0.0031152065	-0.15614706	0.117699206	-0.19562651	-0.39584875	-0.080277815	-0.2167496	0.06537649	-0.13286743	0.18590556	0.099277206	-0.4960189	0.38168195	0.1736585	-0.2841483	-0.07677633	0.041774876	-0.23810908	-0.24430506	0.29402936	-0.070954874	-0.1539692	0.25767446	-0.37120792	-0.21257071	-0.010881976	-0.007955216	0.050504662	-0.43309098	0.11596859	-0.1937331	-0.040494	-0.22201215	0.2456917	-0.046018686	0.012167492	0.24363612	-0.065991126	0.0055456073	-0.24738234	-0.16337898	0.04384648	-0.25148842	0.0012385865	0.2377645	0.23009339	0.22300676	-0.21827382	0.100355886	-0.22011574	-0.098479524	0.0027222328	-0.20205016	-0.3166051	0.07446519	-0.053732455	0.06747629	0.097690865	-0.0066030626	0.15781203	-0.32469174	0.025867304	0.42322743	0.09847344	-0.05656173	-0.041136093	-0.10658986	-0.28548577	-0.16915892	0.21724692	0.11894052	-0.15998562	-0.064809054	0.22330648	-0.030910851	0.58964413	0.08554079	0.111915216	-0.059242964	-0.23959742	0.211624	-0.23251313	-0.0219438	-0.12568524	-0.16673397	-0.051214274	-0.4172778	-0.1820796	-0.5452023	0.1348408	-0.15702046	0.012654649	-0.005059635	-0.35047942	0.1019183	0.14167222	0.23322408	0.23104836	0.114695035	0.105268456	0.26272926	-0.43849763	0.025964063	-0.111107364	0.0824615	0.25956735	0.11536571	0.09523955	-0.13494629	0.24725625	0.28639963	-0.45085365	-0.0835913	0.32116833	-0.10310625
0.46687043	0.11578007	0.3388251	-0.4278801	-0.28166798	0.11079583	0.11920407	-0.060842752	0.22660097	0.29109097	-0.086895026	0.5560823	0.6869593	-0.14729379	-0.33953744	-0.21359707	0.15016392	0.3161865	0.34381086	0.090027824	0.08945766	0.15001804	-0.8043905	-0.1887515	-1.0625749	0.11084136	0.46367887	-1.073519	0.28175196	-0.051975068	-0.6543318	-0.39979097	-0.25936002	0.30360484	0.62397206	-0.3320571	-0.3715898	0.21333112	0.6088663	-0.2938616	-0.006004253	-0.12527457	-0.6425871	-0.6476034	-1.0490608	-0.8042985	0.98354435	0.70482665	-0.45601752	0.58834255	0.05719508	0.6090297	0.12644567	-0.10997705	0.2883019	0.13756932	0.7825703	0.40560415	0.5537518	-0.2640179	0.9543676	0.46208215	0.49759215	0.1517331	-0.23405892	-0.09195358	-0.409298	-0.080442354	-0.39246503	-0.37760526	0.5899725	0.014433486	-0.7241084	-0.68552214	-0.4105318	-0.5306805	0.44808516	0.31744775	-0.49913564	-0.20615329	-0.48830527	-0.6833103	0.18016987	0.89015955	-1.3787072	-0.7411566	0.36947542	0.0019524861	0.505505	-0.030900795	0.27506965	-0.48457602	-0.55376506	-0.526704	-0.51416975	0.16973086	0.52851695	0.09512265	-0.5974702	-0.10277818	0.10031984	-0.501988	-0.59660465	-0.16348349	0.30572924	-0.6545509	0.7433861	-0.21350352	0.98107564	0.46152368	0.042644277	0.384488	0.020348996	0.7016553	-0.4046095	-0.030152896	-0.10939559	0.5449347	-0.5536253	0.5747136	0.18042298	0.6181926	0.7402575	0.1074469	-0.62470096	-0.096555054	-0.36328772	0.17576672
-0.041761853	-0.1544601	-0.03411142	-0.18004803	0.25897172	-0.051280797	-0.08360444	-0.08423097	0.106993206	-0.008744253	0.07356012	0.1171483	0.018782098	0.14068615	-0.16921568	-0.11181353	0.54719126	-0.2977322	-0.025179308	0.00350703	0.01786218	-0.36531213	0.14586715	-0.022511523	0.040449232	0.53734213	-0.30268013	-0.17448767	0.19063157	-0.23774467	-0.40007457	-0.18278934	-0.4559892	0.17080145	-0.39885506	-0.251742	-0.47194266	-0.010765245	0.23446319	0.14239709	-0.41860592	0.10205906	-0.6829134	-0.10916765	0.08633101	-0.5267728	0.59822243	-0.075368695	0.028842604	-0.1914077	-0.017558316	-0.33171627	0.09264173	-0.113228746	0.24464221	-0.08394102	0.29913914	0.5312621	-0.20734791	-0.053188216	0.12878412	0.055470675	-0.3616252	0.54977185	0.036049522	-0.5184451	-0.066278204	0.006829588	0.1964531	0.28441748	-0.039428245	0.26428914	0.38369966	-0.25745678	-0.13681723	-0.42526153	0.107422166	0.2051864	0.049025606	0.23116052	-0.26131135	0.05244847	0.23793373	0.16598485	0.017553138	-0.3144545	-0.08364445	0.33336344	0.69871897	0.13971001	0.18298842	-0.53484106	-0.055920005	-0.018259048	-0.0127542885	0.3795436	0.07477266	0.04832003	0.019920334	-0.11386738	0.086548924	-0.41493887	-0.26918608	0.1262975	-0.29840276	0.13646676	-0.11456843	-0.011666426	0.6676197	-0.01911748	-0.3679999	0.11465645	0.23555523	0.060919162	-0.5101873	0.07709095	-0.20094028	0.17994863	0.34310624	-0.066855304	-0.25446352	-0.119302824	0.59097135	0.088094965	-0.18478006	0.3063756	0.55688286	-0.28794137
0.17002423	0.011119422	-0.054460164	0.023309432	0.14430621	0.11252726	0.14607881	0.027646465	0.07381563	-0.07596695	0.05763822	0.061170857	0.030242175	0.0066694696	0.0063412716	0.154181	-0.0428076	-0.079801485	0.10452369	0.26390043	-0.036118474	-0.03961104	-0.09650567	-0.055807743	-0.041530833	0.030016886	-0.26017162	-0.07823085	-0.097994216	-0.15622519	-0.113793455	-0.19776778	0.27777666	0.055303935	0.06396642	-0.10991897	-0.018791297	-0.110363	0.19349729	-0.056593157	-0.2196181	-0.0076643364	-0.19601925	0.10919089	0.10466952	-0.2342511	0.15902883	0.0985367	-0.22541094	0.027409578	0.021759557	-0.08213808	0.10082591	-0.20368351	-0.080396555	0.035086192	0.16113284	0.12773937	-0.026659507	-0.02621329	0.020927494	0.07081508	-0.0383611	0.103781804	0.031977717	-0.08811361	-0.045710802	0.23633197	0.07881118	-0.07619711	0.014328758	0.01879315	-0.023838732	-0.08973208	0.20233671	-0.023861231	-0.002798908	0.0066125276	-0.17959666	-0.016568216	-0.27276397	-0.22630997	0.1410804	0.15054277	-0.073242985	-0.09193668	0.082669154	0.003091239	0.28099862	-0.029733146	0.2355442	-0.23350988	-0.42845953	0.04569574	0.02052264	-0.040232122	0.026173964	0.030173752	-0.09260472	-0.13008973	0.021448575	-0.26465926	-0.15028803	0.1709481	-0.014091515	-0.011419525	-0.08371965	-0.20333256	0.28497294	0.23558484	-0.014112779	0.17571318	0.1453043	0.11735957	-0.12654373	0.035682026	-0.16266029	-0.030792242	0.10447193	-0.036920987	-0.057806935	-0.059306342	0.15433936	-0.0047049522	-0.19187316	-0.25825626	-0.03272873	-0.043625865
0.03811294	-0.38835374	0.72877073	0.09059269	-0.08110286	-0.4089186	-0.118429765	0.7995838	0.73170185	-0.349475	-0.19864793	0.6309932	-0.6743336	0.27869102	0.3927054	0.5722739	0.48826143	0.20782712	-0.55330414	0.046318773	-0.111988604	-0.36248448	-1.3002702	0.019543462	-0.79258335	-0.11757655	0.90161735	-0.31012312	-0.32293215	-0.5690924	0.19394833	-0.34375215	-0.39898875	0.6103033	0.48791343	0.9120477	0.17530805	0.16682835	0.37977132	-0.3010998	0.256071	0.26390266	-0.03395494	0.5532753	0.06757072	-0.672614	0.10718068	0.95865065	-0.063060775	-0.09995867	-0.3331336	-0.32549903	0.492504	0.24262479	0.34146687	0.018424787	-0.09352974	-0.0952261	-0.028449435	-0.2534218	0.4056024	-0.50026745	-0.17615438	-0.07392309	0.26683784	-0.30466446	0.36303675	-0.16225582	-0.62811685	0.27543268	-0.5166382	0.12398422	-0.25889495	-0.19753234	0.488833	0.271339	0.18137121	-0.22393957	-0.017895814	-0.23306604	-0.6180305	-0.49878183	-0.015106393	1.2005366	-0.9649068	-0.26783168	0.18547834	0.37641943	-0.42893222	-0.7088339	0.04254748	-0.40690598	-0.128179	-0.3744148	0.3942749	0.18267365	-0.5787529	-0.55208117	0.053554006	-0.8398254	-0.73571324	-0.6651791	-0.1541415	-0.14054473	-0.16729552	-0.3160925	-0.7953608	0.29902193	-0.62895465	0.53376865	0.5624549	0.7137706	-0.0783406	-0.19177267	-0.77005076	-0.52813077	-0.6067152	-0.37282223	0.86733633	0.7938047	-0.41225576	-0.31103298	0.6325335	-0.12709133	-0.03587078	0.25973445	0.6579715	0.4311716
-0.068655044	0.18209673	-0.03797246	-0.052353445	0.7202944	0.19539967	-0.3547743	0.76471657	-0.08415627	0.24529168	0.19449045	-0.009904781	0.16045746	0.18226865	-0.07650656	0.40721574	0.29976034	0.14690036	0.009152878	0.33904085	-0.007608882	-0.16244155	0.23877351	-0.43598786	0.09382451	0.5454484	-0.43965685	-0.32455662	0.021245886	-0.19906956	-0.24064133	-0.215229	0.052642126	-0.0676803	-0.29576126	0.15953489	-0.1106817	0.23170936	0.3119337	-0.18867709	-0.50295097	0.33840734	-0.09457306	-0.10680619	0.46926877	-0.5127244	0.03014092	0.5475788	0.26496083	-0.2623889	0.3238866	-0.10698652	0.27458525	-0.23144944	0.23453353	-0.29937905	0.42746374	0.37178436	0.11359524	-0.21678756	0.004500391	0.03128395	-0.4445955	0.87863266	0.27646628	-0.20721267	-0.13433506	0.25086918	-0.08454261	0.52652633	0.00783122	-0.056801938	-0.01018138	-0.5079399	-0.2636805	-0.16377066	0.26003355	0.5650018	-0.4245423	0.27397308	-0.43917203	-0.50724566	0.39519987	0.27377096	0.36488295	-0.5068485	-0.113869034	0.11990292	0.6526619	-0.05463474	0.14251815	-0.48178533	-0.44889027	0.3498615	-0.6626753	0.07661966	-0.059075378	0.4641403	0.33454436	-0.41072056	-0.050237175	-0.74620783	-0.6815915	0.15638955	-0.28164595	-0.2927266	-0.05280002	0.10696718	0.50344825	0.12187048	-1.1458956	0.031353112	0.14364834	-0.06632449	-0.06902129	-0.042285565	-0.228931	0.40271997	0.23545024	-0.29375482	-0.30667675	0.05827252	0.38171098	0.39049456	-0.42256767	0.2549582	0.42260772	-0.38137418
-0.25123098	-0.046831597	-0.051889993	0.101673536	0.6409153	-0.050006848	0.4424744	0.62976426	0.47115445	0.23582943	0.043598387	-0.14956266	-0.01796456	-0.40437496	0.11716915	0.37819058	-0.49403107	-0.06703145	-0.07103009	0.9265015	0.23029494	-0.17996763	-0.062881395	-0.6853787	-0.6491591	-0.14052343	-0.5775041	0.022878561	-0.014597035	0.13713078	-0.12809145	0.19030218	0.02888696	0.13540512	0.06868636	0.09293963	-0.3382319	-0.44686383	0.07374792	-0.3364121	-0.090926565	0.01039954	0.3244545	-0.43293825	0.3091002	0.018386116	0.65887386	0.06367771	0.07336905	-0.11395935	-0.08341159	-0.27251455	-0.40892106	0.35610968	0.08363147	-0.11410728	0.31697112	0.2337202	0.6897857	0.010668294	-0.17417634	0.250169	0.044478398	0.0818423	0.07871044	0.2178224	0.2815781	-0.007521573	0.32299423	-0.10931539	-0.24653505	-0.27983603	0.20765893	-0.14129826	-0.1256246	-0.013028188	0.051138643	-0.23661275	-0.30177903	0.15297917	0.021628588	-0.51935905	-0.232694	0.3362987	-0.22124222	-0.11920349	-0.19904387	0.23955968	0.46661964	0.24224828	0.37618947	-0.4458387	-0.45722023	-0.5104866	-0.57996905	-0.3196053	0.34168074	0.22561733	0.051463354	-0.44020832	0.06449128	-0.7407172	-0.038842317	-0.20936292	0.27085108	0.19041567	-0.3107722	-0.1127703	0.5626475	0.19825898	-0.30758804	0.4100085	0.10855238	-0.0036516439	-0.17600918	0.0865615	-0.10333069	0.28225017	0.15428826	0.14744753	-0.060087144	-0.35403275	0.5900212	0.2517207	-0.63669974	-0.19275473	0.31184858	-0.3737083
0.3291492	0.3015879	-0.18234792	-0.12827463	0.018948592	-0.035230212	-0.058413032	0.14791098	0.47001797	-0.25188947	0.34644	-0.28207257	-0.16518213	0.01840543	-0.23197354	0.04056441	0.008938326	-0.09662356	0.21747124	0.78330815	-0.09005556	0.5403532	-0.18196101	0.07003044	0.05994284	-0.2797902	0.05992405	-0.06488298	-0.42033732	0.1374572	-0.042177703	-0.3541856	0.4631479	0.30346534	-0.09815222	-0.070644885	0.320828	-0.2901392	0.33237484	-0.09148223	0.13342991	-0.26591042	0.07209793	-0.015667949	0.4104033	0.07274624	0.4364375	-0.17542274	-0.6292275	0.17548867	-0.039592225	-0.03857352	-0.04965805	-0.7459698	-0.13165626	-0.33021915	0.5202402	0.6172498	-0.044756938	-0.5500999	-0.21232091	-0.10508873	-0.51374954	-0.048067875	0.674189	-0.41285622	0.20075712	0.065744445	-0.25369614	-0.39586782	-0.19398713	0.043812003	0.13234308	-0.79304004	0.19442233	0.10451256	0.06563757	0.36057422	-0.4750485	-0.22054517	-0.6038493	-0.54187024	0.3991604	0.13655108	-0.3452217	-0.41099682	0.25639874	-0.15368181	0.67250764	0.20378582	0.07087749	-1.0747962	-0.77394944	-0.57688975	-0.16255201	0.031771827	0.42676637	-0.20971665	-0.05656626	-0.36259332	-0.18056785	-0.61493826	-0.20996387	0.21378721	0.09101817	0.16325921	-0.563275	-0.29210755	0.34614766	0.2925364	0.24439149	0.41068423	0.19766556	0.3062897	-0.20252661	0.13073254	-0.77602947	-0.016243557	-0.09962926	-0.040635746	-0.44276986	-0.11240967	0.2806805	0.93787724	-0.49990776	-0.029493226	0.4726488	-0.23319763
-0.1492763	-0.11145476	0.18337877	0.16766651	0.7882608	0.0840214	0.12898716	0.21989419	0.5381291	0.050166175	0.20159122	0.11959025	-0.3757284	0.01385673	0.19424616	0.1546702	0.19701482	0.6827913	0.13558005	0.31656665	0.59572846	-0.21284093	-0.20192422	-0.12414106	-0.66964746	0.1709028	-0.28401595	-0.07493294	-0.32323742	0.028102407	0.16012311	-0.05846721	-0.0735397	0.12568372	-0.3738552	0.19167477	-0.17275533	-0.5636715	0.2674445	0.18001744	-0.4064102	-0.07749382	-0.53509766	-0.12852831	0.045738675	-0.068154246	-0.037621718	0.6534117	-0.09948989	-0.09678201	-0.27675202	-0.17081939	-0.050816536	-0.0908935	-0.18475102	-0.19451003	0.2633326	0.0825055	-0.20276369	0.2754143	-0.08924479	0.2886325	0.16554204	0.11804009	0.7159141	0.09110401	-0.29038453	0.44308707	-0.47573358	-0.18599527	-0.27327645	-0.3038105	0.0049385573	0.13685304	0.12979527	0.2878682	0.3723909	0.65086526	-0.017648026	-0.29798278	-0.3856804	-0.628556	0.20458277	0.18356352	-0.28499013	-0.04098688	-0.42959315	-0.05180928	0.6582769	-0.040005904	-0.11493274	0.10984881	-0.70987606	0.0022373924	-0.089869045	-0.3150305	0.16540287	0.21309882	0.44387093	-0.28822482	-0.1992317	-0.5879521	0.1322195	0.08065238	-0.13393302	0.15916276	-0.2073334	-0.42248657	0.27263772	0.40539363	-0.6092262	0.40267786	0.3070162	-0.14824957	-0.6868485	0.13076936	-0.56000996	-0.1285107	0.52992517	-0.42052075	-0.04860588	0.14148113	0.288296	0.40590465	-0.35501254	-0.51116127	0.24543485	-0.28665394
0.11136915	0.1288698	-0.11963233	-0.012508098	0.9402734	-0.20305169	0.57945603	0.9161731	0.05778375	-0.110102	0.27518407	0.3062094	0.25775972	-0.044556163	-0.08670853	0.5402193	-0.35733515	-0.5666343	-0.6722497	-0.034980495	0.5963224	0.09354522	-0.30782342	-0.40019548	-0.80129296	-0.044740077	-0.10017655	-0.0062982272	0.18115596	0.1413146	0.2593405	0.5976297	0.040713213	-0.36786354	0.21067448	0.15383285	-0.26145	-0.55073994	0.12975357	-0.2397308	-0.16911043	-0.14360304	0.24765371	-0.5848673	0.72623634	-0.027488207	0.41858524	0.7284291	-0.0096098045	0.5584629	-0.14657266	-0.14848794	-0.13569407	1.3166814	0.37055063	-0.49444592	0.1507598	0.21201274	0.7284442	0.4507649	0.013126176	0.71878326	-0.60356563	-0.14742179	0.3903794	0.37689626	0.093547516	0.52407473	0.10363521	0.25744554	0.1972315	0.15320851	0.4743526	0.25705898	-0.7259966	-0.6681806	-0.04732732	-0.65793926	-0.32597944	0.18249692	-0.70080584	-1.0002015	0.4466434	0.9221292	-0.124445625	-0.55560035	0.08607195	0.008835432	0.435966	-0.24097723	-0.3521057	-0.1898605	-1.0030127	-0.17408799	-0.48316815	-0.041907612	-0.26802438	0.58301353	0.12688924	-0.10433092	-0.5827406	-0.7789018	0.18037716	0.44840574	0.10550283	0.12727934	0.27145082	-0.35374537	0.29402828	0.09082712	-0.39060575	0.2660184	0.36567843	0.49918914	-0.031100918	0.07195549	-0.090118274	0.38343802	0.10326059	0.46791217	0.055712175	0.25030327	0.806748	-0.055153623	-0.7237556	0.07151704	0.15585616	0.015255462
-0.0512698	0.18303	0.016747031	0.09585721	-0.010680558	0.026235111	0.14745253	0.17792763	0.4326412	0.1877798	-0.05702748	0.1767559	0.24687222	0.14623061	-0.20579466	0.22327034	0.18203227	-0.2515215	-0.45411423	0.21757434	0.14114514	-0.19181135	-0.04487992	-0.0391706	-0.3416692	-0.35305625	0.022248652	-0.161035	-0.03690969	0.37121436	-0.08313539	0.018310003	-0.11585942	-0.026504066	0.33221227	0.12560476	-0.47157994	-0.31318104	0.008237999	-0.23635213	-0.3854576	-0.23947103	-0.1492084	-0.37081292	0.0005388521	-0.2819529	0.14970139	0.22500305	-0.058125854	0.28246263	-0.13531475	-0.17926061	-0.11611365	-0.19363819	0.17505993	-0.19310303	0.38896567	0.22005604	0.071852274	-0.22041284	-0.2806855	0.29285288	-0.35565385	0.14366725	0.22822788	0.08205733	0.030928489	-0.07794888	0.096376225	-0.059037138	-0.024080936	0.1602311	-0.04812183	0.0020260087	0.033981226	-0.3292878	0.20885672	0.09972412	-0.39983603	-0.0985321	0.053260233	-0.2051718	0.43013746	0.07154184	-0.23716947	-0.20510118	-0.19850056	0.05701844	0.26123995	0.1537211	0.42918262	-0.41033447	-0.18121223	-0.32164288	-0.00072225166	0.020526497	0.39001364	0.048880447	0.03018249	0.0500819	-0.3041925	-0.41617826	-0.03512074	-0.11928224	0.11297407	0.004541393	-0.122659706	0.08456388	0.3203437	0.37052694	0.2028006	-0.02710935	0.045374434	0.10438526	-0.23593304	0.2733171	0.10973046	0.032762118	-0.14877494	0.36171076	-0.014917877	0.07548058	0.59283006	0.035334244	-0.29550916	-0.15520407	0.120618396	-0.029609999
0.14060184	-0.030931309	-0.026342995	-0.04658096	0.19498284	0.039512	0.042021092	0.15353397	0.059667535	-0.027820325	-0.03158408	0.02686723	0.039840933	-0.010443879	-0.08166869	0.2646	-0.03849284	-0.12653767	-0.01717137	0.30702502	-0.09009118	-0.22397672	-0.2572493	-0.06838998	-0.03715175	0.08786402	-0.28577498	-0.022443898	-0.124375574	-0.093669675	-0.11631418	-0.25850832	0.25311872	0.08715712	0.051262684	-0.18987782	-0.08087073	-0.1755781	0.231228	-0.08412452	-0.26339358	0.0857527	-0.12653631	0.3155079	0.056463707	-0.17342952	0.053692356	0.1552786	-0.17339219	0.005505883	0.07135706	-0.17065407	0.103208676	-0.1451263	-0.03950824	0.013714601	0.18343025	0.22310674	-0.028062157	0.0010404311	0.026712466	0.1295661	0.151924	0.16080517	0.100260265	-0.20549968	-0.13034359	0.31068167	0.2221963	-0.07936042	-0.015166805	-0.121503875	0.023461115	-0.04150263	0.22257987	0.009456748	-0.033317976	0.019412916	-0.052019108	0.20054592	-0.25861737	-0.15614444	0.3708456	0.21149881	-0.1438247	-0.17241621	0.04616739	-0.06846335	0.19724302	0.13350637	0.1681423	-0.17597571	-0.3167368	0.06698489	0.13672785	-0.035216626	0.14373697	0.03891299	-0.07252516	-0.3265126	0.008384999	-0.3763289	-0.2059151	0.07068352	-0.117994696	0.04123409	-0.04113729	-0.13179041	0.27552328	0.28354633	-0.0044875867	0.050910313	0.14341876	0.20959747	-0.2513226	0.024981514	-0.13529406	-0.1136312	0.24274622	-0.10253995	-0.043270454	-0.101573706	0.020636937	-0.08780552	-0.018919697	-0.114617966	-0.066302344	-0.15805164
0.26187015	0.018986294	-0.31900686	-0.09215255	-0.06706312	0.16909158	0.15203299	0.48762757	0.30644926	-0.040797	0.22855346	-0.09812174	-0.04829352	0.044472586	-0.35717106	0.098579526	-0.12606278	-0.5554697	-0.14309502	0.09310605	-0.18252148	0.22629973	-0.05711192	0.23977153	-0.34927395	-0.23114558	0.12779851	-0.18585466	-0.14896181	0.30911937	-0.20771118	-0.23789279	0.16845365	0.18082514	-0.32724336	-0.024087846	-0.08507136	-0.15192302	0.12920953	-0.40606287	0.044138506	-0.067739844	-0.3621521	-0.02493682	0.07356457	0.21092652	0.029752297	-0.1577541	-0.07375652	-0.035715867	0.09067695	-0.15875408	-0.0006625091	-0.33815098	-0.18765076	-0.30458358	0.104329236	0.014341872	0.20630988	0.122383825	-0.086591914	-0.017634954	-0.293322	-0.11555606	0.25068325	-0.14455347	0.023260562	-0.030424468	-0.13479543	-0.26715776	0.12878941	-0.0982394	-0.05691468	-0.21800414	0.4534244	0.049599502	0.10932962	-0.09512988	0.083344094	-0.23065004	0.18215403	-0.38212174	0.04707832	0.005554825	0.06040805	0.035511054	0.1048313	-0.20520104	0.22423919	-0.05095354	0.11218153	-0.15700532	-0.07190438	0.0050953054	-0.044776432	0.15840676	0.39588735	-0.14825596	-0.08171006	-0.12668926	-0.11260855	-0.078133464	-0.2534281	-0.16866979	0.052633855	-0.053686857	-0.03180142	0.32939854	0.1177133	0.0763888	0.2224833	0.074932605	-0.04793285	0.025011208	-0.08123644	0.14942317	-0.35341164	-0.0131015135	-0.13598007	0.12248048	-0.24481133	-0.111943506	-0.048810586	0.300689	-0.34460157	0.085294805	0.25796878	-0.12153844
0.1149495	0.13405672	-0.08187298	0.06896152	0.002602611	0.29803365	-0.016373847	0.36812803	0.552156	0.21176966	-0.60639906	-0.0075229215	0.16398996	-0.0039992337	-0.42955	0.49471757	0.23029399	-0.20301414	-0.28576037	0.11872403	-0.10489943	-0.37531525	0.05713612	-0.455953	-0.41046616	0.31253842	-0.76630193	-0.2897512	0.25148916	0.30573878	-0.5386497	-0.3036404	-0.12565519	0.0027721128	0.16717464	-0.5321527	-0.45383444	-0.4658879	0.12662348	0.054187477	-0.40535867	0.10581038	-0.37243736	0.29687944	-0.2575883	-0.19820717	0.31288418	0.27076307	-0.26086023	-0.06623312	-0.020908225	-0.3916877	0.02260035	-0.049915254	-0.14179799	-0.017089281	0.43838358	0.60593647	-0.07392942	-0.040991947	0.054294404	0.14297041	0.1403066	0.26694626	0.52358764	-0.53851014	-0.05667889	0.2251315	0.45377785	0.025122097	-0.21048385	-0.14270885	-0.007554396	0.004176914	0.19362105	0.14705296	-0.117115	0.10750186	-0.0020695252	0.84079564	-0.20278299	-0.037148274	0.6031487	-0.046560828	-0.0138926245	-0.37413773	-0.7134255	-0.10068851	0.37088516	0.22529443	0.49103132	-0.24711119	-0.46740523	0.19940929	-0.12896775	0.1047326	0.45440745	-0.027316678	-0.44422004	-0.14284284	0.40029258	-0.58903885	-0.5123093	0.07325598	-0.31213346	0.08403257	-0.105659336	0.100779556	0.4892219	0.5167257	-0.18128574	-0.40102136	0.18365654	0.2002759	-0.5439414	0.06038428	-0.06611106	-0.013895054	0.7009926	-0.22596082	-0.4683375	-0.19127542	0.48624402	0.31128347	-0.18068688	0.27476963	0.14209588	-0.48767784
0.17985702	0.2927132	0.72176194	-0.6665769	0.82003367	-0.45658216	-0.1432633	-0.0864199	0.7529657	-0.066746734	-0.037313174	-0.4272997	0.22168013	0.45641297	0.35096097	0.41471648	0.5327965	0.31548318	-0.33416688	-0.37881017	-0.23452607	-0.11048325	-0.7045732	0.187333	-0.0630572	0.33902118	0.2740406	0.018187165	-0.65356517	0.97251445	0.10722537	-0.26792338	-0.20722343	0.2119915	-0.28359696	-0.19833773	-0.5627264	-0.45881304	-0.08382705	-0.077153504	-0.23023546	0.48558563	-1.161139	0.046074335	0.07763527	0.032760806	-0.53550506	-0.0057556257	-0.49856648	-0.49537978	-0.6447907	0.32003948	0.710137	0.06818451	0.013171392	0.51182574	0.50460935	0.26191124	0.11247534	-0.17771766	0.3184492	-0.22395809	-0.5079689	0.5250677	-0.10214001	-0.21449769	-0.3306904	-0.94371164	-1.2957988	-0.333431	-0.3392631	-0.26831526	-0.38327724	0.060203385	-0.3826422	0.055200864	0.2668583	0.4141513	-0.104740605	0.2949627	-0.22980382	-0.43433022	0.751231	0.016607407	-0.25145122	-0.20826924	0.4427439	-0.03255954	0.61999965	0.10337899	-0.33373946	-1.0263214	0.32661104	-0.9133152	-0.13698904	0.36580884	-0.23588444	0.5076505	-0.3210635	-0.44691598	-0.23080698	-0.15991798	-1.3972124	-0.5957229	0.5375595	0.5663244	-0.31254125	0.27880043	0.13542186	0.6646991	0.6396274	0.008573292	0.07546997	-0.5488251	-1.5083731	0.07610823	-0.7348371	-0.58951163	0.13123553	0.4504896	-0.32619882	0.018338814	0.75266874	-0.76328313	-0.19043554	0.96632195	0.40605196	-0.30595458
-0.4842859	-0.050643485	0.15530181	-0.378595	-0.05357412	0.12886292	0.16692889	0.1877263	0.027490811	-0.12859164	0.27927536	0.38083977	-0.32885203	-0.22180331	0.24621162	0.37083173	0.70259625	-0.4081373	-0.14226833	0.023674678	-0.088276446	-0.40301716	-0.53911257	-0.121247396	-0.31772164	-0.28487676	0.17175594	-0.3858727	0.13562945	-0.4732809	0.092879586	-0.08051187	0.082088485	0.10938002	0.8173816	0.40354368	-0.37796968	0.8105285	0.64263636	0.4431554	-0.025056444	0.48828477	-0.4941406	0.26377794	0.3752664	-0.884424	0.12037829	0.70883596	-0.5666802	0.3329305	0.013693441	-0.06821955	0.07814997	-0.18097007	0.43751976	-0.2739489	-0.12717909	0.007337176	-0.21076131	0.16982539	-0.18237072	1.0326929	0.023776293	0.2538582	0.85435665	-0.16240424	-0.17274623	0.0057340395	-0.6143825	0.2566739	-0.5543639	0.4724109	-0.49905175	0.10167243	-0.43047127	0.2102143	0.28302824	-0.074294314	-0.09503198	0.40806916	-0.4274119	-0.3662427	0.4505841	0.805964	-0.04848592	-0.49101803	0.41466948	-0.35850602	0.36362848	-0.23126647	0.036910757	-0.2690433	-0.106204726	-0.13746691	-0.5593423	-0.11824069	-0.11949274	0.17780331	0.23078267	-1.2880327	-0.15222204	-0.38695562	-0.31591374	-0.35164338	-0.19852261	-0.012519306	-0.26563892	-0.34011135	0.16070281	0.5882825	0.32072625	0.4989964	-0.08956602	0.33248425	-0.9993152	0.19531949	-0.5069985	-0.1438082	0.06966462	0.31155127	-0.1441925	-0.21838088	0.50935036	-0.008939028	1.0163697	0.20981209	0.3319304	-0.14686027
0.060475737	0.115685366	0.004168443	0.17742953	0.24288203	0.049395982	0.024073122	0.28096768	0.12628086	0.10560769	-0.21789308	0.18092921	-0.014180075	-0.04303589	-0.07391623	0.2577906	0.19951984	0.20706548	0.06652538	0.009380373	0.24121526	-0.21907036	0.20383413	0.09060325	-0.33253625	0.1834973	-0.11234063	-0.15834005	-0.1203583	-0.35171494	0.16536978	-0.3348075	-0.14634067	0.041970387	-0.15496811	0.0073413136	-0.43566304	-0.32398877	0.11522819	0.32836753	-0.46101353	0.12620905	-0.23499006	-0.1528185	0.13026406	-0.51512104	0.06607977	0.3693935	-0.13873476	0.005675776	-0.3984905	0.18855026	0.1751314	0.13099708	0.0047628996	-0.27422002	0.003917303	0.44533634	-0.04819234	0.080660306	-0.17626488	0.47491506	-0.062440097	0.14845996	0.08146907	0.035724323	-0.10822323	0.08082059	0.03530657	-0.14319722	-0.29692551	-0.23341681	-0.049725495	-0.25366	-0.06278495	0.032841533	0.13613567	0.009970512	0.027500845	0.14265202	-0.43384308	-0.3611536	0.031432636	0.1934274	0.089267865	0.20710292	-0.07356032	0.02677396	0.22305207	-0.028721357	0.07516009	0.01775766	-0.12252531	-0.17728506	-0.24112567	-0.14726037	-0.06637492	0.14764704	0.24940938	0.013146824	-0.16543506	-0.2800822	-0.38987952	0.07018425	-0.1299803	-0.071308665	-0.018952256	-0.046585888	0.4879995	0.2741709	-0.24407788	0.24507494	-0.32283527	-0.18492319	-0.03727643	0.15624222	-0.0135487765	-0.061605975	0.18059507	-0.22051299	-0.026280534	-0.09991371	0.039106775	0.09915461	-0.37383473	-0.37222707	0.364404	-0.25538802
0.58560693	0.34975508	0.20437013	0.1195378	0.3936244	0.26215842	0.6284834	1.3904965	0.967272	-0.6412238	-0.75215435	0.44847226	-0.14217307	0.28122595	-0.8536322	-0.3576845	0.13092586	0.010063894	-0.34263688	0.42864025	0.53740066	0.4680287	-0.2605382	0.22937268	-1.004506	0.21841364	0.47277144	-0.12927432	-0.97723097	-0.4855598	-0.41397205	-0.18397792	-0.35937387	0.5694923	-0.1396711	0.35889652	-0.019426188	-0.15769814	0.1436352	0.68069535	-0.017594181	-0.15473138	-0.65168166	-1.3057098	-0.095936194	0.057514403	0.23899657	0.22150408	0.6432883	0.011270473	-0.71194386	0.049043335	0.7681056	-0.23717065	-0.37091887	-0.66887754	-0.19918954	0.735519	-0.53747886	-0.53212124	-1.3559879	0.72423834	-0.5825076	0.7675385	0.08742712	0.5599006	0.5284843	-0.24270138	0.09132639	-0.06396685	-0.4497687	0.22002369	0.4830914	0.54048324	0.18978742	0.20542885	-0.09088146	-0.34691566	0.31943032	-0.08903103	-0.41632032	-0.81077266	1.0425066	-0.17756769	-0.56686294	-1.0689883	-0.8602821	0.43070388	0.5039216	-0.28466573	-0.36230275	-0.10120173	0.065404	-0.05510587	-0.14781152	0.41203314	0.3227032	-0.05339017	0.745853	-0.6703651	-0.6163506	-1.2610333	-0.22953114	0.46391726	0.09310766	-0.1669745	-0.17124729	0.6712976	0.17399442	0.54570884	-0.7538774	-0.21594635	0.4505349	0.2268718	-0.9691704	-0.2278514	-0.52092785	-0.60153174	0.22679599	-0.82486665	-0.06431986	-1.2398733	0.75418496	-0.4022822	-0.5542363	-0.14061077	1.3179673	-0.73833877
0.0027953587	0.007606422	-0.20475417	-0.22000791	0.21048808	0.17465878	-0.07594321	0.15546802	0.25102434	0.35552788	-0.15727985	0.051232684	0.10464486	0.055803895	-0.26808205	0.36418074	0.010542247	-0.23802082	-0.14446582	0.309894	0.03312621	-0.17724583	-0.043148883	-0.38576835	-0.4700498	0.0760952	-0.27478528	-0.07408835	0.10949991	0.12669156	-0.19321294	-0.29429004	-0.18114531	-0.07013813	-0.11702899	-0.12990789	-0.61029077	-0.25995895	-0.050003752	-0.15971392	-0.29888603	-0.19019562	-0.079687305	-0.08004124	0.14535172	-0.13117914	0.14877711	-0.1048637	-0.26183206	0.09730318	0.08653062	0.15017924	-0.31251666	-0.19704792	-0.018422225	-0.09743455	0.22289702	0.47080138	0.15038127	-0.028950198	0.018216409	0.16336893	-0.0032870865	0.127048	0.16416037	-0.16222899	-0.017967183	-0.07185968	0.2662868	-0.015298299	-0.046065763	0.21561714	0.12267571	-0.08165031	-0.20433603	-0.24424446	-0.11275191	-0.0009905415	-0.3293971	0.09345812	-0.149454	-0.108806685	0.12605233	0.04512717	0.025628826	0.011662982	-0.42076653	0.119680054	0.27144474	-0.10231473	0.32124716	-0.70951146	-0.08463379	-0.029097902	-0.2700827	0.03552373	0.35072345	-0.01936226	-0.3372789	-0.16866682	0.17445968	-0.2742015	-0.28721604	-0.112383746	-0.1960289	0.18360336	-0.17891234	-0.04646044	0.40404868	0.27554578	0.020171108	0.30485156	0.23607758	0.17948352	-0.18920535	0.093021326	0.04165923	0.31117216	0.21525596	0.29652518	-0.23881224	-0.04611501	0.43161267	0.30376902	-0.21547543	0.04737778	0.1373829	-0.16096535
0.25962195	0.2423483	-0.037811536	0.0792758	0.14862172	0.07175898	0.35137054	0.27902988	0.17242345	-0.12240583	-0.19970945	0.16566864	0.12902792	-0.1943848	0.010004979	0.056020193	0.057940442	-0.24155717	-0.07872531	0.25722596	-0.1495798	-0.26966068	-0.058750536	-0.13572273	-0.20113221	-0.008959503	-0.15689196	-0.28540862	0.010544836	0.34797245	-0.13770792	-0.09367756	-0.16232507	0.0055976626	0.11746511	0.019228527	-0.18742046	-0.0339369	-0.19885743	-0.01885512	-0.11911841	-0.118056186	-0.12266988	0.0023156304	0.19378251	0.10372262	0.14944638	0.05757406	0.021146946	-0.07854797	0.037613813	-0.1878613	-0.007674662	-0.081271045	-0.13442367	-0.020590885	0.17121695	0.1821293	0.1322614	-0.022351602	-0.06377702	0.2051721	-0.37503883	-0.052047417	0.06973915	-0.09733143	-0.118834786	0.11442281	-0.1226928	-0.02402351	0.036400575	-0.01349012	0.20560005	-0.079431504	0.016603798	-0.06867063	0.009868181	-0.018945344	0.11565942	0.07737276	0.14362042	-0.19590472	0.0595341	0.16017903	0.036184173	-0.32796684	0.20148937	-0.0764452	0.26383802	0.07026059	-0.038951304	0.1539625	-0.13456121	-0.02382929	-0.19807212	-0.15750526	0.35662383	-0.101655915	0.0006910482	-0.32466546	-0.19886278	-0.4970388	-0.19152717	-0.0884037	-0.08396274	-0.11167201	-0.119157754	0.037726447	0.20532331	0.27777004	0.03142966	0.23173513	-0.12784737	0.023390954	-0.1344292	-0.0036004179	-0.123811975	-0.047695596	-0.000661506	-0.0010802548	0.055380564	0.15183537	0.1306345	0.23065826	-0.14699693	0.05846854	0.006496791	-0.0071085216
-0.026222121	-0.05316547	0.023761626	-0.017919889	0.03747942	0.064527065	0.0238677	0.22964258	0.122700065	-0.095326416	-0.07275583	-0.037996557	0.042511724	-0.009823955	-0.1967397	0.06644451	0.0043275733	-0.25903764	-0.06494574	0.05125113	0.070380725	-0.10151987	-0.17235965	0.014610647	-0.15357378	0.10029919	-0.10338703	-0.20351541	-0.0055984566	-0.04659094	-0.14297812	-0.115174465	0.0062244777	0.016711254	-0.15242122	-0.014309567	-0.14446473	-0.19417487	0.015314154	-0.05745539	-0.08835937	0.056481197	-0.13426027	-0.045532405	0.019548241	-0.094289616	0.05146437	0.2092071	-0.047438473	-0.0445856	-0.04467226	-0.04339944	0.15898094	-0.12660474	-0.067391776	-0.08601219	0.16731553	0.08997791	-0.009688117	-0.00088883075	0.012113412	0.031553417	-0.19779	0.028064035	0.036792606	-0.08777955	-0.066904426	0.04836099	-0.0057075843	-0.05391421	0.0039391774	0.045614205	0.111997984	-0.08995945	0.06925827	-0.02851465	0.01298812	-0.058921568	-0.052230768	0.016083986	-0.039611775	-0.1298111	-0.014551493	0.032353874	-0.10729275	-0.08526671	0.038595434	0.11554477	0.14482439	-0.008442964	-0.062284432	0.046873532	-0.26504722	-0.018347196	-0.03851427	0.04534179	0.1502334	0.045960236	0.0660686	-0.14546034	-0.13971175	-0.2677971	-0.12527893	0.023927364	-0.13907804	-0.08627907	0.12627317	0.061394915	0.15346035	0.09067995	0.026062336	0.1269375	0.014731613	0.0405211	-0.21688467	-0.00015602278	-0.099330455	0.019760715	0.12264337	0.03863985	-0.09411837	-0.066325404	0.07887411	0.040952176	-0.13978449	0.11778285	0.042256184	0.034887645
0.2842961	0.16309361	1.3704557	0.18929176	-0.08721148	-0.43510816	-0.018673578	-0.22099361	1.0789863	-0.431544	-0.0030767862	0.14486834	-0.2844834	-0.3913145	-0.69865364	-0.105546914	0.27610332	-0.16005999	-0.40861544	0.23096071	-0.027973322	-0.516178	-0.5364645	0.011767218	-0.2977598	0.3763971	0.15630859	-0.57443154	-0.010117833	0.58108586	-0.09232025	-0.28239518	0.33190063	0.17258917	1.3732774	0.3547167	-0.6114828	0.6413394	0.5254108	-0.3373619	0.39249837	0.37068704	-0.5954164	0.39718828	-0.41522688	-0.6657658	0.51787597	0.26825422	0.42143407	0.4298774	-0.6983311	-0.46898878	-0.4655598	0.51975256	-0.08137485	0.048702147	0.46471682	0.08301956	0.33900476	-0.335978	0.23411071	0.54976857	-0.7516326	0.7164769	0.38252446	0.23031998	0.09334066	-0.43560907	-0.013810007	-0.071115844	-0.20017886	0.035771027	0.008189005	0.03860514	0.08452503	0.9954474	0.20359492	-0.5329559	0.16617933	0.5549668	-0.07834832	-0.287754	0.019581487	0.27432343	-0.90173995	-0.6591687	0.077761255	0.49246204	-0.53586906	0.11152972	-0.5947583	-0.40304276	-0.41965082	-0.3785076	0.29365674	0.15900281	0.5307648	0.059800748	-0.6920361	-0.80289775	-0.26732022	-0.7985245	-0.7353365	-0.24838337	0.30462506	-0.06635286	0.19462506	-0.19100116	-0.14740619	0.9057756	0.6558202	-0.20988557	-0.39058897	-0.1108323	-1.0211	-0.24961558	-0.29591814	0.29551613	0.72566235	-0.04885739	-0.22463277	0.07309481	0.85753334	-0.07624763	0.40930927	0.23491766	0.2609861	0.2016354
0.102846585	-0.03259565	0.24176604	-0.08318811	0.39984933	0.17652136	0.034336463	0.44016027	0.06307859	0.010886026	0.17243482	-0.063175805	0.14246139	0.14499684	-0.080749534	0.0018956178	0.18563758	0.03249978	-0.066993184	0.11437657	0.110217094	-0.124823675	-0.32274163	0.015201311	-0.23850447	-0.046270452	0.19859578	-0.14121449	-0.011751426	0.038454954	-0.09436825	-0.23195958	0.116890855	0.09235733	0.12243464	0.39079913	-0.007925635	0.22076736	0.16775443	-0.13215199	-0.11410387	0.021086771	-0.27105266	-0.11026442	-0.16222061	-0.07017551	0.050955158	0.06256952	0.080881804	0.12968473	0.023904935	0.2116808	0.3201875	-0.07045879	0.053107653	-0.10330762	0.0029796946	0.09397856	0.06477885	0.039311055	-0.030711282	-0.09401273	-0.11068995	0.17270896	0.2649594	0.15499309	0.01776818	0.2906498	0.042925626	-0.06532634	0.1544574	-0.13413092	-0.03286407	0.017947499	-0.036712527	0.15001515	0.1350732	0.292045	-0.041309692	0.19271758	0.17105389	-0.32293496	0.030276347	0.26890612	-0.10479641	-0.25172776	-0.00065467873	-0.09480089	0.36953485	-0.0048098704	-0.1937566	-0.0015813059	-0.6148864	-0.1215306	-0.3180448	-0.40261945	0.13888565	0.109552234	0.19106609	-0.24854612	-0.2945147	-0.10530815	-0.16762663	0.0018961529	0.16312858	-0.102355674	0.03374667	-0.49077716	0.19269821	0.16014633	-0.011705618	0.07245938	0.09538258	-0.07039645	-0.059940264	0.031342577	-0.30279478	-0.31008455	0.11826737	-0.039484162	-0.1339828	-0.12177247	-0.03779687	0.17368835	-0.137471	-0.1302674	-0.018466357	-0.12449939
0.010980424	0.38890743	0.37016955	-0.032289483	-0.21008036	-0.29204917	-0.12426289	0.28179812	0.8795469	0.0835509	-0.38332805	0.14686044	0.15460353	0.35684317	-0.079098865	0.26808822	-0.059026793	-0.26103634	-0.6982762	0.26347414	0.25178236	-0.5668137	-0.23000726	0.3976913	-0.07806568	0.31409723	-0.2860493	-0.48385942	-0.23749986	0.21008952	-0.43736324	-0.19976187	0.4145949	0.26631743	0.18299483	0.3893752	-0.40267065	-0.4637457	-0.16426814	0.092465006	-0.42805964	0.019887155	-0.8038952	-0.28107503	-0.19878006	-0.46745294	0.1873053	0.22933939	-0.46996287	-0.00229076	-0.69992054	-0.5280353	0.25491735	0.23818965	-0.11241386	-0.2455507	0.85188305	0.36949426	0.058470834	-0.14879839	-0.23312831	0.4142031	-0.17337288	0.6744249	0.33694375	0.045471616	-0.20083454	-0.73393327	-0.24765116	-0.21173845	-0.22099456	0.014719071	0.077628694	0.20943956	0.39349225	0.21696757	0.16175002	-0.47696668	-0.14817677	0.21928902	-0.0694731	-0.55889964	0.48291066	0.24080479	-0.5731552	-0.5468411	0.25306255	0.24708849	0.0636706	0.58631957	-0.15829109	-0.30233783	-0.19953471	-0.16787055	0.25212207	-0.120625585	0.18298145	-0.03955988	-0.21503489	-0.39885098	-0.27753484	-0.46219206	-0.437465	-0.4130514	0.20145786	-0.0063838717	-0.16435246	0.1658855	0.54265594	0.82147044	0.07449559	-0.2939507	-0.66808426	0.050100986	-0.8715183	0.5606303	-0.41622055	-0.11660644	0.24480571	0.07905199	-0.16608498	-0.19680022	0.4184004	-0.2876309	-0.048829976	-0.029227832	-0.1337661	-0.007933808
-0.44220802	0.50399953	0.5035998	-0.46557787	0.69437426	1.1551816	1.2842562	0.5371458	1.2555319	-0.60390186	0.37534297	0.8053601	0.26850405	0.5405327	-0.11568818	-0.02058272	-0.2925732	-1.1266013	0.37338433	0.8074295	-0.6479616	0.14301912	-0.16739118	-0.46692893	0.3535858	0.2682878	-0.7502922	-1.0460094	-0.76269114	0.003742658	-0.2853776	-1.0063576	0.5899376	1.1095979	-0.79811656	1.6051592	-0.4479059	-0.38169542	0.5819022	-0.4931696	-0.54551953	0.47079772	-0.38223663	0.52277476	-0.42327574	0.22687319	-0.62941617	0.06664471	0.06777123	-1.0931951	-0.20613083	0.18173377	0.43365046	-0.7678883	-0.57641435	-0.8959956	0.12329965	0.5109148	-0.013659662	-0.1575206	0.2679213	0.067978315	-1.5985208	-0.5962367	0.19138934	-0.8399683	0.31691647	-0.0814899	-1.2938666	-0.3503412	1.1023643	-0.023562979	0.29364565	-0.58346814	0.51372075	0.28631103	-0.3324355	0.81091017	0.49360555	0.7260924	-1.6125761	-0.6503395	-0.21110137	-0.40123844	0.6631643	0.22949068	-0.23045702	-1.0401366	0.5113696	0.4792865	0.3281495	-0.4220632	-1.3733377	1.064107	0.7471028	0.9231082	-0.039170045	-1.3566812	0.66013247	0.056728985	0.18616118	-0.48721343	0.6185142	-0.46580604	0.17809144	-0.89852077	0.75946105	1.215856	1.1341707	-0.12920946	0.66215146	-0.1905115	-0.049129628	0.07724949	-0.8324677	0.36227712	-0.72089416	0.18505238	-0.97177637	-0.9825128	-0.84534186	-0.6506396	0.3848343	0.08213984	-0.24241592	0.18691367	0.4553665	-1.1055113
0.15564124	-0.013222678	0.5828206	-0.73162746	0.22505799	0.28631264	0.2973214	0.5230662	0.4108827	0.03520199	0.41422334	0.0122892605	-0.28385684	-0.31431767	-0.640384	-0.01432389	0.21736977	-0.48273417	-0.0009131814	0.039198093	-0.43828884	-0.42399943	-1.1020119	-0.20868285	-0.7207867	-0.2877123	0.28011963	-0.21114193	-0.18196732	-0.35994864	0.33491254	-0.4351765	0.106696755	-0.2695662	0.7051314	0.17707741	-0.359811	0.87720495	0.49603128	-0.13708857	0.08863688	0.52935046	-0.48857725	0.17123395	0.35372353	-0.49516022	0.36028486	0.27885434	-0.06017191	0.40114132	0.23815179	-0.20203236	-0.19208516	-0.20573361	-0.2283814	-0.4796452	-0.23113133	0.11526234	0.028360033	0.03934755	0.3638445	0.737493	-0.4392586	0.22489116	0.47667375	-0.44713828	0.12586926	-0.36008042	0.33094558	0.19810571	-0.4867814	0.12343536	-0.2769361	-0.3507231	0.010725224	0.6074781	0.7937819	-0.498462	0.31321958	0.473489	0.14299996	-0.42248595	0.29021376	0.9897924	-0.56006813	-0.33173263	0.40671578	0.089132585	0.01886458	-0.18381326	-0.12055598	-0.397167	-0.37619796	-0.09600092	-0.06382292	0.28652492	0.03078494	0.13214394	-0.005478022	-1.2777169	-0.031194584	-0.4154721	-0.45304596	0.034758464	-0.1310948	0.076959364	-0.22803257	-0.19409081	-0.20427246	0.5424832	0.5874904	0.5012861	0.07424496	-0.029912425	-0.9249734	0.22533807	-0.34284055	0.026694665	0.3609788	0.61700654	-0.7235328	-0.031130532	0.619525	-0.31079775	0.061573934	0.6610616	0.33149526	0.18051547
0.13346703	0.34392282	-0.11992537	0.032530453	0.20475689	0.5930764	1.0432931	1.4494327	1.0485351	0.52910197	0.33048305	0.5507675	0.36440825	0.5666587	-0.45191765	0.4260318	0.30313557	0.80870247	-0.04796134	0.8417555	-0.47410685	0.17164728	-1.0179679	0.19346227	-1.7533616	-0.59471583	0.17460863	-0.084680416	-0.7125365	-0.73213565	-0.6049328	-1.5119607	-0.34964716	0.12621556	-0.5061521	-0.86508274	-0.8664046	-0.34412736	0.32022336	0.29854685	-0.7228781	0.27604005	-1.0151882	-0.6194282	0.67365223	0.34347668	0.022622483	0.88149756	-0.5465905	0.16664699	0.23719272	0.4928172	0.9044958	-0.38535425	-0.18336682	0.04122543	-0.86159575	-0.5450319	-0.7104458	-0.030660428	-1.0539161	1.016183	-0.8229727	0.37129873	0.003052652	0.13015999	-0.091936246	0.18305817	0.018197762	-0.21215118	0.54911226	0.304205	-0.5899873	-0.8020241	0.058554463	-0.1392819	1.2872642	0.33125973	-0.19496444	0.782052	-0.67325157	-0.8272167	0.20764554	0.6828776	-0.37392923	-0.5297981	0.32698718	-0.08228424	0.20124474	-0.22462986	0.052118525	-0.5808065	-0.85221857	-0.1701734	0.17525811	-0.09846186	0.44922623	-1.0208403	-0.59314847	-0.3109624	-0.3655882	-0.46728814	-0.57960266	0.38271782	0.014306208	-0.7764022	-0.3539942	-0.32870558	0.39528215	0.66925555	0.52355903	-0.64468974	-0.7896988	0.20418109	-0.70703965	0.6156744	-0.5542167	-0.40023053	-0.14416718	0.65822816	-0.4386337	-0.7872322	0.1393531	0.22737409	-0.26093537	0.4341092	0.24993326	-0.03955903
0.4982653	-0.038531125	0.124245614	-0.14940014	1.2222015	0.5421231	-0.13467716	0.9778933	0.9449716	0.3409896	1.0005546	0.39760572	-0.2355633	-0.0023124823	0.06301825	0.6549621	0.08675155	0.248507	0.051464204	0.35877246	0.0172873	-0.520632	-0.5668154	-0.12954666	-0.71270406	0.6987745	0.22283658	-0.21799912	-0.38205427	1.060741	0.07659527	-1.0814021	0.5130581	-0.31050798	0.527471	0.21061061	0.38814965	-0.281499	0.49454552	-0.38352114	-0.9704717	0.057473242	-0.10009085	-0.15733364	0.9236495	-0.77309793	-0.012595471	0.50182605	-0.9030437	0.39834037	-0.46856716	0.18738952	0.0018996032	0.0031701818	0.05101583	-0.4801366	-0.24836943	0.5296469	-0.03504909	-0.41759104	0.34840924	-0.16314255	0.5845377	0.12829797	0.6520227	0.11818406	0.051763397	0.5303016	0.13171795	-0.26629126	0.19233546	-0.61507255	-0.18417734	-0.23252743	-0.10040738	-0.19430411	0.45385966	-0.0859827	-0.63416106	0.12740192	-0.67534226	-0.7427796	0.2568706	0.103202045	0.026578637	-0.035680402	-0.32660955	0.3388922	0.64324695	0.121076256	0.3497233	-0.3570379	-1.0110478	-0.20199196	-0.42117444	0.004574777	0.35154364	0.62861687	-0.072185144	0.47021842	0.02375338	-0.65677726	-0.20602793	0.4234933	-0.08216342	0.3858471	-0.26261702	-0.04418063	0.07320416	0.23686354	-0.10975167	0.3988734	0.2609168	0.07127199	-0.17458689	-0.32692274	-0.7550288	-0.05880424	0.44418123	0.7046727	0.03603935	0.09106593	0.035404965	0.20157127	-0.62489897	-0.6485871	0.29540116	0.26198015
0.19266564	0.02305708	-0.051716413	0.02389887	0.4003952	0.16154356	0.0017056076	0.1718627	0.1005859	0.0006891339	0.33043644	0.16815613	-0.09406135	0.02352797	0.20189714	0.034791805	0.044022102	-0.07006558	-0.06711042	0.062952265	-0.005767844	-0.20086513	-0.21286543	-0.014300028	-0.20378341	0.24998432	0.052592903	-0.1962359	-0.07906166	0.08845246	0.04560763	-0.09429748	0.06732645	0.14826253	0.12992224	0.031501625	0.08040134	-0.103710376	0.2976995	-0.05467757	-0.3012124	0.09247888	-0.07224699	0.0056798346	0.15838155	-0.25121674	-0.046071276	0.2718934	-0.2993785	0.07348239	-0.17876546	0.002159035	0.27463332	-0.06101753	-0.07217477	-0.23490998	-0.035290286	0.24279958	-0.1298944	-0.17265412	-0.0028615054	0.061286725	0.07946627	0.0051495153	0.08326603	0.07325249	-0.0014882542	0.20758636	0.0046629123	-0.120430894	0.027039004	-0.19128938	0.080804005	-0.11470882	0.015860863	-0.028927553	0.04170838	0.057748638	-0.070770465	-0.014946743	-0.19116595	-0.31436673	-0.016873365	0.20285209	0.015706165	-0.052185915	0.060422953	-0.05408976	0.10346126	0.014617628	-0.0002167345	-0.09356478	-0.35062495	-0.18794644	-0.1991998	-0.042733897	0.1921935	0.117310144	0.023852507	0.015559229	-0.04779795	-0.30393168	-0.208791	0.01639057	0.09142074	-0.026909167	-0.06592971	0.067518726	0.15062498	0.14990826	0.135145	0.1623753	0.061999455	-0.014627605	0.16747175	-0.0011203097	-0.14186014	-0.017365146	-0.06308376	0.14486027	-0.03582243	-0.14837669	0.022654373	0.022045428	-0.07099718	-0.1007032	0.103578545	0.04390463
-0.09708732	-0.36934716	0.31922027	0.116378814	0.5604274	-0.094977364	-0.043734666	-0.12744206	0.39687607	0.07040477	0.6369914	0.34944353	-0.21579719	-0.07848216	-0.028101863	-0.1570504	0.42470086	0.62519974	0.4595545	-0.071915925	0.39919883	-0.24859524	-0.1487531	-0.20298846	-0.92663366	0.18122116	-0.5387514	-0.5732279	-0.1126666	-0.22081704	-0.024960553	-0.59580624	-0.17010121	-0.009304649	-0.07038406	-0.06731127	-0.017872237	-0.54997337	0.3846068	0.32801732	-0.40580374	0.18608691	-1.0583844	-0.22977416	0.34217387	-0.061703898	0.0416748	0.45177746	-0.014163482	-0.4478825	-0.07817936	0.07915142	-0.03941832	-0.42369792	-0.18652369	0.026635347	0.1955917	0.21477583	-0.31265694	0.18061176	-0.06642285	0.71836406	0.47183204	0.54343456	0.66394424	0.05051619	-0.0457832	0.13410391	-0.35962927	0.161202	-0.23262294	-0.09717862	-0.36288163	-0.2596256	-0.4638461	-0.15237603	0.47971126	0.82628655	-0.19012533	-0.33087802	-0.4336002	-0.5699534	0.29375625	0.124109685	-0.24664387	-0.17390126	-0.5083052	-0.29815257	0.6083156	-0.13354374	-0.020956732	-0.040893383	-0.87214416	0.43295968	-0.30230293	-0.68397135	0.23619628	0.31005028	0.44919798	-0.38132566	0.2952261	-0.5674605	-0.1715566	-0.11239625	-0.32661378	0.1781947	-0.33930713	-0.34150976	0.20870468	0.2760834	-0.12536147	0.98192656	0.18141179	-0.40303865	-0.6778619	0.038436618	-0.5570851	-0.111495756	0.42849925	-0.19579884	-0.16814807	0.08989454	0.45117915	0.7416666	0.08787185	0.0323721	0.19942965	-0.21728474
0.15156682	0.1640071	-0.11484527	0.13398446	0.17867519	0.020549433	-0.04537733	0.37741524	0.43795106	0.094993725	-0.111090206	0.15582457	0.0699756	0.074758545	-0.07477725	0.09934621	-0.021783797	-0.005949677	-0.18931814	0.31593585	0.08113988	-0.18393424	-0.21075925	0.08269901	-0.25214586	-0.22184582	-0.12381632	-0.1769243	-0.17716938	0.1375618	-0.09938501	-0.23613122	-0.07801208	0.09179996	-0.12499672	-0.1580253	-0.09185913	-0.25480986	0.07561922	-0.0050298907	-0.16013658	-0.11723176	-0.336189	0.056389406	-0.01683248	-0.1597967	0.023075953	0.3568396	-0.15160352	-0.092433415	-0.1464817	-0.3417127	0.13671866	-0.03840267	0.0042251176	0.030037174	0.2737627	0.09744932	0.07769974	-0.08132326	0.111146115	0.01182307	-0.11578291	-0.030564535	0.14979234	0.029369714	-0.031941283	0.034606386	-0.07736258	-0.17496355	0.13771616	-0.005800735	0.16866425	-0.13226588	0.25616115	-0.1147026	0.033315513	-0.08226708	0.09487411	-0.035704914	0.046285816	-0.16592102	0.0955957	-0.07243086	-0.19655252	-0.24837497	0.36545196	-0.103062585	0.0040810932	0.18250781	0.115854956	-0.22178309	-0.10936288	-0.029121067	0.2719784	-0.08798086	0.13916244	-0.124075174	0.08746687	-0.022440126	-0.110471524	-0.19258523	0.038894843	0.15159287	0.03175681	0.008461412	-0.14868195	0.17004739	0.021839533	0.25420585	0.067905255	0.05046279	-0.10153123	0.14537077	-0.14591862	0.02684907	-0.22636811	0.28177452	0.09954142	-0.21193238	-0.09162609	-0.13365318	0.0874851	0.17747632	-0.18364006	0.011057797	0.016633399	0.12441848
0.028508892	-0.045115985	0.5387672	-0.648	0.27106416	0.19825095	0.21842578	0.4617462	0.42424724	-0.13205096	0.47057396	0.09283696	-0.34780568	-0.17923456	-0.6273366	-0.10409501	0.3517467	-0.40065333	-0.17441987	0.049168885	-0.38889912	-0.36476862	-1.1857431	-0.30925655	-0.5812922	-0.13288628	0.16306631	-0.13973083	-0.2156708	-0.5567311	0.09994326	-0.45626092	0.15345459	-0.2370161	0.65974635	0.15592577	-0.14553942	0.8745406	0.5178616	-0.14292769	0.24039769	0.3993173	-0.19121675	0.19178338	0.38061932	-0.48332393	0.35259098	0.43243194	-0.084840015	0.2586312	0.16059871	-0.14484751	-0.25320047	-0.21713679	-0.17365633	-0.4463879	-0.047954157	-0.023089273	0.122703224	0.14515802	0.25179613	0.8593652	-0.62007785	0.27723703	0.42262825	-0.46392584	0.18028189	-0.4023255	0.3795061	0.17882313	-0.5021038	0.18787089	-0.16527358	-0.06402655	-0.069135934	0.58847857	0.6721155	-0.4144914	0.39585996	0.32374954	-0.038225528	-0.61823463	0.27711496	0.79061544	-0.43486395	-0.33694717	0.36858812	0.31444716	0.098244585	-0.34703183	-0.21566154	-0.2967013	-0.25342652	-0.3457805	-0.18777311	0.43190992	-0.08087967	0.2156677	-0.14731956	-1.3537167	-0.1704531	-0.6313281	-0.40212804	0.20894377	-0.08544359	0.22528763	-0.1360048	-0.072003365	-0.14168638	0.6687746	0.48318723	0.4341383	0.08871887	0.00017332626	-0.7949982	0.10597332	-0.3632459	-0.09218226	0.37762132	0.4809043	-0.654607	-0.054603025	0.6101366	-0.26308796	-0.070931815	0.69808817	0.34584272	-0.0035659687
0.21658924	0.7806971	-0.19881591	0.52541673	0.8908502	-0.39135742	1.4274248	1.0864911	0.8085462	-0.3941014	-0.23125257	0.16611026	-0.3496289	-0.65282625	-0.3897578	-0.35200617	0.20284869	0.3543777	-0.49849454	0.40466517	1.36658	-0.23014571	0.4436598	-0.021664856	0.015317434	0.27211988	-0.6831454	-0.21167439	-0.33234385	0.02851791	-0.4296501	0.3807035	-0.23412226	-0.3480795	0.06061947	-0.043036584	-0.051171742	-0.19457935	-0.3926299	0.5111983	-0.23045827	0.024299862	-0.7101704	0.10438477	-0.03425827	-0.5849996	0.62910753	0.588568	0.6146383	0.30645892	-0.36832651	-0.09608852	-0.47778866	-0.2869191	-0.13999176	0.035732236	0.36842197	0.25120163	-0.43958277	-0.36399543	-0.33483946	0.37830058	-1.0301634	-0.5475234	0.088617146	-0.1357162	-0.35153598	-0.22354275	0.9786933	-0.5471737	-0.18571089	-0.13904564	0.24848609	0.22287847	0.55288434	0.7059923	0.3743892	0.029493498	-0.2816728	0.63187534	-0.4166434	-1.4943849	0.21836826	-0.11445383	-0.2863375	-0.6924794	-0.2237501	0.00735257	0.7235903	-0.41263065	0.08361498	0.27573338	-0.6849377	-0.31518176	-0.27461028	0.56447124	-0.51623744	0.4602143	0.34081244	-0.68351614	0.01737181	-1.6286628	-0.021757795	0.35609466	-0.3082547	0.67325485	-0.90165806	0.23396195	0.21174172	0.39901447	0.3079026	-0.11988044	0.45293224	0.1684908	-0.3655721	-0.21005107	-0.21339007	-0.008655552	0.339226	0.11707636	0.1522425	0.80276823	0.33761096	0.5034109	-0.17353551	-0.1413345	0.79416573	-0.064750135
-0.008452808	0.42406186	0.11413801	0.011228064	-0.34850907	0.1414239	0.8575924	0.57674885	0.9687402	0.2888931	-0.29584202	-0.26552883	0.140946	0.18367848	-0.28788337	0.25605887	-0.018254327	-0.0070597706	-0.76447845	0.39113384	0.1552868	-0.22935246	0.28570423	0.008692527	-0.19686761	-0.026459433	0.048566647	-0.3077172	-0.5535779	0.55391365	-0.16493164	-0.014514612	-0.10740457	0.08065241	0.20941302	0.42256036	-0.8174449	-0.6394431	-0.045644775	0.32398617	-0.30373782	0.43382984	-0.14868562	-0.28116742	-0.21096936	0.4474624	-0.4450701	0.20162036	0.137575	0.39424115	-0.17146	-0.2008093	0.04288846	-0.12623727	-0.44425213	0.101971656	0.9409196	0.21691544	0.20765333	-0.13119407	-0.12210009	0.5536105	-1.053521	0.09411083	1.17174	-0.03300865	-0.3512784	-0.603947	-0.11638514	-0.33123738	0.12007776	0.10791019	-0.014894389	0.41336557	0.18516606	-0.1761887	0.8144007	-0.10728864	-0.31121272	0.41430426	0.08736524	-0.8275194	0.42797506	0.29825047	-0.91839784	-0.6560966	0.26200223	-0.2697033	0.5558783	1.002096	0.18346652	-0.090070255	0.02851042	0.3289731	0.47962815	0.3633231	0.5423689	0.12053105	-0.35177314	-0.6588327	-0.21301138	-1.0218159	0.017722582	-0.5178591	-0.06988622	-0.26504117	-0.5605206	0.77797616	0.39251143	0.395757	0.13188529	-0.5446482	-0.15558802	-0.040206484	-0.99069804	0.5427704	-0.4431075	-0.10894502	0.2984091	0.1610783	-0.13937746	-0.07520103	0.6070902	-0.014994289	-0.30146706	0.3192141	0.6590471	-0.30411234
0.071107894	0.053221397	-0.020146377	0.13544926	0.34505013	0.13706781	-0.005747368	0.3214749	-0.03676659	0.12955429	-0.10442609	0.09711213	-0.010175625	0.041065145	-0.19654159	0.3317734	0.20625617	0.33311152	0.05199952	-0.039114766	0.2466439	-0.23890945	0.15127927	0.08710085	-0.3631294	0.12299449	-0.007854234	-0.21584186	-0.13010377	-0.32298103	0.27487877	-0.37680835	-0.20920134	0.02506459	-0.11260869	-0.015777286	-0.33002526	-0.20347266	0.08852848	0.33512878	-0.42906937	0.14490521	-0.20435901	-0.20516768	0.26531336	-0.57468486	0.088780075	0.44237885	-0.31065175	-0.016973654	-0.31752887	0.21160533	0.3819223	0.057479154	0.012019549	-0.36660385	0.021573903	0.4299159	0.036141712	-0.028996024	-0.15128157	0.4696391	-0.19220896	0.15011041	0.05614895	0.049656816	0.024907397	0.17880341	-0.117817834	-0.060596127	-0.33284444	-0.24164288	0.024788244	-0.28931716	-0.051762205	0.11019946	0.2507023	0.029990599	-0.059810136	0.08223819	-0.5733054	-0.39352557	0.005618021	0.19844133	-0.061886687	0.14454187	-0.075290024	0.010795875	0.15043592	-0.035923224	0.049152922	0.073869705	-0.121853	-0.23442699	-0.22921114	-0.3085995	-0.09177908	0.2477702	0.18470317	-0.09383134	-0.27311507	-0.20452638	-0.35612217	0.20491393	-0.023958534	-0.113969065	0.041328844	-0.18607621	0.45553604	0.27559707	-0.2920063	0.3122168	-0.4246544	-0.27358055	0.06417129	0.11131191	-0.04658946	-0.044224788	0.18176796	-0.16520496	0.029092591	-0.088599324	0.06207974	0.15914907	-0.52325946	-0.46462214	0.18026312	-0.26757443
0.2249255	0.21539582	-0.030980058	0.081608206	0.14193268	0.060688317	0.37929964	0.25501406	0.14263125	-0.116926745	-0.18324178	0.16684346	0.122933164	-0.18438587	0.044718154	0.062194567	0.0681832	-0.20871273	-0.0693432	0.27859956	-0.14304642	-0.26148072	-0.063587256	-0.12885073	-0.18745619	-0.03423059	-0.16946562	-0.26095662	-0.004986015	0.33083242	-0.12356444	-0.08360458	-0.17848957	-0.009653125	0.1352391	0.048065104	-0.19312155	-0.050926328	-0.22363858	-0.031547807	-0.13064316	-0.12051769	-0.11479203	-0.028618706	0.18458733	0.090886325	0.078631364	0.080935985	0.019671539	-0.053478234	0.033503823	-0.165826	0.02278356	-0.07066765	-0.13073598	-0.011544785	0.19037977	0.18302912	0.10908056	-0.03152143	-0.07560027	0.16117215	-0.3980194	-0.056572173	0.057551075	-0.11369973	-0.1273065	0.1070249	-0.13719971	-0.046170883	0.025757298	0.014584519	0.20613927	-0.0794757	0.030787082	-0.093653046	-0.027953098	-0.018741282	0.09438379	0.07218764	0.15275674	-0.18125767	0.057674002	0.18368155	0.06544308	-0.304465	0.18797556	-0.073256694	0.29685855	0.061213855	-0.01998043	0.13685502	-0.10396178	-0.026263958	-0.20084405	-0.13558583	0.32898605	-0.082334936	0.03595504	-0.32975638	-0.20485432	-0.53818446	-0.14415255	-0.08472368	-0.05199502	-0.09506341	-0.13229454	-0.0044720587	0.20970935	0.3110243	0.047196206	0.2236307	-0.14213149	0.039287947	-0.14023371	0.012240463	-0.12701134	-0.07722871	-0.015229527	-0.006796284	0.056463573	0.12208485	0.09609466	0.19502847	-0.1616419	0.074721605	0.04288699	-0.011577078
0.55229956	0.19841637	-0.46578467	0.6294578	0.7086796	-0.5317449	0.9234292	0.67123115	0.31347758	-0.18508017	-0.30052724	0.65938133	0.200572	-0.2945293	0.19389667	0.03519036	0.36331216	0.18500394	-0.066434585	0.8060203	0.8075832	-0.3231113	-0.29048872	0.008148672	-0.88016343	-0.22255383	-0.66478086	0.019626576	-0.2198429	0.44369093	-0.2527596	-0.51328325	-0.30824718	-0.049000274	-0.36165267	-0.14857444	-0.23504569	-0.16407482	-0.21909443	-0.27197412	-0.47278267	-0.11078297	-0.5302418	-0.07954841	0.07839602	0.175606	0.07966171	1.2367914	-0.43960473	-0.32618874	-0.13524787	-0.30103725	0.16645938	-0.16289754	-0.47926086	0.27540362	0.72535485	-0.052535612	0.034836367	-0.10891905	-0.6506902	0.28665784	0.020246176	-0.34496853	0.2213703	0.13630551	0.038097557	0.78509885	-0.29056683	0.19316307	-0.28383887	-0.10103775	0.38135353	-0.49336255	-0.438919	0.42485857	-0.37310046	0.40156507	0.42566806	0.5257001	-0.18754807	-0.39383736	0.366832	0.6136274	-0.40873873	-0.5043831	0.39683872	0.1984214	0.75657195	1.1433723	0.2585568	0.45086205	-0.2841108	-0.21086118	0.30515936	-0.32256266	0.5735645	-0.4942648	0.60718596	-0.3423029	-0.9409247	-0.62837404	-0.2060064	0.024158416	-0.046554074	-0.40212172	-0.075787716	-0.10768085	1.1194013	0.6419182	-0.5159112	-0.00045934418	-0.26696178	-0.2070183	-0.61056364	-0.7901588	-0.23060356	0.057735376	-0.21454374	-0.6971724	-0.20722152	-0.24694581	0.38840595	0.4453152	-0.26157916	-0.5703769	0.02269993	-0.00279178
0.13772964	-0.032681406	0.3271977	-0.053379282	0.5814595	0.35735908	0.13994463	0.4585606	0.20559068	0.02147576	0.24657407	0.07930231	0.0055578784	0.2581522	-0.013023746	0.0639653	0.29453692	0.17841224	0.11266081	0.11476626	0.13240059	-0.15487903	-0.41223794	-0.046915554	-0.28278762	0.03195799	0.16429804	-0.07385538	-0.12159245	0.0068961387	0.02450698	-0.28510198	0.022771541	-0.07199153	0.16295137	0.29508656	0.125111	0.22603683	0.06959962	-0.23066443	-0.14417729	-0.009999031	-0.16332278	-0.13910656	-0.23344633	-0.1894431	0.014563229	0.28478006	0.0438857	0.18984538	-0.023731505	0.26125935	0.31114706	0.051148843	-0.02952982	-0.114120126	0.05083676	-0.008898317	0.013639153	0.019026991	-0.13395377	0.04828729	-0.08506231	0.17721575	0.35407996	0.087170914	-0.023446767	0.33052072	0.06443939	-0.035738036	0.23491605	-0.06019202	0.18114623	0.031977277	0.0667096	0.12439868	0.09219185	0.0730462	0.046221998	0.21447888	0.16296528	-0.35750553	-0.025002431	0.30065712	-0.112951644	-0.28239167	0.107857026	-0.042781577	0.3440997	-0.17116563	-0.19220328	0.10340669	-0.59949183	-0.084589384	-0.32321987	-0.41792437	-0.016845781	0.22551347	0.04434195	-0.1666575	-0.16486585	-0.37121415	0.030313125	0.26451138	0.3582867	-3.9335377e-05	-0.009162116	-0.54753304	0.015947502	0.2342122	0.026121177	0.112423755	0.056729894	0.08170692	-0.06932634	-0.062776595	-0.323784	-0.3560978	0.351422	-0.0043927	-0.07736359	-0.0071152174	-0.030836347	0.0106053995	-0.3025763	-0.21462971	0.19019118	-0.11609451
-0.11895254	0.22166121	0.032862943	-0.118456095	0.7968229	0.30190197	-0.45747477	0.830505	-0.098134406	0.22267994	0.20216237	-0.044417884	0.21652448	0.2727371	0.017702637	0.5404925	0.3057652	0.3171408	-0.0019895872	0.4078666	-0.021288555	-0.3575066	0.1931631	-0.5125629	0.027840097	0.5453059	-0.5030572	-0.41894737	0.015549563	-0.083821975	-0.24063489	-0.2834201	0.14683254	0.08023156	-0.05871284	0.29499075	-0.24032867	0.20397176	0.2890757	-0.19600137	-0.5765053	0.32849622	-0.17247431	-0.14504229	0.38503674	-0.60099053	0.12680152	0.56461614	0.16419503	-0.1527007	0.19277178	0.0012363917	0.25987273	-0.26358855	0.077776074	-0.34631205	0.4255691	0.26617587	0.15063228	-0.30675134	0.067869104	-0.041054226	-0.091328144	0.84067875	0.30337986	-0.22584039	-0.16307464	0.27922356	-0.15704873	0.55052215	-0.057041414	-0.1773445	-0.07925642	-0.47956085	-0.37973922	-0.10593755	0.18339355	0.67812586	-0.41787308	0.33076927	-0.5613922	-0.5376348	0.4950272	0.12971449	0.34971663	-0.5943099	-0.072471574	0.17423984	0.5781134	-0.097874776	0.15196885	-0.40437493	-0.65196854	0.40976423	-0.63947976	-0.056252077	0.080196984	0.506473	0.3383787	-0.32013538	0.09325906	-0.5331059	-0.61740667	0.22710863	-0.30364424	-0.2573622	-0.024047814	0.15127319	0.3381982	0.17170537	-1.2428024	0.06630102	0.15134633	-0.17949188	-0.14915381	-0.13857618	-0.24144933	0.42906165	0.1635103	-0.23057687	-0.33299926	0.20048265	0.4638025	0.34016255	-0.37049884	0.22863415	0.32830852	-0.33658415
0.15213574	-0.018287003	-0.07051841	0.006906274	0.18897748	0.08712147	0.07857602	0.030009389	0.12980333	-0.07917821	0.026633337	0.07169286	0.03388612	0.013686934	-0.021504877	0.18986751	-0.04752083	-0.10028383	0.11573097	0.2715636	-0.024353983	-0.06455383	-0.10385748	-0.015378464	-0.027852172	0.004507637	-0.23182811	-0.1352863	-0.11482475	-0.15966024	-0.11339838	-0.23571956	0.2722477	0.032662027	0.08720787	-0.09868074	-0.06351285	-0.15677719	0.1723789	-0.062770344	-0.19210638	0.008007022	-0.21290296	0.13752079	0.096457474	-0.1879857	0.12445757	0.102127664	-0.19865254	0.025687244	0.0053088213	-0.10767818	0.09897887	-0.21646547	-0.06601198	0.0714156	0.15416457	0.14256608	-0.015679663	-0.05252972	0.035568245	0.046442848	-0.032919716	0.13294229	0.030423004	-0.09364332	-0.029071746	0.21066685	0.13277595	-0.0516345	-0.00044607106	0.02942169	-0.0038262836	-0.091595374	0.19027326	-0.06454798	0.0025517545	-0.018357765	-0.15934867	-0.008645201	-0.28917968	-0.22559398	0.13029797	0.12695816	-0.084003665	-0.07790495	0.054634184	0.008838026	0.32291296	-0.026998783	0.20681246	-0.2412475	-0.35266224	0.06404359	0.044713613	-0.0039094947	0.06757532	0.008692437	-0.12125428	-0.11090668	0.06268246	-0.24024788	-0.1495409	0.13080552	-0.026000464	0.07751066	-0.08312307	-0.14396058	0.3202631	0.22539592	0.023298444	0.14137189	0.14921495	0.11918051	-0.118467815	0.033098966	-0.18412627	-0.0330583	0.15111478	-0.07563045	-0.03928893	-0.060601603	0.16730167	-0.025516903	-0.21480398	-0.24562292	-0.057545707	-0.08588196
0.07321562	-0.15531027	0.2622507	-0.7660869	0.12332942	0.19660859	0.26117817	0.5911265	0.27541292	0.043394826	0.87762594	-0.01706271	-0.37447274	-0.052843835	-0.62137103	0.20048128	0.10080456	-0.33236888	-0.2085693	0.02744064	-0.3702463	-0.853821	-1.187745	-0.3553609	-0.6655646	0.22689019	-0.11075275	-0.091717705	-0.23748016	-0.5171535	0.25105157	-0.4065208	-0.096465096	-0.12286439	0.7849128	0.23630527	-0.08820849	0.78670263	0.33530602	0.11324884	0.1354304	0.09984549	-0.37354198	0.011116066	0.2715085	-0.17908037	0.51651525	0.18095438	0.024226915	0.28254732	0.3490015	-0.10043504	-0.14872934	-0.22520657	-0.08738876	-0.37745473	-0.0040463335	0.03708687	-0.031018164	0.18454166	0.13162363	0.92251474	-0.7988032	0.04351668	0.07596633	-0.46967572	0.39393708	-0.37692255	0.33376226	0.16773954	-0.54703593	0.26926738	-0.08435772	-0.021057362	-0.19349544	0.7295018	0.36058268	-0.42278492	0.37656984	0.40077507	0.36394837	-0.30608448	0.06797447	0.7403012	-0.51674545	-0.5470947	0.19793096	0.2783243	0.052067053	-0.3551197	0.105547346	-0.46340013	-0.28344923	-0.2666082	-0.24331799	0.17387936	0.12977816	0.014811223	-0.0017480967	-1.4155014	-0.051505163	-0.4800391	-0.45904446	0.061602823	-0.018521711	0.09127446	-0.074989036	-0.03257643	-0.4207293	0.8158018	0.038564924	0.46551841	0.144817	-0.10962635	-0.84478325	0.12714851	-0.23112224	-0.040738165	0.38483095	0.48284394	-0.8717923	-0.2628877	0.87406707	-0.2309419	-0.13970925	0.9560266	0.4962956	0.10117589
0.039476827	0.19577537	0.19490188	0.032992173	0.05888524	0.33473015	0.04816019	0.35278535	0.25750026	-0.22465916	-0.2558269	0.06900406	0.09392651	0.047656517	-0.32057586	0.1437075	0.008989977	-0.28672728	0.19376864	-0.0004682155	-0.039798006	-0.3564166	-0.112039365	-0.22912267	-0.011390172	0.13316122	-0.34603277	0.019828502	-0.1284683	-0.124843694	-0.29696107	-0.3544981	0.030299332	-0.15544452	-0.177351	0.05763628	-0.3593936	-0.16652176	0.11456283	-0.01921615	-0.37556776	0.13149971	-0.20771827	-0.1647049	0.1209253	-0.14322522	0.064280435	0.42892224	-0.0853801	-0.15229717	-0.05337953	0.018516704	0.16008618	-0.32025468	-0.37472206	-0.03483816	0.12097702	0.4738106	-0.10348395	-0.2322942	0.3361568	0.21292952	-0.4208079	0.19093993	-0.09164239	-0.27728567	-0.36707446	-0.0692521	0.20637804	0.0057274736	0.02088235	0.116006576	0.28031197	-0.08708096	0.10781665	-0.006839727	0.15941477	-0.018870454	-0.15845805	0.050168376	-0.12705842	-0.17380986	-0.25641724	-0.07758565	0.13867709	0.008359052	-0.0735163	0.33289	0.19746816	-0.10824358	-0.18755609	-0.088721015	-0.40946606	0.09229909	-0.10350101	0.18846862	0.17659734	0.11972537	-0.0027612583	-0.34332573	-0.28028932	-0.7404089	-0.12987457	-0.0068805153	-0.5288492	-0.31442583	0.25995046	0.069726534	0.58045346	0.23523125	-0.009915523	0.2594665	0.036331326	0.12545745	-0.16093881	-0.057093162	-0.26171735	0.09988943	0.10373099	-0.01484595	-0.22392586	-0.17785782	0.10776989	-0.14978218	-0.039988752	0.17226021	-0.00880575	0.023377933
0.110023156	0.63159007	0.62161523	-0.06258914	0.08175268	-0.0369952	0.5168199	0.58503383	0.13823718	-0.513409	-0.11101872	0.5749498	0.19966601	0.14094776	0.73435795	0.15536983	0.2140289	-0.28455305	0.21234985	-0.06647485	-0.2805704	-0.06983016	-0.40314624	-0.047397066	-0.6845948	-0.24314526	0.10865728	-0.43498915	-0.17537808	-0.32262042	0.093142204	-0.11751421	-0.023740077	-0.10931171	-0.38272363	0.26399437	-0.42791113	-0.30702645	-0.4227293	-0.19531482	-0.838141	0.3317698	-0.49594313	0.22926669	0.4859604	-0.4063575	0.044496384	0.3091876	0.037987806	0.027678898	0.08977136	0.5770211	0.39936072	0.10303117	-0.28664935	0.1601195	0.4355977	0.38298285	-0.21424347	-0.08711737	-0.06392764	0.034131784	-0.8389775	-0.27350238	0.22308208	0.20074324	0.019684963	0.31215975	-0.09303093	-0.42942855	0.5183117	0.09382218	0.16072986	-0.13002896	0.15457085	-0.18461429	-0.12708393	-0.011039696	0.50927067	0.5439307	0.20970562	0.035583053	0.41145843	0.2636344	0.09002304	0.18855236	0.4937367	-0.02511353	0.45551535	0.40380237	-0.036442276	-0.35354564	-0.3147565	-0.6524689	0.09951689	-0.14924534	0.09518566	0.50458133	0.0473592	-0.29085892	0.2222267	-1.4139537	-0.80865324	-0.13127485	0.39375237	-0.1696981	-0.12949122	-0.39145604	0.15356281	0.13877168	-0.42475078	-0.17106673	0.22498602	0.6295554	-0.5094729	0.37133157	-0.64428574	-0.1337294	0.27665496	-0.000776288	-0.2632873	0.0037118583	-0.0023033188	-0.18832332	-0.045907617	0.19742303	0.38773245	-0.56748766
0.022888092	-0.076060966	-0.0032685422	-0.045863096	0.21805635	-0.014668711	0.02474714	0.16538641	0.26130927	0.033486538	0.014596484	0.107902326	0.104412615	0.0027064085	0.043780286	0.11738849	0.0363862	-0.046777837	-0.097406656	0.048936583	0.1010722	-0.08162712	-0.076159805	0.041455857	-0.24973176	-0.043619636	-0.12526429	-0.047321666	-0.054760974	-0.06566583	-0.037782226	-0.142199	-0.04664904	-0.02247287	0.056531314	-0.12503818	-0.16005187	-0.19622305	0.012434905	-0.042927567	-0.18429989	0.028260047	-0.132285	0.009887441	0.043007568	-0.048037957	0.054627076	0.122890875	-0.003917318	-0.043607637	-0.013011061	-0.018383466	0.16227582	-0.07195308	0.07220327	-0.09684811	0.17483859	0.00025739352	0.04408246	-0.012478489	-0.15850455	0.21095088	-0.07499194	0.16130376	0.0966778	0.055828292	-0.03914341	0.14807881	-0.012168492	0.046342786	0.019830314	-0.12246662	-0.10058739	-0.03356038	-0.018902948	-0.08683353	0.0889303	0.07001701	-0.092353396	0.0046184273	-0.05418307	-0.25377297	0.0976846	0.10805967	-0.10716257	-0.103474	-0.051521227	-0.10056035	0.11171194	0.022850795	0.110271886	-0.015194584	-0.26284993	0.04200071	0.0025911012	-0.083248176	0.12164122	0.041980766	-0.01752072	-0.0897292	-0.055968102	-0.1778866	-0.10671858	-0.039199367	-0.04019257	0.07218335	-0.06585716	0.011890995	0.14272459	0.11320993	0.09135311	0.18427353	0.08141289	-0.038100194	-0.11252105	0.086893305	-0.17268738	0.05180789	0.05813019	-0.022928141	0.021812828	-0.1413233	0.12608354	0.11986928	-0.13971072	-0.10320195	0.093033396	-0.09802424
-0.046347994	0.028113857	0.07565892	-0.13216698	0.11534719	0.1652758	0.10588899	0.13135369	0.21096252	-0.083944164	0.1506433	-0.009798853	0.123310976	-0.0053826435	-0.18665087	0.060300954	0.1990177	-0.11304134	-0.055043615	-0.13798977	-0.036924258	-0.17041232	-0.114759974	0.14074531	-0.41115168	-0.19135296	0.16102737	-0.19782522	-0.09530238	0.072307006	-0.104767375	-0.18481703	-0.006736658	-0.05059225	0.167258	0.076983616	-0.18614426	-0.03035319	0.1809584	-0.059797127	-0.15887462	0.11755441	-0.52775097	-0.14951962	0.12630416	-0.05781894	0.046916246	-0.04621914	0.10828406	0.1527665	0.13004827	0.034812864	0.18043223	-0.037783552	0.12668487	-0.031104835	-0.02023225	0.04524055	0.035894245	0.07245009	0.012605364	0.21192726	-0.17507459	0.28760758	0.122908704	-0.012439895	0.081932984	0.089403704	-0.02355992	0.01902715	0.02461888	0.061244365	-0.124215476	0.0104624145	-0.04956351	-0.029820915	0.16559914	0.13796571	0.03191302	0.17207436	0.052748792	-0.12543502	0.14205554	0.03230625	-0.08174479	-0.012391357	-0.019416088	-0.01254863	0.24163735	0.0020731867	-0.10206153	-0.021064993	-0.19326669	0.03144137	-0.07027637	-0.19434966	0.25447142	0.15510643	0.04120689	-0.15838274	-0.030369248	-0.08433763	-0.21466953	-0.15079649	0.005886306	0.06804684	0.06271778	-0.34739146	0.20212662	0.024228552	0.11726244	0.14657988	0.08444654	-0.116841584	-0.17301363	0.09905264	-0.19134566	-0.11268558	0.121824294	0.095100954	-0.042194173	-0.09984334	0.12900947	0.06220145	-0.23171104	-0.16991043	0.038458712	-0.10539957
0.07154647	0.02185748	-0.065399505	-0.09363804	0.09899838	0.116339535	-0.055561986	0.10595258	0.17873581	0.14233129	-0.038398948	0.039305773	0.050179526	0.08033566	-0.027615482	0.1766756	-0.04184555	-0.14536783	-0.034475066	0.20329413	-0.033429753	0.006585461	-0.020531164	-0.14083086	-0.1640205	0.031508688	-0.15613796	-0.06999733	0.01869233	-0.022361819	-0.13854648	-0.14613199	0.0056864456	0.13902682	-0.013165683	-0.07400222	-0.13079569	-0.037955005	0.04215153	-0.088088065	-0.1946868	-0.065159254	-0.12947522	0.06262163	0.1122248	-0.047656994	0.032754008	0.09423654	-0.11867571	0.035142764	-0.011753041	0.06384167	-0.041886162	-0.018009854	-0.07520637	-0.06184805	0.15470572	0.2780761	0.10144382	-0.0040175184	-0.19746967	0.1364663	-0.060414277	0.061386894	0.008956547	-0.06243126	-0.019785913	-0.10831505	0.068399005	-0.032419514	-0.07905424	0.0086358925	0.09622455	-0.06582336	-0.002253163	-0.14160341	-0.047970403	-0.06663824	0.023996845	-0.053003784	-0.054289117	-0.17435041	-0.017463714	-0.025324393	0.07180941	-0.023389297	-0.030832466	0.100313716	0.03950426	0.01629325	0.10358402	-0.2098934	-0.12090862	-0.0020698034	-0.06918241	-0.048032597	0.14634785	0.011673505	-0.07851254	-0.043567743	0.03481407	-0.118659995	-0.16860008	-0.03308319	-0.09438061	-0.047184	-0.074552506	-0.041362863	0.22529352	0.12735964	0.08937218	0.116087124	0.027602185	0.007883864	-0.05436064	0.10200492	-0.110072196	0.07431623	0.1049406	-0.01765164	-0.17235452	-0.020789271	0.15431157	0.07756363	-0.06191626	0.05029733	0.09224616	-0.05191286
-0.083089665	0.11806594	-0.29704735	-0.036400672	-0.14664045	0.16338754	-0.10528219	0.048262008	0.27108788	0.27751225	-0.19415648	0.03246983	0.011941852	0.19888479	-0.36173114	0.5372385	0.14317557	0.21115384	-0.220712	0.4299342	0.52373165	-0.5196299	0.18786903	-0.07186579	-0.401583	-0.06302057	-0.079396166	-0.21060495	-0.14422439	0.09004092	-0.30525038	-0.29263937	-0.47391117	-0.0588385	-0.06881087	0.03154837	-0.69060606	-0.23662746	-0.036578927	-0.078338355	-0.16125414	-0.36120158	-0.029523602	-0.45927104	-0.033358157	-0.36803365	0.37211162	0.05768671	-0.23646146	0.25988117	-0.046921663	-0.010657277	-0.26756755	-0.43823385	0.20539653	0.013440018	0.52349097	0.4186735	0.045700863	-0.13559614	-0.07532505	0.06098858	-0.25773355	0.24144277	0.09006371	-0.29979366	-0.018122125	0.17433289	0.059254803	0.3219606	-0.18222518	0.1345454	0.12178658	-0.13451526	-0.11388714	-0.11767853	-0.018419331	0.25721636	-0.41499442	-0.048803024	-0.4657466	-0.064216286	0.6686457	-0.0677337	-0.16147405	-0.15293469	-0.5910077	0.31743312	0.45440942	0.09320475	0.52693707	-0.5358219	-0.112394854	-0.1093183	-0.30833912	-0.00022855132	0.47049913	-0.00030911723	-0.09525388	-0.103295274	-0.024904624	-0.3511348	-0.25249007	-0.31048414	-0.11861189	0.032058455	-0.5228007	-0.15968458	0.67791474	0.52131504	-0.16042492	0.09962782	0.36263168	0.10520247	-0.54265076	0.13648519	0.03362159	0.3251227	0.2862677	0.20691909	-0.19359463	-0.049904425	0.87655467	0.34633186	-0.64556783	-0.2670851	0.2492528	-0.17940135
-0.11842537	0.03945584	-0.3710131	-0.1818005	0.75137794	0.23493533	-0.07502804	-0.33218297	-0.35099733	0.252593	-0.04046761	0.40995517	-0.052561227	0.16242452	0.111015275	-0.24331096	0.0028108945	-0.53537726	-0.15367489	0.11889635	-0.18420178	-0.87212473	0.48835206	-0.13162136	-1.0094522	0.16271718	0.08435371	-0.29976103	-0.14824449	-0.514776	0.01274435	-0.033810515	0.10841634	0.45902824	0.85940075	0.4999714	-0.27857554	0.012611927	0.043069676	-0.016139215	0.5880771	0.27339208	-0.18680356	-0.82318884	0.4745443	-0.0880342	0.96906906	-0.24438374	-0.49462613	0.41450417	0.26274437	-0.74997646	0.09609029	0.20208664	0.39603758	-0.05408393	-0.82039636	0.16018859	-0.2266687	-0.08092282	-0.11372267	0.636755	-0.11149499	0.2973678	0.33879122	-0.5537486	0.27528524	-0.38966873	-0.55731887	0.18384881	0.17965473	0.578936	-0.022129562	-0.024635602	0.07205007	0.6286129	0.58178055	-0.5130295	0.11298825	-0.44710213	-0.34596723	-0.18062414	0.49862328	0.5371996	-0.6586896	-0.54344773	0.7155299	0.07277065	0.58456165	0.10307383	-0.07139084	-0.0880268	-0.30336902	-0.20847228	-0.41603708	0.23479868	0.09851377	-0.033249862	0.07371236	-1.2470815	-0.16808078	-0.09145695	-0.8295799	-0.42970258	-0.25078952	0.5452234	-0.101729974	-0.5663822	-0.009636393	0.1540708	0.6737165	0.5336492	0.4913554	-0.3794763	-0.27756283	0.19140524	-0.5271012	-0.33583164	0.031008322	0.4928572	0.31778792	-0.03566872	1.2904074	0.00012363853	0.4568542	-0.37466303	-0.21321954	-0.260065
-7.019264e-05	-0.0061916243	-0.08737208	-0.15080085	0.14337419	0.16071992	-0.13213451	0.108523756	0.23571017	0.05917624	0.03869662	0.013205089	0.054880586	0.060788758	-0.060174596	0.24231744	-0.15135746	-0.21355161	-0.014545053	0.24957703	0.056710828	0.01431756	-0.061000656	-0.11292451	-0.102023356	0.15354145	-0.2260706	-0.012267294	0.017282408	-0.100371	-0.13550645	-0.11162133	0.079745255	0.26643878	-0.042924408	-0.018025236	-0.040490814	-0.15782222	0.2050681	-0.06502455	-0.22400771	0.072011866	-0.19847338	0.054791182	0.1045486	-0.11271095	0.070153266	0.07818103	-0.21430096	-0.058816265	-0.10563001	0.08118557	0.023437105	-0.0735972	-0.19880311	-0.14271623	0.27200282	0.36647198	0.026875893	-0.036711916	-0.1566192	0.098465316	-0.050760783	0.0464236	-0.03419176	-0.21173072	-0.06126532	-0.11153017	0.120414935	-0.07197691	-0.24557978	-0.0015486407	0.07953602	-0.05582197	0.056369357	-0.14297518	-0.1793357	-0.06627624	0.0750087	-0.0064081335	-0.05086411	-0.2067724	-0.032140847	0.012899661	0.1547804	0.0075471853	0.0035458417	0.12683496	0.10047519	-0.018584004	0.26880026	-0.2839533	-0.21617986	-0.016721515	-0.08136537	0.03931914	0.10528095	0.120839685	-0.07085616	-0.100688405	0.06656896	-0.2606841	-0.2756075	0.06320178	-0.21346615	-0.032985464	-0.049254894	0.06306269	0.22954924	0.24257891	-0.010866462	0.1108145	0.13601501	-0.034512457	-0.009246765	0.1411471	-0.1564785	-0.006714445	0.07048971	0.0029099681	-0.2800555	0.03508085	0.18253362	0.0071589225	-0.08565022	0.15586434	0.056923047	-0.20476949
0.08019579	-0.0832963	-0.032270975	0.17968006	0.24092633	0.10847292	0.2346116	0.16440754	0.3102451	-0.1375459	-0.09809136	0.03326483	-0.1415882	-0.019638384	0.117682226	0.045043338	-0.0960231	-0.041680872	-0.048569787	0.11813484	0.2421745	-0.1616645	-0.28349483	-0.012074006	-0.15180936	-0.02074166	-0.18892483	-0.011702231	0.014071015	0.08558601	-0.14385179	-0.1731694	0.12012986	-0.07440744	-0.002312713	0.1042953	-0.27676857	-0.27323106	0.14871143	-0.058621053	-0.28771332	-0.17268637	-0.18809761	-0.12347368	0.020615106	-0.05827026	0.17372873	0.24520501	0.06268496	0.11580171	-0.5179657	0.033403363	0.22741933	-0.004116522	-0.1308052	-0.07154583	0.21132785	0.22663212	0.43290466	0.09227431	0.21029621	0.2489691	-0.31484708	-0.01624993	0.16054125	0.03678445	-0.080124505	0.14738417	0.17935634	0.08527993	0.14575645	-0.16665372	0.29619774	0.01436077	0.08142617	-0.0123273	0.23419319	-0.21045412	0.08650808	0.10460308	0.2275906	-0.23269941	0.16126178	0.04910188	-0.08244029	-0.44349808	0.20653868	0.06646892	0.24320607	-0.033215467	0.19162902	-0.005533886	-0.35672235	-0.19624354	-0.10230141	-0.1483668	0.12155876	0.26035786	0.12651378	-0.2211983	0.056321114	-0.34432358	0.011046269	0.022327613	-0.10359722	0.025513474	-0.09014051	0.19340682	0.11577689	0.17206489	-0.07617629	0.11247277	-0.05093741	0.19671935	-0.136445	-0.11391103	-0.2057775	0.13123284	0.16341493	0.115349285	-0.1075344	0.061424635	0.147324	-0.07458792	-0.34535837	-0.016162865	0.2064555	0.10378173
-0.034193758	-0.33677053	0.13682638	0.30736828	0.44488248	0.955059	0.23907416	0.5284223	0.7399927	0.2048638	0.16942273	-0.106902234	-0.31538412	0.042500235	0.083189085	0.118148826	-0.20130281	0.10955868	-0.1874769	0.01790582	0.6028272	-0.34657806	-0.50431234	0.44817176	-0.6970597	0.8983651	-0.37363532	0.13042824	-0.12703761	-0.112291634	-0.8482686	-0.517089	0.30077305	0.30346602	-0.53915143	0.28223532	-0.42694634	-0.32470512	0.10921642	-0.49442756	-0.84044874	-0.537588	-1.005916	-0.09575581	-0.3551922	0.08913531	0.29566905	0.37881365	-0.5058158	0.17699935	-0.6403472	-0.10084677	0.206183	-0.15747915	-0.9030356	-0.24025907	0.74938923	0.13746296	0.25981617	0.43601936	-0.045304254	-0.0017118059	0.26212224	-0.12864709	0.3879836	0.16768834	-0.17808479	0.2974286	-0.3070473	-0.020977141	0.79034585	-0.47242248	0.039407227	0.5403202	0.3180664	0.08562126	0.33090875	-0.018998362	0.34029937	0.020848406	0.3316344	-0.5410884	-0.024127303	0.27093458	-0.45033908	-0.34889197	-0.361973	-0.30162707	0.7552756	-0.24111788	-0.85169053	0.056795534	-1.4824462	-0.16047986	-0.008787644	-0.61325896	0.091851935	0.37491673	0.029715922	-0.08106427	-0.3726495	-0.8487361	0.0431544	-0.02661024	0.19963807	-0.09634321	-0.3394254	-0.14275065	0.31751788	0.078702874	0.002993577	-0.24472326	0.71945554	0.18728094	-0.5740709	0.02727535	-0.83734983	-0.37502664	1.1383944	0.29093486	-0.22760044	-0.14161408	-0.1420769	0.14513175	-0.29512143	0.1920278	-0.3340309	-0.2824216
-0.05442177	0.14797075	-0.048541952	-0.20064546	0.76958096	0.18765113	-0.38410392	0.87866706	-0.2270615	0.22637606	0.15753983	-0.05551316	0.15615705	0.22802947	0.008914299	0.4548565	0.3077238	0.21255979	-0.042999886	0.41497368	-0.057469677	-0.2579507	0.2431702	-0.50812954	0.1147946	0.54975283	-0.50282824	-0.37861598	0.030481214	-0.11438914	-0.24065569	-0.19870664	0.075058825	0.002429046	-0.2280857	0.24781765	-0.22350845	0.18594247	0.2525927	-0.2295684	-0.5237011	0.31378883	-0.09358492	-0.08791138	0.37652975	-0.48093098	0.12087259	0.66353345	0.22813246	-0.24240449	0.35151783	0.045412842	0.28120932	-0.35797283	-0.015960025	-0.44108793	0.48979855	0.25482252	0.18870339	-0.26711047	0.078426816	-0.026745653	-0.19124307	0.7598591	0.284603	-0.26552704	-0.14131445	0.2798995	-0.099995576	0.47548017	-0.041606855	-0.12637013	-0.06442032	-0.4445969	-0.33949485	-0.14474462	0.20099114	0.5973422	-0.4225297	0.34024882	-0.44941282	-0.50710326	0.49322975	0.1276955	0.40574792	-0.5668077	-0.109754175	0.070114985	0.5640753	-0.18418004	0.12938038	-0.54690325	-0.47911313	0.37075466	-0.74045986	-0.026744206	0.10358267	0.41983098	0.38238907	-0.40300274	0.08181867	-0.6382712	-0.6496148	0.21589786	-0.37534156	-0.28231403	-0.007949633	0.20252225	0.29831755	0.07486708	-1.1176037	-0.06265304	0.2087823	-0.22978257	-0.095387004	-0.12772603	-0.26906225	0.36103514	0.11070751	-0.25787634	-0.30146337	0.17979632	0.4475045	0.372603	-0.5007768	0.3716805	0.43764016	-0.3404745
0.46903268	0.29612538	-0.066402264	-0.12189066	-0.037564438	0.23734358	0.22847597	0.07263794	0.23197687	-0.4132228	0.0022512106	0.029808985	-0.050377432	-0.03316323	-0.12220384	0.11200833	-0.22483693	-0.4331667	-0.11715189	-0.18960893	0.14892124	-0.14613654	0.23130463	0.09451116	-0.49001807	0.39397597	0.18173662	-0.33952364	-0.059332263	0.03175875	-0.22530651	-0.2685602	0.2680225	-0.08176405	-0.14740324	0.25117752	-0.37319836	-0.16597879	-0.023203762	0.017240576	0.07233651	-0.3793853	0.117907785	-0.1128696	-0.10586389	-0.18747452	0.23782438	-0.03623305	0.01912526	0.27899447	-0.028789608	0.03965363	-0.31151286	-0.13403085	0.0634976	-0.14244561	0.021064984	0.23102379	0.25809303	0.21687426	-0.23154984	0.043357126	-0.18108459	-0.12831321	0.018635564	-0.16184358	-0.32413548	0.13946572	-0.06766318	0.059594672	0.08568485	0.034212794	0.13335246	-0.36080483	0.0006500536	0.38639426	0.1031135	-0.08303982	-0.052961603	-0.105185755	-0.28551063	-0.19821554	0.20838563	0.11166665	-0.1417708	-0.013869265	0.2052993	-0.04184986	0.54576486	0.062382706	0.06788451	-0.117306136	-0.24590516	0.26171163	-0.2753598	-0.022358743	-0.054060385	-0.25413755	-0.105137005	-0.38931584	-0.12086317	-0.49852735	0.15036386	-0.19660904	0.024087256	-0.017418994	-0.3286131	0.076534696	0.15189824	0.2227476	0.23600082	0.11331958	0.065258086	0.22199434	-0.40366912	0.011697915	-0.0862181	0.03745857	0.33330002	0.07540113	0.089574404	-0.12170872	0.26032948	0.35689643	-0.44079873	-0.07855567	0.35086522	-0.11898875
-0.05006536	-0.1766802	0.037725966	-0.10861343	0.33832744	-0.035066508	0.13842413	0.25301534	0.3543269	-0.10813598	0.12391091	0.29822755	0.09047974	-0.05250328	0.05773649	0.26669782	-0.08587788	0.0815622	0.11803828	0.08966799	0.1792728	-0.23451872	-0.09728268	0.18490283	-0.19850382	-0.13476275	-0.3133609	-0.08767395	-0.044677593	-0.17219637	-0.12529024	-0.23805308	0.24710464	-0.04743953	0.25037003	-0.2555578	-0.30212387	-0.566256	0.2156193	-0.09995729	-0.44717732	0.15378152	-0.3351597	-0.018748209	0.18821849	-0.07940422	0.16696173	0.24245536	-0.19545016	0.05247012	-0.07765945	-0.14528653	0.4802748	-0.25843772	0.10956541	0.045745477	0.20642354	0.043105792	0.04233853	-0.060994156	0.004167668	0.2657026	-0.21511552	0.3527863	0.2118079	-0.028449545	0.03314993	0.6126171	0.19150694	0.08163095	0.14008199	-0.08745268	-0.12149081	0.09853251	0.14482287	-0.15736336	0.17296083	0.03435743	-0.13048787	-0.05186807	-0.2392633	-0.47068384	0.28087187	0.13187692	-0.17602673	-0.1141723	0.011376589	-0.27298263	0.25194645	-0.09058626	0.35017487	-0.06581771	-0.53180206	-0.009330932	0.17450179	-0.11187291	0.2199392	-0.03752288	-0.19712137	-0.17888078	0.06522478	-0.24450168	-0.071303315	0.092281565	-0.12810747	0.18918657	-0.09620993	-0.14094281	0.37680018	0.2728131	0.019859662	0.35287187	0.16610123	0.21429142	-0.06616289	0.16004503	-0.16893695	-0.036828887	0.26931792	0.015317467	0.16926104	-0.1456276	0.13047238	0.14772059	-0.28931344	-0.6047693	-0.21403389	-0.39616355
0.2009364	0.30102396	0.40858614	-0.60441566	0.13825987	0.15513666	0.37357226	0.2993386	0.25344232	-0.20861077	0.5094097	0.13695195	-0.4400358	-0.18333493	-0.39233294	0.043436404	0.3836195	-0.3678782	-0.29415667	0.1601935	-0.2779768	-0.37992057	-1.172313	-0.3592703	-0.48938215	-0.25501496	0.028660864	0.003588018	-0.34858805	-0.44859076	0.23151773	-0.458164	0.21365012	-0.24284254	0.6950945	0.097833164	-0.09061323	0.9310292	0.5853819	-0.14951721	0.121957876	0.2036736	-0.31367242	0.16423967	0.42613515	-0.39402553	0.24388336	0.5778452	-0.011809581	0.3765728	0.19337915	0.0036324935	-0.14539306	-0.17158529	-0.25381684	-0.2375286	0.22916329	0.096302755	0.0040294277	0.15877508	-0.0719712	0.9285758	-0.8167455	0.176768	0.49118707	-0.55192155	0.029178446	-0.37564245	0.08790977	0.22948357	-0.50086516	0.29241025	-0.030134752	-0.3554819	-0.08832069	0.58647287	0.5906184	-0.5275934	0.10891726	0.5294121	-0.15893371	-0.4095737	0.18004714	1.0683576	-0.54470134	-0.33280867	0.50916237	0.49513608	-0.09229066	-0.40693283	-0.1990944	-0.58400357	-0.2022094	-0.2361502	-0.23602095	0.3265086	-0.1391805	0.18530184	-0.05929821	-1.1283237	-0.020407911	-0.92295736	-0.36258087	0.4472233	-0.1051959	0.06635357	-0.27561015	-0.22751653	-0.2552003	0.67444426	0.52509594	0.520872	-0.16401848	0.06886866	-0.8529711	0.03986185	-0.50512093	-0.027612243	0.2806917	0.21256396	-0.93363184	-0.03617561	0.7442323	-0.3976037	0.16907763	0.8135176	0.34920198	-0.009563599
-0.019503344	0.0020295838	0.13236411	-0.67861813	0.2621749	0.47395343	0.36073005	0.60573405	0.2886093	-0.13043042	0.6108472	0.077278234	-0.29785413	0.044925407	-0.4146971	0.23620768	0.5801575	-0.13096689	-0.17161256	0.032466438	-0.2230669	-0.7037765	-0.98121613	-0.23385231	-0.475474	-0.03015753	-0.03062088	-0.02046502	-0.27744952	-0.6226901	0.31000564	-0.30590218	0.06889758	-0.15522188	0.9193847	0.2747421	0.042789496	1.0526271	0.5524647	-0.14110994	-0.07535809	0.37027898	-0.1414629	0.15967818	0.38684237	-0.2512913	0.65999204	0.30742052	-0.3049291	0.274413	0.22297521	-0.04452168	-0.09825898	-0.22979257	-0.07325135	-0.5094859	-0.10200146	0.089567624	-0.026289066	0.134523	0.1034273	0.8038859	-0.53451425	0.12294762	0.21704699	-0.56205463	0.20636609	-0.47363698	0.30841774	0.21838258	-0.44893852	0.16669655	-0.13605268	-0.19794387	0.10847307	0.93592495	0.55958873	-0.41913578	0.3470403	0.2459601	0.14489453	-0.42413014	0.03805803	0.81383264	-0.6601546	-0.5746648	0.2307866	0.23345563	0.07824595	-0.21988563	-0.08429863	-0.4646775	-0.30559906	-0.26567152	-0.35342947	0.45926884	0.07781082	0.35201594	-0.1350876	-1.329926	-0.069125615	-0.65053415	-0.49241728	0.30034986	-0.0037421172	0.12494592	-0.16434114	-0.18257117	-0.21850981	0.66984254	0.07401286	0.36580762	-0.07741991	-0.3856514	-0.7845167	-0.024268633	-0.36308265	-0.277224	0.33002472	0.48760307	-0.8315822	-0.20808333	0.95166063	-0.26479	0.05160559	0.77242905	0.4515625	0.1503086
0.048911173	-0.010095291	-0.0056182365	0.10062239	0.17002709	0.061734535	0.061167065	0.12108421	0.04758661	-0.00885953	-0.08203718	0.08563612	-0.0050969548	0.025752997	-0.083791435	0.101417325	0.09619335	0.05267468	-0.09490778	0.06465547	0.041409057	-0.08243646	-0.13226256	-0.0186011	-0.17653286	-0.02177979	0.009031142	-0.081384614	-0.08959821	-0.066967346	0.0401284	-0.07404317	-0.09841183	0.14140251	-0.019269042	-0.0007339495	-0.17038326	-0.13908753	-0.0072712814	0.0048148585	-0.07342431	-0.015843844	-0.09261449	-0.035023473	-0.01166331	-0.18657558	0.07958535	0.23552713	-0.15421231	-0.0023156228	-0.11300191	-0.00639104	0.15988792	0.049485333	-0.009104537	-0.11940263	0.10139406	0.09157616	0.12552093	-0.038750976	-0.11410001	0.06998642	-0.055648096	-0.045292817	0.06625995	0.007595779	-0.022585837	0.111954786	-0.067707054	-0.075997435	0.006818999	-0.031133892	-0.04465212	-0.09775515	0.013507251	0.02322921	-0.0071006394	0.060761474	-0.0126186125	-0.011486432	-0.16293468	-0.08830741	0.029447632	0.09627429	-0.11575037	0.008372624	0.010185855	-0.05541962	0.11570052	0.051024042	-0.046411056	-0.06270957	-0.15890005	-0.044283245	-0.10422833	-0.062136	0.05353347	0.009624607	0.013653742	-0.10676894	-0.16178882	-0.29021698	-0.16463464	-0.00041887694	0.0101847565	-0.010755325	-0.085382774	-0.029529622	0.014063884	0.06917332	0.021015925	0.1163403	-0.01496969	-0.12992388	-0.099687666	0.023762148	-0.16388747	-0.04287043	0.12884524	-0.123299696	-0.08000505	-0.12830313	0.09859812	0.08963925	-0.18818432	-0.027819052	0.14293677	-0.0035226233
0.14366168	0.14474665	1.1752723	-0.6156263	0.24126725	-1.0798838	0.031095028	-0.6443661	0.95708716	-0.020936858	-0.18437892	-0.09079945	-0.013082771	0.47736007	0.19096886	0.40382096	0.49683535	-0.0055002645	-0.3083455	-0.5524908	0.25607425	0.19996773	-0.5945897	0.3936096	-0.21082948	0.51192826	0.35426936	0.08492806	-0.058997013	0.62272036	-0.5282888	0.32445106	-0.0007915047	0.031101312	-0.23641782	-0.05356789	-0.91241306	-0.20667872	0.2460012	-0.07284341	-0.005726175	0.668464	-0.83402854	-0.33510855	-0.28811482	-0.31968746	-0.5521426	0.07302272	-0.6271388	-0.33326247	-0.94442636	0.37736073	0.61300373	-0.18864863	-0.20274894	0.5451384	0.4782896	0.66033393	0.10249082	0.079418026	0.42066148	0.10465212	-0.26567957	0.50796086	0.23056164	0.018983401	-0.38503808	-0.88878024	-0.49026373	-0.051077355	-0.60567373	-0.27705505	-0.13907637	-0.43310553	0.09557511	0.4579062	-0.2808197	0.5769495	-0.38097537	0.2840179	-0.7287803	-1.0271039	0.9504522	0.019502113	-0.29872334	0.21133071	0.31014782	0.4375213	0.5134072	0.47472826	0.20258941	-0.8091309	-0.14122891	-0.46777478	-0.06385986	0.40274104	-0.06095524	0.9422302	0.084945016	-0.4134231	0.06419902	-0.34203124	-1.2913656	-0.29175904	0.26424792	0.6548904	-0.2876422	-0.18927759	0.3032539	0.71200186	0.23443294	0.4561009	-0.085104145	-0.5188241	-1.30575	0.41936073	-1.0445614	-0.5106558	0.3831384	0.59712046	-0.31957316	-0.13814928	0.6587687	-0.33794764	-0.23833661	-0.19657227	0.5230421	0.6848167
0.1134996	0.004597718	0.23071864	-0.07777221	0.4201822	0.16511363	0.14768893	0.44989213	0.17122266	-0.041332383	0.10702374	-0.037899163	0.13457014	0.099661164	-0.10989767	-0.032140434	0.1721336	-0.0063502137	-0.072956115	0.13034247	0.12823208	-0.09027528	-0.29744843	0.05698239	-0.29802892	-0.06073543	0.19854444	-0.12365834	-0.048186876	0.059968043	-0.093061954	-0.21684942	0.107401885	0.033854686	0.12154551	0.34878984	-0.016749607	0.15355523	0.16013747	-0.1692629	-0.092084676	0.019748354	-0.23728572	-0.1610763	-0.20192935	-0.040785585	0.042294677	0.03803171	0.2210282	0.16038409	0.017762382	0.17781806	0.2866805	-0.01952309	0.04846613	-0.09041947	-0.014264437	0.065498814	0.10676112	0.058683146	-0.015348162	-0.013799938	-0.19948308	0.12116791	0.27151313	0.0808995	0.05310036	0.30688888	0.11958524	-0.05387436	0.22384845	-0.11105725	-0.0011560278	-0.0017575269	0.0057102246	0.12824386	0.11291667	0.24079998	-0.050855342	0.27014044	0.20181456	-0.2824176	0.004589615	0.23811428	-0.13030075	-0.27513096	-0.04200831	-0.1306483	0.355993	-0.0707115	-0.21273723	-0.0043605166	-0.6105472	-0.15110703	-0.2673612	-0.38985622	0.14941968	0.10967177	0.19122453	-0.2139625	-0.2824907	-0.1671708	-0.105795324	0.00917169	0.16703501	-0.080281585	0.004218375	-0.4411735	0.17207834	0.13215943	-0.002385482	0.071822695	0.14148669	0.036541335	-0.09459852	0.002680955	-0.32750842	-0.2836627	0.13104448	-0.112869084	-0.08203105	-0.098915696	-0.075369686	0.11543301	-0.22633441	-0.085714586	0.05633673	-0.16525677
0.24648052	0.048331756	0.29507288	-0.48659337	-0.053824205	0.6490746	0.24090698	0.44568917	0.05479443	-0.0440792	0.4051926	0.3392734	-0.4534498	-0.298322	-0.9097386	-0.14823881	0.6075141	-0.06906095	0.14057888	0.57690966	-0.5330237	-0.8961695	-0.7605043	0.07064256	-0.6784048	-0.3846675	-0.017030723	0.15312319	-0.5591595	-0.9267537	0.09001131	-0.33853108	-0.48746702	0.22302787	0.25889418	-0.10154202	-0.290828	0.3120118	0.31646127	0.52516556	0.12210722	-0.37590593	0.47199154	0.10922658	-0.07352689	-0.3259754	0.51238453	0.28673577	-0.17071785	0.36749431	0.3507861	0.2038205	-0.07847454	-0.2394763	-0.52960896	-0.25745907	-0.08073623	-0.09607965	0.03820862	0.123281956	-0.007920309	0.20255734	-0.58366793	0.358251	0.1495313	-0.3931814	-0.16709204	-0.8198011	0.024528438	0.42595997	-0.45964265	0.17696685	0.0269059	-0.44982955	0.06325037	0.6965427	0.5898364	-0.21781729	0.39706218	0.11515028	0.24670447	-0.3087526	-0.19467136	0.54642934	-0.3976474	-0.16795453	0.13201383	0.47851303	0.11215519	-0.10549906	-0.34273094	-0.20277186	-0.29247814	0.13676608	0.06304942	0.36869797	0.064391464	-0.024959035	0.25156575	-1.4902713	-0.32992685	-0.52921677	-0.3863853	0.14348598	-0.2242893	0.011671481	-0.0951679	-0.5340347	-0.016438609	0.6907476	0.21854788	0.51988816	0.45077926	-0.11822676	-0.8859287	0.3049193	-0.49263254	0.013805205	0.52681345	0.13712859	-1.146379	-0.48909628	0.8471176	-0.039011784	-0.28277734	0.5072881	1.1588243	0.21161667
-0.13471131	-0.044567246	-0.23726276	-0.19516402	0.55769575	0.26267943	-0.29063395	0.73899853	-0.04022774	0.34890583	0.2183908	0.22723477	0.23804705	0.11116426	-0.18402572	0.48352677	0.30286634	0.17658567	0.15908611	0.30721155	-0.087332435	-0.34090692	0.27360052	-0.40848213	-0.317062	0.32388595	-0.5364275	-0.30189955	-0.008908328	-0.2186568	-0.13044916	-0.2624879	-0.09252177	-0.036041148	-0.09583277	0.23546645	-0.27950403	0.029985677	0.22199231	-0.1660006	-0.49819347	0.16663028	-0.11927504	-0.20928818	0.350567	-0.33932102	0.22680975	0.27816543	0.25425705	-0.19488464	0.3156803	-0.104265146	0.17163801	-0.39413854	0.11623652	-0.382535	0.4140464	0.16551904	0.26810575	-0.12485127	-0.029788774	0.043573067	-0.33533677	0.7668077	0.28288645	-0.2980419	-0.051432997	0.2883616	-0.097963616	0.63227767	0.076598026	0.013751163	-0.13219284	-0.27661473	-0.35944897	-0.22109096	0.26975247	0.47152418	-0.21552809	0.24943246	-0.52438855	-0.46499896	0.37202555	0.1152607	0.42041233	-0.3634506	-0.109147154	0.0823697	0.48473176	-0.23918115	0.22943538	-0.36977053	-0.42290747	0.5512992	-0.6814412	-0.15424782	0.14439382	0.31268212	0.337596	-0.35447845	-0.0009831598	-0.60276276	-0.6403708	0.13490501	-0.3660616	-0.3401912	-0.015110295	0.0939134	0.56062514	-0.12390657	-0.9727828	0.06538421	0.33619902	-0.37127867	-0.17382133	-0.067614295	-0.20011869	0.2904596	0.08808291	-0.18731622	-0.23553741	0.050299816	0.34817582	0.2978984	-0.44468054	0.024141354	0.3111867	-0.37742603
0.019120675	0.024156434	-0.01588653	0.020939406	0.065441854	0.047629017	0.07738773	0.13125658	0.103332676	-0.026762076	0.047113772	0.017044628	0.01982791	-0.0036873089	-0.046615895	0.06116847	-0.008635354	-0.06515991	-0.03877839	0.03343757	-0.018031573	-0.03941222	-0.050026555	-0.020611841	-0.14244649	-0.0010562708	-0.011146841	-0.09548853	-0.037619866	0.006971488	-0.082221165	-0.085871585	0.030231586	0.045947995	0.008884899	0.015971303	-0.08812868	-0.069766946	0.03582948	-0.051136646	-0.06851048	-0.014288848	-0.12022207	-0.028753795	0.035451084	0.006943488	0.01704608	0.06002345	-0.046473205	0.025320156	-0.020378273	-0.020698112	0.05205929	-0.017581046	-0.040424295	-0.04729777	0.056052938	0.04390812	0.0724336	-0.008758123	0.00046002673	0.06621497	-0.111173734	-0.023477765	0.04364016	-0.026591366	-0.033567637	0.02763633	-0.044441186	-0.0527935	0.022104947	0.007859644	0.005950829	-0.058633678	0.065991655	-0.025960376	0.037683837	-0.02971507	0.020235859	-0.025187915	0.0031831544	-0.16355793	0.061962605	0.076569326	-0.02462257	-0.06774089	0.048119254	-0.05544083	0.110204086	-0.005186641	0.0143217705	-0.057611376	-0.062494766	0.00016109779	-0.030670464	-0.0096104955	0.07901721	-0.030096766	-0.012126205	-0.034780283	-0.030112682	-0.11604086	-0.060405273	-0.013341553	-0.0050226594	-0.023711858	-0.03082443	0.03853144	0.04863913	0.046972897	0.043693338	0.016192684	0.0011140126	0.012224739	-0.04607596	0.06589306	-0.08099033	0.01798425	-0.011206056	0.024268663	-0.07716527	-0.04346587	0.041416712	0.048256308	-0.07515537	0.024934806	0.06652991	-0.0543842
0.1182985	-0.04898125	0.11778283	-0.21693277	0.39208177	0.5292877	0.41682866	0.8670041	0.68871176	-0.23580544	0.361729	0.48659158	-0.28289008	0.0032544476	-0.73046046	0.29350996	0.42520472	0.15903014	-0.01653526	-0.0002933689	-0.71479553	-0.8819492	-1.0070797	0.09008463	-0.42540523	0.04975966	0.38567725	-0.3468279	-0.64020205	-0.5418683	0.6286093	-0.21664456	-0.056089807	-0.022608608	0.5490151	0.30509466	-0.024586508	0.6425654	0.2540387	0.3201127	0.28356573	-0.09251926	0.13172284	0.38502902	0.25342435	-0.5529965	0.20179713	0.34216672	-0.28656694	0.0680711	-0.2623124	0.013397742	-0.36230776	-0.062454067	-0.007108264	-0.54880166	-0.21721765	0.19036222	0.37711388	-0.12949884	0.32932866	0.6419333	-0.43182278	-0.22191413	0.48577052	-0.6958846	-0.26394552	-0.406638	0.096926235	0.18014888	-0.785009	-0.51556104	-0.15029958	0.050411772	-0.16130783	0.8758997	0.6058838	-0.4957304	0.16088654	0.38922232	-0.73779213	-0.5594163	0.24233995	0.78162014	-0.42879683	-0.86271185	0.6886393	0.35637197	0.063432544	0.03376708	-0.113461904	-0.55237645	-0.1601181	-0.31014726	-0.09128281	0.0906674	-0.7349474	0.43572795	0.03178183	-1.2116948	-0.6833934	-0.60064137	-0.5098022	0.66629004	0.029457241	0.02664039	0.14151746	0.07602767	-0.018526582	0.766411	-0.0059247147	0.6953345	-0.4569719	-0.32910421	-0.7285981	-0.048206005	-0.18679942	0.26121378	0.07987266	0.18620795	-0.78552574	-0.05967386	0.41813785	-0.306181	-0.47706467	0.041828528	1.1506488	0.17991006
